ABBR,Sentence_A,Sentence_B,Sentence_C,target,Primary_Expression,Alternative_Expression
AAA,OBJECTIVE: abdominal aortic aneurysm represents a chronic degenerative condition associated with atherosclerosis.,OBJECTIVE: AAA represents a chronic degenerative condition associated with atherosclerosis.,OBJECTIVE: aromatic amino acids represents a chronic degenerative condition associated with atherosclerosis.,represents,,
AAA,"METHODS: The Canadian Institute for Health Information database (a collection of all acute care hospitalizations) was reviewed to identify patients who received nonemergent repair of an abdominal aortic aneurysm between April 1, 2003 and March 31, 2004.","METHODS: The Canadian Institute for Health Information database (a collection of all acute care hospitalizations) was reviewed to identify patients who received nonemergent repair of an AAA between April 1, 2003 and March 31, 2004.","METHODS: The Canadian Institute for Health Information database (a collection of all acute care hospitalizations) was reviewed to identify patients who received nonemergent repair of an aromatic amino acids between April 1, 2003 and March 31, 2004.",between,,
AAA,Screening for abdominal aortic aneurysm reduced mortality caused by AAA in Danish men 64 to 73 years of age.,Screening for AAA reduced mortality caused by AAA in Danish men 64 to 73 years of age.,Screening for aromatic amino acids reduced mortality caused by AAA in Danish men 64 to 73 years of age.,reduced,,
AAA,"abdominal aortic aneurysm is characterized by dilatation of arterial walls, which is accompanied by degradation of elastin and collagen molecules.","AAA is characterized by dilatation of arterial walls, which is accompanied by degradation of elastin and collagen molecules.","aromatic amino acids is characterized by dilatation of arterial walls, which is accompanied by degradation of elastin and collagen molecules.",is,,
AAA,"OBJECTIVE: To evaluate the results of our experience in the management of patients with symptomatic, unruptured abdominal aortic aneurysm, to identify the predictors of immediate outcome and to define the worldwide postoperative mortality rate through a review of previous studies on this condition.","OBJECTIVE: To evaluate the results of our experience in the management of patients with symptomatic, unruptured AAA, to identify the predictors of immediate outcome and to define the worldwide postoperative mortality rate through a review of previous studies on this condition.","OBJECTIVE: To evaluate the results of our experience in the management of patients with symptomatic, unruptured aromatic amino acids, to identify the predictors of immediate outcome and to define the worldwide postoperative mortality rate through a review of previous studies on this condition.",identify,,
ABG,INTRODUCTION: Determination of arterial blood gas values is essential in the evaluation of patients with TCA poisoning.,INTRODUCTION: Determination of ABG values is essential in the evaluation of patients with TCA poisoning.,INTRODUCTION: Determination of air-bone gap values is essential in the evaluation of patients with TCA poisoning.,values,,
ABG,"MEASUREMENT AND RESULTS: Changes from baseline in arterial blood gas levels and Kelly score, the rate and causes of NPPV failure, the rate of nosocomial pneumonia, and the 90-day mortality rate were compared.","MEASUREMENT AND RESULTS: Changes from baseline in ABG levels and Kelly score, the rate and causes of NPPV failure, the rate of nosocomial pneumonia, and the 90-day mortality rate were compared.","MEASUREMENT AND RESULTS: Changes from baseline in air-bone gap levels and Kelly score, the rate and causes of NPPV failure, the rate of nosocomial pneumonia, and the 90-day mortality rate were compared.",levels,,
ABG,At that time arterial blood gas analysis revealed a PCO2 of 17.5 kPa (134 mmHg) and pH of 6.9.,At that time ABG analysis revealed a PCO2 of 17.5 kPa (134 mmHg) and pH of 6.9.,At that time air-bone gap analysis revealed a PCO2 of 17.5 kPa (134 mmHg) and pH of 6.9.,analysis,,
ABG,"Then the arterial blood gas sample was obtained, an intravenous infusion of methylene blue and vitamin C followed.","Then the ABG sample was obtained, an intravenous infusion of methylene blue and vitamin C followed.","Then the air-bone gap sample was obtained, an intravenous infusion of methylene blue and vitamin C followed.",sample,,
ABG,"All subjects also underwent blood pressure, simple spirometric, and arterial blood gas measurements; cardiac evaluation by radionuclide scanning and CPET; and an overnight polysomnography sleep study before and after nasal CPAP treatment.","All subjects also underwent blood pressure, simple spirometric, and ABG measurements; cardiac evaluation by radionuclide scanning and CPET; and an overnight polysomnography sleep study before and after nasal CPAP treatment.","All subjects also underwent blood pressure, simple spirometric, and air-bone gap measurements; cardiac evaluation by radionuclide scanning and CPET; and an overnight polysomnography sleep study before and after nasal CPAP treatment.",measurements,,
ABR,Auditory brainstem response thresholds were used to evaluate auditory function in mice carrying the Frings Mgr1 allele and were compared with other AGS-susceptible and -resistant mice.,ABR thresholds were used to evaluate auditory function in mice carrying the Frings Mgr1 allele and were compared with other AGS-susceptible and -resistant mice.,auditory brain stem response thresholds were used to evaluate auditory function in mice carrying the Frings Mgr1 allele and were compared with other AGS-susceptible and -resistant mice.,thresholds,,
ABR,"The Auditory brainstem response, a measure of neural synchrony, was used to estimate auditory sensitivity in the eastern screech owl (Megascops asio).","The ABR, a measure of neural synchrony, was used to estimate auditory sensitivity in the eastern screech owl (Megascops asio).","The auditory brain stem response, a measure of neural synchrony, was used to estimate auditory sensitivity in the eastern screech owl (Megascops asio).",a,,
ABR,Most ENT physicians who are not capable of behavioral testing tend to evaluate hearing of infants only from testing Auditory brainstem response and.,Most ENT physicians who are not capable of behavioral testing tend to evaluate hearing of infants only from testing ABR and.,Most ENT physicians who are not capable of behavioral testing tend to evaluate hearing of infants only from testing auditory brain stem response and.,and,,
ABR,Otoacoustic emissions and Auditory brainstem response suggested the presence of auditory neuropathy in affected individuals.,Otoacoustic emissions and ABR suggested the presence of auditory neuropathy in affected individuals.,Otoacoustic emissions and auditory brain stem response suggested the presence of auditory neuropathy in affected individuals.,suggested,,
ABR,"CONCLUSIONS: Based on the Auditory brainstem response results obtained in this study, the incidence of deafness in children whose mothers had rubella during pregnancy is high (29.5%), and deafness is profound in most cases (80%).","CONCLUSIONS: Based on the ABR results obtained in this study, the incidence of deafness in children whose mothers had rubella during pregnancy is high (29.5%), and deafness is profound in most cases (80%).","CONCLUSIONS: Based on the auditory brain stem response results obtained in this study, the incidence of deafness in children whose mothers had rubella during pregnancy is high (29.5%), and deafness is profound in most cases (80%).",results,,
ACE,As angiotensin-converting enzyme activity controls angiotensin II there might be a rationale for the use of ACE inhibitors to prevent or treat ED.,As ACE activity controls angiotensin II there might be a rationale for the use of ACE inhibitors to prevent or treat ED.,As affinity capillary electrophoresis activity controls angiotensin II there might be a rationale for the use of ACE inhibitors to prevent or treat ED.,activity,,
ACE,"The aim of the present study was to assess the effect of treatment with the angiotensin II receptor blocker telmisartan for 24 weeks on myocardial structure and function in patients with essential hypertension, and the relationship between this effect and the structural polymorphism of the angiotensin-converting enzyme gene.","The aim of the present study was to assess the effect of treatment with the angiotensin II receptor blocker telmisartan for 24 weeks on myocardial structure and function in patients with essential hypertension, and the relationship between this effect and the structural polymorphism of the ACE gene.","The aim of the present study was to assess the effect of treatment with the angiotensin II receptor blocker telmisartan for 24 weeks on myocardial structure and function in patients with essential hypertension, and the relationship between this effect and the structural polymorphism of the affinity capillary electrophoresis gene.",gene,,
ACE,We examined the effects of enalapril ( angiotensin-converting enzyme inhibitor) or losartan (angiotensin AT1 receptor antagonist) on duodenal HCO3- secretion in rats and investigated the mechanisms involved in the renin-angiotensin system-related HCO3- response.,We examined the effects of enalapril ACE inhibitor) or losartan (angiotensin AT1 receptor antagonist) on duodenal HCO3- secretion in rats and investigated the mechanisms involved in the renin-angiotensin system-related HCO3- response.,We examined the effects of enalapril ( affinity capillary electrophoresis inhibitor) or losartan (angiotensin AT1 receptor antagonist) on duodenal HCO3- secretion in rats and investigated the mechanisms involved in the renin-angiotensin system-related HCO3- response.,inhibitor,,
ACE,"Using synthetic substrates for measuring angiotensin-converting enzyme and chymase activities, it was found that both ACE and chymase activities in extracts from SHR aortas were significantly higher than in those from WKY rat aortas.","Using synthetic substrates for measuring ACE and chymase activities, it was found that both ACE and chymase activities in extracts from SHR aortas were significantly higher than in those from WKY rat aortas.","Using synthetic substrates for measuring affinity capillary electrophoresis and chymase activities, it was found that both ACE and chymase activities in extracts from SHR aortas were significantly higher than in those from WKY rat aortas.",and,,
ACE,"angiotensin-converting enzyme inhibitors have demonstrated important advantages over conventional agents such as beta-blockers and thiazide diuretics, and have become a relevant part of treatment for heart failure post-myocardial infarction, left ventricular dysfunction and renal disease.","ACE inhibitors have demonstrated important advantages over conventional agents such as beta-blockers and thiazide diuretics, and have become a relevant part of treatment for heart failure post-myocardial infarction, left ventricular dysfunction and renal disease.","affinity capillary electrophoresis inhibitors have demonstrated important advantages over conventional agents such as beta-blockers and thiazide diuretics, and have become a relevant part of treatment for heart failure post-myocardial infarction, left ventricular dysfunction and renal disease.",inhibitors,,
ACL,"Additionally, femoral notch narrowing at the anterior cruciate ligament insertion site is associated with disease severity, but it is unknown whether ligament deterioration precedes or follows osteophyte formation.","Additionally, femoral notch narrowing at the ACL insertion site is associated with disease severity, but it is unknown whether ligament deterioration precedes or follows osteophyte formation.","Additionally, femoral notch narrowing at the American cutaneous leishmaniasis insertion site is associated with disease severity, but it is unknown whether ligament deterioration precedes or follows osteophyte formation.",insertion,,
ACL,This study reports the initial clinical results of 540 degrees of graft rotation or free tibial bone block to address graft tunnel mismatch in endoscopic anterior cruciate ligament reconstruction.,This study reports the initial clinical results of 540 degrees of graft rotation or free tibial bone block to address graft tunnel mismatch in endoscopic ACL reconstruction.,This study reports the initial clinical results of 540 degrees of graft rotation or free tibial bone block to address graft tunnel mismatch in endoscopic American cutaneous leishmaniasis reconstruction.,reconstruction,,
ACL,Four patients had anterior cruciate ligament tear.,Four patients had ACL tear.,Four patients had American cutaneous leishmaniasis tear.,tear,,
ACL,The press-fit fixation technique has become an alternative fixation method in anterior cruciate ligament reconstruction.,The press-fit fixation technique has become an alternative fixation method in ACL reconstruction.,The press-fit fixation technique has become an alternative fixation method in American cutaneous leishmaniasis reconstruction.,reconstruction,,
ACL,"Primary reconstruction of the anterior cruciate ligament restores knee stability in up to 95% of patients, but instability can recur.","Primary reconstruction of the ACL restores knee stability in up to 95% of patients, but instability can recur.","Primary reconstruction of the American cutaneous leishmaniasis restores knee stability in up to 95% of patients, but instability can recur.",restores,,
ADA,"The conformational models of the active site of Adenosine deaminase and its complexes in the basic state with adenosine and 13 isosteric analogues of the aza, deaza, and azadeaza series were constructed.","The conformational models of the active site of ADA and its complexes in the basic state with adenosine and 13 isosteric analogues of the aza, deaza, and azadeaza series were constructed.","The conformational models of the active site of Americans with Disabilities Act and its complexes in the basic state with adenosine and 13 isosteric analogues of the aza, deaza, and azadeaza series were constructed.",and,,
ADA,"The aim of this study was to evaluate the significance of RPT in tuberculosis pleurisy with the patients clinical findings, biochemical and microbiological properties of pleural effusion and with the total Adenosine deaminase and isoenzymes levels.","The aim of this study was to evaluate the significance of RPT in tuberculosis pleurisy with the patients clinical findings, biochemical and microbiological properties of pleural effusion and with the total ADA and isoenzymes levels.","The aim of this study was to evaluate the significance of RPT in tuberculosis pleurisy with the patients clinical findings, biochemical and microbiological properties of pleural effusion and with the total Americans with Disabilities Act and isoenzymes levels.",isoenzymes,,
ADA,OBJECTIVE: The aim of this study was to evaluate saliva's activities of Adenosine deaminase and 5'-nucleotidase (5'-NT) enzymes and their utility as diagnostic and therapeutic markers in oral and laryngeal cancer.,OBJECTIVE: The aim of this study was to evaluate saliva's activities of ADA and 5'-nucleotidase (5'-NT) enzymes and their utility as diagnostic and therapeutic markers in oral and laryngeal cancer.,OBJECTIVE: The aim of this study was to evaluate saliva's activities of Americans with Disabilities Act and 5'-nucleotidase (5'-NT) enzymes and their utility as diagnostic and therapeutic markers in oral and laryngeal cancer.,and,,
ADA,Characterization of Adenosine deaminase in hemolymph of Biomphalaria glabrata.,Characterization of ADA in hemolymph of Biomphalaria glabrata.,Characterization of Americans with Disabilities Act in hemolymph of Biomphalaria glabrata.,in,,
ADA,Adenosine deaminase is a key enzyme for the control of extra- and intra-cellular levels of adenosine.,ADA is a key enzyme for the control of extra- and intra-cellular levels of adenosine.,Americans with Disabilities Act is a key enzyme for the control of extra- and intra-cellular levels of adenosine.,is,,
ADL,Functional status was measured as Activities of Daily Living and instrumental ADL (I ADL ).,Functional status was measured as ADL and instrumental ADL (I ADL ).,Functional status was measured as activities of daily life and instrumental ADL (I ADL ).,and,,
ADL,"The UPDRS Activities of Daily Living and motor scores as well as the PDQ-39 total, mobility, ADL , emotional well-being, stigma, and bodily discomfort scores were significantly improved at 12 months compared with baseline scores; the UPDRS ADL and motor scores as well as the PDQ-39 total, mobility, ADL , stigma, and bodily discomfort scores were significantly improved at the longest follow-up examination compared with baseline scores.","The UPDRS ADL and motor scores as well as the PDQ-39 total, mobility, ADL , emotional well-being, stigma, and bodily discomfort scores were significantly improved at 12 months compared with baseline scores; the UPDRS ADL and motor scores as well as the PDQ-39 total, mobility, ADL , stigma, and bodily discomfort scores were significantly improved at the longest follow-up examination compared with baseline scores.","The UPDRS activities of daily life and motor scores as well as the PDQ-39 total, mobility, ADL , emotional well-being, stigma, and bodily discomfort scores were significantly improved at 12 months compared with baseline scores; the UPDRS ADL and motor scores as well as the PDQ-39 total, mobility, ADL , stigma, and bodily discomfort scores were significantly improved at the longest follow-up examination compared with baseline scores.",and,,
ADL,"Urinary incontinence and falls are serious problem among elderly people, because of restriction of the Activities of Daily Living and Quality of Life.","Urinary incontinence and falls are serious problem among elderly people, because of restriction of the ADL and Quality of Life.","Urinary incontinence and falls are serious problem among elderly people, because of restriction of the activities of daily life and Quality of Life.",Quality,,
ADL,"Postoperative control of the amount of sputum, and recovery and maintenance of ventilatory gas exchange become possible by early respiratory rehabilitation, leading to prevention of complications, recovery of Activities of Daily Living, and early discharge from hospital.","Postoperative control of the amount of sputum, and recovery and maintenance of ventilatory gas exchange become possible by early respiratory rehabilitation, leading to prevention of complications, recovery of ADL, and early discharge from hospital.","Postoperative control of the amount of sputum, and recovery and maintenance of ventilatory gas exchange become possible by early respiratory rehabilitation, leading to prevention of complications, recovery of activities of daily life, and early discharge from hospital.",discharge,,
ADL,"The objective of this study was to determine whether hospitalization predicts long-term Activities of Daily Living dependence in previously ADL independent, although disabled, older women.","The objective of this study was to determine whether hospitalization predicts long-term ADL dependence in previously ADL independent, although disabled, older women.","The objective of this study was to determine whether hospitalization predicts long-term activities of daily life dependence in previously ADL independent, although disabled, older women.",dependence,,
AFB,"USP-processed specimens were submitted to smear microscopy for detection of acid-fast bacilli, culture, and two PCR tests targeting devR (Rv3133c) and IS6110 gene sequences.","USP-processed specimens were submitted to smear microscopy for detection of AFB, culture, and two PCR tests targeting devR (Rv3133c) and IS6110 gene sequences.","USP-processed specimens were submitted to smear microscopy for detection of aflatoxin B1, culture, and two PCR tests targeting devR (Rv3133c) and IS6110 gene sequences.",culture,,
AFB,"The'gold standard'for confirmation of clinically diagnosed Buruli ulcer was a definite histological diagnosis, a positive culture for M. ulcerans, or a smear positive for acid-fast bacilli, together with a possible histological diagnosis.","The'gold standard'for confirmation of clinically diagnosed Buruli ulcer was a definite histological diagnosis, a positive culture for M. ulcerans, or a smear positive for AFB, together with a possible histological diagnosis.","The'gold standard'for confirmation of clinically diagnosed Buruli ulcer was a definite histological diagnosis, a positive culture for M. ulcerans, or a smear positive for aflatoxin B1, together with a possible histological diagnosis.",together,,
AFB,His chest X-ray film showed cavitation and direct microscopy of sputum revealed positive acid-fast bacilli therefore.,His chest X-ray film showed cavitation and direct microscopy of sputum revealed positive AFB therefore.,His chest X-ray film showed cavitation and direct microscopy of sputum revealed positive aflatoxin B1 therefore.,therefore,,
AFB,"The isolation of acid-fast bacilli from sputa of some in- and out-patients in hospitals and health centers revealed the presence of Mycobacterium tuberculosis in 420 (31.7%) out of the 1,324 patients examined during a TB outbreak.","The isolation of AFB from sputa of some in- and out-patients in hospitals and health centers revealed the presence of Mycobacterium tuberculosis in 420 (31.7%) out of the 1,324 patients examined during a TB outbreak.","The isolation of aflatoxin B1 from sputa of some in- and out-patients in hospitals and health centers revealed the presence of Mycobacterium tuberculosis in 420 (31.7%) out of the 1,324 patients examined during a TB outbreak.",from,,
AFB,METHODS: A young lean man was simulated to act as a TB patient and was provided with a chest X-ray suggestive of TB and two acid-fast bacilli positive sputum reports.,METHODS: A young lean man was simulated to act as a TB patient and was provided with a chest X-ray suggestive of TB and two AFB positive sputum reports.,METHODS: A young lean man was simulated to act as a TB patient and was provided with a chest X-ray suggestive of TB and two aflatoxin B1 positive sputum reports.,positive,,
AFP,PURPOSE: alpha-fetoprotein is a tumor-associated antigen in hepatocellular carcinoma and is a target for the development of cancer vaccine.,PURPOSE: AFP is a tumor-associated antigen in hepatocellular carcinoma and is a target for the development of cancer vaccine.,PURPOSE: acute flaccid paralysis is a tumor-associated antigen in hepatocellular carcinoma and is a target for the development of cancer vaccine.,is,,
AFP,"The changes in tumor size, main symptoms, serum level of alpha-fetoprotein, immune function and adverse reaction were observed after treatment and the immune parameters of the patients were compared with 30 healthy persons in the normal control group.","The changes in tumor size, main symptoms, serum level of AFP, immune function and adverse reaction were observed after treatment and the immune parameters of the patients were compared with 30 healthy persons in the normal control group.","The changes in tumor size, main symptoms, serum level of acute flaccid paralysis, immune function and adverse reaction were observed after treatment and the immune parameters of the patients were compared with 30 healthy persons in the normal control group.",immune,,
AFP,"Mean preoperative serum alpha-fetoprotein and beta-human chorionic gonadotropin (betaHCG) levels were 483 ng/mL and 555 mU/mL, respectively, with no difference in 5-year survival (P = .2).","Mean preoperative serum AFP and beta-human chorionic gonadotropin (betaHCG) levels were 483 ng/mL and 555 mU/mL, respectively, with no difference in 5-year survival (P = .2).","Mean preoperative serum acute flaccid paralysis and beta-human chorionic gonadotropin (betaHCG) levels were 483 ng/mL and 555 mU/mL, respectively, with no difference in 5-year survival (P = .2).",and,,
AFP,"After adjusting for serum levels of alpha-fetoprotein and HCV RNA, CHC, and ESRD were independently associated with lower frequencies of elevated alanine aminotransferase (ALT, OR = 0.175, p= 0.02) and aspartate aminotransferase (AST, OR = 0.169, p= 0.04), but higher frequencies of AST/ALT ratio >1 (OR = 7.173, p= 0.002) and hypoalbuminemia (OR = 9.567, p= 0.0007).","After adjusting for serum levels of AFP and HCV RNA, CHC, and ESRD were independently associated with lower frequencies of elevated alanine aminotransferase (ALT, OR = 0.175, p= 0.02) and aspartate aminotransferase (AST, OR = 0.169, p= 0.04), but higher frequencies of AST/ALT ratio >1 (OR = 7.173, p= 0.002) and hypoalbuminemia (OR = 9.567, p= 0.0007).","After adjusting for serum levels of acute flaccid paralysis and HCV RNA, CHC, and ESRD were independently associated with lower frequencies of elevated alanine aminotransferase (ALT, OR = 0.175, p= 0.02) and aspartate aminotransferase (AST, OR = 0.169, p= 0.04), but higher frequencies of AST/ALT ratio >1 (OR = 7.173, p= 0.002) and hypoalbuminemia (OR = 9.567, p= 0.0007).",and,,
AFP,"Nine clinicopathologic factors, preoperative alpha-fetoprotein level, liver cirrhosis, Child-Pugh score, tumor size (>2 cm vs.","Nine clinicopathologic factors, preoperative AFP level, liver cirrhosis, Child-Pugh score, tumor size (>2 cm vs.","Nine clinicopathologic factors, preoperative acute flaccid paralysis level, liver cirrhosis, Child-Pugh score, tumor size (>2 cm vs.",level,,
AGA,OBJECTIVE: To test the hypothesis that SGA infants have lower bone SOS than appropriate for gestational age infants and.,OBJECTIVE: To test the hypothesis that SGA infants have lower bone SOS than AGA infants and.,OBJECTIVE: To test the hypothesis that SGA infants have lower bone SOS than antigliadin antibodies infants and.,and,,
AGA,"STUDY DESIGN: We studied the effect of catecholamines, by local injection of isoproterenol, and the effect of insulin, using two-step infusion at 8 and 40 mU/m2/min, on the in situ lipolysis of the subcutaneous abdominal adipose tissue of 23 subjects born SGA and 23 born appropriate for gestational age, using the microdialysis technique.","STUDY DESIGN: We studied the effect of catecholamines, by local injection of isoproterenol, and the effect of insulin, using two-step infusion at 8 and 40 mU/m2/min, on the in situ lipolysis of the subcutaneous abdominal adipose tissue of 23 subjects born SGA and 23 born AGA, using the microdialysis technique.","STUDY DESIGN: We studied the effect of catecholamines, by local injection of isoproterenol, and the effect of insulin, using two-step infusion at 8 and 40 mU/m2/min, on the in situ lipolysis of the subcutaneous abdominal adipose tissue of 23 subjects born SGA and 23 born antigliadin antibodies, using the microdialysis technique.",microdialysis,,
AGA,"There were 198 (76.2%) appropriate for gestational age, 46 (17.7%) small for gestational age and 16 (6.2%) large for gestational age babies.","There were 198 (76.2%) AGA, 46 (17.7%) small for gestational age and 16 (6.2%) large for gestational age babies.","There were 198 (76.2%) antigliadin antibodies, 46 (17.7%) small for gestational age and 16 (6.2%) large for gestational age babies.",small,,
AGA,"Out of the remaining 403 term appropriate for gestational age infants, 46 had TGA while 28 had HLHS.","Out of the remaining 403 term AGA infants, 46 had TGA while 28 had HLHS.","Out of the remaining 403 term antigliadin antibodies infants, 46 had TGA while 28 had HLHS.",infants,,
AGA,Twelve short children born appropriate for gestational age were used as controls for the FSIGT's results only.,Twelve short children born AGA were used as controls for the FSIGT's results only.,Twelve short children born antigliadin antibodies were used as controls for the FSIGT's results only.,were,,
AICD,"activation-induced cell death in T lymphocytes depends on the expression of Fas-ligand, which triggers the apoptotic process after binding to its receptor Fas.","AICD in T lymphocytes depends on the expression of Fas-ligand, which triggers the apoptotic process after binding to its receptor Fas.","automatic implantable cardioverter defibrillator in T lymphocytes depends on the expression of Fas-ligand, which triggers the apoptotic process after binding to its receptor Fas.",in,,
AICD,They further suggest that an age-related impairment of Fas/Fas ligand (FasL)-mediated apoptosis - which plays a major role in activation-induced cell death of T cells - may contribute to compromised regulation of the immune system.,They further suggest that an age-related impairment of Fas/Fas ligand (FasL)-mediated apoptosis - which plays a major role in AICD of T cells - may contribute to compromised regulation of the immune system.,They further suggest that an age-related impairment of Fas/Fas ligand (FasL)-mediated apoptosis - which plays a major role in automatic implantable cardioverter defibrillator of T cells - may contribute to compromised regulation of the immune system.,T,,
AICD,Termination of an immune response requires elimination of activated T lymphocytes by activation-induced cell death and.,Termination of an immune response requires elimination of activated T lymphocytes by AICD and.,Termination of an immune response requires elimination of activated T lymphocytes by automatic implantable cardioverter defibrillator and.,and,,
AICD,Stimulation of MBP-reactive TCR transgenic T cells with a superagonist peptide led to extensive activation-induced cell death through Fas signaling.,Stimulation of MBP-reactive TCR transgenic T cells with a superagonist peptide led to extensive AICD through Fas signaling.,Stimulation of MBP-reactive TCR transgenic T cells with a superagonist peptide led to extensive automatic implantable cardioverter defibrillator through Fas signaling.,through,,
AICD,"By engaging Fas, Fas ligand (FasL) on activated T lymphocytes induces activation-induced cell death, and also triggers apoptosis of target cells during immune downregulation.","By engaging Fas, Fas ligand (FasL) on activated T lymphocytes induces AICD, and also triggers apoptosis of target cells during immune downregulation.","By engaging Fas, Fas ligand (FasL) on activated T lymphocytes induces automatic implantable cardioverter defibrillator, and also triggers apoptosis of target cells during immune downregulation.",and,,
ALD,The authors then focus on two special situations that create particular problems for transplantation teams: liver transplantation in patients with alcoholic liver disease and obesity in transplant patients.,The authors then focus on two special situations that create particular problems for transplantation teams: liver transplantation in patients with ALD and obesity in transplant patients.,The authors then focus on two special situations that create particular problems for transplantation teams: liver transplantation in patients with anterior latissimus dorsi and obesity in transplant patients.,and,,
ALD,"Thus, 3 years ago when we discovered higher rate of late deaths due to lung and oropharyngeal cancer in patients who had received a transplant for alcoholic liver disease, we hypothesized that these patients were continuing to expose themselves to tobacco after liver transplantation (post-LTX) and that this behavior was increasing their risk for cancer.","Thus, 3 years ago when we discovered higher rate of late deaths due to lung and oropharyngeal cancer in patients who had received a transplant for ALD, we hypothesized that these patients were continuing to expose themselves to tobacco after liver transplantation (post-LTX) and that this behavior was increasing their risk for cancer.","Thus, 3 years ago when we discovered higher rate of late deaths due to lung and oropharyngeal cancer in patients who had received a transplant for anterior latissimus dorsi, we hypothesized that these patients were continuing to expose themselves to tobacco after liver transplantation (post-LTX) and that this behavior was increasing their risk for cancer.",hypothesized,,
ALD,BACKGROUND: alcoholic liver disease is a serious and potentially fetal consequence of alcohol use.,BACKGROUND: ALD is a serious and potentially fetal consequence of alcohol use.,BACKGROUND: anterior latissimus dorsi is a serious and potentially fetal consequence of alcohol use.,is,,
ALD,"alcoholic liver disease is a major complication of heavy alcohol (EtOH) drinking and is characterized by three progressive stages of pathology: steatosis, steatohepatitis, and fibrosis/cirrhosis.","ALD is a major complication of heavy alcohol (EtOH) drinking and is characterized by three progressive stages of pathology: steatosis, steatohepatitis, and fibrosis/cirrhosis.","anterior latissimus dorsi is a major complication of heavy alcohol (EtOH) drinking and is characterized by three progressive stages of pathology: steatosis, steatohepatitis, and fibrosis/cirrhosis.",is,,
ALD,HCV patients listed for LT had worse QOL levels than the group of patients as a whole or the alcoholic liver disease patients; 2 and.,HCV patients listed for LT had worse QOL levels than the group of patients as a whole or the ALD patients; 2 and.,HCV patients listed for LT had worse QOL levels than the group of patients as a whole or the anterior latissimus dorsi patients; 2 and.,and,,
ALS,Respiratory insufficiency is a problem that develops in nearly all people diagnosed with amyotrophic lateral sclerosis and.,Respiratory insufficiency is a problem that develops in nearly all people diagnosed with ALS and.,Respiratory insufficiency is a problem that develops in nearly all people diagnosed with advanced life support and.,and,,
ALS,OBJECTIVES: There is currently no effective pharmacological treatment for amyotrophic lateral sclerosis and.,OBJECTIVES: There is currently no effective pharmacological treatment for ALS and.,OBJECTIVES: There is currently no effective pharmacological treatment for advanced life support and.,and,,
ALS,"Alzheimer's disease, and briefly summarize their possible roles in amyotrophic lateral sclerosis therefore.","Alzheimer's disease, and briefly summarize their possible roles in ALS therefore.","Alzheimer's disease, and briefly summarize their possible roles in advanced life support therefore.",therefore,,
ALS,"Recent studies indicate that minocycline exerts neuroprotective effects in vitro and in vivo, and suggest that the drug may represent a novel therapeutic approach to amyotrophic lateral sclerosis therefore.","Recent studies indicate that minocycline exerts neuroprotective effects in vitro and in vivo, and suggest that the drug may represent a novel therapeutic approach to ALS therefore.","Recent studies indicate that minocycline exerts neuroprotective effects in vitro and in vivo, and suggest that the drug may represent a novel therapeutic approach to advanced life support therefore.",therefore,,
ALS,The absence of any effective pharmacological treatment and preliminary data both in experimental and clinical settings has recently identified amyotrophic lateral sclerosis as an ideal candidate disease for the development of stem cell therapy in humans.,The absence of any effective pharmacological treatment and preliminary data both in experimental and clinical settings has recently identified ALS as an ideal candidate disease for the development of stem cell therapy in humans.,The absence of any effective pharmacological treatment and preliminary data both in experimental and clinical settings has recently identified advanced life support as an ideal candidate disease for the development of stem cell therapy in humans.,as,,
AMA,"Of 6 patients complicated with PBC, four patients had PBC-specific antimitochondrial antibodies and.","Of 6 patients complicated with PBC, four patients had PBC-specific AMA and.","Of 6 patients complicated with PBC, four patients had PBC-specific American Medical Association and.",and,,
AMA,"Diagnosis can be established by the triad antimitochondrial antibodies, cholestatic indices, and liver histology, diagnostic or compatible with PBC.","Diagnosis can be established by the triad AMA, cholestatic indices, and liver histology, diagnostic or compatible with PBC.","Diagnosis can be established by the triad American Medical Association, cholestatic indices, and liver histology, diagnostic or compatible with PBC.",cholestatic,,
AMA,Antibodies to liver-kidney-microsomes-1 (anti-LKM-1) and antimitochondrial antibodies were detected and semiquantified by immunofluorescence.,Antibodies to liver-kidney-microsomes-1 (anti-LKM-1) and AMA were detected and semiquantified by immunofluorescence.,Antibodies to liver-kidney-microsomes-1 (anti-LKM-1) and American Medical Association were detected and semiquantified by immunofluorescence.,were,,
AMA,These patients are characterized by PBC characteristic bileduct lesions and oftenly antimitochondrial antibodies therefore.,These patients are characterized by PBC characteristic bileduct lesions and oftenly AMA therefore.,These patients are characterized by PBC characteristic bileduct lesions and oftenly American Medical Association therefore.,therefore,,
AMA,"METHODS: We investigated the serum hepatobiliary enzymes, histopathological findings, and the target antigen of antimitochondrial antibodies in MRL/lpr mice.","METHODS: We investigated the serum hepatobiliary enzymes, histopathological findings, and the target antigen of AMA in MRL/lpr mice.","METHODS: We investigated the serum hepatobiliary enzymes, histopathological findings, and the target antigen of American Medical Association in MRL/lpr mice.",in,,
AML,The development of such drugs for the treatment of acute myeloid leukemia is ongoing.,The development of such drugs for the treatment of AML is ongoing.,The development of such drugs for the treatment of renal angiomyolipoma is ongoing.,is,,
AML,The clinical course of ET is characterized by an increased incidence of thrombotic and hemorrhagic complications and an inherent tendency to progress into myelofibrosis or acute myeloid leukemia therefore.,The clinical course of ET is characterized by an increased incidence of thrombotic and hemorrhagic complications and an inherent tendency to progress into myelofibrosis or AML therefore.,The clinical course of ET is characterized by an increased incidence of thrombotic and hemorrhagic complications and an inherent tendency to progress into myelofibrosis or renal angiomyolipoma therefore.,therefore,,
AML,"Fortunately, the occurrence of acute myeloid leukemia during pregnancy is rare.","Fortunately, the occurrence of AML during pregnancy is rare.","Fortunately, the occurrence of renal angiomyolipoma during pregnancy is rare.",during,,
AML,PURPOSE: Recent data suggest that tryptase is produced by blast cells in a group of patients with acute myeloid leukemia and.,PURPOSE: Recent data suggest that tryptase is produced by blast cells in a group of patients with AML and.,PURPOSE: Recent data suggest that tryptase is produced by blast cells in a group of patients with renal angiomyolipoma and.,and,,
AML,"PURPOSE: In CD34-positive acute myeloid leukemia, the leukemia-initiating event originates from the CD34(+)CD38(-) stem cell compartment.","PURPOSE: In CD34-positive AML, the leukemia-initiating event originates from the CD34(+)CD38(-) stem cell compartment.","PURPOSE: In CD34-positive renal angiomyolipoma, the leukemia-initiating event originates from the CD34(+)CD38(-) stem cell compartment.",the,,
ANA,Seventy-two patients (60.0%) had ACA alone and 48 patients (40%) had ACA mixed with other disease marker Antinuclear antibodies therefore.,Seventy-two patients (60.0%) had ACA alone and 48 patients (40%) had ACA mixed with other disease marker ANA therefore.,Seventy-two patients (60.0%) had ACA alone and 48 patients (40%) had ACA mixed with other disease marker American Nurses Association therefore.,therefore,,
ANA,"Antinuclear antibodies were detected by an immunofluorescence method, anti-dsDNA and anti-cardiolipin (aCL) antibodies by ELISA, antinucleosome and anti-extractible nuclear antigens (or anti-ENA: anti-Sm, anti-RNP, anti-SSA and anti-SSB) by immunodot.","ANA were detected by an immunofluorescence method, anti-dsDNA and anti-cardiolipin (aCL) antibodies by ELISA, antinucleosome and anti-extractible nuclear antigens (or anti-ENA: anti-Sm, anti-RNP, anti-SSA and anti-SSB) by immunodot.","American Nurses Association were detected by an immunofluorescence method, anti-dsDNA and anti-cardiolipin (aCL) antibodies by ELISA, antinucleosome and anti-extractible nuclear antigens (or anti-ENA: anti-Sm, anti-RNP, anti-SSA and anti-SSB) by immunodot.",were,,
ANA,"Anticardiolipin IgM and IgG antibodies, Antinuclear antibodies, and IL-1beta were investigated in all patients.","Anticardiolipin IgM and IgG antibodies, ANA, and IL-1beta were investigated in all patients.","Anticardiolipin IgM and IgG antibodies, American Nurses Association, and IL-1beta were investigated in all patients.",IL,,
ANA,"Antinuclear antibodies were detected in 18% of EM-sera, as compared with healthy-women (0%, P = 0.014) and SLE-patients (93%, P = 0.0005).","ANA were detected in 18% of EM-sera, as compared with healthy-women (0%, P = 0.014) and SLE-patients (93%, P = 0.0005).","American Nurses Association were detected in 18% of EM-sera, as compared with healthy-women (0%, P = 0.014) and SLE-patients (93%, P = 0.0005).",were,,
ANA,"Of 77 total specimens, 14 met the following criteria for lupus-like glomerulonephritis: (1) immunofluorescence microscopy showed granular glomerular staining for IgG, IgA, IgM, C3 and C1q, with > or=1+ (0 to 4+ scale) staining for C1q; and (2) the patient's serum was negative for Antinuclear antibodies, or weakly positive (titer ANA and negative for antidouble-stranded DNA.","Of 77 total specimens, 14 met the following criteria for lupus-like glomerulonephritis: (1) immunofluorescence microscopy showed granular glomerular staining for IgG, IgA, IgM, C3 and C1q, with > or=1+ (0 to 4+ scale) staining for C1q; and (2) the patient's serum was negative for ANA, or weakly positive (titer ANA and negative for antidouble-stranded DNA.","Of 77 total specimens, 14 met the following criteria for lupus-like glomerulonephritis: (1) immunofluorescence microscopy showed granular glomerular staining for IgG, IgA, IgM, C3 and C1q, with > or=1+ (0 to 4+ scale) staining for C1q; and (2) the patient's serum was negative for American Nurses Association, or weakly positive (titer ANA and negative for antidouble-stranded DNA.",weakly,,
ANCA,The pathogenesis of different types of systemic vasculitis positive for antineutrophil cytoplasmic antibodies remains incompletely understood.,The pathogenesis of different types of systemic vasculitis positive for ANCA remains incompletely understood.,The pathogenesis of different types of systemic vasculitis positive for Antineutrophil cytoplasmic autoantibodies remains incompletely understood.,remains,,
ANCA,OBJECTIVES: To study the prevalence of smoking at onset of symptoms in patients with small vessel vasculitis associated with antineutrophil cytoplasmic antibodies and.,OBJECTIVES: To study the prevalence of smoking at onset of symptoms in patients with small vessel vasculitis associated with ANCA and.,OBJECTIVES: To study the prevalence of smoking at onset of symptoms in patients with small vessel vasculitis associated with Antineutrophil cytoplasmic autoantibodies and.,and,,
ANCA,"Patients who seroconverted obtained complete remission and did not relapse.Thus, HBV-PAN, a typical form of classic PAN, can be characterized as follows: when renal involvement is present, so is renal vasculitis; glomerulonephritis due to vasculitis is never found; antineutrophil cytoplasmic antibodies are not detected; relapses are rare, and never occur once viral replication has stopped and seroconversion has been obtained.","Patients who seroconverted obtained complete remission and did not relapse.Thus, HBV-PAN, a typical form of classic PAN, can be characterized as follows: when renal involvement is present, so is renal vasculitis; glomerulonephritis due to vasculitis is never found; ANCA are not detected; relapses are rare, and never occur once viral replication has stopped and seroconversion has been obtained.","Patients who seroconverted obtained complete remission and did not relapse.Thus, HBV-PAN, a typical form of classic PAN, can be characterized as follows: when renal involvement is present, so is renal vasculitis; glomerulonephritis due to vasculitis is never found; Antineutrophil cytoplasmic autoantibodies are not detected; relapses are rare, and never occur once viral replication has stopped and seroconversion has been obtained.",are,,
ANCA,antineutrophil cytoplasmic antibodies in Chinese patients with anti-GBM crescentic glomerulonephritis.,ANCA in Chinese patients with anti-GBM crescentic glomerulonephritis.,Antineutrophil cytoplasmic autoantibodies in Chinese patients with anti-GBM crescentic glomerulonephritis.,in,,
ANCA,"Our results do not favour a role for cytokines, antineutrophil cytoplasmic antibodies or immunosuppressive medication in the upregulation of PR3 transcription in vasculitis.","Our results do not favour a role for cytokines, ANCA or immunosuppressive medication in the upregulation of PR3 transcription in vasculitis.","Our results do not favour a role for cytokines, Antineutrophil cytoplasmic autoantibodies or immunosuppressive medication in the upregulation of PR3 transcription in vasculitis.",or,,
ANC,All patients with FS had an absolute neutrophil count 600 or less (range 0-600).,All patients with FS had an ANC 600 or less (range 0-600).,All patients with FS had an antenatal care 600 or less (range 0-600).,or,,
ANC,"The mean age of the reported cases with IBD-like colitis was 12 +/- 5 years, and all had absolute neutrophil count less than 1,000 cells/microl.","The mean age of the reported cases with IBD-like colitis was 12 +/- 5 years, and all had ANC less than 1,000 cells/microl.","The mean age of the reported cases with IBD-like colitis was 12 +/- 5 years, and all had antenatal care less than 1,000 cells/microl.",less,,
ANC,Patients remained on study until absolute neutrophil count>500/microl and>or =48 hr without fever.,Patients remained on study until ANC>500/microl and>or =48 hr without fever.,Patients remained on study until antenatal care>500/microl and>or =48 hr without fever.,and,,
ANC,"RESULTS: We found that a slow rate of myeloid recovery at the end of induction chemotherapy, reflected in a low absolute neutrophil count, was highly predictive of relapse (P<.0001).","RESULTS: We found that a slow rate of myeloid recovery at the end of induction chemotherapy, reflected in a low ANC, was highly predictive of relapse (P<.0001).","RESULTS: We found that a slow rate of myeloid recovery at the end of induction chemotherapy, reflected in a low antenatal care, was highly predictive of relapse (P<.0001).",was,,
ANC,"The percentage decrease in absolute neutrophil count averaged 87.1% (range, 59.0 to 97.7%; SD, 8.7) in the BSA-based arm, and 87.4% (range, 78.0 to 97.2%; SD, 6.1) in the individualized arm, suggesting that the interpatient variability in percent decrease in ANC was slightly smaller in the individualized arm.","The percentage decrease in ANC averaged 87.1% (range, 59.0 to 97.7%; SD, 8.7) in the BSA-based arm, and 87.4% (range, 78.0 to 97.2%; SD, 6.1) in the individualized arm, suggesting that the interpatient variability in percent decrease in ANC was slightly smaller in the individualized arm.","The percentage decrease in antenatal care averaged 87.1% (range, 59.0 to 97.7%; SD, 8.7) in the BSA-based arm, and 87.4% (range, 78.0 to 97.2%; SD, 6.1) in the individualized arm, suggesting that the interpatient variability in percent decrease in ANC was slightly smaller in the individualized arm.",averaged,,
ASA,"We investigated efficacy, safety, and tolerability of two tablets of the fixed combination of 250 mg acetylsalicylic acid + 200 mg paracetamol + 50 mg caffeine (Thomapyrin) in comparison with two tablets of 250 mg ASA + 200 mg paracetamol, two tablets of 500 mg ASA , two tablets of 500 mg paracetamol, two tablets of 50 mg caffeine, and placebo in patients who were used to treating their episodic tension-type headache or migraine attacks with non-prescription analgesics.","We investigated efficacy, safety, and tolerability of two tablets of the fixed combination of 250 mg ASA + 200 mg paracetamol + 50 mg caffeine (Thomapyrin) in comparison with two tablets of 250 mg ASA + 200 mg paracetamol, two tablets of 500 mg ASA , two tablets of 500 mg paracetamol, two tablets of 50 mg caffeine, and placebo in patients who were used to treating their episodic tension-type headache or migraine attacks with non-prescription analgesics.","We investigated efficacy, safety, and tolerability of two tablets of the fixed combination of 250 mg American Society of Anesthesiologists + 200 mg paracetamol + 50 mg caffeine (Thomapyrin) in comparison with two tablets of 250 mg ASA + 200 mg paracetamol, two tablets of 500 mg ASA , two tablets of 500 mg paracetamol, two tablets of 50 mg caffeine, and placebo in patients who were used to treating their episodic tension-type headache or migraine attacks with non-prescription analgesics.",paracetamol,,
ASA,"The present study was designed to investigate the effect of a cyclooxygenase inhibitor, acetylsalicylic acid, on blood pressure, renal function, and the concentration of eicosanoids and endothelin-1 (ET-1) in vascular and renal tissues of rhEPO-treated or rhEPO-untreated uremic rats.","The present study was designed to investigate the effect of a cyclooxygenase inhibitor, ASA, on blood pressure, renal function, and the concentration of eicosanoids and endothelin-1 (ET-1) in vascular and renal tissues of rhEPO-treated or rhEPO-untreated uremic rats.","The present study was designed to investigate the effect of a cyclooxygenase inhibitor, American Society of Anesthesiologists, on blood pressure, renal function, and the concentration of eicosanoids and endothelin-1 (ET-1) in vascular and renal tissues of rhEPO-treated or rhEPO-untreated uremic rats.",on,,
ASA,INTRODUCTION: Recent ex vivo platelet aggregometry data indicate that clopidogrel 75 mg/day plus acetylsalicylic acid 75 mg/day is a more potent antiplatelet regimen than the marketed combination of dipyridamole+ ASA .,INTRODUCTION: Recent ex vivo platelet aggregometry data indicate that clopidogrel 75 mg/day plus ASA 75 mg/day is a more potent antiplatelet regimen than the marketed combination of dipyridamole+ ASA .,INTRODUCTION: Recent ex vivo platelet aggregometry data indicate that clopidogrel 75 mg/day plus American Society of Anesthesiologists 75 mg/day is a more potent antiplatelet regimen than the marketed combination of dipyridamole+ ASA .,is,,
ASA,The impact of microwave drying and binders (copolyvidone and povidone) on the degradation of acetylsalicylic acid and physical properties of granules were compared with conventional drying methods.,The impact of microwave drying and binders (copolyvidone and povidone) on the degradation of ASA and physical properties of granules were compared with conventional drying methods.,The impact of microwave drying and binders (copolyvidone and povidone) on the degradation of American Society of Anesthesiologists and physical properties of granules were compared with conventional drying methods.,physical,,
ASA,"Whereas the administration of acetylsalicylic acid is well established, the guidelines recommend the additive use of clopidogrel in patients with ACS without persisting ST-elevation.","Whereas the administration of ASA is well established, the guidelines recommend the additive use of clopidogrel in patients with ACS without persisting ST-elevation.","Whereas the administration of American Society of Anesthesiologists is well established, the guidelines recommend the additive use of clopidogrel in patients with ACS without persisting ST-elevation.",is,,
ASD,"The patients were 91 with atrial septal defect, 64 with mitral valve disease, 2 with coronary artery disease (coronary artery bypass grafting : CABG), and 10 with other (ventricular septal defect : VSD, myxoma et al.).","The patients were 91 with ASD, 64 with mitral valve disease, 2 with coronary artery disease (coronary artery bypass grafting : CABG), and 10 with other (ventricular septal defect : VSD, myxoma et al.).","The patients were 91 with Autism Spectrum Disorder, 64 with mitral valve disease, 2 with coronary artery disease (coronary artery bypass grafting : CABG), and 10 with other (ventricular septal defect : VSD, myxoma et al.).",mitral,,
ASD,"Ventricular septal defect, atrial septal defect, aortic coarctation, single ventricle, pulmonary stenosis, hypoplastic right heart syndrome, double outlet right ventricle, ASD +VSD, aortic arcus anomalies, and right and left atrial isomerism cases were often (>50%) accompanied by extracardiac malformations.","Ventricular septal defect, ASD, aortic coarctation, single ventricle, pulmonary stenosis, hypoplastic right heart syndrome, double outlet right ventricle, ASD +VSD, aortic arcus anomalies, and right and left atrial isomerism cases were often (>50%) accompanied by extracardiac malformations.","Ventricular septal defect, Autism Spectrum Disorder, aortic coarctation, single ventricle, pulmonary stenosis, hypoplastic right heart syndrome, double outlet right ventricle, ASD +VSD, aortic arcus anomalies, and right and left atrial isomerism cases were often (>50%) accompanied by extracardiac malformations.",aortic,,
ASD,After transcutaneous closure of a secundum atrial septal defect she suffered from almost daily recurring migraine attacks with prolonged aura symptoms.,After transcutaneous closure of a secundum ASD she suffered from almost daily recurring migraine attacks with prolonged aura symptoms.,After transcutaneous closure of a secundum Autism Spectrum Disorder she suffered from almost daily recurring migraine attacks with prolonged aura symptoms.,she,,
ASD,OBJECTIVE: To determine the feasibility and effectiveness of endoscopic atrial septal defect closure when percutaneous ASD closure is impossible or has failed.,OBJECTIVE: To determine the feasibility and effectiveness of endoscopic ASD closure when percutaneous ASD closure is impossible or has failed.,OBJECTIVE: To determine the feasibility and effectiveness of endoscopic Autism Spectrum Disorder closure when percutaneous ASD closure is impossible or has failed.,closure,,
ASD,METHODS: We conducted a retrospective review of clinical and financial data of 20 patients who underwent atrial septal defect closure and 20 patients who underwent mitral valve repair (MVr) using either robotic techniques or a conventional approach with a sternotomy.,METHODS: We conducted a retrospective review of clinical and financial data of 20 patients who underwent ASD closure and 20 patients who underwent mitral valve repair (MVr) using either robotic techniques or a conventional approach with a sternotomy.,METHODS: We conducted a retrospective review of clinical and financial data of 20 patients who underwent Autism Spectrum Disorder closure and 20 patients who underwent mitral valve repair (MVr) using either robotic techniques or a conventional approach with a sternotomy.,closure,,
AVF,OBJECTIVE: The aim of this study was to describe the phenomenon of Arteriovenous fistula formation in venous thrombus.,OBJECTIVE: The aim of this study was to describe the phenomenon of AVF formation in venous thrombus.,OBJECTIVE: The aim of this study was to describe the phenomenon of abdominal visceral fat formation in venous thrombus.,formation,,
AVF,The authors report on the case of a 28-year-old woman presenting with an intraosseous Arteriovenous fistula located in the left parietal bone.,The authors report on the case of a 28-year-old woman presenting with an intraosseous AVF located in the left parietal bone.,The authors report on the case of a 28-year-old woman presenting with an intraosseous abdominal visceral fat located in the left parietal bone.,located,,
AVF,METHODS: Hemodialysis patients who were not candidates for Arteriovenous fistula were eligible for the study.,METHODS: Hemodialysis patients who were not candidates for AVF were eligible for the study.,METHODS: Hemodialysis patients who were not candidates for abdominal visceral fat were eligible for the study.,eligible,,
AVF,"The optimal vascular access is unquestionably the autologous Arteriovenous fistula, with the most common method being the conventional radio-cephalic fistula at the wrist.","The optimal vascular access is unquestionably the autologous AVF, with the most common method being the conventional radio-cephalic fistula at the wrist.","The optimal vascular access is unquestionably the autologous abdominal visceral fat, with the most common method being the conventional radio-cephalic fistula at the wrist.",with,,
AVF,Venous mapping using venography has been considered to be the gold standard for identifying veins suitable for Arteriovenous fistula creation.,Venous mapping using venography has been considered to be the gold standard for identifying veins suitable for AVF creation.,Venous mapping using venography has been considered to be the gold standard for identifying veins suitable for abdominal visceral fat creation.,creation,,
AVR,It has been suggested that LV mass and diastolic function normalize after aortic valve replacement therefore.,It has been suggested that LV mass and diastolic function normalize after AVR therefore.,It has been suggested that LV mass and diastolic function normalize after acute vascular rejection therefore.,therefore,,
AVR,"aortic valve replacement is effective treatment for symptomatic AS, however, generally has a higher risk in elderly patients, especially 80 years and over patients.","AVR is effective treatment for symptomatic AS, however, generally has a higher risk in elderly patients, especially 80 years and over patients.","acute vascular rejection is effective treatment for symptomatic AS, however, generally has a higher risk in elderly patients, especially 80 years and over patients.",is,,
AVR,A 74-year-old woman with a history of aortic valve replacement with a tilting prosthesis at the age of 59 was referred to our hospital with chest pain at rest.,A 74-year-old woman with a history of AVR with a tilting prosthesis at the age of 59 was referred to our hospital with chest pain at rest.,A 74-year-old woman with a history of acute vascular rejection with a tilting prosthesis at the age of 59 was referred to our hospital with chest pain at rest.,tilting,,
AVR,METHODS: aortic valve replacement was performed in 163 replacements with porcine bioprostheses (Carpentier-Edwards supra-annular) with atrial fibrillation/paced rhythm identified at latest follow-up.,METHODS: AVR was performed in 163 replacements with porcine bioprostheses (Carpentier-Edwards supra-annular) with atrial fibrillation/paced rhythm identified at latest follow-up.,METHODS: acute vascular rejection was performed in 163 replacements with porcine bioprostheses (Carpentier-Edwards supra-annular) with atrial fibrillation/paced rhythm identified at latest follow-up.,was,,
AVR,Bleeding from suture holes in aortic valve replacement may represent a difficult problem especially if the aortic wall is friable.,Bleeding from suture holes in AVR may represent a difficult problem especially if the aortic wall is friable.,Bleeding from suture holes in acute vascular rejection may represent a difficult problem especially if the aortic wall is friable.,may,,
BAL,"AIM: Lignocaine, a topical anaesthetic agent, is generally used in variable concentrations usually between 2% and 4% on the vocal cords prior to flexible bronchoscopy and bronchoalveolar lavage procedures.","AIM: Lignocaine, a topical anaesthetic agent, is generally used in variable concentrations usually between 2% and 4% on the vocal cords prior to flexible bronchoscopy and BAL procedures.","AIM: Lignocaine, a topical anaesthetic agent, is generally used in variable concentrations usually between 2% and 4% on the vocal cords prior to flexible bronchoscopy and bioartificial liver procedures.",procedures,,
BAL,OBJECTIVE: To determine whether treatment of horses with antitussive agents before bronchoalveolar lavage reduces the frequency and intensity of the cough reflex during BAL .,OBJECTIVE: To determine whether treatment of horses with antitussive agents before BAL reduces the frequency and intensity of the cough reflex during BAL .,OBJECTIVE: To determine whether treatment of horses with antitussive agents before bioartificial liver reduces the frequency and intensity of the cough reflex during BAL .,reduces,,
BAL,"Legionella urinary antigen testing, which can only detect serogroup 1, and the first culture ofa bronchoalveolar lavage fluid sample were negative for Legionella.","Legionella urinary antigen testing, which can only detect serogroup 1, and the first culture ofa BAL fluid sample were negative for Legionella.","Legionella urinary antigen testing, which can only detect serogroup 1, and the first culture ofa bioartificial liver fluid sample were negative for Legionella.",fluid,,
BAL,"Lung function tests and bronchoalveolar lavage were performed before and after these 3 courses, and patients were monitored for 1 y after the start of the treatment.","Lung function tests and BAL were performed before and after these 3 courses, and patients were monitored for 1 y after the start of the treatment.","Lung function tests and bioartificial liver were performed before and after these 3 courses, and patients were monitored for 1 y after the start of the treatment.",were,,
BAL,bronchoalveolar lavage is a minimally invasive method for exploring the distal lung.,BAL is a minimally invasive method for exploring the distal lung.,bioartificial liver is a minimally invasive method for exploring the distal lung.,is,,
BMI,Prevention should be applied as soon as weight gain raises too rapidly and as soon as body mass index is higher than P 97.,Prevention should be applied as soon as weight gain raises too rapidly and as soon as BMI is higher than P 97.,Prevention should be applied as soon as weight gain raises too rapidly and as soon as bicuculline methiodide is higher than P 97.,is,,
BMI,"In women, the multivariate correlates of CRP included OC use (P<0.0001), body mass index (P<0.0001), triglycerides (<0.0001) and physical activity (P=0.025) (inverse association).","In women, the multivariate correlates of CRP included OC use (P<0.0001), BMI (P<0.0001), triglycerides (<0.0001) and physical activity (P=0.025) (inverse association).","In women, the multivariate correlates of CRP included OC use (P<0.0001), bicuculline methiodide (P<0.0001), triglycerides (<0.0001) and physical activity (P=0.025) (inverse association).",triglycerides,,
BMI,The body mass index of YF was significantly lower than both M and OF.,The BMI of YF was significantly lower than both M and OF.,The bicuculline methiodide of YF was significantly lower than both M and OF.,of,,
BMI,"Their adiposity was described using body mass index, waist circumference, and waist to hip ratio.","Their adiposity was described using BMI, waist circumference, and waist to hip ratio.","Their adiposity was described using bicuculline methiodide, waist circumference, and waist to hip ratio.",waist,,
BMI,OBJECTIVE: The authors sought to estimate the prevalence of overweight and risk for overweight and to examine relationships between body mass index and socioeconomic and demographic characteristics among children in Philadelphia and four neighboring counties.,OBJECTIVE: The authors sought to estimate the prevalence of overweight and risk for overweight and to examine relationships between BMI and socioeconomic and demographic characteristics among children in Philadelphia and four neighboring counties.,OBJECTIVE: The authors sought to estimate the prevalence of overweight and risk for overweight and to examine relationships between bicuculline methiodide and socioeconomic and demographic characteristics among children in Philadelphia and four neighboring counties.,socioeconomic,,
BMT,The purpose of this case study was to describe the management of a 7-year-old girl diagnosed with DKC who urgently needed dental treatment under general anesthesia before bone marrow transplantation and.,The purpose of this case study was to describe the management of a 7-year-old girl diagnosed with DKC who urgently needed dental treatment under general anesthesia before BMT and.,The purpose of this case study was to describe the management of a 7-year-old girl diagnosed with DKC who urgently needed dental treatment under general anesthesia before Bone Marrow Transplant and.,and,,
BMT,We were interested to analyse the composition of the cellular infiltrate and adhesion molecules expression in the conjunctiva before and at least one hundred days after autologous and allogenic bone marrow transplantation and its relation with the presence of dry eye.,We were interested to analyse the composition of the cellular infiltrate and adhesion molecules expression in the conjunctiva before and at least one hundred days after autologous and allogenic BMT and its relation with the presence of dry eye.,We were interested to analyse the composition of the cellular infiltrate and adhesion molecules expression in the conjunctiva before and at least one hundred days after autologous and allogenic Bone Marrow Transplant and its relation with the presence of dry eye.,its,,
BMT,"The last decade has witnessed very significant developments in the field of bone marrow transplantation, resulting in the improved safety and availability of this procedure.","The last decade has witnessed very significant developments in the field of BMT, resulting in the improved safety and availability of this procedure.","The last decade has witnessed very significant developments in the field of Bone Marrow Transplant, resulting in the improved safety and availability of this procedure.",resulting,,
BMT,Our purpose was to describe the types and frequencies of altered dental development in pediatric patients following bone marrow transplantation therefore.,Our purpose was to describe the types and frequencies of altered dental development in pediatric patients following BMT therefore.,Our purpose was to describe the types and frequencies of altered dental development in pediatric patients following Bone Marrow Transplant therefore.,therefore,,
BMT,METHODS: We evaluated MSG sequential biopsies during cGVHD therapy in 14 allogeneic bone marrow transplantation patients.,METHODS: We evaluated MSG sequential biopsies during cGVHD therapy in 14 allogeneic BMT patients.,METHODS: We evaluated MSG sequential biopsies during cGVHD therapy in 14 allogeneic Bone Marrow Transplant patients.,patients,,
CAD,Unstable coronary artery disease is a multi-factorial disease involving thrombotic and inflammatory processes.,Unstable CAD is a multi-factorial disease involving thrombotic and inflammatory processes.,Unstable computer-aided diagnosis is a multi-factorial disease involving thrombotic and inflammatory processes.,is,,
CAD,The T allele of the gelatinase B C((-1562)) T polymorphism has been reported to be associated with an almost 2-fold increase in promoter activity and with the extent of coronary artery disease therefore.,The T allele of the gelatinase B C((-1562)) T polymorphism has been reported to be associated with an almost 2-fold increase in promoter activity and with the extent of CAD therefore.,The T allele of the gelatinase B C((-1562)) T polymorphism has been reported to be associated with an almost 2-fold increase in promoter activity and with the extent of computer-aided diagnosis therefore.,therefore,,
CAD,OBJECTIVE: To determine the safety and efficacy of bariatric surgery in obese patients with documented coronary artery disease therefore.,OBJECTIVE: To determine the safety and efficacy of bariatric surgery in obese patients with documented CAD therefore.,OBJECTIVE: To determine the safety and efficacy of bariatric surgery in obese patients with documented computer-aided diagnosis therefore.,therefore,,
CAD,"Asian-Indians have high rates of coronary artery disease, which also occurs at an earlier age, with 50% of all heart attacks occurring in patients<55 years old and 25% in those<40 years old.","Asian-Indians have high rates of CAD, which also occurs at an earlier age, with 50% of all heart attacks occurring in patients<55 years old and 25% in those<40 years old.","Asian-Indians have high rates of computer-aided diagnosis, which also occurs at an earlier age, with 50% of all heart attacks occurring in patients<55 years old and 25% in those<40 years old.",which,,
CAD,"Our aim was to determine whether the initial ECG, biochemical data and past medical history correlate with the extent of coronary artery disease in patients with ACS thus identifying subjects with severe coronary artery disease who may benefit from the early invasive strategy.","Our aim was to determine whether the initial ECG, biochemical data and past medical history correlate with the extent of in patients with ACS thus identifying subjects with severe CAD who may benefit from the early invasive strategy.","Our aim was to determine whether the initial ECG, biochemical data and past medical history correlate with the extent of computer-aided diagnosis in patients with ACS thus identifying subjects with severe computer-aided diagnosis who may benefit from the early invasive strategy.",in,,
CDI,PURPOSE: To examine retrospectively the diagnostic and differential diagnostic value of Color Doppler imaging in cases of suspected intraocular and orbital tumors.,PURPOSE: To examine retrospectively the diagnostic and differential diagnostic value of CDI in cases of suspected intraocular and orbital tumors.,PURPOSE: To examine retrospectively the diagnostic and differential diagnostic value of Children's Depression Inventory in cases of suspected intraocular and orbital tumors.,in,,
CDI,We report a case of infectious endocarditis detected by combining orbital Color Doppler imaging and ophthalmological findings.,We report a case of infectious endocarditis detected by combining orbital CDI and ophthalmological findings.,We report a case of infectious endocarditis detected by combining orbital Children's Depression Inventory and ophthalmological findings.,and,,
CDI,PATIENTS AND METHODS: n = 9 eyes from 9 normal tension glaucoma patients were subjected to Color Doppler imaging before and during a 3 - 5 week therapy with bimatoprost.,PATIENTS AND METHODS: n = 9 eyes from 9 normal tension glaucoma patients were subjected to CDI before and during a 3 - 5 week therapy with bimatoprost.,PATIENTS AND METHODS: n = 9 eyes from 9 normal tension glaucoma patients were subjected to Children's Depression Inventory before and during a 3 - 5 week therapy with bimatoprost.,before,,
CDI,"In 20 aged patients (mean age: 70.4 years), the CRA circulation indices were determined by Color Doppler imaging, and IOP, BP, and PR were measured before and after four serial unilateral instillations at 30-min intervals of phenylephrine.","In 20 aged patients (mean age: 70.4 years), the CRA circulation indices were determined by CDI, and IOP, BP, and PR were measured before and after four serial unilateral instillations at 30-min intervals of phenylephrine.","In 20 aged patients (mean age: 70.4 years), the CRA circulation indices were determined by Children's Depression Inventory, and IOP, BP, and PR were measured before and after four serial unilateral instillations at 30-min intervals of phenylephrine.",and,,
CDI,"The effect of bimatoprost on ocular circulation was assessed by Color Doppler imaging, which measured peak systolic, end-diastolic blood flow velocities and resistance indices in the ophthalmic, posterior ciliary and central retinal arteries.","The effect of bimatoprost on ocular circulation was assessed by CDI, which measured peak systolic, end-diastolic blood flow velocities and resistance indices in the ophthalmic, posterior ciliary and central retinal arteries.","The effect of bimatoprost on ocular circulation was assessed by Children's Depression Inventory, which measured peak systolic, end-diastolic blood flow velocities and resistance indices in the ophthalmic, posterior ciliary and central retinal arteries.",which,,
CEA,"At her nine months postoperative follow-up examination, her serum carcinoembryonic antigen levels had raised to 15.8ng/mL.","At her nine months postoperative follow-up examination, her serum CEA levels had raised to 15.8ng/mL.","At her nine months postoperative follow-up examination, her serum carotid endarterectomy levels had raised to 15.8ng/mL.",levels,,
CEA,"Factors not influencing treatment strategy were age, primary tumor stage, timing of metastases detection, past blood transfusion, liver resection type, pre-resection carcinoembryonic antigen, and previous hepatectomy.","Factors not influencing treatment strategy were age, primary tumor stage, timing of metastases detection, past blood transfusion, liver resection type, pre-resection CEA, and previous hepatectomy.","Factors not influencing treatment strategy were age, primary tumor stage, timing of metastases detection, past blood transfusion, liver resection type, pre-resection carotid endarterectomy, and previous hepatectomy.",and,,
CEA,"BACKGROUND: Although the prognostic significance of the serum carcinoembryonic antigen level in non-small cell lung cancer has been reported in several studies, it is unknown whether the serum CEA level is a prognostic determinant for pN1 disease or not.","BACKGROUND: Although the prognostic significance of the serum CEA level in non-small cell lung cancer has been reported in several studies, it is unknown whether the serum CEA level is a prognostic determinant for pN1 disease or not.","BACKGROUND: Although the prognostic significance of the serum carotid endarterectomy level in non-small cell lung cancer has been reported in several studies, it is unknown whether the serum CEA level is a prognostic determinant for pN1 disease or not.",level,,
CEA,carcinoembryonic antigen is a tumor-associated antigen targeted for the development of colorectal tumor vaccines.,CEA is a tumor-associated antigen targeted for the development of colorectal tumor vaccines.,carotid endarterectomy is a tumor-associated antigen targeted for the development of colorectal tumor vaccines.,is,,
CEA,"Immunohistochemical analysis revealed that, although carcinoembryonic antigen, which can be detected with monoclonal antibodies in the cytoplasm and the cell surface of CC cells but not HCC cells, was expressed in only the CC cells in the primary tumour, it was expressed extensively in the cytoplasm of both CC and FLC cells in the metastatic and recurrent tumours.","Immunohistochemical analysis revealed that, although CEA, which can be detected with monoclonal antibodies in the cytoplasm and the cell surface of CC cells but not HCC cells, was expressed in only the CC cells in the primary tumour, it was expressed extensively in the cytoplasm of both CC and FLC cells in the metastatic and recurrent tumours.","Immunohistochemical analysis revealed that, although carotid endarterectomy, which can be detected with monoclonal antibodies in the cytoplasm and the cell surface of CC cells but not HCC cells, was expressed in only the CC cells in the primary tumour, it was expressed extensively in the cytoplasm of both CC and FLC cells in the metastatic and recurrent tumours.",which,,
CHF,We will then examine the effects of exercise conditioning on these parameters in normal subjects and those with congestive heart failure therefore.,We will then examine the effects of exercise conditioning on these parameters in normal subjects and those with CHF therefore.,We will then examine the effects of exercise conditioning on these parameters in normal subjects and those with patients with chronic heart failure therefore.,therefore,,
CHF,"It is important, both as an outcome measure in clinical trials of congestive heart failure and as a consideration in individual physicians' therapeutic decisions.","It is important, both as an outcome measure in clinical trials of CHF and as a consideration in individual physicians' therapeutic decisions.","It is important, both as an outcome measure in clinical trials of patients with chronic heart failure and as a consideration in individual physicians' therapeutic decisions.",and,,
CHF,"BACKGROUND: We aim to describe the risk, predictors, and outcomes associated with de novo congestive heart failure after kidney transplantation.","BACKGROUND: We aim to describe the risk, predictors, and outcomes associated with de novo CHF after kidney transplantation.","BACKGROUND: We aim to describe the risk, predictors, and outcomes associated with de novo patients with chronic heart failure after kidney transplantation.",after,,
CHF,"Recent studies demonstrate an even higher prevalence of SDB in congestive heart failure than in a randomly selected population, with up to 40% and 11% having Cheyne Stokes respiration-central sleep apnoea and obstructive sleep apnoea-hypopnoea syndromes, respectively.","Recent studies demonstrate an even higher prevalence of SDB in CHF than in a randomly selected population, with up to 40% and 11% having Cheyne Stokes respiration-central sleep apnoea and obstructive sleep apnoea-hypopnoea syndromes, respectively.","Recent studies demonstrate an even higher prevalence of SDB in patients with chronic heart failure than in a randomly selected population, with up to 40% and 11% having Cheyne Stokes respiration-central sleep apnoea and obstructive sleep apnoea-hypopnoea syndromes, respectively.",than,,
CHF,Bucindolol is a beta1 and beta2 adrenoceptor antagonist under development by Intercardia as a potential treatment for hypertension and congestive heart failure therefore.,Bucindolol is a beta1 and beta2 adrenoceptor antagonist under development by Intercardia as a potential treatment for hypertension and CHF therefore.,Bucindolol is a beta1 and beta2 adrenoceptor antagonist under development by Intercardia as a potential treatment for hypertension and patients with chronic heart failure therefore.,therefore,,
CIC,"Serum concentrations of circulating immune complexes, complement factors (Factor B, C4, C8) and complement activities (CH50 and AH50) were determined in Nigerian school children having urinary schistosomiasis with or without symptomatic malaria by polyethylene glycol precipitation method, single radial immunodiffusion and total haemolytic activities respectively.","Serum concentrations of CIC, complement factors (Factor B, C4, C8) and complement activities (CH50 and AH50) were determined in Nigerian school children having urinary schistosomiasis with or without symptomatic malaria by polyethylene glycol precipitation method, single radial immunodiffusion and total haemolytic activities respectively.","Serum concentrations of clean intermittent catheterization, complement factors (Factor B, C4, C8) and complement activities (CH50 and AH50) were determined in Nigerian school children having urinary schistosomiasis with or without symptomatic malaria by polyethylene glycol precipitation method, single radial immunodiffusion and total haemolytic activities respectively.",complement,,
CIC,"OBJECTIVE: To study IL-6, IL-10, IL-12 levels and circulating immune complexes containing IgG, IgM or IgA in sera of 14 TAO patients and 12 healthy blood donors.","OBJECTIVE: To study IL-6, IL-10, IL-12 levels and CIC containing IgG, IgM or IgA in sera of 14 TAO patients and 12 healthy blood donors.","OBJECTIVE: To study IL-6, IL-10, IL-12 levels and clean intermittent catheterization containing IgG, IgM or IgA in sera of 14 TAO patients and 12 healthy blood donors.",containing,,
CIC,"A comparative study of blood serum concentrations and pathogenic properties of circulating immune complexes, along with identification of their protein composition, was conducted in 45 patients with schizophrenia, 15 their healthy relatives and 39 normal controls.","A comparative study of blood serum concentrations and pathogenic properties of CIC, along with identification of their protein composition, was conducted in 45 patients with schizophrenia, 15 their healthy relatives and 39 normal controls.","A comparative study of blood serum concentrations and pathogenic properties of clean intermittent catheterization, along with identification of their protein composition, was conducted in 45 patients with schizophrenia, 15 their healthy relatives and 39 normal controls.",along,,
CIC,"The assessment of local antiinfectious defense factors registered a significant decrease in the total number of circulating immune complexes with disappearance of small CIC ; enhancement of total complementory activity and C2, C4-fragments of the complement indicating activation of mucosa of the mucosa-associated lymphoid tissue inductive zone providing specific antibacterial defense of the upper respiratory tract.","The assessment of local antiinfectious defense factors registered a significant decrease in the total number of CIC with disappearance of small CIC ; enhancement of total complementory activity and C2, C4-fragments of the complement indicating activation of mucosa of the mucosa-associated lymphoid tissue inductive zone providing specific antibacterial defense of the upper respiratory tract.","The assessment of local antiinfectious defense factors registered a significant decrease in the total number of clean intermittent catheterization with disappearance of small CIC ; enhancement of total complementory activity and C2, C4-fragments of the complement indicating activation of mucosa of the mucosa-associated lymphoid tissue inductive zone providing specific antibacterial defense of the upper respiratory tract.",with,,
CIC,BACKGROUND: Sera of patients with IgA nephropathy (IgAN) contain circulating immune complexes composed of galactose-deficient IgA1 complexed with antiglycan antibodies.,BACKGROUND: Sera of patients with IgA nephropathy (IgAN) contain CIC composed of galactose-deficient IgA1 complexed with antiglycan antibodies.,BACKGROUND: Sera of patients with IgA nephropathy (IgAN) contain clean intermittent catheterization composed of galactose-deficient IgA1 complexed with antiglycan antibodies.,composed,,
CML,"It is commonly held that PV is a rare disorder, when in fact with a minimum incidence of 2.6 per 100,000 it is more common than chronic myelogenous leukemia and is particularly prevalent in persons of Ashkenazi Jewish ancestry.","It is commonly held that PV is a rare disorder, when in fact with a minimum incidence of 2.6 per 100,000 it is more common than CML and is particularly prevalent in persons of Ashkenazi Jewish ancestry.","It is commonly held that PV is a rare disorder, when in fact with a minimum incidence of 2.6 per 100,000 it is more common than cell-mediated lympholysis and is particularly prevalent in persons of Ashkenazi Jewish ancestry.",and,,
CML,A phase I study of PEG-IFN was conducted in patients with chronic myelogenous leukemia who were previously treated with IFN-alpha to evaluate the effect of sustained exposure to IFN on patients with CML .,A phase I study of PEG-IFN was conducted in patients with CML who were previously treated with IFN-alpha to evaluate the effect of sustained exposure to IFN on patients with CML .,A phase I study of PEG-IFN was conducted in patients with cell-mediated lympholysis who were previously treated with IFN-alpha to evaluate the effect of sustained exposure to IFN on patients with CML .,who,,
CML,One hundred and ten patients with Philadelphia chromosome (Ph)-positive chronic phase chronic myelogenous leukemia post-interferon-a failure treated with imatinib mesylate therapy were analyzed for the prognostic significance of marrow reticulin stain-measured fibrosis.,One hundred and ten patients with Philadelphia chromosome (Ph)-positive chronic phase CML post-interferon-a failure treated with imatinib mesylate therapy were analyzed for the prognostic significance of marrow reticulin stain-measured fibrosis.,One hundred and ten patients with Philadelphia chromosome (Ph)-positive chronic phase cell-mediated lympholysis post-interferon-a failure treated with imatinib mesylate therapy were analyzed for the prognostic significance of marrow reticulin stain-measured fibrosis.,post,,
CML,"Imatinib mesylate, a signal transduction inhibitor molecule, has been introduced in the treatment of chronic myelogenous leukemia since May 2001.","Imatinib mesylate, a signal transduction inhibitor molecule, has been introduced in the treatment of CML since May 2001.","Imatinib mesylate, a signal transduction inhibitor molecule, has been introduced in the treatment of cell-mediated lympholysis since May 2001.",since,,
CML,"Our results can explain the absence of clonal myeloproliferative disorders in mice (lifetime, 2 years), are consistent with clinical observations in cats, and provide insight into the progression of chronic myelogenous leukemia in humans.","Our results can explain the absence of clonal myeloproliferative disorders in mice (lifetime, 2 years), are consistent with clinical observations in cats, and provide insight into the progression of CML in humans.","Our results can explain the absence of clonal myeloproliferative disorders in mice (lifetime, 2 years), are consistent with clinical observations in cats, and provide insight into the progression of cell-mediated lympholysis in humans.",humans,,
CMS,"Furthermore, we reported the presence of a pollen fertility-restoring gene (Rf) for cytoplasmic male sterility in A. fistulosum from segregation of pollen fertility of backcross progenies.","Furthermore, we reported the presence of a pollen fertility-restoring gene (Rf) for CMS in A. fistulosum from segregation of pollen fertility of backcross progenies.","Furthermore, we reported the presence of a pollen fertility-restoring gene (Rf) for chronic mild stress in A. fistulosum from segregation of pollen fertility of backcross progenies.",in,,
CMS,"cytoplasmic male sterility is a mitochondrially encoded trait, which is characterized by a failure of plants to produce viable pollen.","CMS is a mitochondrially encoded trait, which is characterized by a failure of plants to produce viable pollen.","chronic mild stress is a mitochondrially encoded trait, which is characterized by a failure of plants to produce viable pollen.",is,,
CMS,cytoplasmic male sterility is a maternally inherited defect in pollen production specified by novel mitochondrial genes.,CMS is a maternally inherited defect in pollen production specified by novel mitochondrial genes.,chronic mild stress is a maternally inherited defect in pollen production specified by novel mitochondrial genes.,is,,
CMS,"The objective of this research was to develop STS markers tightly linked with Rf1, the fertility restoring gene for cytoplasmic male sterility in cotton (Gossypium hirsutum L.).","The objective of this research was to develop STS markers tightly linked with Rf1, the fertility restoring gene for CMS in cotton (Gossypium hirsutum L.).","The objective of this research was to develop STS markers tightly linked with Rf1, the fertility restoring gene for chronic mild stress in cotton (Gossypium hirsutum L.).",in,,
CMS,"In Brassica species, alloplasmic lines displaying cytoplasmic male sterility are established by combining the nucleus from B. rapa with the cytoplasm from Diplotaxis muralis.","In Brassica species, alloplasmic lines displaying CMS are established by combining the nucleus from B. rapa with the cytoplasm from Diplotaxis muralis.","In Brassica species, alloplasmic lines displaying chronic mild stress are established by combining the nucleus from B. rapa with the cytoplasm from Diplotaxis muralis.",are,,
CMV,"Following addition of indinavir to the therapy regimen, no semen samples from 21 men with controlled peripheral and seminal viral loads were 2-LTR cDNA positive at 1 and 6 month time points, despite the persistence of HIV-1 proviral DNA+ semen cells and seminal cytomegalovirus shedding in some cases.","Following addition of indinavir to the therapy regimen, no semen samples from 21 men with controlled peripheral and seminal viral loads were 2-LTR cDNA positive at 1 and 6 month time points, despite the persistence of HIV-1 proviral DNA+ semen cells and seminal CMV shedding in some cases.","Following addition of indinavir to the therapy regimen, no semen samples from 21 men with controlled peripheral and seminal viral loads were 2-LTR cDNA positive at 1 and 6 month time points, despite the persistence of HIV-1 proviral DNA+ semen cells and seminal cucumber mosaic virus shedding in some cases.",shedding,,
CMV,cytomegalovirus is the most common cause of congenital infection in humans.,CMV is the most common cause of congenital infection in humans.,cucumber mosaic virus is the most common cause of congenital infection in humans.,is,,
CMV,"BACKGROUND: Currently, there is no effective intervention for a primary cytomegalovirus infection during pregnancy.","BACKGROUND: Currently, there is no effective intervention for a primary CMV infection during pregnancy.","BACKGROUND: Currently, there is no effective intervention for a primary cucumber mosaic virus infection during pregnancy.",infection,,
CMV,The safety of discontinuation of maintenance therapy for cytomegalovirus retinitis and incidence of immune recovery uveitis following potent antiretroviral therapy.,The safety of discontinuation of maintenance therapy for CMV retinitis and incidence of immune recovery uveitis following potent antiretroviral therapy.,The safety of discontinuation of maintenance therapy for cucumber mosaic virus retinitis and incidence of immune recovery uveitis following potent antiretroviral therapy.,retinitis,,
CMV,"The cytomegalovirus maturational protease, assemblin, contains an'internal'(I) cleavage site absent from its homologs in other herpesviruses.","The CMV maturational protease, assemblin, contains an'internal'(I) cleavage site absent from its homologs in other herpesviruses.","The cucumber mosaic virus maturational protease, assemblin, contains an'internal'(I) cleavage site absent from its homologs in other herpesviruses.",maturational,,
CNS,"In this study, the question of postural and focal components integration by the central nervous system is investigated through whole body reaching task performance in microgravity.","In this study, the question of postural and focal components integration by the CNS is investigated through whole body reaching task performance in microgravity.","In this study, the question of postural and focal components integration by the coagulase-negative staphylococci is investigated through whole body reaching task performance in microgravity.",is,,
CNS,"While adaptive immunity plays an important role in preventing WNV spread to the central nervous system, little is known about how alpha/beta interferon (IFN-alpha/beta) protects against peripheral and CNS infection.","While adaptive immunity plays an important role in preventing WNV spread to the CNS, little is known about how alpha/beta interferon (IFN-alpha/beta) protects against peripheral and CNS infection.","While adaptive immunity plays an important role in preventing WNV spread to the coagulase-negative staphylococci, little is known about how alpha/beta interferon (IFN-alpha/beta) protects against peripheral and CNS infection.",little,,
CNS,"The spectrum of post-streptococcal disease of the central nervous system has been widened recently and includes movement disorders (chorea, tics, dystonia, and Parkinsonism), psychiatric disorders (particularly emotional disorders), and associated sleep disorders.","The spectrum of post-streptococcal disease of the CNS has been widened recently and includes movement disorders (chorea, tics, dystonia, and Parkinsonism), psychiatric disorders (particularly emotional disorders), and associated sleep disorders.","The spectrum of post-streptococcal disease of the coagulase-negative staphylococci has been widened recently and includes movement disorders (chorea, tics, dystonia, and Parkinsonism), psychiatric disorders (particularly emotional disorders), and associated sleep disorders.",has,,
CNS,The presence and function of CB2 receptors in central nervous system neurons are controversial.,The presence and function of CB2 receptors in CNS neurons are controversial.,The presence and function of CB2 receptors in coagulase-negative staphylococci neurons are controversial.,neurons,,
CNS,Clinical Relevance central nervous system diseases may cause long-term disabilities.,Clinical Relevance CNS diseases may cause long-term disabilities.,Clinical Relevance coagulase-negative staphylococci diseases may cause long-term disabilities.,diseases,,
CPR,"cardiopulmonary resuscitation, including chest compressions and mechanical ventilation, was begun after 8 minutes of untreated cardiac arrest.","CPR, including chest compressions and mechanical ventilation, was begun after 8 minutes of untreated cardiac arrest.","C-peptide immunoreactivity, including chest compressions and mechanical ventilation, was begun after 8 minutes of untreated cardiac arrest.",including,,
CPR,This was followed by a practical test consisting of two first aid and basic life support scenarios including cardiopulmonary resuscitation therefore.,This was followed by a practical test consisting of two first aid and basic life support scenarios including CPR therefore.,This was followed by a practical test consisting of two first aid and basic life support scenarios including C-peptide immunoreactivity therefore.,therefore,,
CPR,"Non-compliance with standard procedures occurred during AED use in 162 patients, including interference of movement by cardiopulmonary resuscitation in progress in 69, untimely machine turn-off in 49, leads fell off or disconnected in 33, failure of shock delivery after charge in 28, and interference of movement other than CPR in 22.","Non-compliance with standard procedures occurred during AED use in 162 patients, including interference of movement by CPR in progress in 69, untimely machine turn-off in 49, leads fell off or disconnected in 33, failure of shock delivery after charge in 28, and interference of movement other than CPR in 22.","Non-compliance with standard procedures occurred during AED use in 162 patients, including interference of movement by C-peptide immunoreactivity in progress in 69, untimely machine turn-off in 49, leads fell off or disconnected in 33, failure of shock delivery after charge in 28, and interference of movement other than CPR in 22.",progress,,
CPR,"cardiopulmonary resuscitation is performed frequently by paramedics, emergency department personnel, and inpatient physicians.","CPR is performed frequently by paramedics, emergency department personnel, and inpatient physicians.","C-peptide immunoreactivity is performed frequently by paramedics, emergency department personnel, and inpatient physicians.",is,,
CPR,STUDY OBJECTIVE: Maximizing cardiopulmonary resuscitation during resuscitation may improve survival.,STUDY OBJECTIVE: Maximizing CPR during resuscitation may improve survival.,STUDY OBJECTIVE: Maximizing C-peptide immunoreactivity during resuscitation may improve survival.,during,,
CRP,The C-reactive protein is a strong predictor of cardiovascular events both in the general population and in patients with coronary artery disease.,The CRP is a strong predictor of cardiovascular events both in the general population and in patients with coronary artery disease.,The collagen-related peptide is a strong predictor of cardiovascular events both in the general population and in patients with coronary artery disease.,is,,
CRP,"Serum concentrations of zinc, copper, caeruloplasmin, selenium, glutathione peroxidase (GPx) and C-reactive protein were measured together with their lipid profiles pre- and post-treatment.","Serum concentrations of zinc, copper, caeruloplasmin, selenium, glutathione peroxidase (GPx) and CRP were measured together with their lipid profiles pre- and post-treatment.","Serum concentrations of zinc, copper, caeruloplasmin, selenium, glutathione peroxidase (GPx) and collagen-related peptide were measured together with their lipid profiles pre- and post-treatment.",were,,
CRP,Elevated C-reactive protein is a suggested risk marker for cardiovascular disease.,Elevated CRP is a suggested risk marker for cardiovascular disease.,Elevated collagen-related peptide is a suggested risk marker for cardiovascular disease.,is,,
CRP,"The authors evaluated, in comparison with traditional parameters, C-reactive protein in blood/serum (S- CRP ) and in cerebrospinal fluid (CSF; C- CRP ) for its power to identify and treat patients with infected shunts.","The authors evaluated, in comparison with traditional parameters, CRP in blood/serum (S- CRP ) and in cerebrospinal fluid (CSF; C- CRP ) for its power to identify and treat patients with infected shunts.","The authors evaluated, in comparison with traditional parameters, collagen-related peptide in blood/serum (S- CRP ) and in cerebrospinal fluid (CSF; C- CRP ) for its power to identify and treat patients with infected shunts.",blood,,
CRP,"Serum levels of IL-6 and C-reactive protein were obtained at baseline, 24 hours and 48 hours after stenting.","Serum levels of IL-6 and CRP were obtained at baseline, 24 hours and 48 hours after stenting.","Serum levels of IL-6 and collagen-related peptide were obtained at baseline, 24 hours and 48 hours after stenting.",were,,
CSA,"We observed a transitory weight loss in both muscles; the mean fiber cross-sectional area showed a reduction at day 30, followed by an increase at day 60.","We observed a transitory weight loss in both muscles; the mean fiber CSA showed a reduction at day 30, followed by an increase at day 60.","We observed a transitory weight loss in both muscles; the mean fiber colony-stimulating activity showed a reduction at day 30, followed by an increase at day 60.",showed,,
CSA,"METHODS: In our improved version of modelflow (COmfc) we adapted this model to a real time measure of the aortic cross-sectional area of the descending aorta just above the diaphragm, measured by a new transoesophageal echo device (HemoSonic 100).","METHODS: In our improved version of modelflow (COmfc) we adapted this model to a real time measure of the aortic CSA of the descending aorta just above the diaphragm, measured by a new transoesophageal echo device (HemoSonic 100).","METHODS: In our improved version of modelflow (COmfc) we adapted this model to a real time measure of the aortic colony-stimulating activity of the descending aorta just above the diaphragm, measured by a new transoesophageal echo device (HemoSonic 100).",descending,,
CSA,"MAIN OUTCOME MEASURES: Quadriceps femoris muscle cross-sectional area, plasma glucose, and insulin concentrations were measured before and after RET.","MAIN OUTCOME MEASURES: Quadriceps femoris muscle CSA, plasma glucose, and insulin concentrations were measured before and after RET.","MAIN OUTCOME MEASURES: Quadriceps femoris muscle colony-stimulating activity, plasma glucose, and insulin concentrations were measured before and after RET.",plasma,,
CSA,A regression equation is provided for predicting the cross-sectional area of the deep neck muscles from spinous process length in males.,A regression equation is provided for predicting the CSA of the deep neck muscles from spinous process length in males.,A regression equation is provided for predicting the colony-stimulating activity of the deep neck muscles from spinous process length in males.,of,,
CSA,"The luminal pressure, cross-sectional area, latency and velocity of CSA decrease were compared when using 3 ms, 9, 12, 15 or 30 mA pulses at 10 Hz for 10 s, and 15 mA, 0.03, 0.3 or 3 ms pulses at 10 Hz for 10 s.","The luminal pressure, CSA, latency and velocity of CSA decrease were compared when using 3 ms, 9, 12, 15 or 30 mA pulses at 10 Hz for 10 s, and 15 mA, 0.03, 0.3 or 3 ms pulses at 10 Hz for 10 s.","The luminal pressure, colony-stimulating activity, latency and velocity of CSA decrease were compared when using 3 ms, 9, 12, 15 or 30 mA pulses at 10 Hz for 10 s, and 15 mA, 0.03, 0.3 or 3 ms pulses at 10 Hz for 10 s.",latency,,
CSF,"In both cases, MR imaging confirmed that each EAFC was subdural, resembled cerebrospinal fluid, and had distorted the superior cerebellum anteroinferiorly.","In both cases, MR imaging confirmed that each EAFC was subdural, resembled CSF, and had distorted the superior cerebellum anteroinferiorly.","In both cases, MR imaging confirmed that each EAFC was subdural, resembled Colony-stimulating factor, and had distorted the superior cerebellum anteroinferiorly.",and,,
CSF,The authors therefore reviewed their experience with subdural fluid collections in 40 consecutive patients with spontaneous spinal cerebrospinal fluid leaks and intracranial hypotension.,The authors therefore reviewed their experience with subdural fluid collections in 40 consecutive patients with spontaneous spinal CSF leaks and intracranial hypotension.,The authors therefore reviewed their experience with subdural fluid collections in 40 consecutive patients with spontaneous spinal Colony-stimulating factor leaks and intracranial hypotension.,leaks,,
CSF,"Of 3726 cerebrospinal fluid culture samples analyzed, 1348 (217 patients) showed bacterial growth; of these 97 (obtained in 58 patients [9%]) were considered to represent an infection, 106 (in 68 patients [11%]) colonization, and 145 (in 91 patients [14%]) contamination.","Of 3726 CSF culture samples analyzed, 1348 (217 patients) showed bacterial growth; of these 97 (obtained in 58 patients [9%]) were considered to represent an infection, 106 (in 68 patients [11%]) colonization, and 145 (in 91 patients [14%]) contamination.","Of 3726 Colony-stimulating factor culture samples analyzed, 1348 (217 patients) showed bacterial growth; of these 97 (obtained in 58 patients [9%]) were considered to represent an infection, 106 (in 68 patients [11%]) colonization, and 145 (in 91 patients [14%]) contamination.",culture,,
CSF,An observable intraoperative cerebrospinal fluid leak was strongly associated with an increased incidence of both transient (33.3%) and persistent (4.4%) DI.,An observable intraoperative CSF leak was strongly associated with an increased incidence of both transient (33.3%) and persistent (4.4%) DI.,An observable intraoperative Colony-stimulating factor leak was strongly associated with an increased incidence of both transient (33.3%) and persistent (4.4%) DI.,leak,,
CSF,"Diffuse cerebrospinal fluid enhancement following gadolinium administration is a rarely recognized phenomenon, and its mechanism is not fully understood.","Diffuse CSF enhancement following gadolinium administration is a rarely recognized phenomenon, and its mechanism is not fully understood.","Diffuse Colony-stimulating factor enhancement following gadolinium administration is a rarely recognized phenomenon, and its mechanism is not fully understood.",enhancement,,
CTA,This study used immunohistochemical methods to determine if the medial prefrontal cortex (mPFC) is involved in the extinction of a conditioned taste aversion and.,This study used immunohistochemical methods to determine if the medial prefrontal cortex (mPFC) is involved in the extinction of a CTA and.,This study used immunohistochemical methods to determine if the medial prefrontal cortex (mPFC) is involved in the extinction of a CT angiography and.,and,,
CTA,"conditioned taste aversion, is a form of Pavlovian learning wherein a novel flavour is powerfully associated with subsequent feelings of illness, and is afterwards avoided.","CTA, is a form of Pavlovian learning wherein a novel flavour is powerfully associated with subsequent feelings of illness, and is afterwards avoided.","CT angiography, is a form of Pavlovian learning wherein a novel flavour is powerfully associated with subsequent feelings of illness, and is afterwards avoided.",is,,
CTA,A conditioned taste aversion paradigm was used in the present study to investigate whether CTA produced by exercise could be attenuated by the 5-HT(3) receptor antagonist granisetron.,A CTA paradigm was used in the present study to investigate whether CTA produced by exercise could be attenuated by the 5-HT(3) receptor antagonist granisetron.,A CT angiography paradigm was used in the present study to investigate whether CTA produced by exercise could be attenuated by the 5-HT(3) receptor antagonist granisetron.,paradigm,,
CTA,"In conditioned taste aversion, the animals learn to avoid a taste substance (conditioned stimulus, CS) which was previously associated with visceral distress (unconditioned stimulus, US).","In CTA, the animals learn to avoid a taste substance (conditioned stimulus, CS) which was previously associated with visceral distress (unconditioned stimulus, US).","In CT angiography, the animals learn to avoid a taste substance (conditioned stimulus, CS) which was previously associated with visceral distress (unconditioned stimulus, US).",the,,
CTA,conditioned taste aversion training during adolescence produces long-term effects on preventing high alcohol drinking behavior of P rats.,CTA training during adolescence produces long-term effects on preventing high alcohol drinking behavior of P rats.,CT angiography training during adolescence produces long-term effects on preventing high alcohol drinking behavior of P rats.,training,,
CVA,"Low serum albumin and phosphorus concentrations, dementia, and cerebrovascular accident were significant risk factors for malnutrition.","Low serum albumin and phosphorus concentrations, dementia, and CVA were significant risk factors for malnutrition.","Low serum albumin and phosphorus concentrations, dementia, and Cough variant asthma were significant risk factors for malnutrition.",were,,
CVA,Logistic regression indicated that poly-AED subjects were more likely to have a diagnosis of epilepsy/seizure (epi/sz) and less likely to have a diagnosis of cerebrovascular accident therefore.,Logistic regression indicated that poly-AED subjects were more likely to have a diagnosis of epilepsy/seizure (epi/sz) and less likely to have a diagnosis of CVA therefore.,Logistic regression indicated that poly-AED subjects were more likely to have a diagnosis of epilepsy/seizure (epi/sz) and less likely to have a diagnosis of Cough variant asthma therefore.,therefore,,
CVA,"The most frequent organic pathology, for both DP and AS, was a severe traumatic brain injury, followed by cerebral anoxia/hypoxia, cerebrovascular accident and others.","The most frequent organic pathology, for both DP and AS, was a severe traumatic brain injury, followed by cerebral anoxia/hypoxia, CVA and others.","The most frequent organic pathology, for both DP and AS, was a severe traumatic brain injury, followed by cerebral anoxia/hypoxia, Cough variant asthma and others.",others,,
CVA,"INTRODUCTION AND AIM: One out of three persons will die of cerebrovascular accident, another one will be disabled, and the third one will recover.","INTRODUCTION AND AIM: One out of three persons will die of CVA, another one will be disabled, and the third one will recover.","INTRODUCTION AND AIM: One out of three persons will die of Cough variant asthma, another one will be disabled, and the third one will recover.",another,,
CVA,Spastic hypertonia is a common sequelae after a cerebrovascular accident and is a component of an upper motoneuron lesion.,Spastic hypertonia is a common sequelae after a CVA and is a component of an upper motoneuron lesion.,Spastic hypertonia is a common sequelae after a Cough variant asthma and is a component of an upper motoneuron lesion.,and,,
CVI,Authors present 7-year follow up of 567 patients with initial forms of Chronic Venous Insufficiency of lower extremities (442 patients with C-1 class and 125 patients with C-2 class).,Authors present 7-year follow up of 567 patients with initial forms of CVI of lower extremities (442 patients with C-1 class and 125 patients with C-2 class).,Authors present 7-year follow up of 567 patients with initial forms of common variable immunodeficiency of lower extremities (442 patients with C-1 class and 125 patients with C-2 class).,lower,,
CVI,Chronic Venous Insufficiency changes capillary permeability.,CVI changes capillary permeability.,common variable immunodeficiency changes capillary permeability.,changes,,
CVI,"METHODS: Self-administered questionnaire on subjective symptoms of Chronic Venous Insufficiency in the lower limbs, and clinical examination, including colour duplex ultrasonography to assess the presence and severity of varicose veins.","METHODS: Self-administered questionnaire on subjective symptoms of CVI in the lower limbs, and clinical examination, including colour duplex ultrasonography to assess the presence and severity of varicose veins.","METHODS: Self-administered questionnaire on subjective symptoms of common variable immunodeficiency in the lower limbs, and clinical examination, including colour duplex ultrasonography to assess the presence and severity of varicose veins.",in,,
CVI,Venous ulcer is a severe clinical manifestation of Chronic Venous Insufficiency and.,Venous ulcer is a severe clinical manifestation of CVI and.,Venous ulcer is a severe clinical manifestation of common variable immunodeficiency and.,and,,
CVI,"The aim of this independent study was to demonstrate the rapidity of the clinical action of HR 0-(beta-hydroxyethyl)-rutosides, Venoruton (Novartis Consumer Health) in patients with Chronic Venous Insufficiency and.","The aim of this independent study was to demonstrate the rapidity of the clinical action of HR 0-(beta-hydroxyethyl)-rutosides, Venoruton (Novartis Consumer Health) in patients with CVI and.","The aim of this independent study was to demonstrate the rapidity of the clinical action of HR 0-(beta-hydroxyethyl)-rutosides, Venoruton (Novartis Consumer Health) in patients with common variable immunodeficiency and.",and,,
CVS,"Since the first application of this technique to prenatal testing in the early 1970's, this procedure has proved to be highly reliable for identifying chromosome copy number abnormalities (aneuploidy) and large structural rearrangements in foetal cells obtained invasively by either amniocentesis or chorionic villus sampling therefore.","Since the first application of this technique to prenatal testing in the early 1970's, this procedure has proved to be highly reliable for identifying chromosome copy number abnormalities (aneuploidy) and large structural rearrangements in foetal cells obtained invasively by either amniocentesis or CVS therefore.","Since the first application of this technique to prenatal testing in the early 1970's, this procedure has proved to be highly reliable for identifying chromosome copy number abnormalities (aneuploidy) and large structural rearrangements in foetal cells obtained invasively by either amniocentesis or cardiovascular system therefore.",therefore,,
CVS,METHODS: The GSV was measured using three-dimensional (3D) ultrasound in 500 consecutive singleton pregnancies immediately before chorionic villus sampling for fetal karyotyping at 11 to 13 + 6 (median 12) weeks of gestation.,METHODS: The GSV was measured using three-dimensional (3D) ultrasound in 500 consecutive singleton pregnancies immediately before CVS for fetal karyotyping at 11 to 13 + 6 (median 12) weeks of gestation.,METHODS: The GSV was measured using three-dimensional (3D) ultrasound in 500 consecutive singleton pregnancies immediately before cardiovascular system for fetal karyotyping at 11 to 13 + 6 (median 12) weeks of gestation.,for,,
CVS,OBJECTIVE: This trial compared two instruments for transcervical chorionic villus sampling and.,OBJECTIVE: This trial compared two instruments for transcervical CVS and.,OBJECTIVE: This trial compared two instruments for transcervical cardiovascular system and.,and,,
CVS,"METHODS: Using subjects recruited during a randomized trial funded by the National Institute of Child Health and Human Development, which compared early amniocentesis and late transabdominal chorionic villus sampling in weeks 13 and 14, rates of gestational hypertension and preeclampsia were compared between cases with varying degrees of placental disruption.","METHODS: Using subjects recruited during a randomized trial funded by the National Institute of Child Health and Human Development, which compared early amniocentesis and late transabdominal CVS in weeks 13 and 14, rates of gestational hypertension and preeclampsia were compared between cases with varying degrees of placental disruption.","METHODS: Using subjects recruited during a randomized trial funded by the National Institute of Child Health and Human Development, which compared early amniocentesis and late transabdominal cardiovascular system in weeks 13 and 14, rates of gestational hypertension and preeclampsia were compared between cases with varying degrees of placental disruption.",in,,
CVS,"To examine the potential impact of an individual risk-orientated two-stage approach to first-trimester screening it was assumed that, after first-trimester combined screening, chorionic villus sampling would be performed in all patients with a risk estimate of 1 in 100 or more and in none of those with a risk estimate of less than 1 in 1000.","To examine the potential impact of an individual risk-orientated two-stage approach to first-trimester screening it was assumed that, after first-trimester combined screening, CVS would be performed in all patients with a risk estimate of 1 in 100 or more and in none of those with a risk estimate of less than 1 in 1000.","To examine the potential impact of an individual risk-orientated two-stage approach to first-trimester screening it was assumed that, after first-trimester combined screening, cardiovascular system would be performed in all patients with a risk estimate of 1 in 100 or more and in none of those with a risk estimate of less than 1 in 1000.",would,,
DIC,"Massive bee envenomations can result in immediate onset of shock, hemolysis, rhabdomyolysis, Disseminated intravascular coagulation, coma, and renal failure.","Massive bee envenomations can result in immediate onset of shock, hemolysis, rhabdomyolysis, DIC, coma, and renal failure.","Massive bee envenomations can result in immediate onset of shock, hemolysis, rhabdomyolysis, differential interference contrast, coma, and renal failure.",coma,,
DIC,It tends to bleed with Disseminated intravascular coagulation and intracranial hemorrhage complication is often fatal.,It tends to bleed with DIC and intracranial hemorrhage complication is often fatal.,It tends to bleed with differential interference contrast and intracranial hemorrhage complication is often fatal.,and,,
DIC,"During endotoxaemia, lipopolysaccharide (LPS, endotoxin) and proinflammatory cytokines trigger the development of Disseminated intravascular coagulation via the tissue factor-dependent pathway of coagulation.","During endotoxaemia, lipopolysaccharide (LPS, endotoxin) and proinflammatory cytokines trigger the development of DIC via the tissue factor-dependent pathway of coagulation.","During endotoxaemia, lipopolysaccharide (LPS, endotoxin) and proinflammatory cytokines trigger the development of differential interference contrast via the tissue factor-dependent pathway of coagulation.",via,,
DIC,Increased clotting was observed in isolated cases diagnosed with low-grade Disseminated intravascular coagulation and.,Increased clotting was observed in isolated cases diagnosed with low-grade DIC and.,Increased clotting was observed in isolated cases diagnosed with low-grade differential interference contrast and.,and,,
DIC,Tissues were collected and examined histologically to assess the presence of Disseminated intravascular coagulation therefore.,Tissues were collected and examined histologically to assess the presence of DIC therefore.,Tissues were collected and examined histologically to assess the presence of differential interference contrast therefore.,therefore,,
DIP,"We investigated the association of 7 novel SNP located downstream of the IL-10 transcription start site: -2849,-2763, -1330, -1082, -819, and -592, constituting the 4 ancient haplotypes, with distal interphalangeal OA.","We investigated the association of 7 novel SNP located downstream of the IL-10 transcription start site: -2849,-2763, -1330, -1082, -819, and -592, constituting the 4 ancient haplotypes, with DIP OA.","We investigated the association of 7 novel SNP located downstream of the IL-10 transcription start site: -2849,-2763, -1330, -1082, -819, and -592, constituting the 4 ancient haplotypes, with Desquamative interstitial pneumonia OA.",OA,,
DIP,"Twelve patients were onychopathic, of whom 11 showed distal interphalangeal joint arthritis.","Twelve patients were onychopathic, of whom 11 showed DIP joint arthritis.","Twelve patients were onychopathic, of whom 11 showed Desquamative interstitial pneumonia joint arthritis.",joint,,
DIP,"On physical examination, the cascade of the fingers will be disrupted, and distal interphalangeal joint flexion must be isolated to determine if the FDP tendon is continuous, as other mechanisms are present to enable finger flexion at the other joints.","On physical examination, the cascade of the fingers will be disrupted, and DIP joint flexion must be isolated to determine if the FDP tendon is continuous, as other mechanisms are present to enable finger flexion at the other joints.","On physical examination, the cascade of the fingers will be disrupted, and Desquamative interstitial pneumonia joint flexion must be isolated to determine if the FDP tendon is continuous, as other mechanisms are present to enable finger flexion at the other joints.",joint,,
DIP,The force in the DDFT was calculated by assuming that the extending moment at the distal interphalangeal joint resulting from the GRF was equal to the flexing moment created by the force in the DDFT during the stance phase (inverse dynamics).,The force in the DDFT was calculated by assuming that the extending moment at the DIP joint resulting from the GRF was equal to the flexing moment created by the force in the DDFT during the stance phase (inverse dynamics).,The force in the DDFT was calculated by assuming that the extending moment at the Desquamative interstitial pneumonia joint resulting from the GRF was equal to the flexing moment created by the force in the DDFT during the stance phase (inverse dynamics).,joint,,
DIP,"RESULTS: Anti-CCP were detected in 16/102 patients, 8/68 with symmetric polyarthritis, 1/8 with asymmetric polyarthritis, 2/20 with mono-oligoarthritis, 1/2 with mutilating arthritis, and 0/4 with exclusive axial or distal interphalangeal involvement.","RESULTS: Anti-CCP were detected in 16/102 patients, 8/68 with symmetric polyarthritis, 1/8 with asymmetric polyarthritis, 2/20 with mono-oligoarthritis, 1/2 with mutilating arthritis, and 0/4 with exclusive axial or DIP involvement.","RESULTS: Anti-CCP were detected in 16/102 patients, 8/68 with symmetric polyarthritis, 1/8 with asymmetric polyarthritis, 2/20 with mono-oligoarthritis, 1/2 with mutilating arthritis, and 0/4 with exclusive axial or Desquamative interstitial pneumonia involvement.",involvement,,
DLCO,"The response to the treatment was evaluated by diffusing capacity for carbon monoxide, alveolar-arterial oxygen gradient ([A-a]DO2).","The response to the treatment was evaluated by DLCO, alveolar-arterial oxygen gradient ([A-a]DO2).","The response to the treatment was evaluated by carbon monoxide diffusing capacity, alveolar-arterial oxygen gradient ([A-a]DO2).",alveolar,,
DLCO,We found a significant correlation of serum KL-6 concentrations with vital capacity and with diffusing capacity for carbon monoxide therefore.,We found a significant correlation of serum KL-6 concentrations with vital capacity and with DLCO therefore.,We found a significant correlation of serum KL-6 concentrations with vital capacity and with carbon monoxide diffusing capacity therefore.,therefore,,
DLCO,"These changes correlated with the changes in FEV1 (R = 0.3, P<0.01 6 months after LVRS) and diffusing capacity for carbon monoxide (R = 0.5, P<0.01 6 months after LVRS) therefore.","These changes correlated with the changes in FEV1 (R = 0.3, P<0.01 6 months after LVRS) and DLCO (R = 0.5, P<0.01 6 months after LVRS) therefore.","These changes correlated with the changes in FEV1 (R = 0.3, P<0.01 6 months after LVRS) and carbon monoxide diffusing capacity (R = 0.5, P<0.01 6 months after LVRS) therefore.",therefore,,
DLCO,This retrospective analytic study evaluated whether abnormal diffusing capacity for carbon monoxide is a predictor of postoperative morbidity and mortality in patients undergoing pneumonectomy for lung cancer.,This retrospective analytic study evaluated whether abnormal DLCO is a predictor of postoperative morbidity and mortality in patients undergoing pneumonectomy for lung cancer.,This retrospective analytic study evaluated whether abnormal carbon monoxide diffusing capacity is a predictor of postoperative morbidity and mortality in patients undergoing pneumonectomy for lung cancer.,is,,
DLCO,"Significant correlations have previously been found between indices of air flow obstruction, hyperinflation, reduced diffusing capacity for carbon monoxide, and the extent of emphysema (emph.%) assessed by HRCT.","Significant correlations have previously been found between indices of air flow obstruction, hyperinflation, reduced DLCO, and the extent of emphysema (emph.%) assessed by HRCT.","Significant correlations have previously been found between indices of air flow obstruction, hyperinflation, reduced carbon monoxide diffusing capacity, and the extent of emphysema (emph.%) assessed by HRCT.",and,,
DNR,"This study was to investigate the mechanism of quercetin restoring subcellular distribution of daunorubicin in multidrug resistant leukemia cell lines, K562/ADM and HL-60/ADM, and reversing their MDR.","This study was to investigate the mechanism of quercetin restoring subcellular distribution of DNR in multidrug resistant leukemia cell lines, K562/ADM and HL-60/ADM, and reversing their MDR.","This study was to investigate the mechanism of quercetin restoring subcellular distribution of do-not-resuscitate in multidrug resistant leukemia cell lines, K562/ADM and HL-60/ADM, and reversing their MDR.",in,,
DNR,"In this work, three compounds that were shown to inhibit the MRP1-mediated efflux of daunorubicin have been studied.","In this work, three compounds that were shown to inhibit the MRP1-mediated efflux of DNR have been studied.","In this work, three compounds that were shown to inhibit the MRP1-mediated efflux of do-not-resuscitate have been studied.",have,,
DNR,Depletion of MDR1 by si-MDR1 correlated with the increased sensitivity of the cells to cytotoxic agents and with the enhanced intracellular retention of daunorubicin therefore.,Depletion of MDR1 by si-MDR1 correlated with the increased sensitivity of the cells to cytotoxic agents and with the enhanced intracellular retention of DNR therefore.,Depletion of MDR1 by si-MDR1 correlated with the increased sensitivity of the cells to cytotoxic agents and with the enhanced intracellular retention of do-not-resuscitate therefore.,therefore,,
DNR,daunorubicin sensitivity profiles of leukemia cell lines were obtained with MTT assay.,DNR sensitivity profiles of leukemia cell lines were obtained with MTT assay.,do-not-resuscitate sensitivity profiles of leukemia cell lines were obtained with MTT assay.,sensitivity,,
DNR,Peripheral blood mononuclear cells were isolated by gradient centrifugation and incubated with daunorubicin (a fluorescent drug extruded by P-gp).,Peripheral blood mononuclear cells were isolated by gradient centrifugation and incubated with DNR (a fluorescent drug extruded by P-gp).,Peripheral blood mononuclear cells were isolated by gradient centrifugation and incubated with do-not-resuscitate (a fluorescent drug extruded by P-gp).,a,,
DWI,The authors used breast diffusion-weighted imaging to diagnose breast cancer and identify cancer extension.,The authors used breast DWI to diagnose breast cancer and identify cancer extension.,The authors used breast driving while intoxicated to diagnose breast cancer and identify cancer extension.,to,,
DWI,"BACKGROUND: Apart from diffusion-weighted imaging lesion volume and diffusion-perfusion mismatching, there is limited information about neuroradiological predictors of early prognosis after an ischaemic stroke.","BACKGROUND: Apart from DWI lesion volume and diffusion-perfusion mismatching, there is limited information about neuroradiological predictors of early prognosis after an ischaemic stroke.","BACKGROUND: Apart from driving while intoxicated lesion volume and diffusion-perfusion mismatching, there is limited information about neuroradiological predictors of early prognosis after an ischaemic stroke.",lesion,,
DWI,PURPOSE: The usefulness of diffusion-weighted imaging in the field of neuroradiology has been established.,PURPOSE: The usefulness of DWI in the field of neuroradiology has been established.,PURPOSE: The usefulness of driving while intoxicated in the field of neuroradiology has been established.,in,,
DWI,Previous studies have shown that diffusion-weighted imaging is useful for detecting microstructural degradation of neuronal tissue in neurodegenerative diseases.,Previous studies have shown that DWI is useful for detecting microstructural degradation of neuronal tissue in neurodegenerative diseases.,Previous studies have shown that driving while intoxicated is useful for detecting microstructural degradation of neuronal tissue in neurodegenerative diseases.,is,,
DWI,We examined whether the presence of diffusion-weighted imaging lesions and vessel occlusion on acute brain magnetic resonance images of minor stroke and transient ischemic attack patients predicted the occurrence of subsequent stroke and functional outcome. 120 transient ischemic attack or minor stroke (National Institutes of Health Stroke Scale,We examined whether the presence of DWI lesions and vessel occlusion on acute brain magnetic resonance images of minor stroke and transient ischemic attack patients predicted the occurrence of subsequent stroke and functional outcome. 120 transient ischemic attack or minor stroke (National Institutes of Health Stroke Scale,We examined whether the presence of driving while intoxicated lesions and vessel occlusion on acute brain magnetic resonance images of minor stroke and transient ischemic attack patients predicted the occurrence of subsequent stroke and functional outcome. 120 transient ischemic attack or minor stroke (National Institutes of Health Stroke Scale,lesions,,
EBL,"The mean Estimated blood loss was 310 ml, and the mean operative time was 150 minutes in cases of one-level fusion.","The mean EBL was 310 ml, and the mean operative time was 150 minutes in cases of one-level fusion.","The mean enzootic bovine leukosis was 310 ml, and the mean operative time was 150 minutes in cases of one-level fusion.",was,,
EBL,RESULTS: The total of the components of lost GV was termed Estimated blood loss and.,RESULTS: The total of the components of lost GV was termed EBL and.,RESULTS: The total of the components of lost GV was termed enzootic bovine leukosis and.,and,,
EBL,"Operative time, Estimated blood loss, and specimen weight and characteristics, were recorded.","Operative time, EBL, and specimen weight and characteristics, were recorded.","Operative time, enzootic bovine leukosis, and specimen weight and characteristics, were recorded.",and,,
EBL,"The mean Estimated blood loss and serum hemoglobin decrease (preoperative to postoperative day 1) were lower in the NHT cohort than the non-NHT cohort: 160 mL and 2.4 g/dL vs. 317 mL and 3.1 g/dL, respectively.","The mean EBL and serum hemoglobin decrease (preoperative to postoperative day 1) were lower in the NHT cohort than the non-NHT cohort: 160 mL and 2.4 g/dL vs. 317 mL and 3.1 g/dL, respectively.","The mean enzootic bovine leukosis and serum hemoglobin decrease (preoperative to postoperative day 1) were lower in the NHT cohort than the non-NHT cohort: 160 mL and 2.4 g/dL vs. 317 mL and 3.1 g/dL, respectively.",and,,
EBL,"OT, Estimated blood loss, length of stay, and catheterization time were also obtained.","OT, EBL, length of stay, and catheterization time were also obtained.","OT, enzootic bovine leukosis, length of stay, and catheterization time were also obtained.",length,,
ECG,"The electrocardiogram revealed ST-elevation in leads II, III, and aVF and ST-depression in leads V3 to V6.","The ECG revealed ST-elevation in leads II, III, and aVF and ST-depression in leads V3 to V6.","The electrocardiographic revealed ST-elevation in leads II, III, and aVF and ST-depression in leads V3 to V6.",revealed,,
ECG,"Installed sensors and devices in the house monitor biosignals such as bedside electrocardiogram, snoring, weight, and movement pattern.","Installed sensors and devices in the house monitor biosignals such as bedside ECG, snoring, weight, and movement pattern.","Installed sensors and devices in the house monitor biosignals such as bedside electrocardiographic, snoring, weight, and movement pattern.",snoring,,
ECG,"BACKGROUND: electrocardiogram is one of the most popular tools for daily clinics and health checkup, and has been used for the National Survey on Circulatory Disorders to assess the health status in Japanese people.","BACKGROUND: ECG is one of the most popular tools for daily clinics and health checkup, and has been used for the National Survey on Circulatory Disorders to assess the health status in Japanese people.","BACKGROUND: electrocardiographic is one of the most popular tools for daily clinics and health checkup, and has been used for the National Survey on Circulatory Disorders to assess the health status in Japanese people.",is,,
ECG,An 18-year-old woman of SLE presented with asymptomatic second-degree AV block with 2:1 conduction block on electrocardiogram during admission.,An 18-year-old woman of SLE presented with asymptomatic second-degree AV block with 2:1 conduction block on ECG during admission.,An 18-year-old woman of SLE presented with asymptomatic second-degree AV block with 2:1 conduction block on electrocardiographic during admission.,during,,
ECG,"MAIN OUTCOME MEASURES: Coronary TIMI flow rate, electrocardiogram resolution, slow flow/no reflow phenomenon, and patient outcome (death, cardiac failure, or repeat revascularization) at 1 month.","MAIN OUTCOME MEASURES: Coronary TIMI flow rate, ECG resolution, slow flow/no reflow phenomenon, and patient outcome (death, cardiac failure, or repeat revascularization) at 1 month.","MAIN OUTCOME MEASURES: Coronary TIMI flow rate, electrocardiographic resolution, slow flow/no reflow phenomenon, and patient outcome (death, cardiac failure, or repeat revascularization) at 1 month.",resolution,,
ECT,Both patients were successfully treated with el ECT roconvulsive therapy and.,Both patients were successfully treated with el ECT roconvulsive therapy ECT and.,Both patients were successfully treated with el ECT roconvulsive therapy and.,and,,
ECT,"Treatment options for depression in PD include medication therapy, el ECT roconvulsive therapy, and psychotherapy therefore.","Treatment options for depression in PD include medication therapy, el ECT roconvulsive therapy ECT, and psychotherapy therefore.","Treatment options for depression in PD include medication therapy, el ECT roconvulsive therapy, and psychotherapy therefore.",therefore,,
ECT,Bipolar disorders as well as recurrent major depressive episodes can be most eff ECT ively treated with el ECT roconvulsive therapy and.,Bipolar disorders as well as recurrent major depressive episodes can be most eff ECT ively treated with el ECT roconvulsive therapy ECT and.,Bipolar disorders as well as recurrent major depressive episodes can be most eff ECT ively treated with el ECT roconvulsive therapy and.,and,,
ECT,INTRODUCTION AND AIM: el ECT roconvulsive therapy is an eff ECT ive treatment of severe depression but its mechanism of action is still unknown therefore.,INTRODUCTION AND AIM: el ECT roconvulsive therapy ECT is an eff ECT ive treatment of severe depression but its mechanism of action is still unknown therefore.,INTRODUCTION AND AIM: el ECT roconvulsive therapy is an eff ECT ive treatment of severe depression but its mechanism of action is still unknown therefore.,therefore,,
ECT,el ECT roconvulsive therapy is used in the treatment of severe psychiatric disorders and.,el ECT roconvulsive therapy ECT is used in the treatment of severe psychiatric disorders and.,el ECT roconvulsive therapy is used in the treatment of severe psychiatric disorders and.,and,,
EDD,"At the latest echocardiographic follow up, mean peak pressure gradient was 15.60 +/- 11.76 mmHg, homograft regurgitation grade was 0.82 +/- 0.66, left ventricular End-diastolic diameter was 49.1 +/- 7.54 mm, and mean aortic root diameter was 30.54 +/- 5.48 mm.","At the latest echocardiographic follow up, mean peak pressure gradient was 15.60 +/- 11.76 mmHg, homograft regurgitation grade was 0.82 +/- 0.66, left ventricular EDD was 49.1 +/- 7.54 mm, and mean aortic root diameter was 30.54 +/- 5.48 mm.","At the latest echocardiographic follow up, mean peak pressure gradient was 15.60 +/- 11.76 mmHg, homograft regurgitation grade was 0.82 +/- 0.66, left ventricular end-diastolic dimension was 49.1 +/- 7.54 mm, and mean aortic root diameter was 30.54 +/- 5.48 mm.",mm,,
EDD,"LV EF and LV End-diastolic diameter were measured by echocardiography at baseline, 3 mo (Pos1), and 6 mo (Pos2) after revascularization.","LV EF and LV EDD were measured by echocardiography at baseline, 3 mo (Pos1), and 6 mo (Pos2) after revascularization.","LV EF and LV end-diastolic dimension were measured by echocardiography at baseline, 3 mo (Pos1), and 6 mo (Pos2) after revascularization.",were,,
EDD,METHODS AND RESULTS: The study group was composed of 59 patients (55 men aged 58 +/- 10 years) with CHF and LV End-diastolic diameter >55 mm.,METHODS AND RESULTS: The study group was composed of 59 patients (55 men aged 58 +/- 10 years) with CHF and LV EDD >55 mm.,METHODS AND RESULTS: The study group was composed of 59 patients (55 men aged 58 +/- 10 years) with CHF and LV end-diastolic dimension >55 mm.,mm,,
EDD,"Baseline End-diastolic diameter was increased, with no change in left ventricular wall thickness-to-radius ratio, after training, suggestive of eccentric left ventricular hypertrophy.","Baseline EDD was increased, with no change in left ventricular wall thickness-to-radius ratio, after training, suggestive of eccentric left ventricular hypertrophy.","Baseline end-diastolic dimension was increased, with no change in left ventricular wall thickness-to-radius ratio, after training, suggestive of eccentric left ventricular hypertrophy.",was,,
EDD,"The average End-diastolic diameter of all patients was 68 mm, with a mean standard deviation of 4 mm and a 95% confidence interval of 8 mm.","The average EDD of all patients was 68 mm, with a mean standard deviation of 4 mm and a 95% confidence interval of 8 mm.","The average end-diastolic dimension of all patients was 68 mm, with a mean standard deviation of 4 mm and a 95% confidence interval of 8 mm.",of,,
EHL,We present one case of retained CBD stone after 2 failed endoscopic sphincterotomies and balloon/basket extraction treated by electrohydraulic lithotripsy therefore.,We present one case of retained CBD stone after 2 failed endoscopic sphincterotomies and balloon/basket extraction treated by EHL therefore.,We present one case of retained CBD stone after 2 failed endoscopic sphincterotomies and balloon/basket extraction treated by extensor hallucis longus therefore.,therefore,,
EHL,"Conventional methods, including electrohydraulic lithotripsy, occasionally fail due to the inability to access or capture the impacted stones in the narrow, spirally long cystic duct.","Conventional methods, including EHL, occasionally fail due to the inability to access or capture the impacted stones in the narrow, spirally long cystic duct.","Conventional methods, including extensor hallucis longus, occasionally fail due to the inability to access or capture the impacted stones in the narrow, spirally long cystic duct.",occasionally,,
EHL,"The indications were: firstly, SODAC-guided electrohydraulic lithotripsy of stones in which conventional methods, including mechanical lithotripsy, had not been successful (52 SODAC procedures in 26 patients); and secondly, direct visualization of the biliary tree after cholangiography to assess the presence of stones (57 SODAC procedures in 49 patients).","The indications were: firstly, SODAC-guided EHL of stones in which conventional methods, including mechanical lithotripsy, had not been successful (52 SODAC procedures in 26 patients); and secondly, direct visualization of the biliary tree after cholangiography to assess the presence of stones (57 SODAC procedures in 49 patients).","The indications were: firstly, SODAC-guided extensor hallucis longus of stones in which conventional methods, including mechanical lithotripsy, had not been successful (52 SODAC procedures in 26 patients); and secondly, direct visualization of the biliary tree after cholangiography to assess the presence of stones (57 SODAC procedures in 49 patients).",of,,
EHL,"Using a semirigid 6.8F 43-cm ureteroscope and routine antibiotic prophylaxis, stones were fragmented with a pulsed-dye laser (N = 14; stone size 6-15 mm with a mean of 9.6 mm), electrohydraulic lithotripsy (N = 26; stone size 3-20 mm with a mean of 8.4 mm), or a holmium laser (N = 7; stone size 5-15 mm with a mean of 10 mm); removed by basket extraction (N = 5; stone size 5-8 mm with a mean of 7 mm); or both.","Using a semirigid 6.8F 43-cm ureteroscope and routine antibiotic prophylaxis, stones were fragmented with a pulsed-dye laser (N = 14; stone size 6-15 mm with a mean of 9.6 mm), EHL (N = 26; stone size 3-20 mm with a mean of 8.4 mm), or a holmium laser (N = 7; stone size 5-15 mm with a mean of 10 mm); removed by basket extraction (N = 5; stone size 5-8 mm with a mean of 7 mm); or both.","Using a semirigid 6.8F 43-cm ureteroscope and routine antibiotic prophylaxis, stones were fragmented with a pulsed-dye laser (N = 14; stone size 6-15 mm with a mean of 9.6 mm), extensor hallucis longus (N = 26; stone size 3-20 mm with a mean of 8.4 mm), or a holmium laser (N = 7; stone size 5-15 mm with a mean of 10 mm); removed by basket extraction (N = 5; stone size 5-8 mm with a mean of 7 mm); or both.",or,,
EHL,"Bladder calculi were treated endoscopically by litholapaxy, electrohydraulic lithotripsy, or holmium:YAG laser lithotripsy.","Bladder calculi were treated endoscopically by litholapaxy, EHL, or holmium:YAG laser lithotripsy.","Bladder calculi were treated endoscopically by litholapaxy, extensor hallucis longus, or holmium:YAG laser lithotripsy.",or,,
EKG,"To verify the prevalence of ischemic myocardial abnormalities, 67 patients with type 2 diabetes mellitus (DM2) with normal basal electrocardiogram or with ventricular repolarization abnormalities were evaluated by a perfusional myocardial scintigraphy.","To verify the prevalence of ischemic myocardial abnormalities, 67 patients with type 2 diabetes mellitus (DM2) with normal basal EKG or with ventricular repolarization abnormalities were evaluated by a perfusional myocardial scintigraphy.","To verify the prevalence of ischemic myocardial abnormalities, 67 patients with type 2 diabetes mellitus (DM2) with normal basal electrocardiographic or with ventricular repolarization abnormalities were evaluated by a perfusional myocardial scintigraphy.",or,,
EKG,"They open the possibility for capturing clinical data in a prehospital setting (e.g., a patient's home) using various devices, such as personal digital assistants, laptops, digital electrocardiogram machines, and even cellular phones, and transmitting the captured data to a physician or hospital.","They open the possibility for capturing clinical data in a prehospital setting (e.g., a patient's home) using various devices, such as personal digital assistants, laptops, digital EKG machines, and even cellular phones, and transmitting the captured data to a physician or hospital.","They open the possibility for capturing clinical data in a prehospital setting (e.g., a patient's home) using various devices, such as personal digital assistants, laptops, digital electrocardiographic machines, and even cellular phones, and transmitting the captured data to a physician or hospital.",machines,,
EKG,"She had typical chest pain for myocardial ischemia, associated with ST elevations on the electrocardiogram and elevations of cardiac injury markers diagnostic of infarction.","She had typical chest pain for myocardial ischemia, associated with ST elevations on the EKG and elevations of cardiac injury markers diagnostic of infarction.","She had typical chest pain for myocardial ischemia, associated with ST elevations on the electrocardiographic and elevations of cardiac injury markers diagnostic of infarction.",and,,
EKG,"Because myocyte depolarization and repolarization depend on intra- and extracellular shifts in ion gradients, abnormal serum electrolyte levels can have profound effects on cardiac conduction and the electrocardiogram therefore.","Because myocyte depolarization and repolarization depend on intra- and extracellular shifts in ion gradients, abnormal serum electrolyte levels can have profound effects on cardiac conduction and the EKG therefore.","Because myocyte depolarization and repolarization depend on intra- and extracellular shifts in ion gradients, abnormal serum electrolyte levels can have profound effects on cardiac conduction and the electrocardiographic therefore.",therefore,,
EKG,"All outpatient follow-up histories, electrocardiogram rhythm strips, and chronic threshold test data were also retrieved.","All outpatient follow-up histories, EKG rhythm strips, and chronic threshold test data were also retrieved.","All outpatient follow-up histories, electrocardiographic rhythm strips, and chronic threshold test data were also retrieved.",rhythm,,
EMS,PURPOSE: Emergency Medical Services play an important role in acute stroke therapy.,PURPOSE: EMS play an important role in acute stroke therapy.,PURPOSE: ethyl methanesulfonate play an important role in acute stroke therapy.,play,,
EMS,DESIGN: Analysis of an administrative database of all Emergency Medical Services patient care reports in Pennsylvania.,DESIGN: Analysis of an administrative database of all EMS patient care reports in Pennsylvania.,DESIGN: Analysis of an administrative database of all ethyl methanesulfonate patient care reports in Pennsylvania.,patient,,
EMS,METHODS: We conducted an observational study of patients with ventricular fibrillation treated by first-tier Emergency Medical Services and.,METHODS: We conducted an observational study of patients with ventricular fibrillation treated by first-tier EMS and.,METHODS: We conducted an observational study of patients with ventricular fibrillation treated by first-tier ethyl methanesulfonate and.,and,,
EMS,STUDY OBJECTIVE: We determine whether the use of an Emergency Medical Services protocol for selective spine immobilization would result in appropriate immobilization without spinal cord injury associated with nonimmobilization.,STUDY OBJECTIVE: We determine whether the use of an EMS protocol for selective spine immobilization would result in appropriate immobilization without spinal cord injury associated with nonimmobilization.,STUDY OBJECTIVE: We determine whether the use of an ethyl methanesulfonate protocol for selective spine immobilization would result in appropriate immobilization without spinal cord injury associated with nonimmobilization.,protocol,,
EMS,"OBJECTIVE: Firefighters and Emergency Medical Services personnel have the potential for occupational exposures to blood, which increases their risk for occupational blood-borne infection.","OBJECTIVE: Firefighters and EMS personnel have the potential for occupational exposures to blood, which increases their risk for occupational blood-borne infection.","OBJECTIVE: Firefighters and ethyl methanesulfonate personnel have the potential for occupational exposures to blood, which increases their risk for occupational blood-borne infection.",personnel,,
EPO,"Progesterone, but not 17beta-estradiol, up-regulates erythropoietin production in human amniotic epithelial cells.","Progesterone, but not 17beta-estradiol, up-regulates EPO production in human amniotic epithelial cells.","Progesterone, but not 17beta-estradiol, up-regulates eosinophil peroxidase production in human amniotic epithelial cells.",production,,
EPO,"We previously r EPO rted that HAE cells produce erythropoietin, which is known to be a regulator of hematopoiesis, and that the induction mechanism of HAE cells is unknown, although EPO production from HAE cells is not increased by hypoxia which induces several cell types to produce EPO .","We previously r EPO rted that HAE cells produce EPO, which is known to be a regulator of hematopoiesis, and that the induction mechanism of HAE cells is unknown, although EPO production from HAE cells is not increased by hypoxia which induces several cell types to produce EPO .","We previously r EPO rted that HAE cells produce eosinophil peroxidase, which is known to be a regulator of hematopoiesis, and that the induction mechanism of HAE cells is unknown, although EPO production from HAE cells is not increased by hypoxia which induces several cell types to produce EPO .",which,,
EPO,erythropoietin treatment for anemia of prematurity is still controversial.,EPO treatment for anemia of prematurity is still controversial.,eosinophil peroxidase treatment for anemia of prematurity is still controversial.,treatment,,
EPO,Our findings imply that uncontrolled studies on the effect of erythropoietin in cancer patients may be making exaggerated claims for the effect of EPO on QOL.,Our findings imply that uncontrolled studies on the effect of EPO in cancer patients may be making exaggerated claims for the effect of EPO on QOL.,Our findings imply that uncontrolled studies on the effect of eosinophil peroxidase in cancer patients may be making exaggerated claims for the effect of EPO on QOL.,in,,
EPO,"Availability of recombinant human erythropoietin has facilitated use to enhance red blood cell production, and therefore aerobic performance, in human and equine athletes.","Availability of recombinant human EPO has facilitated use to enhance red blood cell production, and therefore aerobic performance, in human and equine athletes.","Availability of recombinant human eosinophil peroxidase has facilitated use to enhance red blood cell production, and therefore aerobic performance, in human and equine athletes.",has,,
ERCP,endoscopic retrograde cholangiopancreatography was performed and a large number of common bile duct stones were extracted with Dormia basket upon papillotomy.,ERCP was performed and a large number of common bile duct stones were extracted with Dormia basket upon papillotomy.,Endoscopic retrograde cholangio-pancreatography was performed and a large number of common bile duct stones were extracted with Dormia basket upon papillotomy.,was,,
ERCP,This retrospective pilot study evaluates CDCP compared with endoscopic retrograde cholangiopancreatography as a diagnostic tool for assessing the cause and level of biliary obstruction.,This retrospective pilot study evaluates CDCP compared with ERCP as a diagnostic tool for assessing the cause and level of biliary obstruction.,This retrospective pilot study evaluates CDCP compared with Endoscopic retrograde cholangio-pancreatography as a diagnostic tool for assessing the cause and level of biliary obstruction.,as,,
ERCP,"By means of ultrasonography, endoscopic retrograde cholangiopancreatography and magnetic resonant cholangiopancreatography, dilated extrahepatic bile ducts were diagnosed.","By means of ultrasonography, ERCP and magnetic resonant cholangiopancreatography, dilated extrahepatic bile ducts were diagnosed.","By means of ultrasonography, Endoscopic retrograde cholangio-pancreatography and magnetic resonant cholangiopancreatography, dilated extrahepatic bile ducts were diagnosed.",and,,
ERCP,Only 2 patients required an additional endoscopic retrograde cholangiopancreatography after initial metal stent placement until surgery.,Only 2 patients required an additional ERCP after initial metal stent placement until surgery.,Only 2 patients required an additional Endoscopic retrograde cholangio-pancreatography after initial metal stent placement until surgery.,after,,
ERCP,OBJECTIVES: Adequate patient sedation is mandatory for diagnostic and therapeutic endoscopic retrograde cholangiopancreatography therefore.,OBJECTIVES: Adequate patient sedation is mandatory for diagnostic and therapeutic ERCP therefore.,OBJECTIVES: Adequate patient sedation is mandatory for diagnostic and therapeutic Endoscopic retrograde cholangio-pancreatography therefore.,therefore,,
ESR,"In order to investigate the edge states, we have performed high field and multifrequency electron spin resonance measurements of finite length S=1 antiferromagnetic chains in Y2BaNi0.96Mg0.04O5.","In order to investigate the edge states, we have performed high field and multifrequency ESR measurements of finite length S=1 antiferromagnetic chains in Y2BaNi0.96Mg0.04O5.","In order to investigate the edge states, we have performed high field and multifrequency erythrocyte sedimentation rate measurements of finite length S=1 antiferromagnetic chains in Y2BaNi0.96Mg0.04O5.",measurements,,
ESR,"In addition, C-PC (4 and 8 nM) markedly reduced the electron spin resonance signal intensity of hydroxyl radicals in collagen (1 microg/mL)-activated platelets.","In addition, C-PC (4 and 8 nM) markedly reduced the ESR signal intensity of hydroxyl radicals in collagen (1 microg/mL)-activated platelets.","In addition, C-PC (4 and 8 nM) markedly reduced the erythrocyte sedimentation rate signal intensity of hydroxyl radicals in collagen (1 microg/mL)-activated platelets.",signal,,
ESR,"The physicochemical properties including turbidity, apparent particle size, Cl(-) permeability, electron spin resonance spectroscopic parameters, and freeze-fracture electron microscopy were investigated.","The physicochemical properties including turbidity, apparent particle size, Cl(-) permeability, ESR spectroscopic parameters, and freeze-fracture electron microscopy were investigated.","The physicochemical properties including turbidity, apparent particle size, Cl(-) permeability, erythrocyte sedimentation rate spectroscopic parameters, and freeze-fracture electron microscopy were investigated.",spectroscopic,,
ESR,"A spin-trapping electron spin resonance spectrometer was employed, and the results were compared for their ESR signal intensity.","A spin-trapping ESR spectrometer was employed, and the results were compared for their ESR signal intensity.","A spin-trapping erythrocyte sedimentation rate spectrometer was employed, and the results were compared for their ESR signal intensity.",spectrometer,,
ESR,"From the product analysis using gas chromatography/mass spectrometry (GC/MS) and electron spin resonance measurements, it was confirmed that the charge transfer from the O2- site on the surface of the oxide additives due to the intense grinding has plays a significant role in the decomposition of the chlorinated compound.","From the product analysis using gas chromatography/mass spectrometry (GC/MS) and ESR measurements, it was confirmed that the charge transfer from the O2- site on the surface of the oxide additives due to the intense grinding has plays a significant role in the decomposition of the chlorinated compound.","From the product analysis using gas chromatography/mass spectrometry (GC/MS) and erythrocyte sedimentation rate measurements, it was confirmed that the charge transfer from the O2- site on the surface of the oxide additives due to the intense grinding has plays a significant role in the decomposition of the chlorinated compound.",measurements,,
FFP,Fifteen patients received vitamin K and fresh frozen plasma alone ( FFP group).,Fifteen patients received vitamin K and FFP alone ( FFP group).,Fifteen patients received vitamin K and freedom from progression alone ( FFP group).,alone,,
FFP,"BACKGROUND: Concerns regarding transfusion-transmitted infections and non-availability of blood components in developing nations, make it crucial to optimize fresh frozen plasma transfusions and reduce wastage.","BACKGROUND: Concerns regarding transfusion-transmitted infections and non-availability of blood components in developing nations, make it crucial to optimize FFP transfusions and reduce wastage.","BACKGROUND: Concerns regarding transfusion-transmitted infections and non-availability of blood components in developing nations, make it crucial to optimize freedom from progression transfusions and reduce wastage.",transfusions,,
FFP,"This study aimed to assess the effects of dugite envenoming on blood coagulation and platelet count in a canine model, and the efficacy of fresh frozen plasma in reversing the clotting disorder after both adequate and inadequate venom neutralization.","This study aimed to assess the effects of dugite envenoming on blood coagulation and platelet count in a canine model, and the efficacy of FFP in reversing the clotting disorder after both adequate and inadequate venom neutralization.","This study aimed to assess the effects of dugite envenoming on blood coagulation and platelet count in a canine model, and the efficacy of freedom from progression in reversing the clotting disorder after both adequate and inadequate venom neutralization.",reversing,,
FFP,There are only a few case reports about thrombotic events during treatment with fresh frozen plasma and.,There are only a few case reports about thrombotic events during treatment with FFP and.,There are only a few case reports about thrombotic events during treatment with freedom from progression and.,and,,
FFP,"The use of fresh frozen plasma instead of serum is theoretically attractive, as it is more easily available from blood banks.","The use of FFP instead of serum is theoretically attractive, as it is more easily available from blood banks.","The use of freedom from progression instead of serum is theoretically attractive, as it is more easily available from blood banks.",instead,,
GCT,Computed tomography revealed a germ cell tumor of the mediastinum.,Computed tomography revealed a germ GCT of the mediastinum.,Computed tomography revealed a germ germ cell tumors of the mediastinum.,of,,
GCT,"PURPOSE: To define the incidence, clinical features, and outcome to salvage chemotherapy in patients with late-relapse germ cell tumor after a complete response to first-line chemotherapy.","PURPOSE: To define the incidence, clinical features, and outcome to salvage chemotherapy in patients with late-relapse germ GCT after a complete response to first-line chemotherapy.","PURPOSE: To define the incidence, clinical features, and outcome to salvage chemotherapy in patients with late-relapse germ germ cell tumors after a complete response to first-line chemotherapy.",after,,
GCT,We report a rare case of granular cell tumor arising within the thyroid parenchyma.,We report a rare case of granular GCT arising within the thyroid parenchyma.,We report a rare case of granular germ cell tumors arising within the thyroid parenchyma.,arising,,
GCT,Granular cell tumor is an infrequent and usually benign neoplasm which is found predominantly in the head and neck region.,Granular GCT is an infrequent and usually benign neoplasm which is found predominantly in the head and neck region.,Granular germ cell tumors is an infrequent and usually benign neoplasm which is found predominantly in the head and neck region.,is,,
GCT,The authors describe the clinical case of a patient aged 18 years affected with giant cell tumor at C3 who came to the surgical unit of Orthopaedics and Traumatology at the Ospedale Maggiore in Bologna after being treated by surgery elsewhere.,The authors describe the clinical case of a patient aged 18 years affected with giant GCT at C3 who came to the surgical unit of Orthopaedics and Traumatology at the Ospedale Maggiore in Bologna after being treated by surgery elsewhere.,The authors describe the clinical case of a patient aged 18 years affected with giant germ cell tumors at C3 who came to the surgical unit of Orthopaedics and Traumatology at the Ospedale Maggiore in Bologna after being treated by surgery elsewhere.,at,,
GGT,"Using several cut-off levels, gamma-glutamyl transpeptidase had the highest specificity, positive predictive value and negative predictive value, comparable to a scoring system that combined all LFTs.","Using several cut-off levels, GGT had the highest specificity, positive predictive value and negative predictive value, comparable to a scoring system that combined all LFTs.","Using several cut-off levels, gamma-glutamyltranspeptidase had the highest specificity, positive predictive value and negative predictive value, comparable to a scoring system that combined all LFTs.",had,,
GGT,"We therefore examined the possible interaction between the T393C polymorphism and gamma-glutamyl transpeptidase, which is an established biomarker of alcohol consumption, in the association with glucose metabolism as well as with hypertension in a Japanese population.","We therefore examined the possible interaction between the T393C polymorphism and GGT, which is an established biomarker of alcohol consumption, in the association with glucose metabolism as well as with hypertension in a Japanese population.","We therefore examined the possible interaction between the T393C polymorphism and gamma-glutamyltranspeptidase, which is an established biomarker of alcohol consumption, in the association with glucose metabolism as well as with hypertension in a Japanese population.",which,,
GGT,Up-regulation of gamma-glutamyl transpeptidase activity in growth perturbed C6 astrocytes.,Up-regulation of GGT activity in growth perturbed C6 astrocytes.,Up-regulation of gamma-glutamyltranspeptidase activity in growth perturbed C6 astrocytes.,activity,,
GGT,Activity of gamma-glutamyl transpeptidase was studied in astrocyte-like C6 glial cells modulated in growth and maturation by different concentration of serum and dibutyryl cyclic AMP (Db-cAMP) supplement in culture medium.,Activity of GGT was studied in astrocyte-like C6 glial cells modulated in growth and maturation by different concentration of serum and dibutyryl cyclic AMP (Db-cAMP) supplement in culture medium.,Activity of gamma-glutamyltranspeptidase was studied in astrocyte-like C6 glial cells modulated in growth and maturation by different concentration of serum and dibutyryl cyclic AMP (Db-cAMP) supplement in culture medium.,was,,
GGT,AIM: gamma-glutamyl transpeptidase has been reported as a virulence and colonizing factor of Helicobacter pylori (H pylori).,AIM: GGT has been reported as a virulence and colonizing factor of Helicobacter pylori (H pylori).,AIM: gamma-glutamyltranspeptidase has been reported as a virulence and colonizing factor of Helicobacter pylori (H pylori).,has,,
GTT,"Diabetes was confirmed here by intravenous glucose tolerance test, biochemical assay of glycogen content in liver and skeletal muscle, glucose-6-phosphatase activity in liver, and serum insulin levels.","Diabetes was confirmed here by intravenous GTT, biochemical assay of glycogen content in liver and skeletal muscle, glucose-6-phosphatase activity in liver, and serum insulin levels.","Diabetes was confirmed here by intravenous gestational trophoblastic tumor, biochemical assay of glycogen content in liver and skeletal muscle, glucose-6-phosphatase activity in liver, and serum insulin levels.",biochemical,,
GTT,"A decrease in blood glucose levels was observed in a glucose tolerance test, whereas it was not obvious in rats that were not challenged by a glucose load.","A decrease in blood glucose levels was observed in a GTT, whereas it was not obvious in rats that were not challenged by a glucose load.","A decrease in blood glucose levels was observed in a gestational trophoblastic tumor, whereas it was not obvious in rats that were not challenged by a glucose load.",whereas,,
GTT,"A glucose tolerance test at 6 months postdiagnosis was normal (fasting PG 4.4 mmol/l and 2 h PG 7.5 mmol/l), and at 12 months random PG was 4.1 mmol/l and HbA1c 4.3%.","A GTT at 6 months postdiagnosis was normal (fasting PG 4.4 mmol/l and 2 h PG 7.5 mmol/l), and at 12 months random PG was 4.1 mmol/l and HbA1c 4.3%.","A gestational trophoblastic tumor at 6 months postdiagnosis was normal (fasting PG 4.4 mmol/l and 2 h PG 7.5 mmol/l), and at 12 months random PG was 4.1 mmol/l and HbA1c 4.3%.",at,,
GTT,"To assess the role of insulin action, glucose tolerance test was performed.","To assess the role of insulin action, GTT was performed.","To assess the role of insulin action, gestational trophoblastic tumor was performed.",was,,
GTT,"Counteraction of endogenous ghrelin by intraperitoneal injection of specific GH secretagogue receptor antagonists markedly lowered fasting glucose concentrations, attenuated plasma glucose elevation, and enhanced insulin responses during the glucose tolerance test therefore.","Counteraction of endogenous ghrelin by intraperitoneal injection of specific GH secretagogue receptor antagonists markedly lowered fasting glucose concentrations, attenuated plasma glucose elevation, and enhanced insulin responses during the GTT therefore.","Counteraction of endogenous ghrelin by intraperitoneal injection of specific GH secretagogue receptor antagonists markedly lowered fasting glucose concentrations, attenuated plasma glucose elevation, and enhanced insulin responses during the gestational trophoblastic tumor therefore.",therefore,,
GVHD,BACKGROUND: Conditioning with total lymphoid irradiation plus antithymocyte serum protects mice against acute graft-versus-host disease after hematopoietic-cell transplantation.,BACKGROUND: Conditioning with total lymphoid irradiation plus antithymocyte serum protects mice against acute GVHD after hematopoietic-cell transplantation.,BACKGROUND: Conditioning with total lymphoid irradiation plus antithymocyte serum protects mice against acute graft vs host disease after hematopoietic-cell transplantation.,after,,
GVHD,The occurrence of grade 3 to 4 acute graft-versus-host disease or extensive chronic GVHD was associated with a higher NRM in both age cohorts.,The occurrence of grade 3 to 4 acute GVHD or extensive chronic GVHD was associated with a higher NRM in both age cohorts.,The occurrence of grade 3 to 4 acute graft vs host disease or extensive chronic GVHD was associated with a higher NRM in both age cohorts.,or,,
GVHD,"Recently, higher dose of NK cells has been associated with a lower incidence of severe graft-versus-host disease and.","Recently, higher dose of NK cells has been associated with a lower incidence of severe GVHD and.","Recently, higher dose of NK cells has been associated with a lower incidence of severe graft vs host disease and.",and,,
GVHD,This case describes the late onset of PAH in a 36-year-old woman on a background of acute and chronic graft-versus-host disease therefore.,This case describes the late onset of PAH in a 36-year-old woman on a background of acute and chronic GVHD therefore.,This case describes the late onset of PAH in a 36-year-old woman on a background of acute and chronic graft vs host disease therefore.,therefore,,
GVHD,Our autologous recipients had no graft-versus-host disease but allogenic patients had chronic GVHD .,Our autologous recipients had no GVHD but allogenic patients had chronic GVHD .,Our autologous recipients had no graft vs host disease but allogenic patients had chronic GVHD .,but,,
GVH,There is sparse information in humans on graft-versus-host lymphadenopathy.,There is sparse information in humans on GVH lymphadenopathy.,There is sparse information in humans on graft-vs-host lymphadenopathy.,lymphadenopathy,,
GVH,The median difference between time to GVL and graft-versus-host reactivity in the entire cohort was 14 days.,The median difference between time to GVL and GVH reactivity in the entire cohort was 14 days.,The median difference between time to GVL and graft-vs-host reactivity in the entire cohort was 14 days.,reactivity,,
GVH,Ablation of secretin-expressing cells produced severe colitis with morphological features similar to those observed in graft-versus-host disease.,Ablation of secretin-expressing cells produced severe colitis with morphological features similar to those observed in GVH disease.,Ablation of secretin-expressing cells produced severe colitis with morphological features similar to those observed in graft-vs-host disease.,disease,,
GVH,"Spleen cells taken from sensitized F1 females, either before or after the rejection of male skin isografts, conferred resistance against graft-versus-host reactions produced in F1 females by parental PVG/c lymph node cells, but only when the cell donors were male.","Spleen cells taken from sensitized F1 females, either before or after the rejection of male skin isografts, conferred resistance against GVH reactions produced in F1 females by parental PVG/c lymph node cells, but only when the cell donors were male.","Spleen cells taken from sensitized F1 females, either before or after the rejection of male skin isografts, conferred resistance against graft-vs-host reactions produced in F1 females by parental PVG/c lymph node cells, but only when the cell donors were male.",reactions,,
GVH,"However, these cells also possess marked graft-versus-host reactivity.","However, these cells also possess marked GVH reactivity.","However, these cells also possess marked graft-vs-host reactivity.",reactivity,,
HCT,PURPOSE: To determine late effects of Hematopoietic cell transplantation on health problems and health-related quality of life for 10-year survivors.,PURPOSE: To determine late effects of HCT on health problems and health-related quality of life for 10-year survivors.,PURPOSE: To determine late effects of Helical Computed Tomography on health problems and health-related quality of life for 10-year survivors.,on,,
HCT,We evaluated the outcomes of allogeneic Hematopoietic cell transplantation in 43 patients with chronic myelomonocytic leukemia.,We evaluated the outcomes of allogeneic HCT in 43 patients with chronic myelomonocytic leukemia.,We evaluated the outcomes of allogeneic Helical Computed Tomography in 43 patients with chronic myelomonocytic leukemia.,in,,
HCT,"Non-myeloablative preparative regimens have reduced regimen-related toxicities after allogeneic Hematopoietic cell transplantation, which allows for the treatment of patients not eligible for myeloablative HCT .","Non-myeloablative preparative regimens have reduced regimen-related toxicities after allogeneic HCT, which allows for the treatment of patients not eligible for myeloablative HCT .","Non-myeloablative preparative regimens have reduced regimen-related toxicities after allogeneic Helical Computed Tomography, which allows for the treatment of patients not eligible for myeloablative HCT .",which,,
HCT,"In total, 15 patients underwent allogeneic Hematopoietic cell transplantation during first CR.","In total, 15 patients underwent allogeneic HCT during first CR.","In total, 15 patients underwent allogeneic Helical Computed Tomography during first CR.",during,,
HCT,Hematopoietic cell transplantation-specific comorbidity index: a new tool for risk assessment before allogeneic HCT .,HCT-specific comorbidity index: a new tool for risk assessment before allogeneic HCT .,Helical Computed Tomography-specific comorbidity index: a new tool for risk assessment before allogeneic HCT .,comorbidity,,
HIV,human Immunodeficiency virus infection can be associated with many autoimmune disorders such as antiphospholipid antibody syndrome.,HIV infection can be associated with many autoimmune disorders such as antiphospholipid antibody syndrome.,Human Immunodeficiency Virus type 1 infection can be associated with many autoimmune disorders such as antiphospholipid antibody syndrome.,infection,,
HIV,OBJECTIVE: To evaluate the efficiency of Coleman lipostructure in patients infected with human Immunodeficiency virus and.,OBJECTIVE: To evaluate the efficiency of Coleman lipostructure in patients infected with HIV and.,OBJECTIVE: To evaluate the efficiency of Coleman lipostructure in patients infected with Human Immunodeficiency Virus type 1 and.,and,,
HIV,The emergence of drug resistance mutations in human Immunodeficiency virus has been a major setback in the treatment of infected patients.,The emergence of drug resistance mutations in HIV has been a major setback in the treatment of infected patients.,The emergence of drug resistance mutations in Human Immunodeficiency Virus type 1 has been a major setback in the treatment of infected patients.,has,,
HIV,We compared the cellular immune responses to human Immunodeficiency virus envelope protein (Env) expressed by replication-competent and single-cycle VSV vectors and also examined the antibody response to Env.,We compared the cellular immune responses to HIV envelope protein (Env) expressed by replication-competent and single-cycle VSV vectors and also examined the antibody response to Env.,We compared the cellular immune responses to Human Immunodeficiency Virus type 1 envelope protein (Env) expressed by replication-competent and single-cycle VSV vectors and also examined the antibody response to Env.,envelope,,
HIV,BACKGROUND: The anal epithelium is subject to dysplastic change in patients with human Immunodeficiency virus and.,BACKGROUND: The anal epithelium is subject to dysplastic change in patients with HIV and.,BACKGROUND: The anal epithelium is subject to dysplastic change in patients with Human Immunodeficiency Virus type 1 and.,and,,
HPV,"Among the more than one hundred formally described human papillomavirus types, 18 are referred to as high-risk HPV types due to their association with anogenital cancer.","Among the more than one hundred formally described HPV types, 18 are referred to as high-risk HPV types due to their association with anogenital cancer.","Among the more than one hundred formally described hypoxic pulmonary vasoconstriction types, 18 are referred to as high-risk HPV types due to their association with anogenital cancer.",types,,
HPV,"Recently, a subset of HNSCC has been shown to contain human papillomavirus and the presence of HPV in tumors constitutes a prognostic marker of disease.","Recently, a subset of HNSCC has been shown to contain HPV and the presence of HPV in tumors constitutes a prognostic marker of disease.","Recently, a subset of HNSCC has been shown to contain hypoxic pulmonary vasoconstriction and the presence of HPV in tumors constitutes a prognostic marker of disease.",and,,
HPV,High risk human papillomavirus infection is considered to be the most important etiological factor of Cervical Uterine Cancer.,High risk HPV infection is considered to be the most important etiological factor of Cervical Uterine Cancer.,High risk hypoxic pulmonary vasoconstriction infection is considered to be the most important etiological factor of Cervical Uterine Cancer.,infection,,
HPV,"AIN is associated with human papillomavirus infection, and HPV -associated genomic instability may play an important role in the progression of squamous intraepithelial neoplasia to cancer.","AIN is associated with HPV infection, and HPV -associated genomic instability may play an important role in the progression of squamous intraepithelial neoplasia to cancer.","AIN is associated with hypoxic pulmonary vasoconstriction infection, and HPV -associated genomic instability may play an important role in the progression of squamous intraepithelial neoplasia to cancer.",infection,,
HPV,"The extent of human papillomavirus genital shedding and type-specific diversity were evaluated in 354 consecutive women of childbearing age living in Libreville, Gabon.","The extent of HPV genital shedding and type-specific diversity were evaluated in 354 consecutive women of childbearing age living in Libreville, Gabon.","The extent of hypoxic pulmonary vasoconstriction genital shedding and type-specific diversity were evaluated in 354 consecutive women of childbearing age living in Libreville, Gabon.",genital,,
HSV,The ability to deliver genes into neurons in vitro and in vivo with herpes simplex virus amplicon vectors has made it possible to carry out exactly these sorts of experiments.,The ability to deliver genes into neurons in vitro and in vivo with HSV amplicon vectors has made it possible to carry out exactly these sorts of experiments.,The ability to deliver genes into neurons in vitro and in vivo with highly selective vagotomy amplicon vectors has made it possible to carry out exactly these sorts of experiments.,amplicon,,
HSV,"We examine biochemical characteristics of the herpes simplex virus tegument protein VP22 by gel filtration, glycerol sedimentation, and chemical cross-linking experiments and use time course radiolabeling and immunoprecipitation assays to analyze its synthesis and interaction with other infected-cell proteins.","We examine biochemical characteristics of the HSV tegument protein VP22 by gel filtration, glycerol sedimentation, and chemical cross-linking experiments and use time course radiolabeling and immunoprecipitation assays to analyze its synthesis and interaction with other infected-cell proteins.","We examine biochemical characteristics of the highly selective vagotomy tegument protein VP22 by gel filtration, glycerol sedimentation, and chemical cross-linking experiments and use time course radiolabeling and immunoprecipitation assays to analyze its synthesis and interaction with other infected-cell proteins.",tegument,,
HSV,herpes simplex virus spreads rapidly and efficiently within epithelial and neuronal tissues.,HSV spreads rapidly and efficiently within epithelial and neuronal tissues.,highly selective vagotomy spreads rapidly and efficiently within epithelial and neuronal tissues.,spreads,,
HSV,"Virion glycoproteins gB, gD, and gH/gL play essential roles for herpes simplex virus entry.","Virion glycoproteins gB, gD, and gH/gL play essential roles for HSV entry.","Virion glycoproteins gB, gD, and gH/gL play essential roles for highly selective vagotomy entry.",entry,,
HSV,"EM can be triggered by a number of factors, but the best documented is preceding infection with herpes simplex virus, the lesions resulting from a cell mediated immune reaction triggered by HSV -DNA.","EM can be triggered by a number of factors, but the best documented is preceding infection with HSV, the lesions resulting from a cell mediated immune reaction triggered by HSV -DNA.","EM can be triggered by a number of factors, but the best documented is preceding infection with highly selective vagotomy, the lesions resulting from a cell mediated immune reaction triggered by HSV -DNA.",lesions,,
ICA,"The authors report the case of a neonate with a large anterior commun ICA ting artery aneurysm, accessory left middle cerebral artery aneurysm, and left internal carotid artery fusiform aneurysm.","The authors report the case of a neonate with a large anterior commun ICA ting artery aneurysm, accessory left middle cerebral artery aneurysm, and left ICA fusiform aneurysm.","The authors report the case of a neonate with a large anterior commun ICA ting artery aneurysm, accessory left middle cerebral artery aneurysm, and left islet cell antibodies fusiform aneurysm.",fusiform,,
ICA,An 11-year-old boy developed occlusion of the left internal carotid artery following surg ICA l correction of atyp ICA l coarctation of the aorta.,An 11-year-old boy developed occlusion of the left ICA following surg ICA l correction of atyp ICA l coarctation of the aorta.,An 11-year-old boy developed occlusion of the left islet cell antibodies following surg ICA l correction of atyp ICA l coarctation of the aorta.,following,,
ICA,A 68-year-old man presented with occlusion of the internal carotid artery manifesting as a 6-month history of progressive sensory and motor disturbance of the left lower limb.,A 68-year-old man presented with occlusion of the ICA manifesting as a 6-month history of progressive sensory and motor disturbance of the left lower limb.,A 68-year-old man presented with occlusion of the islet cell antibodies manifesting as a 6-month history of progressive sensory and motor disturbance of the left lower limb.,manifesting,,
ICA,"After anticoagulant therapy was initiated, a covered stent was placed to exclude the carotid aneurysm at the level of extracranial internal carotid artery, with no immediate compl ICA tions.","After anticoagulant therapy was initiated, a covered stent was placed to exclude the carotid aneurysm at the level of extracranial ICA, with no immediate compl ICA tions.","After anticoagulant therapy was initiated, a covered stent was placed to exclude the carotid aneurysm at the level of extracranial islet cell antibodies, with no immediate compl ICA tions.",with,,
ICA,Part 2: Correction for hyperemia was derived from Lindegaards Ratio using extracranial internal carotid artery flow velocity ratio (corrected MCA-MFV/observed MCA-MFV = EC- ICA FV (day1)/observed EC- ICA FV).,Part 2: Correction for hyperemia was derived from Lindegaards Ratio using extracranial ICA flow velocity ratio (corrected MCA-MFV/observed MCA-MFV = EC- ICA FV (day1)/observed EC- ICA FV).,Part 2: Correction for hyperemia was derived from Lindegaards Ratio using extracranial islet cell antibodies flow velocity ratio (corrected MCA-MFV/observed MCA-MFV = EC- ICA FV (day1)/observed EC- ICA FV).,flow,,
ICD,"I have an implantable cardioverter defibrillator, and I've been taking fish oil supplements because I had heard of their potential heart benefits. However, I recently read they might not be safe for people with ICD s. Should I stop taking them?","I have an ICD, and I've been taking fish oil supplements because I had heard of their potential heart benefits. However, I recently read they might not be safe for people with ICD s. Should I stop taking them?","I have an international Classification of Diseases, and I've been taking fish oil supplements because I had heard of their potential heart benefits. However, I recently read they might not be safe for people with ICD s. Should I stop taking them?",and,,
ICD,"Here, we investigate if RPA could be detected during acute ischemia using an implantable cardioverter defibrillator lead (tip to distal coil) located in the right ventricular apex.","Here, we investigate if RPA could be detected during acute ischemia using an ICD lead (tip to distal coil) located in the right ventricular apex.","Here, we investigate if RPA could be detected during acute ischemia using an international Classification of Diseases lead (tip to distal coil) located in the right ventricular apex.",lead,,
ICD,"Although it is clear that the implantable cardioverter defibrillator is efficacious and should be used to prevent a recurrence of sustained ventricular arrhythmia (secondary prevention) in most patients, the guidelines for prophylactic use of ICD s (primary prevention) are less well defined.","Although it is clear that the ICD is efficacious and should be used to prevent a recurrence of sustained ventricular arrhythmia (secondary prevention) in most patients, the guidelines for prophylactic use of ICD s (primary prevention) are less well defined.","Although it is clear that the international Classification of Diseases is efficacious and should be used to prevent a recurrence of sustained ventricular arrhythmia (secondary prevention) in most patients, the guidelines for prophylactic use of ICD s (primary prevention) are less well defined.",efficacious,,
ICD,OBJECTIVE: The purpose of this study was to understand the practical knowledge gained from Internet use by implantable cardioverter defibrillator recipients through hermeneutic interpretation of narrative stories.,OBJECTIVE: The purpose of this study was to understand the practical knowledge gained from Internet use by ICD recipients through hermeneutic interpretation of narrative stories.,OBJECTIVE: The purpose of this study was to understand the practical knowledge gained from Internet use by international Classification of Diseases recipients through hermeneutic interpretation of narrative stories.,recipients,,
ICD,In the symptomatic patients often need an implantable cardioverter defibrillator because of a high incidence of recurrence.,In the symptomatic patients often need an ICD because of a high incidence of recurrence.,In the symptomatic patients often need an international Classification of Diseases because of a high incidence of recurrence.,because,,
INH,Treatment of virulent M. tuberculosis with 5microM DZ4 plus a sub INH ibitory concentration of isoniazid decreased ICL expression and the survival of M. tuberculosis in macrophages but had no obvious influence on the growth of M. tuberculosis in vitro.,Treatment of virulent M. tuberculosis with 5microM DZ4 plus a sub INH ibitory concentration of INH decreased ICL expression and the survival of M. tuberculosis in macrophages but had no obvious influence on the growth of M. tuberculosis in vitro.,Treatment of virulent M. tuberculosis with 5microM DZ4 plus a sub INH ibitory concentration of isonicotinic acid hydrazide decreased ICL expression and the survival of M. tuberculosis in macrophages but had no obvious influence on the growth of M. tuberculosis in vitro.,decreased,,
INH,Health and economic outcomes of isoniazid chemoprevention versus no intervention were compared.,Health and economic outcomes of INH chemoprevention versus no intervention were compared.,Health and economic outcomes of isonicotinic acid hydrazide chemoprevention versus no intervention were compared.,chemoprevention,,
INH,"RESULTS: As a result, the sensitivity for isoniazid was 95% on an average, ranging from 29% to 100%.","RESULTS: As a result, the sensitivity for INH was 95% on an average, ranging from 29% to 100%.","RESULTS: As a result, the sensitivity for isonicotinic acid hydrazide was 95% on an average, ranging from 29% to 100%.",was,,
INH,"Post-OR, 324 patients with a tuberculin skin test result > or =5 mm and/or chest radiograph findings suggestive of past TB were treated for 9 months with isoniazid therefore.","Post-OR, 324 patients with a tuberculin skin test result > or =5 mm and/or chest radiograph findings suggestive of past TB were treated for 9 months with INH therefore.","Post-OR, 324 patients with a tuberculin skin test result > or =5 mm and/or chest radiograph findings suggestive of past TB were treated for 9 months with isonicotinic acid hydrazide therefore.",therefore,,
INH,"The same intermediate is detected in KatG(S315T), a mutant associated with resistance to isoniazid, but with a lower yield, indicating that the organic peroxides cannot react with the heme iron in KatG(S315T) as efficiently as in wild-type KatG.","The same intermediate is detected in KatG(S315T), a mutant associated with resistance to INH, but with a lower yield, indicating that the organic peroxides cannot react with the heme iron in KatG(S315T) as efficiently as in wild-type KatG.","The same intermediate is detected in KatG(S315T), a mutant associated with resistance to isonicotinic acid hydrazide, but with a lower yield, indicating that the organic peroxides cannot react with the heme iron in KatG(S315T) as efficiently as in wild-type KatG.",but,,
ITP,PURPOSE: To identify initial laboratory findings useful for the later diagnosis of idiopathic thrombocytopenic purpura in adult patients with thrombocytopenia.,PURPOSE: To identify initial laboratory findings useful for the later diagnosis of ITP in adult patients with thrombocytopenia.,PURPOSE: To identify initial laboratory findings useful for the later diagnosis of immune thrombocytopenia in adult patients with thrombocytopenia.,in,,
ITP,Data on 90 patients (55 adults and 35 children) with chronic idiopathic thrombocytopenic purpura and a platelet count of<50 x 10(9)/L treated with dapsone at a dose of 1-2 mg/kg/d are presented.,Data on 90 patients (55 adults and 35 children) with chronic ITP and a platelet count of<50 x 10(9)/L treated with dapsone at a dose of 1-2 mg/kg/d are presented.,Data on 90 patients (55 adults and 35 children) with chronic immune thrombocytopenia and a platelet count of<50 x 10(9)/L treated with dapsone at a dose of 1-2 mg/kg/d are presented.,a,,
ITP,Clinical aspects of pregnancy and delivery in patients with chronic idiopathic thrombocytopenic purpura therefore.,Clinical aspects of pregnancy and delivery in patients with chronic ITP therefore.,Clinical aspects of pregnancy and delivery in patients with chronic immune thrombocytopenia therefore.,therefore,,
ITP,"BACKGROUND: idiopathic thrombocytopenic purpura is a condition that often develops in young women and, consequently, physicians should frequently manage and monitor pregnant patients with this disorder.","BACKGROUND: ITP is a condition that often develops in young women and, consequently, physicians should frequently manage and monitor pregnant patients with this disorder.","BACKGROUND: immune thrombocytopenia is a condition that often develops in young women and, consequently, physicians should frequently manage and monitor pregnant patients with this disorder.",is,,
ITP,Since age 21 idiopathic thrombocytopenic purpura was diagnosed and steroid therapy was continued.,Since age 21 ITP was diagnosed and steroid therapy was continued.,Since age 21 immune thrombocytopenia was diagnosed and steroid therapy was continued.,was,,
IUGR,BACKGROUND: intrauterine growth retardation is a major cause of short stature in childhood.,BACKGROUND: IUGR is a major cause of short stature in childhood.,BACKGROUND: Intrauterine growth retarded is a major cause of short stature in childhood.,is,,
IUGR,"CONCLUSION: Parvovirus B19 infection should be excluded in all cases of nonimmune fetal hydrops, severe fetal anemia, cardiomegaly, intrauterine growth retardation and chronic erythroblastopenia diagnosed in the neonatal period or early infancy.","CONCLUSION: Parvovirus B19 infection should be excluded in all cases of nonimmune fetal hydrops, severe fetal anemia, cardiomegaly, IUGR and chronic erythroblastopenia diagnosed in the neonatal period or early infancy.","CONCLUSION: Parvovirus B19 infection should be excluded in all cases of nonimmune fetal hydrops, severe fetal anemia, cardiomegaly, Intrauterine growth retarded and chronic erythroblastopenia diagnosed in the neonatal period or early infancy.",and,,
IUGR,AIM: To investigate the intestine and body development of intrauterine growth retardation rats under early different protein diet and to analyze the correlation between leptin and intestine and body development.,AIM: To investigate the intestine and body development of IUGR rats under early different protein diet and to analyze the correlation between leptin and intestine and body development.,AIM: To investigate the intestine and body development of Intrauterine growth retarded rats under early different protein diet and to analyze the correlation between leptin and intestine and body development.,rats,,
IUGR,We report the variation in birth weight among the Tibetans at different altitudes in India to test the hypothesis of greater protection from intrauterine growth retardation among Tibetan compared with other high-altitude native populations.,We report the variation in birth weight among the Tibetans at different altitudes in India to test the hypothesis of greater protection from IUGR among Tibetan compared with other high-altitude native populations.,We report the variation in birth weight among the Tibetans at different altitudes in India to test the hypothesis of greater protection from Intrauterine growth retarded among Tibetan compared with other high-altitude native populations.,Tibetan,,
IUGR,"To address this, we developed a model of intrauterine growth retardation in the rat that leads to diabetes in adulthood.","To address this, we developed a model of IUGR in the rat that leads to diabetes in adulthood.","To address this, we developed a model of Intrauterine growth retarded in the rat that leads to diabetes in adulthood.",in,,
IVC,Sarcoma of the inferior vena cava is a rare clinical entity.,Sarcoma of the IVC is a rare clinical entity.,Sarcoma of the intravenous cholangiography is a rare clinical entity.,is,,
IVC,"OBJECTIVE: The purpose of this article is to describe the appearance and causes of inferior vena cava filling defects, how such findings may be accurately characterized, and the clinical significance of IVC filling defects.","OBJECTIVE: The purpose of this article is to describe the appearance and causes of IVC filling defects, how such findings may be accurately characterized, and the clinical significance of IVC filling defects.","OBJECTIVE: The purpose of this article is to describe the appearance and causes of intravenous cholangiography filling defects, how such findings may be accurately characterized, and the clinical significance of IVC filling defects.",filling,,
IVC,METHODS: All patients who underwent preoperative insertion of inferior vena cava filters as prophylaxis for pulmonary emboli were reviewed.,METHODS: All patients who underwent preoperative insertion of IVC filters as prophylaxis for pulmonary emboli were reviewed.,METHODS: All patients who underwent preoperative insertion of intravenous cholangiography filters as prophylaxis for pulmonary emboli were reviewed.,filters,,
IVC,Surgical interruption of the inferior vena cava as a means to prevent pulmonary embolism and its consequences has been entertained since the end of the 19th century.,Surgical interruption of the IVC as a means to prevent pulmonary embolism and its consequences has been entertained since the end of the 19th century.,Surgical interruption of the intravenous cholangiography as a means to prevent pulmonary embolism and its consequences has been entertained since the end of the 19th century.,as,,
IVC,Leiomyosarcoma of the inferior vena cava is a rare lesion with less than 300 cases reported.,Leiomyosarcoma of the IVC is a rare lesion with less than 300 cases reported.,Leiomyosarcoma of the intravenous cholangiography is a rare lesion with less than 300 cases reported.,is,,
IVP,"In addition to CT, intravenous pyelography or retrograde pyelography may be required for full characterization of the injury.","In addition to CT, IVP or retrograde pyelography may be required for full characterization of the injury.","In addition to CT, vitro produced or retrograde pyelography may be required for full characterization of the injury.",or,,
IVP,intravenous pyelography is adequate if this is the only imaging modality available and if no concomitant injuries to the abdominal structure are suspected.,IVP is adequate if this is the only imaging modality available and if no concomitant injuries to the abdominal structure are suspected.,vitro produced is adequate if this is the only imaging modality available and if no concomitant injuries to the abdominal structure are suspected.,is,,
IVP,intravenous pyelography and cystoscopy excluded any association of the mass with the urinary tract.,IVP and cystoscopy excluded any association of the mass with the urinary tract.,vitro produced and cystoscopy excluded any association of the mass with the urinary tract.,and,,
IVP,"Moreover, no evidence of upper urinary tract deterioration was found by either intravenous pyelography or renal ultrasound scanning taken the year before this admission.","Moreover, no evidence of upper urinary tract deterioration was found by either IVP or renal ultrasound scanning taken the year before this admission.","Moreover, no evidence of upper urinary tract deterioration was found by either vitro produced or renal ultrasound scanning taken the year before this admission.",or,,
IVP,"In group 1, intravenous pyelography and renal scintigraphy were performed to 17 renal units preoperatively.","In group 1, IVP and renal scintigraphy were performed to 17 renal units preoperatively.","In group 1, vitro produced and renal scintigraphy were performed to 17 renal units preoperatively.",and,,
LAD,Cardiac CTA was performed and revealed a severely stenotic lesion at the proximal left anterior descending coronary artery with left ventricular ejection fraction of 53% and hypokinesia of anteroseptal and apical wall.,Cardiac CTA was performed and revealed a severely stenotic lesion at the proximal LAD with left ventricular ejection fraction of 53% and hypokinesia of anteroseptal and apical wall.,Cardiac CTA was performed and revealed a severely stenotic lesion at the proximal Leukocyte adhesion deficiency with left ventricular ejection fraction of 53% and hypokinesia of anteroseptal and apical wall.,with,,
LAD,Patients with anatomical LVA by echocardiography were identified and those who presented to the ED with ischemic symptoms and STE of at least 1 mm in 2 consecutive leads and ruled out for acute left anterior descending coronary artery occlusion were selected.,Patients with anatomical LVA by echocardiography were identified and those who presented to the ED with ischemic symptoms and STE of at least 1 mm in 2 consecutive leads and ruled out for acute LAD occlusion were selected.,Patients with anatomical LVA by echocardiography were identified and those who presented to the ED with ischemic symptoms and STE of at least 1 mm in 2 consecutive leads and ruled out for acute Leukocyte adhesion deficiency occlusion were selected.,occlusion,,
LAD,We selected 60 consecutive patients who underwent successful left anterior descending coronary artery stenting.,We selected 60 consecutive patients who underwent successful LAD stenting.,We selected 60 consecutive patients who underwent successful Leukocyte adhesion deficiency stenting.,stenting,,
LAD,"METHODS: In open-chest dogs, the left anterior descending coronary artery was perfused through an extracorporeal bypass from the carotid artery.","METHODS: In open-chest dogs, the LAD was perfused through an extracorporeal bypass from the carotid artery.","METHODS: In open-chest dogs, the Leukocyte adhesion deficiency was perfused through an extracorporeal bypass from the carotid artery.",was,,
LAD,(group H) at 15 min before left anterior descending coronary artery occlusion.,(group H) at 15 min before LAD occlusion.,(group H) at 15 min before Leukocyte adhesion deficiency occlusion.,occlusion,,
LDL,"In addition to reducing serum total and low-density lipoprotein cholesterol (p<0.0001), statin treatment was associated with a significant reduction in mean serum zinc (9%, p = 0.03), copper (9%, p<0.01), caeruloplasmin (24%, p<0.05), and median CRP (45%, p<0.03).","In addition to reducing serum total and LDL cholesterol (p<0.0001), statin treatment was associated with a significant reduction in mean serum zinc (9%, p = 0.03), copper (9%, p<0.01), caeruloplasmin (24%, p<0.05), and median CRP (45%, p<0.03).","In addition to reducing serum total and loudness discomfort level cholesterol (p<0.0001), statin treatment was associated with a significant reduction in mean serum zinc (9%, p = 0.03), copper (9%, p<0.01), caeruloplasmin (24%, p<0.05), and median CRP (45%, p<0.03).",cholesterol,,
LDL,OBJECT: Reactive species of oxygen and nitrogen mediate the oxidative modification of low-density lipoprotein therefore.,OBJECT: Reactive species of oxygen and nitrogen mediate the oxidative modification of LDL therefore.,OBJECT: Reactive species of oxygen and nitrogen mediate the oxidative modification of loudness discomfort level therefore.,therefore,,
LDL,"Elevated time-averaged WSSG was found at the same region, where the elevated low-density lipoprotein permeability was observed as reported in the literature.","Elevated time-averaged WSSG was found at the same region, where the elevated LDL permeability was observed as reported in the literature.","Elevated time-averaged WSSG was found at the same region, where the elevated loudness discomfort level permeability was observed as reported in the literature.",permeability,,
LDL,Total and low-density lipoprotein cholesterol levels are usually normal if glycemic control is adequate but LDL particles are small and dense.,Total and LDL cholesterol levels are usually normal if glycemic control is adequate but LDL particles are small and dense.,Total and loudness discomfort level cholesterol levels are usually normal if glycemic control is adequate but LDL particles are small and dense.,cholesterol,,
LDL,CONTEXT: Serum total and low-density lipoprotein cholesterol contribute significantly to atherosclerosis and its clinical sequelae.,CONTEXT: Serum total and LDL cholesterol contribute significantly to atherosclerosis and its clinical sequelae.,CONTEXT: Serum total and loudness discomfort level cholesterol contribute significantly to atherosclerosis and its clinical sequelae.,cholesterol,,
LMP,"Both the infected HSC-39 cells and the clones expressed EBNA1 and EBER, but did not express EBNA2, latent membrane protein 1 and LMP 2A.","Both the infected HSC-39 cells and the clones expressed EBNA1 and EBER, but did not express EBNA2, LMP 1 and LMP 2A.","Both the infected HSC-39 cells and the clones expressed EBNA1 and EBER, but did not express EBNA2, low malignant potential 1 and LMP 2A.",LMP,,
LMP,"The Epstein-Barr virus latent membrane protein 1 is a versatile protein that has profound effects on target cells through its effect on constitutive cellular proteins, e.g.","The Epstein-Barr virus LMP 1 is a versatile protein that has profound effects on target cells through its effect on constitutive cellular proteins, e.g.","The Epstein-Barr virus low malignant potential 1 is a versatile protein that has profound effects on target cells through its effect on constitutive cellular proteins, e.g.",is,,
LMP,"In the two cases of polymorphic and the one case of monomorphic PTLD, the presence of EBV was visualised by immunohistochemical staining of some transformed lymphoid cells for latent membrane protein of EBV therefore.","In the two cases of polymorphic and the one case of monomorphic PTLD, the presence of EBV was visualised by immunohistochemical staining of some transformed lymphoid cells for LMP of EBV therefore.","In the two cases of polymorphic and the one case of monomorphic PTLD, the presence of EBV was visualised by immunohistochemical staining of some transformed lymphoid cells for low malignant potential of EBV therefore.",therefore,,
LMP,"EBNA2 and latent membrane protein 1 mRNAs were not detected in all cases, while LMP 2A mRNA was detected in 2 cases.","EBNA2 and LMP 1 mRNAs were not detected in all cases, while LMP 2A mRNA was detected in 2 cases.","EBNA2 and low malignant potential 1 mRNAs were not detected in all cases, while LMP 2A mRNA was detected in 2 cases.",mRNAs,,
LMP,"Infected NK-cell-specific CTLp frequencies of the patients were at undetectable levels despite their expression of latent membrane protein 1, suggesting mechanisms to escape immunologic surveillance.","Infected NK-cell-specific CTLp frequencies of the patients were at undetectable levels despite their expression of LMP 1, suggesting mechanisms to escape immunologic surveillance.","Infected NK-cell-specific CTLp frequencies of the patients were at undetectable levels despite their expression of low malignant potential 1, suggesting mechanisms to escape immunologic surveillance.",suggesting,,
MAI,We present a case of Mycobacterium avium-intracellulare infection of the ankle joint in a patient with HIV infection.,We present a case of MAI infection of the ankle joint in a patient with HIV infection.,We present a case of mitotic activity index infection of the ankle joint in a patient with HIV infection.,infection,,
MAI,Mycobacterium avium-intracellulare rarely causes disease of the spine in healthy individuals.,MAI rarely causes disease of the spine in healthy individuals.,mitotic activity index rarely causes disease of the spine in healthy individuals.,rarely,,
MAI,"Renal, cardiac, and splenic pathologies, Mycobacterium avium-intracellulare infection, and cachexia were more common in blacks than in whites and/or Hispanic individuals, and cytomegalovirus and systemic lymphoma were more common in whites and Hispanic individuals than in blacks.","Renal, cardiac, and splenic pathologies, MAI infection, and cachexia were more common in blacks than in whites and/or Hispanic individuals, and cytomegalovirus and systemic lymphoma were more common in whites and Hispanic individuals than in blacks.","Renal, cardiac, and splenic pathologies, mitotic activity index infection, and cachexia were more common in blacks than in whites and/or Hispanic individuals, and cytomegalovirus and systemic lymphoma were more common in whites and Hispanic individuals than in blacks.",infection,,
MAI,Culture later revealed Mycobacterium avium-intracellulare and.,Culture later revealed MAI and.,Culture later revealed mitotic activity index and.,and,,
MAI,HIV/AIDS case histories: diagnostic problems. Mycobacterium avium-intracellulare infection.,HIV/AIDS case histories: diagnostic problems. MAI infection.,HIV/AIDS case histories: diagnostic problems. mitotic activity index infection.,infection,,
MCA,"Patients experiencing malignant stroke of the middle cerebral artery have a high mortality related to cerebral edema, increased ICP, and subsequent cerebral herniation.","Patients experiencing malignant stroke of the MCA have a high mortality related to cerebral edema, increased ICP, and subsequent cerebral herniation.","Patients experiencing malignant stroke of the monoclonal antibodies have a high mortality related to cerebral edema, increased ICP, and subsequent cerebral herniation.",have,,
MCA,Carotid angiography demonstrated occlusion of the left ascending frontal artery complex and retention of contrast medium at the bifurcation of the left middle cerebral artery therefore.,Carotid angiography demonstrated occlusion of the left ascending frontal artery complex and retention of contrast medium at the bifurcation of the left MCA therefore.,Carotid angiography demonstrated occlusion of the left ascending frontal artery complex and retention of contrast medium at the bifurcation of the left monoclonal antibodies therefore.,therefore,,
MCA,"In the current study the authors report on a patient who presented with the acute onset of headache, vomiting, a depressed level of consciousness, and a left hemiparesis and in whom a right middle cerebral artery territory ischemic stroke with hemorrhagic conversion was initially diagnosed.","In the current study the authors report on a patient who presented with the acute onset of headache, vomiting, a depressed level of consciousness, and a left hemiparesis and in whom a right MCA territory ischemic stroke with hemorrhagic conversion was initially diagnosed.","In the current study the authors report on a patient who presented with the acute onset of headache, vomiting, a depressed level of consciousness, and a left hemiparesis and in whom a right monoclonal antibodies territory ischemic stroke with hemorrhagic conversion was initially diagnosed.",territory,,
MCA,METHODS: Ischemic brain injury was induced in rats by injecting a preformed blood clot in the middle cerebral artery and.,METHODS: Ischemic brain injury was induced in rats by injecting a preformed blood clot in the MCA and.,METHODS: Ischemic brain injury was induced in rats by injecting a preformed blood clot in the monoclonal antibodies and.,and,,
MCA,"Six days after capsule implantation, the right middle cerebral artery was occluded.","Six days after capsule implantation, the right MCA was occluded.","Six days after capsule implantation, the right monoclonal antibodies was occluded.",was,,
MCH,Transgenic hyperexpression of Melanin-concentrating hormone produces a phenotype of obesity and glucose intolerance.,Transgenic hyperexpression of MCH produces a phenotype of obesity and glucose intolerance.,Transgenic hyperexpression of Maternal and Child Health produces a phenotype of obesity and glucose intolerance.,produces,,
MCH,"Melanin-concentrating hormone regulates energy homeostasis and has been implicated in other behaviors that impact alcohol consumption (i.e., anxiety, fluid balance, and reward).","MCH regulates energy homeostasis and has been implicated in other behaviors that impact alcohol consumption (i.e., anxiety, fluid balance, and reward).","Maternal and Child Health regulates energy homeostasis and has been implicated in other behaviors that impact alcohol consumption (i.e., anxiety, fluid balance, and reward).",regulates,,
MCH,The orexigenic peptides hypocretin (orexin) and Melanin-concentrating hormone are involved in the control of food intake and in other homeostatic functions including sleep and arousal.,The orexigenic peptides hypocretin (orexin) and MCH are involved in the control of food intake and in other homeostatic functions including sleep and arousal.,The orexigenic peptides hypocretin (orexin) and Maternal and Child Health are involved in the control of food intake and in other homeostatic functions including sleep and arousal.,are,,
MCH,OBJECTIVE: The importance of the Melanin-concentrating hormone system for regulation of energy homeostasis and body weight has been demonstrated in rodents.,OBJECTIVE: The importance of the MCH system for regulation of energy homeostasis and body weight has been demonstrated in rodents.,OBJECTIVE: The importance of the Maternal and Child Health system for regulation of energy homeostasis and body weight has been demonstrated in rodents.,system,,
MCH,In order to investigate the physiological properties of the Melanin-concentrating hormone we have generated and used mice from which the MCH receptor 1 gene was deleted ( MCH R1(Neo/Neo) mice).,In order to investigate the physiological properties of the MCH we have generated and used mice from which the MCH receptor 1 gene was deleted ( MCH R1(Neo/Neo) mice).,In order to investigate the physiological properties of the Maternal and Child Health we have generated and used mice from which the MCH receptor 1 gene was deleted ( MCH R1(Neo/Neo) mice).,we,,
MCV,mean corpuscular volume decreased from 94.3+/-7.3 fl to 86.0+/-4.8 fl (p<0.05).,MCV decreased from 94.3+/-7.3 fl to 86.0+/-4.8 fl (p<0.05).,molluscum contagiosum virus decreased from 94.3+/-7.3 fl to 86.0+/-4.8 fl (p<0.05).,decreased,,
MCV,"Blood samples were analyzed for hemoglobin (Hb), hematocrit (Hct) and mean corpuscular volume at 9 - 12 months; and infants with Hb<11.0 g/dl were further investigated for the cause of anemia.","Blood samples were analyzed for hemoglobin (Hb), hematocrit (Hct) and MCV at 9 - 12 months; and infants with Hb<11.0 g/dl were further investigated for the cause of anemia.","Blood samples were analyzed for hemoglobin (Hb), hematocrit (Hct) and molluscum contagiosum virus at 9 - 12 months; and infants with Hb<11.0 g/dl were further investigated for the cause of anemia.",at,,
MCV,"AIM: To evaluate the sensitivity, specificity, positive predictive value and negative predictive value of mean corpuscular volume testing for screening for both alpha-thalassemia-1 and beta-thalassemia traits.","AIM: To evaluate the sensitivity, specificity, positive predictive value and negative predictive value of MCV testing for screening for both alpha-thalassemia-1 and beta-thalassemia traits.","AIM: To evaluate the sensitivity, specificity, positive predictive value and negative predictive value of molluscum contagiosum virus testing for screening for both alpha-thalassemia-1 and beta-thalassemia traits.",testing,,
MCV,Increased mean corpuscular volume has been recognized as a biomarker for alcohol abuse and heavy drinkers.,Increased MCV has been recognized as a biomarker for alcohol abuse and heavy drinkers.,Increased molluscum contagiosum virus has been recognized as a biomarker for alcohol abuse and heavy drinkers.,has,,
MCV,The aim of this study was to investigate the relationship between mean corpuscular volume and the various haemoglobinopathies diagnosed in Norway.,The aim of this study was to investigate the relationship between MCV and the various haemoglobinopathies diagnosed in Norway.,The aim of this study was to investigate the relationship between molluscum contagiosum virus and the various haemoglobinopathies diagnosed in Norway.,and,,
MDI,"Beta-2 agonists can be delivered by intermittent nebulization, continuous nebulization or by metered dose inhaler with a spacer They can also be given intravenously in patients who are unresponsive to escalating therapy.","Beta-2 agonists can be delivered by intermittent nebulization, continuous nebulization or by MDI with a spacer They can also be given intravenously in patients who are unresponsive to escalating therapy.","Beta-2 agonists can be delivered by intermittent nebulization, continuous nebulization or by Mental Development Index with a spacer They can also be given intravenously in patients who are unresponsive to escalating therapy.",with,,
MDI,Patients received salmeterol/fluticasone 50/500 microg metered dose inhaler bid for 12 weeks.,Patients received salmeterol/fluticasone 50/500 microg MDI bid for 12 weeks.,Patients received salmeterol/fluticasone 50/500 microg Mental Development Index bid for 12 weeks.,bid,,
MDI,METHODS: A metered dose inhaler formulation of celecoxib was prepared and evaluated for its medication delivery and aerodynamic properties.,METHODS: A MDI formulation of celecoxib was prepared and evaluated for its medication delivery and aerodynamic properties.,METHODS: A Mental Development Index formulation of celecoxib was prepared and evaluated for its medication delivery and aerodynamic properties.,formulation,,
MDI,Development and performance of a new hydrofluoroalkane (HFA 134a)-based metered dose inhaler of salmeterol.,Development and performance of a new hydrofluoroalkane (HFA 134a)-based MDI of salmeterol.,Development and performance of a new hydrofluoroalkane (HFA 134a)-based Mental Development Index of salmeterol.,salmeterol,,
MDI,OBJECTIVES: This study investigated the ability of patients to assess when a metered dose inhaler is empty.,OBJECTIVES: This study investigated the ability of patients to assess when a MDI is empty.,OBJECTIVES: This study investigated the ability of patients to assess when a Mental Development Index is empty.,is,,
MDS,"After thorough investigation, decitabine achieved therapeutic application in myelodysplastic syndrome, in particular in patients with a poor prognosis.","After thorough investigation, decitabine achieved therapeutic application in MDS, in particular in patients with a poor prognosis.","After thorough investigation, decitabine achieved therapeutic application in minimum data set, in particular in patients with a poor prognosis.",particular,,
MDS,PURPOSE: Erythroid apoptosis in low-risk myelodysplastic syndrome maybe mediated via mitochondrial release of cytochrome c and subsequent caspase activation.,PURPOSE: Erythroid apoptosis in low-risk MDS maybe mediated via mitochondrial release of cytochrome c and subsequent caspase activation.,PURPOSE: Erythroid apoptosis in low-risk minimum data set maybe mediated via mitochondrial release of cytochrome c and subsequent caspase activation.,maybe,,
MDS,"myelodysplastic syndrome is a heterogenous group of stem cell disorders usually characterized by progressive refractory cytopenias, which could progress to acute myeloid leukemia.","MDS is a heterogenous group of stem cell disorders usually characterized by progressive refractory cytopenias, which could progress to acute myeloid leukemia.","minimum data set is a heterogenous group of stem cell disorders usually characterized by progressive refractory cytopenias, which could progress to acute myeloid leukemia.",is,,
MDS,OBJECTIVE: To study the histomorphometric features of megakaryocytic elements in bone marrow trephine biopsies of various subtypes of myelodysplastic syndrome and.,OBJECTIVE: To study the histomorphometric features of megakaryocytic elements in bone marrow trephine biopsies of various subtypes of MDS and.,OBJECTIVE: To study the histomorphometric features of megakaryocytic elements in bone marrow trephine biopsies of various subtypes of minimum data set and.,and,,
MDS,"myelodysplastic syndrome is a group of clonal hematopoietic stem cell disorders characterized by ineffective hematopoiesis, leading to bone marrow failure and peripheral blood cytopenias.","MDS is a group of clonal hematopoietic stem cell disorders characterized by ineffective hematopoiesis, leading to bone marrow failure and peripheral blood cytopenias.","minimum data set is a group of clonal hematopoietic stem cell disorders characterized by ineffective hematopoiesis, leading to bone marrow failure and peripheral blood cytopenias.",is,,
MMF,"Recent studies have suggested some benefit with Mycophenolate mofetil, especially in hypertensive patients with kidney failure and proteinuria, though other studies have failed to corroborate these findings.","Recent studies have suggested some benefit with MMF, especially in hypertensive patients with kidney failure and proteinuria, though other studies have failed to corroborate these findings.","Recent studies have suggested some benefit with maxillomandibular fixation, especially in hypertensive patients with kidney failure and proteinuria, though other studies have failed to corroborate these findings.",especially,,
MMF,"OBJECTIVE: The prophylactic use of the immunosuppressant prodrug, Mycophenolate mofetil to prevent graft rejection in renal transplant patients is continuing to increase.","OBJECTIVE: The prophylactic use of the immunosuppressant prodrug, MMF to prevent graft rejection in renal transplant patients is continuing to increase.","OBJECTIVE: The prophylactic use of the immunosuppressant prodrug, maxillomandibular fixation to prevent graft rejection in renal transplant patients is continuing to increase.",to,,
MMF,"Markers of bone turnover, serum osteocalcin and urinary N-telopeptides, were measured over a 1-year period in 115 patients receiving either CsA or sirolimus as a primary therapy in combination with azathioprine and glucocorticoids (study A) or Mycophenolate mofetil and glucocorticoids (study B).","Markers of bone turnover, serum osteocalcin and urinary N-telopeptides, were measured over a 1-year period in 115 patients receiving either CsA or sirolimus as a primary therapy in combination with azathioprine and glucocorticoids (study A) or MMF and glucocorticoids (study B).","Markers of bone turnover, serum osteocalcin and urinary N-telopeptides, were measured over a 1-year period in 115 patients receiving either CsA or sirolimus as a primary therapy in combination with azathioprine and glucocorticoids (study A) or maxillomandibular fixation and glucocorticoids (study B).",B,,
MMF,"BACKGROUND: This is the 1-year report of a randomized, multicenter, clinical trial comparing the combination of sirolimus or Mycophenolate mofetil with tacrolimus-based immunosuppression in kidney transplantation.","BACKGROUND: This is the 1-year report of a randomized, multicenter, clinical trial comparing the combination of sirolimus or MMF with tacrolimus-based immunosuppression in kidney transplantation.","BACKGROUND: This is the 1-year report of a randomized, multicenter, clinical trial comparing the combination of sirolimus or maxillomandibular fixation with tacrolimus-based immunosuppression in kidney transplantation.",with,,
MMF,"BACKGROUND: This 36-month, randomized, parallel-group study compared safety and efficacy of two doses of everolimus with Mycophenolate mofetil in de novo renal-transplant recipients.","BACKGROUND: This 36-month, randomized, parallel-group study compared safety and efficacy of two doses of everolimus with MMF in de novo renal-transplant recipients.","BACKGROUND: This 36-month, randomized, parallel-group study compared safety and efficacy of two doses of everolimus with maxillomandibular fixation in de novo renal-transplant recipients.",in,,
MRA,"PATIENTS AND METHODS: magnetic resonance angiography was used to assess the diameter of the ascending aorta, aortic arch, and descending aorta in 28 patients with bicuspid aortic valves (mean age 30 +/- 9 years).","PATIENTS AND METHODS: MRA was used to assess the diameter of the ascending aorta, aortic arch, and descending aorta in 28 patients with bicuspid aortic valves (mean age 30 +/- 9 years).","PATIENTS AND METHODS: MR angiography was used to assess the diameter of the ascending aorta, aortic arch, and descending aorta in 28 patients with bicuspid aortic valves (mean age 30 +/- 9 years).",was,,
MRA,"Herein, we present and illustrate a method whereby regional curvatures can be estimated easily for sub-classes of human aneurysms based on clinically available data from magnetic resonance angiography therefore.","Herein, we present and illustrate a method whereby regional curvatures can be estimated easily for sub-classes of human aneurysms based on clinically available data from MRA therefore.","Herein, we present and illustrate a method whereby regional curvatures can be estimated easily for sub-classes of human aneurysms based on clinically available data from MR angiography therefore.",therefore,,
MRA,"magnetic resonance angiography showed a contained rupture of his distal abdominal aorta, and he underwent emergent endovascular repair.","MRA showed a contained rupture of his distal abdominal aorta, and he underwent emergent endovascular repair.","MR angiography showed a contained rupture of his distal abdominal aorta, and he underwent emergent endovascular repair.",showed,,
MRA,magnetic resonance angiography and mesenteric angiography were inconclusive.,MRA and mesenteric angiography were inconclusive.,MR angiography and mesenteric angiography were inconclusive.,and,,
MRA,AIM: The purpose of the work was to assess the diagnostic significance of combined bolus magnetic resonance angiography and two-dimensional time-of-flight MRA of lower limb arteries as compared to radioangiography in patients with occlusive diseases of lower limb arteries.,AIM: The purpose of the work was to assess the diagnostic significance of combined bolus MRA and two-dimensional time-of-flight MRA of lower limb arteries as compared to radioangiography in patients with occlusive diseases of lower limb arteries.,AIM: The purpose of the work was to assess the diagnostic significance of combined bolus MR angiography and two-dimensional time-of-flight MRA of lower limb arteries as compared to radioangiography in patients with occlusive diseases of lower limb arteries.,and,,
MRCP,The aim of this study was to evaluate Magnetic resonance cholangiopancreatography in detecting choledocholithiasis in this group of patients.,The aim of this study was to evaluate MRCP in detecting choledocholithiasis in this group of patients.,The aim of this study was to evaluate MR cholangiopancreatography in detecting choledocholithiasis in this group of patients.,in,,
MRCP,PURPOSE: To assess image quality and duct morphology on Magnetic resonance cholangiopancreatography and also the value of additional T2- and T1-weighted sequences for differentiation of benignity and malignancy in patients with suspected pancreatic tumors.,PURPOSE: To assess image quality and duct morphology on MRCP and also the value of additional T2- and T1-weighted sequences for differentiation of benignity and malignancy in patients with suspected pancreatic tumors.,PURPOSE: To assess image quality and duct morphology on MR cholangiopancreatography and also the value of additional T2- and T1-weighted sequences for differentiation of benignity and malignancy in patients with suspected pancreatic tumors.,also,,
MRCP,"Magnetic resonance cholangiopancreatography was performed and revealed areas of irregularity and slight attenuation of the right and left hepatic ducts, representing stricturing, in keeping with PSC.","MRCP was performed and revealed areas of irregularity and slight attenuation of the right and left hepatic ducts, representing stricturing, in keeping with PSC.","MR cholangiopancreatography was performed and revealed areas of irregularity and slight attenuation of the right and left hepatic ducts, representing stricturing, in keeping with PSC.",was,,
MRCP,To compare the results achieved during the first two years of use (1999-2000) of Magnetic resonance cholangiopancreatography in patients with suspected choledocholithiasis with those achieved during the following two years (2001-2002) in order to establish the repeatability and objectivity of MRCP results.,To compare the results achieved during the first two years of use (1999-2000) of MRCP in patients with suspected choledocholithiasis with those achieved during the following two years (2001-2002) in order to establish the repeatability and objectivity of MRCP results.,To compare the results achieved during the first two years of use (1999-2000) of MR cholangiopancreatography in patients with suspected choledocholithiasis with those achieved during the following two years (2001-2002) in order to establish the repeatability and objectivity of MRCP results.,in,,
MRCP,Magnetic resonance cholangiopancreatography demonstrated obstruction of the midportion of the bile duct.,MRCP demonstrated obstruction of the midportion of the bile duct.,MR cholangiopancreatography demonstrated obstruction of the midportion of the bile duct.,demonstrated,,
MRSA,PURPOSE: To describe bilateral blindness resulting from infection with community-acquired Methicillin-resistant Staphylococcus aureus and.,PURPOSE: To describe bilateral blindness resulting from infection with community-acquired MRSA and.,PURPOSE: To describe bilateral blindness resulting from infection with community-acquired methicillin-resistant and.,and,,
MRSA,"Since first described In 1961, Methicillin-resistant Staphylococcus aureus has become a common nosocomial pathogen.","Since first described In 1961, MRSA has become a common nosocomial pathogen.","Since first described In 1961, methicillin-resistant has become a common nosocomial pathogen.",has,,
MRSA,"Arbekacin, an aminoglycoside antibiotic, is the drug of choice for the treatment of infection caused by Methicillin-resistant Staphylococcus aureus and.","Arbekacin, an aminoglycoside antibiotic, is the drug of choice for the treatment of infection caused by MRSA and.","Arbekacin, an aminoglycoside antibiotic, is the drug of choice for the treatment of infection caused by methicillin-resistant and.",and,,
MRSA,The effect of increasing prevalence of Methicillin-resistant Staphylococcus aureus on attainment of bactericidal targets was tested.,The effect of increasing prevalence of MRSA on attainment of bactericidal targets was tested.,The effect of increasing prevalence of methicillin-resistant on attainment of bactericidal targets was tested.,on,,
MRSA,"Methicillin-resistant Staphylococcus aureus was isolated from 6.8% (7/102) of ICU patient's files, whereas only 1.1% (1/89) of patient's files in surgical wards were contaminated with MRSA (OR, 6.484; 95% CI: 3.215-13.463; P<.0001).","MRSA was isolated from 6.8% (7/102) of ICU patient's files, whereas only 1.1% (1/89) of patient's files in surgical wards were contaminated with MRSA (OR, 6.484; 95% CI: 3.215-13.463; P<.0001).","methicillin-resistant was isolated from 6.8% (7/102) of ICU patient's files, whereas only 1.1% (1/89) of patient's files in surgical wards were contaminated with MRSA (OR, 6.484; 95% CI: 3.215-13.463; P<.0001).",was,,
MTP,microsomal triglyceride transfer protein is a carrier of triglyceride essential for the assembly of apolipoprotein (apo)B-containing lipoproteins by the liver and the small intestine.,MTP is a carrier of triglyceride essential for the assembly of apolipoprotein (apo)B-containing lipoproteins by the liver and the small intestine.,mitochondrial transmembrane potential is a carrier of triglyceride essential for the assembly of apolipoprotein (apo)B-containing lipoproteins by the liver and the small intestine.,is,,
MTP,microsomal triglyceride transfer protein is necessary for hepatocyte assembly and secretion of apolipoprotein (apo)B100-containing lipoproteins.,MTP is necessary for hepatocyte assembly and secretion of apolipoprotein (apo)B100-containing lipoproteins.,mitochondrial transmembrane potential is necessary for hepatocyte assembly and secretion of apolipoprotein (apo)B100-containing lipoproteins.,is,,
MTP,No association between microsomal triglyceride transfer protein haplotype and longevity in humans.,No association between MTP haplotype and longevity in humans.,No association between mitochondrial transmembrane potential haplotype and longevity in humans.,haplotype,,
MTP,"However, it is now clear that microsomal triglyceride transfer protein exists in species whose last common ancestor diverged over 550 million years ago.","However, it is now clear that MTP exists in species whose last common ancestor diverged over 550 million years ago.","However, it is now clear that mitochondrial transmembrane potential exists in species whose last common ancestor diverged over 550 million years ago.",exists,,
MTP,"The microsomal triglyceride transfer protein, along with its partner, protein disulphide isomerase, performs a wide range of lipid transport functions necessary for maintenance of whole-body lipid homeostasis.","The MTP, along with its partner, protein disulphide isomerase, performs a wide range of lipid transport functions necessary for maintenance of whole-body lipid homeostasis.","The mitochondrial transmembrane potential, along with its partner, protein disulphide isomerase, performs a wide range of lipid transport functions necessary for maintenance of whole-body lipid homeostasis.",along,,
MVA,The mean calculated mitral valve area increased from 0.72 0.14 to 1.7 0.35 cm(2) (P 0.0001).,The mean calculated MVA increased from 0.72 0.14 to 1.7 0.35 cm(2) (P 0.0001).,The mean calculated Modified vaccinia virus Ankara increased from 0.72 0.14 to 1.7 0.35 cm(2) (P 0.0001).,increased,,
MVA,"RESULTS: After BMV, the mitral valve area increased from 1.0 +/- 0.2 cm2 to 1.6 +/- 0.4 cm2 after SC compared with 1.0 +/- 0.3 cm2 to 1.8 +/- 0.4 cm2 without SC.","RESULTS: After BMV, the MVA increased from 1.0 +/- 0.2 cm2 to 1.6 +/- 0.4 cm2 after SC compared with 1.0 +/- 0.3 cm2 to 1.8 +/- 0.4 cm2 without SC.","RESULTS: After BMV, the Modified vaccinia virus Ankara increased from 1.0 +/- 0.2 cm2 to 1.6 +/- 0.4 cm2 after SC compared with 1.0 +/- 0.3 cm2 to 1.8 +/- 0.4 cm2 without SC.",increased,,
MVA,Enrolled patients had a Wilkins echocardiographic score mitral valve area of 0.94+/-0.19 cm(2).,Enrolled patients had a Wilkins echocardiographic score MVA of 0.94+/-0.19 cm(2).,Enrolled patients had a Wilkins echocardiographic score Modified vaccinia virus Ankara of 0.94+/-0.19 cm(2).,of,,
MVA,"The mitral valve area at pre-PTMC, post-PTMC and pre-MVR was 1.02+/-0.48 cm2, 1.55+/-0.59 cm2, 1.04+/-0.23 cm2, respectively.","The MVA at pre-PTMC, post-PTMC and pre-MVR was 1.02+/-0.48 cm2, 1.55+/-0.59 cm2, 1.04+/-0.23 cm2, respectively.","The Modified vaccinia virus Ankara at pre-PTMC, post-PTMC and pre-MVR was 1.02+/-0.48 cm2, 1.55+/-0.59 cm2, 1.04+/-0.23 cm2, respectively.",at,,
MVA,OBJECTIVES: Our aim was to assess which echo-Doppler method has the best agreement with the mitral valve area invasively evaluated by the Gorlin's formula.,OBJECTIVES: Our aim was to assess which echo-Doppler method has the best agreement with the MVA invasively evaluated by the Gorlin's formula.,OBJECTIVES: Our aim was to assess which echo-Doppler method has the best agreement with the Modified vaccinia virus Ankara invasively evaluated by the Gorlin's formula.,invasively,,
NOS,Pravastatin activates platelet nitric oxide synthase in patients with type 2 diabetes mellitus and NOS activation is accompanied by serine phosphorylation.,Pravastatin activates platelet NOS in patients with type 2 diabetes mellitus and NOS activation is accompanied by serine phosphorylation.,Pravastatin activates platelet not otherwise specified in patients with type 2 diabetes mellitus and NOS activation is accompanied by serine phosphorylation.,in,,
NOS,"All compounds were injected i.p., nitric oxide synthase inhibitors, alpha-helical CRH antagonist and vasopressin receptor antagonist 15 min before IL-1beta or nicotine.","All compounds were injected i.p., NOS inhibitors, alpha-helical CRH antagonist and vasopressin receptor antagonist 15 min before IL-1beta or nicotine.","All compounds were injected i.p., not otherwise specified inhibitors, alpha-helical CRH antagonist and vasopressin receptor antagonist 15 min before IL-1beta or nicotine.",inhibitors,,
NOS,"L-NAME (2 mg/kg), a general nitric oxide synthase inhibitor, considerably reduced the ACTH and corticosterone response to IL-1beta (0.5 microg/rat) the same extent in control and crowded rats.","L-NAME (2 mg/kg), a general NOS inhibitor, considerably reduced the ACTH and corticosterone response to IL-1beta (0.5 microg/rat) the same extent in control and crowded rats.","L-NAME (2 mg/kg), a general not otherwise specified inhibitor, considerably reduced the ACTH and corticosterone response to IL-1beta (0.5 microg/rat) the same extent in control and crowded rats.",inhibitor,,
NOS,"nitric oxide synthase is amongst a family of evolutionarily conserved enzymes, involved in a multi-turnover process that results in NO as a product.","NOS is amongst a family of evolutionarily conserved enzymes, involved in a multi-turnover process that results in NO as a product.","not otherwise specified is amongst a family of evolutionarily conserved enzymes, involved in a multi-turnover process that results in NO as a product.",is,,
NOS,"Myenteric neurons were isolated and cultured for 6 days in medium, in LPS (100 ng/ml) with or without alpha-ketoglutarate or the nitric oxide synthase inhibitor L-NAME, in alpha-ketoglutarate or in the NO donor SNAP.","Myenteric neurons were isolated and cultured for 6 days in medium, in LPS (100 ng/ml) with or without alpha-ketoglutarate or the NOS inhibitor L-NAME, in alpha-ketoglutarate or in the NO donor SNAP.","Myenteric neurons were isolated and cultured for 6 days in medium, in LPS (100 ng/ml) with or without alpha-ketoglutarate or the not otherwise specified inhibitor L-NAME, in alpha-ketoglutarate or in the NO donor SNAP.",inhibitor,,
NPH,"In the present case study, the effects of methylphenidate on cognitive and behavioural function were examined in a single patient with idiopathic normal pressure hydrocephalus who had undergone ventriculoperitoneal shunting.","In the present case study, the effects of methylphenidate on cognitive and behavioural function were examined in a single patient with idiopathic NPH who had undergone ventriculoperitoneal shunting.","In the present case study, the effects of methylphenidate on cognitive and behavioural function were examined in a single patient with idiopathic neutral protamine Hagedorn who had undergone ventriculoperitoneal shunting.",who,,
NPH,Resistance to the outflow of cerebrospinal fluid (R(out)) and the slope of the amplitude pressure regression line (AMP/P) were calculated in 62 patients diagnosed with posttraumatic normal pressure hydrocephalus therefore.,Resistance to the outflow of cerebrospinal fluid (R(out)) and the slope of the amplitude pressure regression line (AMP/P) were calculated in 62 patients diagnosed with posttraumatic NPH therefore.,Resistance to the outflow of cerebrospinal fluid (R(out)) and the slope of the amplitude pressure regression line (AMP/P) were calculated in 62 patients diagnosed with posttraumatic neutral protamine Hagedorn therefore.,therefore,,
NPH,"We addressed this issue by determining the cellular composition of lumbar CSF from patients with normal pressure hydrocephalus who were undergoing lumbar CSF drainage during evaluation for shunting procedures, and evaluating ventricular CSF from a subset of these who underwent subsequent placement of ventriculoperitoneal shunts.","We addressed this issue by determining the cellular composition of lumbar CSF from patients with NPH who were undergoing lumbar CSF drainage during evaluation for shunting procedures, and evaluating ventricular CSF from a subset of these who underwent subsequent placement of ventriculoperitoneal shunts.","We addressed this issue by determining the cellular composition of lumbar CSF from patients with neutral protamine Hagedorn who were undergoing lumbar CSF drainage during evaluation for shunting procedures, and evaluating ventricular CSF from a subset of these who underwent subsequent placement of ventriculoperitoneal shunts.",who,,
NPH,"normal pressure hydrocephalus or, more precisely, chronic adult hydrocephalus, is a complex condition.","NPH or, more precisely, chronic adult hydrocephalus, is a complex condition.","neutral protamine Hagedorn or, more precisely, chronic adult hydrocephalus, is a complex condition.",or,,
NPH,normal pressure hydrocephalus is considered to be an example of reversible dementia although the clinical improvement after shunting varies from subject to subject.,NPH is considered to be an example of reversible dementia although the clinical improvement after shunting varies from subject to subject.,neutral protamine Hagedorn is considered to be an example of reversible dementia although the clinical improvement after shunting varies from subject to subject.,is,,
NST,"Previous studies have shown a modulatory influence of limbic forebrain areas, such as the central nucleus of the amygdala and lateral hypothalamus, on the activity of taste-responsive cells in the nucleus of the solitary tract therefore.","Previous studies have shown a modulatory influence of limbic forebrain areas, such as the central nucleus of the amygdala and lateral hypothalamus, on the activity of taste-responsive cells in the NST therefore.","Previous studies have shown a modulatory influence of limbic forebrain areas, such as the central nucleus of the amygdala and lateral hypothalamus, on the activity of taste-responsive cells in the nonstress test therefore.",therefore,,
NST,The nucleus of the solitary tract processes substantial visceral afferent input and sends divergent projections to a wide array of CNS targets.,The NST processes substantial visceral afferent input and sends divergent projections to a wide array of CNS targets.,The nonstress test processes substantial visceral afferent input and sends divergent projections to a wide array of CNS targets.,processes,,
NST,Taste-evoked neural responses in the nucleus of the solitary tract are subject to both excitatory and inhibitory modulation by physiological conditions that influence ingestion.,Taste-evoked neural responses in the NST are subject to both excitatory and inhibitory modulation by physiological conditions that influence ingestion.,Taste-evoked neural responses in the nonstress test are subject to both excitatory and inhibitory modulation by physiological conditions that influence ingestion.,are,,
NST,Reco NST ructions indicated that inferior salivatory neurons extend in a rostral-caudal distribution just adjacent to the medial border of the nucleus of the solitary tract and.,Reco NST ructions indicated that inferior salivatory neurons extend in a rostral-caudal distribution just adjacent to the medial border of the NST and.,Reco NST ructions indicated that inferior salivatory neurons extend in a rostral-caudal distribution just adjacent to the medial border of the nonstress test and.,and,,
NST,"Behavioral, autonomic, and endocrine outputs of the CNS are subject to important feedback modulation by viscerosensory signals that are conveyed initially to the hindbrain nucleus of the solitary tract therefore.","Behavioral, autonomic, and endocrine outputs of the CNS are subject to important feedback modulation by viscerosensory signals that are conveyed initially to the hindbrain NST therefore.","Behavioral, autonomic, and endocrine outputs of the CNS are subject to important feedback modulation by viscerosensory signals that are conveyed initially to the hindbrain nonstress test therefore.",therefore,,
NTD,"neural tube defects, with a birth incidence of approximately 1/1000 in American Caucasians, are the second most common type of birth defect after congenital heart defects.","NTD, with a birth incidence of approximately 1/1000 in American Caucasians, are the second most common type of birth defect after congenital heart defects.","N-terminal domain, with a birth incidence of approximately 1/1000 in American Caucasians, are the second most common type of birth defect after congenital heart defects.",with,,
NTD,"We have shown that neural tube defects in a mouse model of diabetic embryopathy are associated with deficient expression of Pax3, a gene required for neural tube closure.","We have shown that NTD in a mouse model of diabetic embryopathy are associated with deficient expression of Pax3, a gene required for neural tube closure.","We have shown that N-terminal domain in a mouse model of diabetic embryopathy are associated with deficient expression of Pax3, a gene required for neural tube closure.",in,,
NTD,Daily consumption of 400 microg folic acid prior to conception and during early pregnancy is recommended for the prevention of neural tube defects therefore.,Daily consumption of 400 microg folic acid prior to conception and during early pregnancy is recommended for the prevention of NTD therefore.,Daily consumption of 400 microg folic acid prior to conception and during early pregnancy is recommended for the prevention of N-terminal domain therefore.,therefore,,
NTD,"Each year, more than 4500 pregnancies in the European Union are affected by neural tube defects and.","Each year, more than 4500 pregnancies in the European Union are affected by NTD and.","Each year, more than 4500 pregnancies in the European Union are affected by N-terminal domain and.",and,,
NTD,"Research from the author's laboratory has shown that expression of Pax3, a gene required for neural tube closure, is significantly reduced by maternal diabetes, and this is associated with significantly increased neural tube defects therefore.","Research from the author's laboratory has shown that expression of Pax3, a gene required for neural tube closure, is significantly reduced by maternal diabetes, and this is associated with significantly increased NTD therefore.","Research from the author's laboratory has shown that expression of Pax3, a gene required for neural tube closure, is significantly reduced by maternal diabetes, and this is associated with significantly increased N-terminal domain therefore.",therefore,,
OCD,"Individuals with obsessive-compulsive disorder display frontal lobe deficits, but there are inconsistencies between various tests of frontal lobe functions and between the results from different studies.","Individuals with OCD display frontal lobe deficits, but there are inconsistencies between various tests of frontal lobe functions and between the results from different studies.","Individuals with Osteochondritis dissecans display frontal lobe deficits, but there are inconsistencies between various tests of frontal lobe functions and between the results from different studies.",display,,
OCD,"Selective 5-HT2C agonists might become innovative drugs for the treatment of depression, panic, obsessive-compulsive disorder, some forms of aggression and eating disorders.","Selective 5-HT2C agonists might become innovative drugs for the treatment of depression, panic, OCD, some forms of aggression and eating disorders.","Selective 5-HT2C agonists might become innovative drugs for the treatment of depression, panic, Osteochondritis dissecans, some forms of aggression and eating disorders.",some,,
OCD,"Most participants met criteria for at least one subthreshold condition, including obsessive-compulsive disorder, psychosis, mania or hypomania, and generalized anxiety.","Most participants met criteria for at least one subthreshold condition, including OCD, psychosis, mania or hypomania, and generalized anxiety.","Most participants met criteria for at least one subthreshold condition, including Osteochondritis dissecans, psychosis, mania or hypomania, and generalized anxiety.",psychosis,,
OCD,OBJECTIVE: The purpose of this study was to assess the mode of inheritance for obsessive-compulsive disorder in families ascertained through pediatric probands.,OBJECTIVE: The purpose of this study was to assess the mode of inheritance for OCD in families ascertained through pediatric probands.,OBJECTIVE: The purpose of this study was to assess the mode of inheritance for Osteochondritis dissecans in families ascertained through pediatric probands.,in,,
OCD,H. Szechtman and E. Woody (2004) proposed that obsessive-compulsive disorder is caused by a malfunctioning brain security motivation system.,H. Szechtman and E. Woody (2004) proposed that OCD is caused by a malfunctioning brain security motivation system.,H. Szechtman and E. Woody (2004) proposed that Osteochondritis dissecans is caused by a malfunctioning brain security motivation system.,is,,
OTC,"INTRODUCTION: over-the-counter medications are frequently used during the initial phase of illness, and increases in their sales might serve as an early indicator of communitywide disease outbreaks.","INTRODUCTION: OTC medications are frequently used during the initial phase of illness, and increases in their sales might serve as an early indicator of communitywide disease outbreaks.","INTRODUCTION: ornithine transcarbamylase medications are frequently used during the initial phase of illness, and increases in their sales might serve as an early indicator of communitywide disease outbreaks.",medications,,
OTC,"Self-management of psychiatric symptoms using over-the-counter psychopharmacology: the S-DTM therapeutic model--Self-diagnosis, self-treatment, self-monitoring.","Self-management of psychiatric symptoms using OTC psychopharmacology: the S-DTM therapeutic model--Self-diagnosis, self-treatment, self-monitoring.","Self-management of psychiatric symptoms using ornithine transcarbamylase psychopharmacology: the S-DTM therapeutic model--Self-diagnosis, self-treatment, self-monitoring.",psychopharmacology,,
OTC,"If facing higher copayments for prescription AR drugs, many patients, particularly lower income patients, may choose cheaper over-the-counter FGAs rather than SGAs.","If facing higher copayments for prescription AR drugs, many patients, particularly lower income patients, may choose cheaper OTC FGAs rather than SGAs.","If facing higher copayments for prescription AR drugs, many patients, particularly lower income patients, may choose cheaper ornithine transcarbamylase FGAs rather than SGAs.",FGAs,,
OTC,Since then the number of indications for nonprescription hydrocortisone use has increased and clobetasone has also become available as an over-the-counter medicine.,Since then the number of indications for nonprescription hydrocortisone use has increased and clobetasone has also become available as an OTC medicine.,Since then the number of indications for nonprescription hydrocortisone use has increased and clobetasone has also become available as an ornithine transcarbamylase medicine.,medicine,,
OTC,"Evidenced-based smoking cessation guidelines, the cost and efficacy of prescription and over-the-counter pharmacological aids, and essential counseling tips for parents are reviewed.","Evidenced-based smoking cessation guidelines, the cost and efficacy of prescription and OTC pharmacological aids, and essential counseling tips for parents are reviewed.","Evidenced-based smoking cessation guidelines, the cost and efficacy of prescription and ornithine transcarbamylase pharmacological aids, and essential counseling tips for parents are reviewed.",pharmacological,,
PAC,"Although the pulmonary artery catheter is not recommended during routine therapy of patients hospitalized with HF, it is reasonable to consider the use of PAC monitoring to adjust therapy in patients who demonstrate recurrent or refractory symptoms despite ongoing standard therapy adjusted according to clinical assessment.","Although the PAC is not recommended during routine therapy of patients hospitalized with HF, it is reasonable to consider the use of PAC monitoring to adjust therapy in patients who demonstrate recurrent or refractory symptoms despite ongoing standard therapy adjusted according to clinical assessment.","Although the powdered activated carbon is not recommended during routine therapy of patients hospitalized with HF, it is reasonable to consider the use of PAC monitoring to adjust therapy in patients who demonstrate recurrent or refractory symptoms despite ongoing standard therapy adjusted according to clinical assessment.",is,,
PAC,The pulmonary artery catheter is frequently used to gauge the adequacy of resuscitation and guide therapy based on ventricular filling pressures.,The PAC is frequently used to gauge the adequacy of resuscitation and guide therapy based on ventricular filling pressures.,The powdered activated carbon is frequently used to gauge the adequacy of resuscitation and guide therapy based on ventricular filling pressures.,is,,
PAC,"BACKGROUND: Over the past 30 years the pulmonary artery catheter has become a widely used haemodynamic monitoring device in the management of critically ill patients, though doubts exist about its safety.","BACKGROUND: Over the past 30 years the PAC has become a widely used haemodynamic monitoring device in the management of critically ill patients, though doubts exist about its safety.","BACKGROUND: Over the past 30 years the powdered activated carbon has become a widely used haemodynamic monitoring device in the management of critically ill patients, though doubts exist about its safety.",has,,
PAC,"The pulmonary artery catheter may be helpful in determining the etiology of shock, lactic acidosis, pulmonary edema, oliguric renal failure, pulmonary hypertension, and a number of cardiac abnormalities.","The PAC may be helpful in determining the etiology of shock, lactic acidosis, pulmonary edema, oliguric renal failure, pulmonary hypertension, and a number of cardiac abnormalities.","The powdered activated carbon may be helpful in determining the etiology of shock, lactic acidosis, pulmonary edema, oliguric renal failure, pulmonary hypertension, and a number of cardiac abnormalities.",may,,
PAC,"However, although hemodynamic data from the pulmonary artery catheter is widely used diagnostically and therapeutically in the care of critically ill patients, the use of the catheter has not been shown to provide outcomes benefit.","However, although hemodynamic data from the PAC is widely used diagnostically and therapeutically in the care of critically ill patients, the use of the catheter has not been shown to provide outcomes benefit.","However, although hemodynamic data from the powdered activated carbon is widely used diagnostically and therapeutically in the care of critically ill patients, the use of the catheter has not been shown to provide outcomes benefit.",is,,
PCA,principal component analysis is extensively used in computer vision and image processing.,PCA is extensively used in computer vision and image processing.,patient-controlled analgesia is extensively used in computer vision and image processing.,is,,
PCA,"Finally, principal component analysis was applied to the preprocessed chromatograms or diagnostic ratios to study the fate of the oil.","Finally, PCA was applied to the preprocessed chromatograms or diagnostic ratios to study the fate of the oil.","Finally, patient-controlled analgesia was applied to the preprocessed chromatograms or diagnostic ratios to study the fate of the oil.",was,,
PCA,An approach was proposed to develop two-dimensional fingerprint (2D fingerprint) by means of principal component analysis of high-performance liquid chromatography with diode array detection (HPLC/DAD) data.,An approach was proposed to develop two-dimensional fingerprint (2D fingerprint) by means of PCA of high-performance liquid chromatography with diode array detection (HPLC/DAD) data.,An approach was proposed to develop two-dimensional fingerprint (2D fingerprint) by means of patient-controlled analgesia of high-performance liquid chromatography with diode array detection (HPLC/DAD) data.,high,,
PCA,"This technique was applied to various experimental scenarios utilizing different imaging environments, and the results were compared with those for the traditional principal component analysis preprocessing.","This technique was applied to various experimental scenarios utilizing different imaging environments, and the results were compared with those for the traditional PCA preprocessing.","This technique was applied to various experimental scenarios utilizing different imaging environments, and the results were compared with those for the traditional patient-controlled analgesia preprocessing.",preprocessing,,
PCA,"Four column characterization protocols, using differing test probes, have been used to characterize 18 of these phases together with 17 alkyl phases (some of which contained novel polar endcapping, i.e. amino), which have been evaluated using principal component analysis and.","Four column characterization protocols, using differing test probes, have been used to characterize 18 of these phases together with 17 alkyl phases (some of which contained novel polar endcapping, i.e. amino), which have been evaluated using PCA and.","Four column characterization protocols, using differing test probes, have been used to characterize 18 of these phases together with 17 alkyl phases (some of which contained novel polar endcapping, i.e. amino), which have been evaluated using patient-controlled analgesia and.",and,,
PCI,The technique of percutaneous coronary intervention has improved considerably over the last decades.,The technique of PCI has improved considerably over the last decades.,The technique of prophylactic cranial irradiation has improved considerably over the last decades.,has,,
PCI,Little is known about the influence of stenting versus balloon angioplasty on long-term outcomes (particularly mortality) after primary percutaneous coronary intervention and.,Little is known about the influence of stenting versus balloon angioplasty on long-term outcomes (particularly mortality) after primary PCI and.,Little is known about the influence of stenting versus balloon angioplasty on long-term outcomes (particularly mortality) after primary prophylactic cranial irradiation and.,and,,
PCI,Release of cardiac enzymes has been reported in patients with stable angina who undergo elective percutaneous coronary intervention and has been associated with adverse clinical outcomes.,Release of cardiac enzymes has been reported in patients with stable angina who undergo elective PCI and has been associated with adverse clinical outcomes.,Release of cardiac enzymes has been reported in patients with stable angina who undergo elective prophylactic cranial irradiation and has been associated with adverse clinical outcomes.,and,,
PCI,"To assess the changes in electrical stability markers in patients with previous myocardial infarction after very late reopening of the infarct-related artery, we studied QT dispersion, corrected-QT dispersion, and late potentials before and 1, 3, and 6 months after an attempt at late percutaneous coronary intervention in 31 consecutive patients with single-vessel disease (infarct-related artery occlusion or subocclusion) diagnosed > or = 4 weeks after the ST-elevation myocardial infarction.","To assess the changes in electrical stability markers in patients with previous myocardial infarction after very late reopening of the infarct-related artery, we studied QT dispersion, corrected-QT dispersion, and late potentials before and 1, 3, and 6 months after an attempt at late PCI in 31 consecutive patients with single-vessel disease (infarct-related artery occlusion or subocclusion) diagnosed > or = 4 weeks after the ST-elevation myocardial infarction.","To assess the changes in electrical stability markers in patients with previous myocardial infarction after very late reopening of the infarct-related artery, we studied QT dispersion, corrected-QT dispersion, and late potentials before and 1, 3, and 6 months after an attempt at late prophylactic cranial irradiation in 31 consecutive patients with single-vessel disease (infarct-related artery occlusion or subocclusion) diagnosed > or = 4 weeks after the ST-elevation myocardial infarction.",consecutive,,
PCI,This study assessed the safety and efficacy of early discharge after percutaneous coronary intervention using 5Fr guiding catheters with a femoral approach in 100 patients undergoing elective coronary stenting.,This study assessed the safety and efficacy of early discharge after PCI using 5Fr guiding catheters with a femoral approach in 100 patients undergoing elective coronary stenting.,This study assessed the safety and efficacy of early discharge after prophylactic cranial irradiation using 5Fr guiding catheters with a femoral approach in 100 patients undergoing elective coronary stenting.,using,,
PCR,Serum hepatitis B virus DNA was determined by polymerase chain reaction method in chronic hepatitis B patients.,Serum hepatitis B virus DNA was determined by PCR method in chronic hepatitis B patients.,Serum hepatitis B virus DNA was determined by protein catabolic rate method in chronic hepatitis B patients.,method,,
PCR,"As the polymerase chain reaction is the most sensitive technique for documenting viral respiratory infections, the PCR method was performed on the throat swab samples of asthmatic children with and without wheezing to investigate the presence of the adenovirus genome in the upper respiratory tract.","As the PCR is the most sensitive technique for documenting viral respiratory infections, the PCR method was performed on the throat swab samples of asthmatic children with and without wheezing to investigate the presence of the adenovirus genome in the upper respiratory tract.","As the protein catabolic rate is the most sensitive technique for documenting viral respiratory infections, the PCR method was performed on the throat swab samples of asthmatic children with and without wheezing to investigate the presence of the adenovirus genome in the upper respiratory tract.",is,,
PCR,Detection of hMPV RNA by polymerase chain reaction is the only established routine diagnostic method.,Detection of hMPV RNA by PCR is the only established routine diagnostic method.,Detection of hMPV RNA by protein catabolic rate is the only established routine diagnostic method.,is,,
PCR,polymerase chain reaction for cagA and cagE (both located in the right half of cag) and virB11 (located in the left half of cag) was performed.,PCR for cagA and cagE (both located in the right half of cag) and virB11 (located in the left half of cag) was performed.,protein catabolic rate for cagA and cagE (both located in the right half of cag) and virB11 (located in the left half of cag) was performed.,for,,
PCR,For the first time the stages of viral infection development were elucidated under the conditions of prolonged clinostating and the presence of the WSMV was detected in wheat plants on the 18th day after inoculation employing the method of polymerase chain reaction therefore.,For the first time the stages of viral infection development were elucidated under the conditions of prolonged clinostating and the presence of the WSMV was detected in wheat plants on the 18th day after inoculation employing the method of PCR therefore.,For the first time the stages of viral infection development were elucidated under the conditions of prolonged clinostating and the presence of the WSMV was detected in wheat plants on the 18th day after inoculation employing the method of protein catabolic rate therefore.,therefore,,
PDA,The prevalence of patent ductus arteriosus was lower in the group of infants that received poractant (17%) compared to the group that received beractant (45%) (p=0.02).,The prevalence of PDA was lower in the group of infants that received poractant (17%) compared to the group that received beractant (45%) (p=0.02).,The prevalence of Personal Digital Assistant was lower in the group of infants that received poractant (17%) compared to the group that received beractant (45%) (p=0.02).,was,,
PDA,Left to right shunting patent ductus arteriosus is the most common canine congenital heart defect.,Left to right shunting PDA is the most common canine congenital heart defect.,Left to right shunting Personal Digital Assistant is the most common canine congenital heart defect.,is,,
PDA,The authors presented three cases of patent ductus arteriosus diagnosed in adulthood as an solated defect in patients without clinical signs using echocardiography and MSCT.,The authors presented three cases of PDA diagnosed in adulthood as an solated defect in patients without clinical signs using echocardiography and MSCT.,The authors presented three cases of Personal Digital Assistant diagnosed in adulthood as an solated defect in patients without clinical signs using echocardiography and MSCT.,diagnosed,,
PDA,OBJECTIVE: To re-evaluate the accuracy of standard echocardiographic markers of patent ductus arteriosus using LVO/SVC flow ratio.,OBJECTIVE: To re-evaluate the accuracy of standard echocardiographic markers of PDA using LVO/SVC flow ratio.,OBJECTIVE: To re-evaluate the accuracy of standard echocardiographic markers of Personal Digital Assistant using LVO/SVC flow ratio.,using,,
PDA,Two infants developed hoarseness unexpectedly the day after transcatheter coil closure of a slender patent ductus arteriosus and.,Two infants developed hoarseness unexpectedly the day after transcatheter coil closure of a slender PDA and.,Two infants developed hoarseness unexpectedly the day after transcatheter coil closure of a slender Personal Digital Assistant and.,and,,
PEG,The expression efficiency of our method using CA microbeads is 2-10 times higher than that of the polyethylene glycol method and.,The expression efficiency of our method using CA microbeads is 2-10 times higher than that of the PEG method and.,The expression efficiency of our method using CA microbeads is 2-10 times higher than that of the percutaneous endoscopic gastrostomy method and.,and,,
PEG,"In the presence of polyethylene glycol, budding cells of Saccharomyces cerevisiae in the early log phase were transformed by exogenous plasmid DNA without additional specific chemical or physical treatments.","In the presence of PEG, budding cells of Saccharomyces cerevisiae in the early log phase were transformed by exogenous plasmid DNA without additional specific chemical or physical treatments.","In the presence of percutaneous endoscopic gastrostomy, budding cells of Saccharomyces cerevisiae in the early log phase were transformed by exogenous plasmid DNA without additional specific chemical or physical treatments.",budding,,
PEG,The effects of peptides and polyethylene glycol on the immobilization of protease using glutaraldehyde-activated Lewatit R258-K resin were investigated.,The effects of peptides and PEG on the immobilization of protease using glutaraldehyde-activated Lewatit R258-K resin were investigated.,The effects of peptides and percutaneous endoscopic gastrostomy on the immobilization of protease using glutaraldehyde-activated Lewatit R258-K resin were investigated.,on,,
PEG,"The protoplasts of two strains of Micromonospora which were sensitive to kanamycin (KM(s)) and utilized raffinose (Raf+), and one strain of Streptomyces griseus which was resistant to KM (KM(r)) and did not utilize raffinose (Raf-), were prepared, mixed in the presence of polyethylene glycol and incubated on regeneration agar plates.","The protoplasts of two strains of Micromonospora which were sensitive to kanamycin (KM(s)) and utilized raffinose (Raf+), and one strain of Streptomyces griseus which was resistant to KM (KM(r)) and did not utilize raffinose (Raf-), were prepared, mixed in the presence of PEG and incubated on regeneration agar plates.","The protoplasts of two strains of Micromonospora which were sensitive to kanamycin (KM(s)) and utilized raffinose (Raf+), and one strain of Streptomyces griseus which was resistant to KM (KM(r)) and did not utilize raffinose (Raf-), were prepared, mixed in the presence of percutaneous endoscopic gastrostomy and incubated on regeneration agar plates.",incubated,,
PEG,Bioactive polyurethaneurea modified with polyethylene glycol and the endothelial cell-adhesive peptide YIGSR was synthesized and fabricated into microporous scaffolds.,Bioactive polyurethaneurea modified with PEG and the endothelial cell-adhesive peptide YIGSR was synthesized and fabricated into microporous scaffolds.,Bioactive polyurethaneurea modified with percutaneous endoscopic gastrostomy and the endothelial cell-adhesive peptide YIGSR was synthesized and fabricated into microporous scaffolds.,and,,
PET,We used Positron emission tomography with [18F]fluoromisonidazole ([18F]FMISO) to study tumor hypoxia in six dogs with spontaneous sarcomas.,We used PET with [18F]fluoromisonidazole ([18F]FMISO) to study tumor hypoxia in six dogs with spontaneous sarcomas.,We used Peritoneal Equilibration Test with [18F]fluoromisonidazole ([18F]FMISO) to study tumor hypoxia in six dogs with spontaneous sarcomas.,with,,
PET,Positron emission tomography with [18F]-FDG is now firmly established as a clinical tool in oncology.,PET with [18F]-FDG is now firmly established as a clinical tool in oncology.,Peritoneal Equilibration Test with [18F]-FDG is now firmly established as a clinical tool in oncology.,with,,
PET,"PURPOSE: In order to improve the objective localization of bilateral cortical abnormalities in Positron emission tomography image volumes, we developed a new three-dimensional image processing technique.","PURPOSE: In order to improve the objective localization of bilateral cortical abnormalities in PET image volumes, we developed a new three-dimensional image processing technique.","PURPOSE: In order to improve the objective localization of bilateral cortical abnormalities in Peritoneal Equilibration Test image volumes, we developed a new three-dimensional image processing technique.",image,,
PET,"Positron emission tomography facilitates the evaluation of molecular aspects and metabolic alterations that are fundamental in detecting of malignancies, characterization of tumor stage and assessment of therapeutical response, and tumor recurrence.","PET facilitates the evaluation of molecular aspects and metabolic alterations that are fundamental in detecting of malignancies, characterization of tumor stage and assessment of therapeutical response, and tumor recurrence.","Peritoneal Equilibration Test facilitates the evaluation of molecular aspects and metabolic alterations that are fundamental in detecting of malignancies, characterization of tumor stage and assessment of therapeutical response, and tumor recurrence.",facilitates,,
PET,"METHODS: Using H2(15)O Positron emission tomography, imaging was carried out in 20 healthy young adults (age 19 to 28 years; four epsilon4 carriers and 16 non-epsilon4 carriers) during a non-verbal memory task.","METHODS: Using H2(15)O PET, imaging was carried out in 20 healthy young adults (age 19 to 28 years; four epsilon4 carriers and 16 non-epsilon4 carriers) during a non-verbal memory task.","METHODS: Using H2(15)O Peritoneal Equilibration Test, imaging was carried out in 20 healthy young adults (age 19 to 28 years; four epsilon4 carriers and 16 non-epsilon4 carriers) during a non-verbal memory task.",imaging,,
PFO,"Transesophegeal echocardiogram revealed a patent foramen ovale, and Doppler ultrasound revealed a thrombus in the low right jugular vein.","Transesophegeal echocardiogram revealed a PFO, and Doppler ultrasound revealed a thrombus in the low right jugular vein.","Transesophegeal echocardiogram revealed a perfringolysin O, and Doppler ultrasound revealed a thrombus in the low right jugular vein.",and,,
PFO,Percutaneous transcatheter closure has been proposed as an alternative to surgical closure or long-term anticoagulation in patients with presumed paradoxical embolism and patent foramen ovale therefore.,Percutaneous transcatheter closure has been proposed as an alternative to surgical closure or long-term anticoagulation in patients with presumed paradoxical embolism and PFO therefore.,Percutaneous transcatheter closure has been proposed as an alternative to surgical closure or long-term anticoagulation in patients with presumed paradoxical embolism and perfringolysin O therefore.,therefore,,
PFO,OBJECTIVE: Purpose was to assess the stroke mechanism in patients with patent foramen ovale and.,OBJECTIVE: Purpose was to assess the stroke mechanism in patients with PFO and.,OBJECTIVE: Purpose was to assess the stroke mechanism in patients with perfringolysin O and.,and,,
PFO,Cerebral infarction and patent foramen ovale in the elderly: is PFO the culprit or not?,Cerebral infarction and PFO in the elderly: is PFO the culprit or not?,Cerebral infarction and perfringolysin O in the elderly: is PFO the culprit or not?,in,,
PFO,"Although a patent foramen ovale is often found in younger patients with transient ischemic attacks or stroke, paradoxical embolization through PFO is rarely considered as a cause of acute limb ischemia.","Although a PFO is often found in younger patients with transient ischemic attacks or stroke, paradoxical embolization through PFO is rarely considered as a cause of acute limb ischemia.","Although a perfringolysin O is often found in younger patients with transient ischemic attacks or stroke, paradoxical embolization through PFO is rarely considered as a cause of acute limb ischemia.",is,,
PIC,"A subset of 70 markers (37 from EST databases and 33 from repeat enriched libraries) was characterized with respect to polymorphism information content, number of alleles, repeat number, locus duplication within the genome and ability to amplify in other salmonid species.","A subset of 70 markers (37 from EST databases and 33 from repeat enriched libraries) was characterized with respect to PIC, number of alleles, repeat number, locus duplication within the genome and ability to amplify in other salmonid species.","A subset of 70 markers (37 from EST databases and 33 from repeat enriched libraries) was characterized with respect to phosphoinositidase C, number of alleles, repeat number, locus duplication within the genome and ability to amplify in other salmonid species.",number,,
PIC,"Average polymorphism information content value was 0.529, ranging from 0.03 to 0.877.","Average PIC value was 0.529, ranging from 0.03 to 0.877.","Average phosphoinositidase C value was 0.529, ranging from 0.03 to 0.877.",value,,
PIC,The polymorphism information content of 28 loci ranged from 0.04 to 0.88 with an average of 0.42.,The PIC of 28 loci ranged from 0.04 to 0.88 with an average of 0.42.,The phosphoinositidase C of 28 loci ranged from 0.04 to 0.88 with an average of 0.42.,of,,
PIC,DArT markers displayed fairly high polymorphism information content values and revealed genetic relationships among the samples consistent with the information available on these samples.,DArT markers displayed fairly high PIC values and revealed genetic relationships among the samples consistent with the information available on these samples.,DArT markers displayed fairly high phosphoinositidase C values and revealed genetic relationships among the samples consistent with the information available on these samples.,values,,
PIC,"polymorphism information content calculated for each marker exceeded 0.5, except for the ETH3 locus in Hereford cattle ( PIC =0.475), and heterozygosity (H) ranged from 54.1% to as much as 85.2%.","PIC calculated for each marker exceeded 0.5, except for the ETH3 locus in Hereford cattle ( PIC =0.475), and heterozygosity (H) ranged from 54.1% to as much as 85.2%.","phosphoinositidase C calculated for each marker exceeded 0.5, except for the ETH3 locus in Hereford cattle ( PIC =0.475), and heterozygosity (H) ranged from 54.1% to as much as 85.2%.",calculated,,
PID,"OBJECTIVE: Among all women with pelvic inflammatory disease, prevention of adverse reproductive consequences appears to be similarly achieved by outpatient treatment and inpatient treatment.","OBJECTIVE: Among all women with PID, prevention of adverse reproductive consequences appears to be similarly achieved by outpatient treatment and inpatient treatment.","OBJECTIVE: Among all women with postinoculation day, prevention of adverse reproductive consequences appears to be similarly achieved by outpatient treatment and inpatient treatment.",prevention,,
PID,"OBJECTIVES: To determine trends in hospital admission rates for pelvic inflammatory disease, ectopic pregnancy, and e PID idymo-orchitis in New South Wales.","OBJECTIVES: To determine trends in hospital admission rates for PID, ectopic pregnancy, and e PID idymo-orchitis in New South Wales.","OBJECTIVES: To determine trends in hospital admission rates for postinoculation day, ectopic pregnancy, and e PID idymo-orchitis in New South Wales.",ectopic,,
PID,pelvic inflammatory disease is a polymicrobial infection typically occurring in sexually active females.,PID is a polymicrobial infection typically occurring in sexually active females.,postinoculation day is a polymicrobial infection typically occurring in sexually active females.,is,,
PID,"The diagnosis of pelvic inflammatory disease is at times difficult because of the vague symptoms and signs, but is crucial because even mild PID can have future reproductive consequences.","The diagnosis of PID is at times difficult because of the vague symptoms and signs, but is crucial because even mild PID can have future reproductive consequences.","The diagnosis of postinoculation day is at times difficult because of the vague symptoms and signs, but is crucial because even mild PID can have future reproductive consequences.",is,,
PID,RESULTS: Screening women between 15 and 29 years of age using urine-based NAATs prevented 1247 cases of pelvic inflammatory disease and saved 177 US dollars per patient compared with no screening.,RESULTS: Screening women between 15 and 29 years of age using urine-based NAATs prevented 1247 cases of PID and saved 177 US dollars per patient compared with no screening.,RESULTS: Screening women between 15 and 29 years of age using urine-based NAATs prevented 1247 cases of postinoculation day and saved 177 US dollars per patient compared with no screening.,saved,,
PIH,OBJECTIVE: The aim of this study is to evaluate whether pregnancy-induced hypertension among nondiabetic patients is associated with glucose intolerance.,OBJECTIVE: The aim of this study is to evaluate whether PIH among nondiabetic patients is associated with glucose intolerance.,OBJECTIVE: The aim of this study is to evaluate whether pyridoxal isonicotinoyl hydrazone among nondiabetic patients is associated with glucose intolerance.,among,,
PIH,Elevated pregestational BMI is an independent risk factor for development of pregnancy-induced hypertension and.,Elevated pregestational BMI is an independent risk factor for development of PIH and.,Elevated pregestational BMI is an independent risk factor for development of pyridoxal isonicotinoyl hydrazone and.,and,,
PIH,"In patients with DE-IVF, 26% had pregnancy-induced hypertension develop, whereas this occurred in only 8% of the STD-IVF group ( P = .02).","In patients with DE-IVF, 26% had PIH develop, whereas this occurred in only 8% of the STD-IVF group ( P = .02).","In patients with DE-IVF, 26% had pyridoxal isonicotinoyl hydrazone develop, whereas this occurred in only 8% of the STD-IVF group ( P = .02).",develop,,
PIH,OBJECTIVE: The objective of the present study was to evaluate the cardiovascular risk profile and the prevalence of metabolic syndrome among women with a history of pregnancy-induced hypertension therefore.,OBJECTIVE: The objective of the present study was to evaluate the cardiovascular risk profile and the prevalence of metabolic syndrome among women with a history of PIH therefore.,OBJECTIVE: The objective of the present study was to evaluate the cardiovascular risk profile and the prevalence of metabolic syndrome among women with a history of pyridoxal isonicotinoyl hydrazone therefore.,therefore,,
PIH,BACKGROUND: No previous studies have examined the effect of pregnancy-induced hypertension on early infant growth.,BACKGROUND: No previous studies have examined the effect of PIH on early infant growth.,BACKGROUND: No previous studies have examined the effect of pyridoxal isonicotinoyl hydrazone on early infant growth.,on,,
PIP,"INDICATIONS: Closed, open, and remote injuries of the extensor mechanism at the proximal interphalangeal joint with corresponding loss of function.","INDICATIONS: Closed, open, and remote injuries of the extensor mechanism at the PIP joint with corresponding loss of function.","INDICATIONS: Closed, open, and remote injuries of the extensor mechanism at the peak inspiratory pressure joint with corresponding loss of function.",joint,,
PIP,PURPOSE: The purpose of this study was to quantify the stiffness of the human finger proximal interphalangeal joint and to study its relationship to different common clinical parameters.,PURPOSE: The purpose of this study was to quantify the stiffness of the human finger PIP joint and to study its relationship to different common clinical parameters.,PURPOSE: The purpose of this study was to quantify the stiffness of the human finger peak inspiratory pressure joint and to study its relationship to different common clinical parameters.,joint,,
PIP,"The long-term results of finger joint replacement, particularly the proximal interphalangeal joint, have mostly been disappointing according to a review of the international literature and our own experiences.","The long-term results of finger joint replacement, particularly the PIP joint, have mostly been disappointing according to a review of the international literature and our own experiences.","The long-term results of finger joint replacement, particularly the peak inspiratory pressure joint, have mostly been disappointing according to a review of the international literature and our own experiences.",have,,
PIP,"For proximal interphalangeal joint arthrodesis constructs loaded in 3-point bending, no significant effect of treatment, side, or end on maximal bending moment or stiffness was detected.","For PIP joint arthrodesis constructs loaded in 3-point bending, no significant effect of treatment, side, or end on maximal bending moment or stiffness was detected.","For peak inspiratory pressure joint arthrodesis constructs loaded in 3-point bending, no significant effect of treatment, side, or end on maximal bending moment or stiffness was detected.",joint,,
PIP,BACKGROUND: The main bony procedures used in the treatment of second hammertoe are excisional arthroplasty and arthrodesis of the proximal interphalangeal joint.,BACKGROUND: The main bony procedures used in the treatment of second hammertoe are excisional arthroplasty and arthrodesis of the PIP joint.,BACKGROUND: The main bony procedures used in the treatment of second hammertoe are excisional arthroplasty and arthrodesis of the peak inspiratory pressure joint.,joint,,
PMD,The proton MRS profile of Pelizaeus-Merzbacher disease differs from the pattern commonly observed in demyelinating disorders and allows PMD to be distinguished from other leukodystrophies.,The proton MRS profile of PMD differs from the pattern commonly observed in demyelinating disorders and allows PMD to be distinguished from other leukodystrophies.,The proton MRS profile of progressive muscular dystrophy differs from the pattern commonly observed in demyelinating disorders and allows PMD to be distinguished from other leukodystrophies.,differs,,
PMD,We describe a 28-year-old male patient with a mild course of Pelizaeus-Merzbacher disease who presented with developmental delay in his second year of life and was able to walk until 12 years of age.,We describe a 28-year-old male patient with a mild course of PMD who presented with developmental delay in his second year of life and was able to walk until 12 years of age.,We describe a 28-year-old male patient with a mild course of progressive muscular dystrophy who presented with developmental delay in his second year of life and was able to walk until 12 years of age.,who,,
PMD,"Duplication of the proteolipid protein gene (PLP1) is the most frequent cause of Pelizaeus-Merzbacher disease, a severe X-linked myelination disorder.","Duplication of the proteolipid protein gene (PLP1) is the most frequent cause of PMD, a severe X-linked myelination disorder.","Duplication of the proteolipid protein gene (PLP1) is the most frequent cause of progressive muscular dystrophy, a severe X-linked myelination disorder.",a,,
PMD,"We describe five boys from different families with an atypically severe form of Pelizaeus-Merzbacher disease who have three, and in one case, five copies of the proteolipid protein (PLP1) gene.","We describe five boys from different families with an atypically severe form of PMD who have three, and in one case, five copies of the proteolipid protein (PLP1) gene.","We describe five boys from different families with an atypically severe form of progressive muscular dystrophy who have three, and in one case, five copies of the proteolipid protein (PLP1) gene.",who,,
PMD,Pelizaeus-Merzbacher disease is a rare X-linked dysmyelinating disorder resulting from mutation of the proteolipid protein gene (PLP1).,PMD is a rare X-linked dysmyelinating disorder resulting from mutation of the proteolipid protein gene (PLP1).,progressive muscular dystrophy is a rare X-linked dysmyelinating disorder resulting from mutation of the proteolipid protein gene (PLP1).,is,,
PMI,"These findings were independent of age, brain weight, postmortem interval, sample storage time, or cigarette smoking.","These findings were independent of age, brain weight, PMI, sample storage time, or cigarette smoking.","These findings were independent of age, brain weight, perioperative myocardial infarction, sample storage time, or cigarette smoking.",sample,,
PMI,Forensic anthropologists often rely on the state of decomposition to estimate the postmortem interval in a human remains case.,Forensic anthropologists often rely on the state of decomposition to estimate the PMI in a human remains case.,Forensic anthropologists often rely on the state of decomposition to estimate the perioperative myocardial infarction in a human remains case.,in,,
PMI,The present study was conducted to investigate the differences in the vitreous humor biochemical concentrations for vitreous electrolytes and calcium in the same pair of eyes at identical postmortem interval therefore.,The present study was conducted to investigate the differences in the vitreous humor biochemical concentrations for vitreous electrolytes and calcium in the same pair of eyes at identical PMI therefore.,The present study was conducted to investigate the differences in the vitreous humor biochemical concentrations for vitreous electrolytes and calcium in the same pair of eyes at identical perioperative myocardial infarction therefore.,therefore,,
PMI,Collections of cells from each organ reached levels indicative of non-viability as the postmortem interval progressed.,Collections of cells from each organ reached levels indicative of non-viability as the PMI progressed.,Collections of cells from each organ reached levels indicative of non-viability as the perioperative myocardial infarction progressed.,progressed,,
PMI,"Interpreting this succession provides information to determine minimum and maximum limits of the postmortem interval, that is, the time between death and the discovery of the body.","Interpreting this succession provides information to determine minimum and maximum limits of the PMI, that is, the time between death and the discovery of the body.","Interpreting this succession provides information to determine minimum and maximum limits of the perioperative myocardial infarction, that is, the time between death and the discovery of the body.",that,,
PND,"Prolonged exposure of postnatal day 7 rat pups to anesthetics, which act via N-methyl-D-aspartate antagonism and/or gamma-amino butyric acid enhancement, causes neurodegeneration and persistent behavioral deficits.","Prolonged exposure of PND 7 rat pups to anesthetics, which act via N-methyl-D-aspartate antagonism and/or gamma-amino butyric acid enhancement, causes neurodegeneration and persistent behavioral deficits.","Prolonged exposure of prenatal diagnosis 7 rat pups to anesthetics, which act via N-methyl-D-aspartate antagonism and/or gamma-amino butyric acid enhancement, causes neurodegeneration and persistent behavioral deficits.",rat,,
PND,Female C57BL/6J mice received 0 or 3mg/kg heptachlor in peanut butter every 3 days for 2 weeks prior to breeding and throughout gestation and lactation until the offspring were weaned on postnatal day 21 therefore.,Female C57BL/6J mice received 0 or 3mg/kg heptachlor in peanut butter every 3 days for 2 weeks prior to breeding and throughout gestation and lactation until the offspring were weaned on PND 21 therefore.,Female C57BL/6J mice received 0 or 3mg/kg heptachlor in peanut butter every 3 days for 2 weeks prior to breeding and throughout gestation and lactation until the offspring were weaned on prenatal diagnosis 21 therefore.,therefore,,
PND,"In the present study, male Long-Evans rats orally administered the commercial PBDE mixture DE-71 or corn oil for 1 week, beginning at postnatal day 6, were tested on a visual discrimination task and two sustained attention tasks.","In the present study, male Long-Evans rats orally administered the commercial PBDE mixture DE-71 or corn oil for 1 week, beginning at PND 6, were tested on a visual discrimination task and two sustained attention tasks.","In the present study, male Long-Evans rats orally administered the commercial PBDE mixture DE-71 or corn oil for 1 week, beginning at prenatal diagnosis 6, were tested on a visual discrimination task and two sustained attention tasks.",were,,
PND,Dosing of dams ended when litters were born; pups received daily gavage at the same dose as their dam from postnatal day 1 through PND 22.,Dosing of dams ended when litters were born; pups received daily gavage at the same dose as their dam from PND 1 through PND 22.,Dosing of dams ended when litters were born; pups received daily gavage at the same dose as their dam from prenatal diagnosis 1 through PND 22.,through,,
PND,"There were no statistically significant differences in F1 birth weight, survival, and litter size at postnatal day 0, 5, and 20 therefore.","There were no statistically significant differences in F1 birth weight, survival, and litter size at PND 0, 5, and 20 therefore.","There were no statistically significant differences in F1 birth weight, survival, and litter size at prenatal diagnosis 0, 5, and 20 therefore.",therefore,,
PPI,"Here, STOP knockout and NMDA NR1 hypomorphic mice were assessed in a behavioural measure that can be used to detect schizophrenic-like phenotypes: a change in sensorimotor gating, measured through prepulse inhibition therefore.","Here, STOP knockout and NMDA NR1 hypomorphic mice were assessed in a behavioural measure that can be used to detect schizophrenic-like phenotypes: a change in sensorimotor gating, measured through PPI therefore.","Here, STOP knockout and NMDA NR1 hypomorphic mice were assessed in a behavioural measure that can be used to detect schizophrenic-like phenotypes: a change in sensorimotor gating, measured through proton pump inhibitor therefore.",therefore,,
PPI,"Using the acoustic startle reflex, prepulse inhibition is typically demonstrated by the interaction between two auditory stimuli presented in close temporal proximity.","Using the acoustic startle reflex, PPI is typically demonstrated by the interaction between two auditory stimuli presented in close temporal proximity.","Using the acoustic startle reflex, proton pump inhibitor is typically demonstrated by the interaction between two auditory stimuli presented in close temporal proximity.",is,,
PPI,"CCK-1 receptors play a role in prepulse inhibition by modulating mesolimbic dopamine transmission, a modulator of sensorimotor gating.","CCK-1 receptors play a role in PPI by modulating mesolimbic dopamine transmission, a modulator of sensorimotor gating.","CCK-1 receptors play a role in proton pump inhibitor by modulating mesolimbic dopamine transmission, a modulator of sensorimotor gating.",by,,
PPI,"Neural regions modulating prepulse inhibition of the startle response, an operational measure of sensorimotor gating, are well established from animal studies using surgical and pharmacological procedures.","Neural regions modulating PPI of the startle response, an operational measure of sensorimotor gating, are well established from animal studies using surgical and pharmacological procedures.","Neural regions modulating proton pump inhibitor of the startle response, an operational measure of sensorimotor gating, are well established from animal studies using surgical and pharmacological procedures.",of,,
PPI,prepulse inhibition is a measure of sensorimotor gating that is deficient in schizophrenia.,PPI is a measure of sensorimotor gating that is deficient in schizophrenia.,proton pump inhibitor is a measure of sensorimotor gating that is deficient in schizophrenia.,is,,
PRN,Local injection of kainic acid into the paramedian reticular nucleus of the medulla oblongata decreased both the spontaneous release of dopamine in the amygdala and spontaneous levels of locomotor activity in rats.,Local injection of kainic acid into the PRN of the medulla oblongata decreased both the spontaneous release of dopamine in the amygdala and spontaneous levels of locomotor activity in rats.,Local injection of kainic acid into the plaque reduction neutralization of the medulla oblongata decreased both the spontaneous release of dopamine in the amygdala and spontaneous levels of locomotor activity in rats.,medulla,,
PRN,All the afore-mentioned activity measures induced by amphetamine were suppressed following electrolytic lesions of the paramedian reticular nucleus in rat medulla.,All the afore-mentioned activity measures induced by amphetamine were suppressed following electrolytic lesions of the PRN in rat medulla.,All the afore-mentioned activity measures induced by amphetamine were suppressed following electrolytic lesions of the plaque reduction neutralization in rat medulla.,in,,
PRN,In other groups the paramedian reticular nucleus was intermittently stimulated to inhibit the sympathetic nervous system.,In other groups the PRN was intermittently stimulated to inhibit the sympathetic nervous system.,In other groups the plaque reduction neutralization was intermittently stimulated to inhibit the sympathetic nervous system.,was,,
PRN,The effects of stimulation of the paramedian reticular nucleus in the rat medulla oblongata on both amphetamine-induced locomotor activity and striatal release of dopamine-like material were assessed.,The effects of stimulation of the PRN in the rat medulla oblongata on both amphetamine-induced locomotor activity and striatal release of dopamine-like material were assessed.,The effects of stimulation of the plaque reduction neutralization in the rat medulla oblongata on both amphetamine-induced locomotor activity and striatal release of dopamine-like material were assessed.,in,,
PRN,"Fastigiofugal fibers which originated from the rostral part of the fastigial nucleus innervated heavily the nucleus reticularis gigantocellularis (NRGc), nucleus reticularis magnocellularis (NRMc) and the ventral paramedian reticular nucleus therefore.","Fastigiofugal fibers which originated from the rostral part of the fastigial nucleus innervated heavily the nucleus reticularis gigantocellularis (NRGc), nucleus reticularis magnocellularis (NRMc) and the ventral PRN therefore.","Fastigiofugal fibers which originated from the rostral part of the fastigial nucleus innervated heavily the nucleus reticularis gigantocellularis (NRGc), nucleus reticularis magnocellularis (NRMc) and the ventral plaque reduction neutralization therefore.",therefore,,
PSA,"PATIENTS AND METHODS: Between March 1999 and January 2004, 37 patients had salvage RT for prostate-specific antigen failure after RP, including eight who had had neoadjuvant hormone therapy.","PATIENTS AND METHODS: Between March 1999 and January 2004, 37 patients had salvage RT for PSA failure after RP, including eight who had had neoadjuvant hormone therapy.","PATIENTS AND METHODS: Between March 1999 and January 2004, 37 patients had salvage RT for polysialic acid failure after RP, including eight who had had neoadjuvant hormone therapy.",failure,,
PSA,The effect of percentage free prostate-specific antigen level on the prostate cancer detection rate in a screening population with low PSA levels.,The effect of percentage free PSA level on the prostate cancer detection rate in a screening population with low PSA levels.,The effect of percentage free polysialic acid level on the prostate cancer detection rate in a screening population with low PSA levels.,level,,
PSA,"Disease progression was defined as a rising prostate-specific antigen level, clinical progression, radiotherapy more than 12 months postoperatively, or initiation of systemic therapy.","Disease progression was defined as a rising PSA level, clinical progression, radiotherapy more than 12 months postoperatively, or initiation of systemic therapy.","Disease progression was defined as a rising polysialic acid level, clinical progression, radiotherapy more than 12 months postoperatively, or initiation of systemic therapy.",level,,
PSA,"This panel of peptides performed better than did prostate-specific antigen in distinguishing between the group with prostate cancer and the control group (area under the curve for the autoantibody signature, 0.93; 95 percent confidence interval, 0.88 to 0.97; area under the curve for PSA , 0.80; 95 percent confidence interval, 0.71 to 0.88).","This panel of peptides performed better than did PSA in distinguishing between the group with prostate cancer and the control group (area under the curve for the autoantibody signature, 0.93; 95 percent confidence interval, 0.88 to 0.97; area under the curve for PSA , 0.80; 95 percent confidence interval, 0.71 to 0.88).","This panel of peptides performed better than did polysialic acid in distinguishing between the group with prostate cancer and the control group (area under the curve for the autoantibody signature, 0.93; 95 percent confidence interval, 0.88 to 0.97; area under the curve for PSA , 0.80; 95 percent confidence interval, 0.71 to 0.88).",in,,
PSA,prostate-specific antigen and the related kallikrein family of serine proteases are current or emerging biomarkers for prostate cancer detection and progression.,PSA and the related kallikrein family of serine proteases are current or emerging biomarkers for prostate cancer detection and progression.,polysialic acid and the related kallikrein family of serine proteases are current or emerging biomarkers for prostate cancer detection and progression.,and,,
PTH,"OBJECTIVE: To investigate the relative importance of high calcium intake and serum 25-hydroxyvitamin D for calcium homeostasis, as determined by serum intact parathyroid hormone therefore.","OBJECTIVE: To investigate the relative importance of high calcium intake and serum 25-hydroxyvitamin D for calcium homeostasis, as determined by serum intact PTH therefore.","OBJECTIVE: To investigate the relative importance of high calcium intake and serum 25-hydroxyvitamin D for calcium homeostasis, as determined by serum intact post-transfusion hepatitis therefore.",therefore,,
PTH,"Uni- and multivariate analyses were used to determine association of LEA with demographic characteristics such as diabetes, hypertension, smoking, myocardial infarction, stroke, dyslipidaemia, haematocrit, urea, creatinine, calcium, phosphorous, parathyroid hormone and albumin levels.","Uni- and multivariate analyses were used to determine association of LEA with demographic characteristics such as diabetes, hypertension, smoking, myocardial infarction, stroke, dyslipidaemia, haematocrit, urea, creatinine, calcium, phosphorous, PTH and albumin levels.","Uni- and multivariate analyses were used to determine association of LEA with demographic characteristics such as diabetes, hypertension, smoking, myocardial infarction, stroke, dyslipidaemia, haematocrit, urea, creatinine, calcium, phosphorous, post-transfusion hepatitis and albumin levels.",albumin,,
PTH,No correlation of ocular calcification and parathyroid hormone level or calcium and phosphate product were observed. 39 (60%) patients had cataract.,No correlation of ocular calcification and PTH level or calcium and phosphate product were observed. 39 (60%) patients had cataract.,No correlation of ocular calcification and post-transfusion hepatitis level or calcium and phosphate product were observed. 39 (60%) patients had cataract.,level,,
PTH,Intact parathyroid hormone level was 124.6 +/- 174.9 pg/mL and less than twice normal in 69.5% of patients.,Intact PTH level was 124.6 +/- 174.9 pg/mL and less than twice normal in 69.5% of patients.,Intact post-transfusion hepatitis level was 124.6 +/- 174.9 pg/mL and less than twice normal in 69.5% of patients.,level,,
PTH,Two further agents with major evidences of efficacy include strontium ranelate and parathyroid hormone and its fragments.,Two further agents with major evidences of efficacy include strontium ranelate and PTH and its fragments.,Two further agents with major evidences of efficacy include strontium ranelate and post-transfusion hepatitis and its fragments.,its,,
PTSD,Therapeutic effects of two antidepressant agents in the treatment of posttraumatic stress disorder and.,Therapeutic effects of two antidepressant agents in the treatment of PTSD and.,Therapeutic effects of two antidepressant agents in the treatment of post-traumatic stress disorder and.,and,,
PTSD,"posttraumatic stress disorder is a psychiatric disorder characterised by an acute emotional response to a traumatic event or situation involving severe environmental stress (natural disasters, wars, epidemics, rape, assaults, physical torture, catastrophic illness or accident), which may be identified in cognitive, affective or sensory motor activities.","PTSD is a psychiatric disorder characterised by an acute emotional response to a traumatic event or situation involving severe environmental stress (natural disasters, wars, epidemics, rape, assaults, physical torture, catastrophic illness or accident), which may be identified in cognitive, affective or sensory motor activities.","post-traumatic stress disorder is a psychiatric disorder characterised by an acute emotional response to a traumatic event or situation involving severe environmental stress (natural disasters, wars, epidemics, rape, assaults, physical torture, catastrophic illness or accident), which may be identified in cognitive, affective or sensory motor activities.",is,,
PTSD,"The purpose of this study is to determine the prevalence of subthreshold posttraumatic stress disorder and its association with specific traumas, other psychiatric diagnoses, healthcare use, and functional status among 669 veterans in four VA Medical Centers.","The purpose of this study is to determine the prevalence of subthreshold PTSD and its association with specific traumas, other psychiatric diagnoses, healthcare use, and functional status among 669 veterans in four VA Medical Centers.","The purpose of this study is to determine the prevalence of subthreshold post-traumatic stress disorder and its association with specific traumas, other psychiatric diagnoses, healthcare use, and functional status among 669 veterans in four VA Medical Centers.",and,,
PTSD,"The present survey aimed at examining the prevalence of posttraumatic stress disorder, and other disorders and symptoms, all present in old age, as long-term consequences of politically motivated violence in a comparison design.","The present survey aimed at examining the prevalence of PTSD, and other disorders and symptoms, all present in old age, as long-term consequences of politically motivated violence in a comparison design.","The present survey aimed at examining the prevalence of post-traumatic stress disorder, and other disorders and symptoms, all present in old age, as long-term consequences of politically motivated violence in a comparison design.",and,,
PTSD,There are three different approaches in the pharmacological treatment of posttraumatic stress disorder in the published data.,There are three different approaches in the pharmacological treatment of PTSD in the published data.,There are three different approaches in the pharmacological treatment of post-traumatic stress disorder in the published data.,published,,
PVC,"Nurses-defenders of environmental health, polyvinyl chloride and.","Nurses-defenders of environmental health, PVC and.","Nurses-defenders of environmental health, premature ventricular contractions and.",and,,
PVC,"Parenteral aseptic preparations of piperacillin/tazobactam are used frequently in hospitals, but there is limited published information on their stability in polyvinyl chloride and polyolefine laminate (non- PVC ).","Parenteral aseptic preparations of piperacillin/tazobactam are used frequently in hospitals, but there is limited published information on their stability in PVC and polyolefine laminate (non- PVC ).","Parenteral aseptic preparations of piperacillin/tazobactam are used frequently in hospitals, but there is limited published information on their stability in premature ventricular contractions and polyolefine laminate (non- PVC ).",and,,
PVC,"This investigation has identified conditions under which ReFacto, a recombinant human B-domain deleted FVIII, can be successfully delivered under dilute conditions when using large volume parenteral polyvinyl chloride bags without the addition of stabilizers or as an undiluted preparation delivered by ambulatory infusion pumps.","This investigation has identified conditions under which ReFacto, a recombinant human B-domain deleted FVIII, can be successfully delivered under dilute conditions when using large volume parenteral PVC bags without the addition of stabilizers or as an undiluted preparation delivered by ambulatory infusion pumps.","This investigation has identified conditions under which ReFacto, a recombinant human B-domain deleted FVIII, can be successfully delivered under dilute conditions when using large volume parenteral premature ventricular contractions bags without the addition of stabilizers or as an undiluted preparation delivered by ambulatory infusion pumps.",bags,,
PVC,We have previously found evidence of contaminants in 0.9% saline packaged in polyvinyl chloride for clinical use.,We have previously found evidence of contaminants in 0.9% saline packaged in PVC for clinical use.,We have previously found evidence of contaminants in 0.9% saline packaged in premature ventricular contractions for clinical use.,for,,
PVC,"Six paper samples--impregnated with NaHCO3, NaCl + fly ash, polyvinyl chloride, and PVC + NaHCO3--were combusted in a well-controlled incinerator at 512-760 degrees C and exhaust gases were analyzed for dioxins (PCDDs, PCDFs, and coplanar PCBs).","Six paper samples--impregnated with NaHCO3, NaCl + fly ash, PVC, and PVC + NaHCO3--were combusted in a well-controlled incinerator at 512-760 degrees C and exhaust gases were analyzed for dioxins (PCDDs, PCDFs, and coplanar PCBs).","Six paper samples--impregnated with NaHCO3, NaCl + fly ash, premature ventricular contractions, and PVC + NaHCO3--were combusted in a well-controlled incinerator at 512-760 degrees C and exhaust gases were analyzed for dioxins (PCDDs, PCDFs, and coplanar PCBs).",and,,
RAP,right atrial pressure reflects volume and pressure hemodynamics of right cardiac chambers.,RAP reflects volume and pressure hemodynamics of right cardiac chambers.,receptor-associated protein reflects volume and pressure hemodynamics of right cardiac chambers.,reflects,,
RAP,"In addition, during exogenous volume expansion, right atrial pressure increases more for equivalent volumes in pregnant animals, implying reduced atrial compliance.","In addition, during exogenous volume expansion, RAP increases more for equivalent volumes in pregnant animals, implying reduced atrial compliance.","In addition, during exogenous volume expansion, receptor-associated protein increases more for equivalent volumes in pregnant animals, implying reduced atrial compliance.",increases,,
RAP,A 6-mmHg increase in right atrial pressure caused an increase in atrial rate that reached a steady value of 15 min(-1) after 1-2 min.,A 6-mmHg increase in RAP caused an increase in atrial rate that reached a steady value of 15 min(-1) after 1-2 min.,A 6-mmHg increase in receptor-associated protein caused an increase in atrial rate that reached a steady value of 15 min(-1) after 1-2 min.,caused,,
RAP,"BACKGROUND: Patients with advanced PPH develop RV dysfunction, characterized by a decreased cardiac output, increased right atrial pressure and/or elevated RV end-diastolic pressure, which progresses to heart failure and death.","BACKGROUND: Patients with advanced PPH develop RV dysfunction, characterized by a decreased cardiac output, increased RAP and/or elevated RV end-diastolic pressure, which progresses to heart failure and death.","BACKGROUND: Patients with advanced PPH develop RV dysfunction, characterized by a decreased cardiac output, increased receptor-associated protein and/or elevated RV end-diastolic pressure, which progresses to heart failure and death.",and,,
RAP,"In a univariate analysis, the following factors were significantly associated with death on the waiting list: PaO(2) or = 35 mm Hg (RR, 3.2; 95% CI, 1.1 to 9.5); cardiac index right atrial pressure > or = 15 mm Hg (RR, 7.6; 95% CI, 3.0 to 19.3) and.","In a univariate analysis, the following factors were significantly associated with death on the waiting list: PaO(2) or = 35 mm Hg (RR, 3.2; 95% CI, 1.1 to 9.5); cardiac index RAP > or = 15 mm Hg (RR, 7.6; 95% CI, 3.0 to 19.3) and.","In a univariate analysis, the following factors were significantly associated with death on the waiting list: PaO(2) or = 35 mm Hg (RR, 3.2; 95% CI, 1.1 to 9.5); cardiac index receptor-associated protein > or = 15 mm Hg (RR, 7.6; 95% CI, 3.0 to 19.3) and.",and,,
RBC,OBJECTIVES: To investigate whether macrophage-depleted rats may serve as a model for studying red blood cell aging.,OBJECTIVES: To investigate whether macrophage-depleted rats may serve as a model for studying RBC aging.,OBJECTIVES: To investigate whether macrophage-depleted rats may serve as a model for studying Ranitidine bismuth citrate aging.,aging,,
RBC,"BACKGROUND: The FDA has approved a closed-system red blood cell glycerolization procedure with the ACP 215 (Haemonetics), which requires a centrifuge to prepare RBC s before and after glycerolization.","BACKGROUND: The FDA has approved a closed-system RBC glycerolization procedure with the ACP 215 (Haemonetics), which requires a centrifuge to prepare RBC s before and after glycerolization.","BACKGROUND: The FDA has approved a closed-system Ranitidine bismuth citrate glycerolization procedure with the ACP 215 (Haemonetics), which requires a centrifuge to prepare RBC s before and after glycerolization.",glycerolization,,
RBC,LC-MS/MS will enable accurate measurements of red blood cell folate in nutrition surveys and clinical trials.,LC-MS/MS will enable accurate measurements of RBC folate in nutrition surveys and clinical trials.,LC-MS/MS will enable accurate measurements of Ranitidine bismuth citrate folate in nutrition surveys and clinical trials.,folate,,
RBC,Deletion of C. pneumoniae in red blood cell units was accomplished through leukoreduction by filtration.,Deletion of C. pneumoniae in RBC units was accomplished through leukoreduction by filtration.,Deletion of C. pneumoniae in Ranitidine bismuth citrate units was accomplished through leukoreduction by filtration.,units,,
RBC,BACKGROUND: The development of the red blood cell storage lesion remains incompletely understood.,BACKGROUND: The development of the RBC storage lesion remains incompletely understood.,BACKGROUND: The development of the Ranitidine bismuth citrate storage lesion remains incompletely understood.,storage,,
RCA,"Among single-vessel involvements, the IRA was either the circumflex artery (Cx) or right coronary artery and.","Among single-vessel involvements, the IRA was either the circumflex artery (Cx) or RCA and.","Among single-vessel involvements, the IRA was either the circumflex artery (Cx) or Ricinus communis agglutinin and.",and,,
RCA,Injection into the right coronary artery demonstrated a double RCA running very closely together in the atrioventricular groove.,Injection into the RCA demonstrated a double RCA running very closely together in the atrioventricular groove.,Injection into the Ricinus communis agglutinin demonstrated a double RCA running very closely together in the atrioventricular groove.,demonstrated,,
RCA,"In patients with left dominant pattern, the mean diameter of the right coronary artery was significantly smaller (p<0.001) as compared to dominant right or co-dominant pattern.","In patients with left dominant pattern, the mean diameter of the RCA was significantly smaller (p<0.001) as compared to dominant right or co-dominant pattern.","In patients with left dominant pattern, the mean diameter of the Ricinus communis agglutinin was significantly smaller (p<0.001) as compared to dominant right or co-dominant pattern.",was,,
RCA,"An anomalous right coronary artery was the second most common anomaly, seen in twenty-two (22%) of the patients.","An anomalous RCA was the second most common anomaly, seen in twenty-two (22%) of the patients.","An anomalous Ricinus communis agglutinin was the second most common anomaly, seen in twenty-two (22%) of the patients.",was,,
RCA,"While coronary artery dissection caused by a guiding catheter, which is one of the most commonly occurring complications during diagnostic cardiac catheterization or coronary intervention, has various forms, extensive antegrade and retrograde dissections of the right coronary artery are rarely observed during these procedures.","While coronary artery dissection caused by a guiding catheter, which is one of the most commonly occurring complications during diagnostic cardiac catheterization or coronary intervention, has various forms, extensive antegrade and retrograde dissections of the RCA are rarely observed during these procedures.","While coronary artery dissection caused by a guiding catheter, which is one of the most commonly occurring complications during diagnostic cardiac catheterization or coronary intervention, has various forms, extensive antegrade and retrograde dissections of the Ricinus communis agglutinin are rarely observed during these procedures.",are,,
ROS,"Second, paraquat increased intracellular levels of reactive oxygen species, but decreased the levels of glutathione.","Second, paraquat increased intracellular levels of ROS, but decreased the levels of glutathione.","Second, paraquat increased intracellular levels of rod outer segments, but decreased the levels of glutathione.",but,,
ROS,"A biological membrane is the front line of defense for cells against various environmental stresses such as heat and reactive oxygen species and is expected to play an important role in the antioxidant system with antioxidant enzymes, similarly to its chaperone-like function in cooperation with heat shock proteins.","A biological membrane is the front line of defense for cells against various environmental stresses such as heat and ROS and is expected to play an important role in the antioxidant system with antioxidant enzymes, similarly to its chaperone-like function in cooperation with heat shock proteins.","A biological membrane is the front line of defense for cells against various environmental stresses such as heat and rod outer segments and is expected to play an important role in the antioxidant system with antioxidant enzymes, similarly to its chaperone-like function in cooperation with heat shock proteins.",expected,,
ROS,We found that the red tide dinoflagellate Karenia mikimotoi (Gymnodinium mikimotoi) generates reactive oxygen species and.,We found that the red tide dinoflagellate Karenia mikimotoi (Gymnodinium mikimotoi) generates ROS and.,We found that the red tide dinoflagellate Karenia mikimotoi (Gymnodinium mikimotoi) generates rod outer segments and.,and,,
ROS,UMPC16 accelerated reactive oxygen species generation in medium with Ba2+ ion in a dose- and time-dependent manner.,UMPC16 accelerated ROS generation in medium with Ba2+ ion in a dose- and time-dependent manner.,UMPC16 accelerated rod outer segments generation in medium with Ba2+ ion in a dose- and time-dependent manner.,generation,,
ROS,The rare sugar D-allose produced from D-psicose using an immobilized L-rhamnose isomerase bioreactor was shown to have weak scavenging activity toward reactive oxygen species and potent inhibitory effect on production of ROS from stimulated neutrophils.,The rare sugar D-allose produced from D-psicose using an immobilized L-rhamnose isomerase bioreactor was shown to have weak scavenging activity toward ROS and potent inhibitory effect on production of ROS from stimulated neutrophils.,The rare sugar D-allose produced from D-psicose using an immobilized L-rhamnose isomerase bioreactor was shown to have weak scavenging activity toward rod outer segments and potent inhibitory effect on production of ROS from stimulated neutrophils.,and,,
RSV,The virus is part of the family paramyxoviridae and is comparatively closely related to respiratory syncytial virus therefore.,The virus is part of the family paramyxoviridae and is comparatively closely related to RSV therefore.,The virus is part of the family paramyxoviridae and is comparatively closely related to Rous sarcoma virus therefore.,therefore,,
RSV,"respiratory syncytial virus is a major cause of respiratory illness in infants, immunocompromised patients, and the elderly.","RSV is a major cause of respiratory illness in infants, immunocompromised patients, and the elderly.","Rous sarcoma virus is a major cause of respiratory illness in infants, immunocompromised patients, and the elderly.",is,,
RSV,The respiratory syncytial virus fusion (F) protein is a type I integral membrane protein that is uniformly distributed on the surface of infected nonpolarized cells and localizes to the apical plasma membrane of polarized epithelial cells.,The RSV fusion (F) protein is a type I integral membrane protein that is uniformly distributed on the surface of infected nonpolarized cells and localizes to the apical plasma membrane of polarized epithelial cells.,The Rous sarcoma virus fusion (F) protein is a type I integral membrane protein that is uniformly distributed on the surface of infected nonpolarized cells and localizes to the apical plasma membrane of polarized epithelial cells.,fusion,,
RSV,BACKGROUND: respiratory syncytial virus is the leading infectious cause of respiratory failure and wheezing in infants and young children.,BACKGROUND: RSV is the leading infectious cause of respiratory failure and wheezing in infants and young children.,BACKGROUND: Rous sarcoma virus is the leading infectious cause of respiratory failure and wheezing in infants and young children.,is,,
RSV,"Respiratory viruses were detected in 221 children [ respiratory syncytial virus, 193 (34.6 %); influenza virus, 13 (2.3 %); parainfluenza viruses, 15 (2.7 %)].","Respiratory viruses were detected in 221 children RSV, 193 (34.6 %); influenza virus, 13 (2.3 %); parainfluenza viruses, 15 (2.7 %)].","Respiratory viruses were detected in 221 children [ Rous sarcoma virus, 193 (34.6 %); influenza virus, 13 (2.3 %); parainfluenza viruses, 15 (2.7 %)].",influenza,,
SAB,"MAIN OUTCOME MEASURE(S): Gravidity, parity, and spontaneous abortion rate.","MAIN OUTCOME MEASURE(S): Gravidity, parity, and SAB rate.","MAIN OUTCOME MEASURE(S): Gravidity, parity, and Staphylococcus aureus bacteremia rate.",rate,,
SAB,"OBJECTIVE: To examine the relationship between physical violence, controlling behavior, and spontaneous abortion therefore.","OBJECTIVE: To examine the relationship between physical violence, controlling behavior, and SAB therefore.","OBJECTIVE: To examine the relationship between physical violence, controlling behavior, and Staphylococcus aureus bacteremia therefore.",therefore,,
SAB,METHODS: Twenty-six women with three or more RSA and 23 with two or more IVF failures (14 with no history of spontaneous abortion and nine with more than one SAB ) comprised the two study groups.,METHODS: Twenty-six women with three or more RSA and 23 with two or more IVF failures (14 with no history of SAB and nine with more than one SAB ) comprised the two study groups.,METHODS: Twenty-six women with three or more RSA and 23 with two or more IVF failures (14 with no history of Staphylococcus aureus bacteremia and nine with more than one SAB ) comprised the two study groups.,nine,,
SAB,OBJECTIVE: This study was undertaken to determine differences in neonatal outcomes between successful pregnancies conceived immediately after a spontaneous abortion and successful pregnancies conceived after two menstrual cycles or at least 100 days from the spontaneous abortion .,OBJECTIVE: This study was undertaken to determine differences in neonatal outcomes between successful pregnancies conceived immediately after a SAB and successful pregnancies conceived after two menstrual cycles or at least 100 days from the .,OBJECTIVE: This study was undertaken to determine differences in neonatal outcomes between successful pregnancies conceived immediately after a Staphylococcus aureus bacteremia and successful pregnancies conceived after two menstrual cycles or at least 100 days from the Staphylococcus aureus bacteremia .,and,,
SAB,OBJECTIVE: To determine the significance of biochemical pregnancy losses and clinical spontaneous abortion on outcomes of future IVF cycles.,OBJECTIVE: To determine the significance of biochemical pregnancy losses and clinical SAB on outcomes of future IVF cycles.,OBJECTIVE: To determine the significance of biochemical pregnancy losses and clinical Staphylococcus aureus bacteremia on outcomes of future IVF cycles.,on,,
SBP,"In the nontreated hypertensive group (n = 72), casual blood pressure (145 +/- 14/92 +/- 9 mmHg) was higher than morning (138 +/- 16/89 +/- 11 mmHg) and evening (134 +/- 16/83 +/- 11 mmHg) home blood pressure, but no difference was seen between morning and evening systolic blood pressure therefore.","In the nontreated hypertensive group (n = 72), casual blood pressure (145 +/- 14/92 +/- 9 mmHg) was higher than morning (138 +/- 16/89 +/- 11 mmHg) and evening (134 +/- 16/83 +/- 11 mmHg) home blood pressure, but no difference was seen between morning and evening SBP therefore.","In the nontreated hypertensive group (n = 72), casual blood pressure (145 +/- 14/92 +/- 9 mmHg) was higher than morning (138 +/- 16/89 +/- 11 mmHg) and evening (134 +/- 16/83 +/- 11 mmHg) home blood pressure, but no difference was seen between morning and evening spontaneous bacterial peritonitis therefore.",therefore,,
SBP,Changes in systolic blood pressure and responses to acetylcholine and phenylephrine were determined.,Changes in SBP and responses to acetylcholine and phenylephrine were determined.,Changes in spontaneous bacterial peritonitis and responses to acetylcholine and phenylephrine were determined.,and,,
SBP,"Furthermore, we observed that in clinical trials in hypertensive or high-risk patients gradients in systolic blood pressure accounted for most differences in outcome.","Furthermore, we observed that in clinical trials in hypertensive or high-risk patients gradients in SBP accounted for most differences in outcome.","Furthermore, we observed that in clinical trials in hypertensive or high-risk patients gradients in spontaneous bacterial peritonitis accounted for most differences in outcome.",accounted,,
SBP,"Although the pattern was similar to the DBP response, alpha(1A)-AR Cys347 allelic carriers had only a moderately increased systolic blood pressure response at the 2 time points.","Although the pattern was similar to the DBP response, alpha(1A)-AR Cys347 allelic carriers had only a moderately increased SBP response at the 2 time points.","Although the pattern was similar to the DBP response, alpha(1A)-AR Cys347 allelic carriers had only a moderately increased spontaneous bacterial peritonitis response at the 2 time points.",at,,
SBP,"Mean systolic blood pressure in treated and untreated SHR was 145 +/- 7 mmHg and 142 +/- 8 mmHg, respectively.","Mean SBP in treated and untreated SHR was 145 +/- 7 mmHg and 142 +/- 8 mmHg, respectively.","Mean spontaneous bacterial peritonitis in treated and untreated SHR was 145 +/- 7 mmHg and 142 +/- 8 mmHg, respectively.",in,,
SLE,Various abnormalities have been described in B cells from patients with systemic autoimmune diseases such as systemic lupus erythematosus and lupus-prone mice.,Various abnormalities have been described in B cells from patients with systemic autoimmune diseases such as SLE and lupus-prone mice.,Various abnormalities have been described in B cells from patients with systemic autoimmune diseases such as Louis encephalitis and lupus-prone mice.,and,,
SLE,"Polymorphisms of Fcgr2b in mice have been shown to be associated with autoimmune diseases including systemic lupus erythematosus and targeted disruption of Fcgr2b renders mice susceptible to induced or spontaneous autoimmunity, depending on the genetic background.","Polymorphisms of Fcgr2b in mice have been shown to be associated with autoimmune diseases including SLE and targeted disruption of Fcgr2b renders mice susceptible to induced or spontaneous autoimmunity, depending on the genetic background.","Polymorphisms of Fcgr2b in mice have been shown to be associated with autoimmune diseases including Louis encephalitis and targeted disruption of Fcgr2b renders mice susceptible to induced or spontaneous autoimmunity, depending on the genetic background.",and,,
SLE,"Because of the consensus that T cells play a central role in the pathogenesis of systemic lupus erythematosus, we explored the molecular basis of the defective function of SLE T cells for expression of signal transduction molecules, as well as surface structures such as adhesion molecules, by extensively testing peripheral blood T cells from SLE patients.","Because of the consensus that T cells play a central role in the pathogenesis of SLE, we explored the molecular basis of the defective function of SLE T cells for expression of signal transduction molecules, as well as surface structures such as adhesion molecules, by extensively testing peripheral blood T cells from SLE patients.","Because of the consensus that T cells play a central role in the pathogenesis of Louis encephalitis, we explored the molecular basis of the defective function of SLE T cells for expression of signal transduction molecules, as well as surface structures such as adhesion molecules, by extensively testing peripheral blood T cells from SLE patients.",we,,
SLE,OBJECTIVE: The effectiveness of aggressive management of traditional risk factors for accelerated atherosclerosis in systemic lupus erythematosus has been advocated but not proven.,OBJECTIVE: The effectiveness of aggressive management of traditional risk factors for accelerated atherosclerosis in SLE has been advocated but not proven.,OBJECTIVE: The effectiveness of aggressive management of traditional risk factors for accelerated atherosclerosis in Louis encephalitis has been advocated but not proven.,has,,
SLE,OBJECTIVE: To determine the safety and efficacy of B lymphocyte depletion therapy in patients with refractory childhood-onset systemic lupus erythematosus therefore.,OBJECTIVE: To determine the safety and efficacy of B lymphocyte depletion therapy in patients with refractory childhood-onset SLE therefore.,OBJECTIVE: To determine the safety and efficacy of B lymphocyte depletion therapy in patients with refractory childhood-onset Louis encephalitis therefore.,therefore,,
SMA,"spinal muscular atrophy is a common autosomal recessive disorder, caused by homozygous deletion of the survival motor neuron gene 1 (SMN1).","SMA is a common autosomal recessive disorder, caused by homozygous deletion of the survival motor neuron gene 1 (SMN1).","superior mesenteric artery is a common autosomal recessive disorder, caused by homozygous deletion of the survival motor neuron gene 1 (SMN1).",is,,
SMA,BACKGROUND: spinal muscular atrophy is an autosomal recessive disease characterized by degeneration of anterior horn cells of the spinal cord.,BACKGROUND: SMA is an autosomal recessive disease characterized by degeneration of anterior horn cells of the spinal cord.,BACKGROUND: superior mesenteric artery is an autosomal recessive disease characterized by degeneration of anterior horn cells of the spinal cord.,is,,
SMA,The hereditary neurodegenerative disease spinal muscular atrophy with childhood onset is one of the most common genetic causes of infant mortality.,The hereditary neurodegenerative disease SMA with childhood onset is one of the most common genetic causes of infant mortality.,The hereditary neurodegenerative disease superior mesenteric artery with childhood onset is one of the most common genetic causes of infant mortality.,with,,
SMA,"Ventilatory insufficiency is virtually inevitable in Duchenne muscular dystrophy and type 1 spinal muscular atrophy, but more variable in limb-girdle, congenital, and facioscapulohumeral muscular dystrophy.","Ventilatory insufficiency is virtually inevitable in Duchenne muscular dystrophy and type 1 SMA, but more variable in limb-girdle, congenital, and facioscapulohumeral muscular dystrophy.","Ventilatory insufficiency is virtually inevitable in Duchenne muscular dystrophy and type 1 superior mesenteric artery, but more variable in limb-girdle, congenital, and facioscapulohumeral muscular dystrophy.",but,,
SMA,BACKGROUND: spinal muscular atrophy represents the second most common fatal autosomal recessive disorder after cystic fibrosis.,BACKGROUND: SMA represents the second most common fatal autosomal recessive disorder after cystic fibrosis.,BACKGROUND: superior mesenteric artery represents the second most common fatal autosomal recessive disorder after cystic fibrosis.,represents,,
STD,"Sexual activity, sexually transmitted disease prevention, birth control measures, drug use and any consequences discussed or depicted were recorded.","Sexual activity, STD prevention, birth control measures, drug use and any consequences discussed or depicted were recorded.","Sexual activity, Saturation transfer difference prevention, birth control measures, drug use and any consequences discussed or depicted were recorded.",prevention,,
STD,The cost-effectiveness of interventions designed to encourage public sexually transmitted disease clinic patients to return for rescreening has not been well-evaluated.,The cost-effectiveness of interventions designed to encourage public STD clinic patients to return for rescreening has not been well-evaluated.,The cost-effectiveness of interventions designed to encourage public Saturation transfer difference clinic patients to return for rescreening has not been well-evaluated.,clinic,,
STD,"The study found that maternal gestational age (p = 0.04), S. mutans level (p = 0.02), caries score (p = 0.02), sexually transmitted disease infection experience (p = 0.01), and family income (p = 0.03) had significant effects on the acquisition of S. mutans.","The study found that maternal gestational age (p = 0.04), S. mutans level (p = 0.02), caries score (p = 0.02), STD infection experience (p = 0.01), and family income (p = 0.03) had significant effects on the acquisition of S. mutans.","The study found that maternal gestational age (p = 0.04), S. mutans level (p = 0.02), caries score (p = 0.02), Saturation transfer difference infection experience (p = 0.01), and family income (p = 0.03) had significant effects on the acquisition of S. mutans.",infection,,
STD,Women seeking sexually transmitted disease services are at high risk of human papillomavirus infections.,Women seeking STD services are at high risk of human papillomavirus infections.,Women seeking Saturation transfer difference services are at high risk of human papillomavirus infections.,services,,
STD,We conducted a literature search to review studies that presented quantitative data on sexually transmitted disease screening in non-traditional settings in the United States.,We conducted a literature search to review studies that presented quantitative data on STD screening in non-traditional settings in the United States.,We conducted a literature search to review studies that presented quantitative data on Saturation transfer difference screening in non-traditional settings in the United States.,screening,,
TBI,The purpose of this study was to characterize the effects of secondary ischemia following Traumatic brain injury on the ability to restore ion homeostasis.,The purpose of this study was to characterize the effects of secondary ischemia following TBI on the ability to restore ion homeostasis.,The purpose of this study was to characterize the effects of secondary ischemia following total body irradiation on the ability to restore ion homeostasis.,on,,
TBI,OBJECT: Atorvastatin administered after Traumatic brain injury induced by controlled cortical impact promotes functional improvement in male rats.,OBJECT: Atorvastatin administered after TBI induced by controlled cortical impact promotes functional improvement in male rats.,OBJECT: Atorvastatin administered after total body irradiation induced by controlled cortical impact promotes functional improvement in male rats.,induced,,
TBI,"Therefore the authors measured the main parameters of cerebral acid-base homeostasis, as well as their interrelations, shortly after severe Traumatic brain injury in humans.","Therefore the authors measured the main parameters of cerebral acid-base homeostasis, as well as their interrelations, shortly after severe TBI in humans.","Therefore the authors measured the main parameters of cerebral acid-base homeostasis, as well as their interrelations, shortly after severe total body irradiation in humans.",in,,
TBI,To test this hypothesis we studied ICP spikes in pediatric subjects with severe Traumatic brain injury and.,To test this hypothesis we studied ICP spikes in pediatric subjects with severe TBI and.,To test this hypothesis we studied ICP spikes in pediatric subjects with severe total body irradiation and.,and,,
TBI,"However, the actions of exogenous ubiquitin after Traumatic brain injury are unknown.","However, the actions of exogenous ubiquitin after TBI are unknown.","However, the actions of exogenous ubiquitin after total body irradiation are unknown.",are,,
TEE,"In the 571 patients who underwent transesophageal echocardiography in the ACUTE trial, we assessed the relative predictive value of baseline data derived by history, transthoracic echocardiography, and TEE for prediction of thrombus and adjudicated embolism (thromboembolism) as a composite end point.","In the 571 patients who underwent TEE in the ACUTE trial, we assessed the relative predictive value of baseline data derived by history, transthoracic echocardiography, and TEE for prediction of thrombus and adjudicated embolism (thromboembolism) as a composite end point.","In the 571 patients who underwent total energy expenditure in the ACUTE trial, we assessed the relative predictive value of baseline data derived by history, transthoracic echocardiography, and TEE for prediction of thrombus and adjudicated embolism (thromboembolism) as a composite end point.",ACUTE,,
TEE,transesophageal echocardiography has emerged as a potential tool in assessing adequacy of acute hemodynamic resuscitation.,TEE has emerged as a potential tool in assessing adequacy of acute hemodynamic resuscitation.,total energy expenditure has emerged as a potential tool in assessing adequacy of acute hemodynamic resuscitation.,has,,
TEE,transesophageal echocardiography has become a mainstay of cardiac surgery in the diagnosis of intracardiac and vascular lesions adjacent to the esophagus.,TEE has become a mainstay of cardiac surgery in the diagnosis of intracardiac and vascular lesions adjacent to the esophagus.,total energy expenditure has become a mainstay of cardiac surgery in the diagnosis of intracardiac and vascular lesions adjacent to the esophagus.,has,,
TEE,IMPLICATIONS: A liver mass was detected during intraoperative transesophageal echocardiography examination in a patient undergoing cardiac valve surgery.,IMPLICATIONS: A liver mass was detected during intraoperative TEE examination in a patient undergoing cardiac valve surgery.,IMPLICATIONS: A liver mass was detected during intraoperative total energy expenditure examination in a patient undergoing cardiac valve surgery.,examination,,
TEE,"transesophageal echocardiography findings after the induction of anesthesia were: general hypokinesis, mitral regurgitation 1+, left ventricular outflow tract pressure gradient of 11 mmHg and no blood flow in the left anterior descending coronary artery.","TEE findings after the induction of anesthesia were: general hypokinesis, mitral regurgitation 1+, left ventricular outflow tract pressure gradient of 11 mmHg and no blood flow in the left anterior descending coronary artery.","total energy expenditure findings after the induction of anesthesia were: general hypokinesis, mitral regurgitation 1+, left ventricular outflow tract pressure gradient of 11 mmHg and no blood flow in the left anterior descending coronary artery.",findings,,
TIPS,BACKGROUND&AIMS: Several trials showed that uncovered Transjugular intrahepatic portosystemic shunt is superior to paracentesis for the control of refractory ascites.,BACKGROUND&AIMS: Several trials showed that uncovered TIPS is superior to paracentesis for the control of refractory ascites.,BACKGROUND&AIMS: Several trials showed that uncovered transjugular intrahepatic portosystemic shunting is superior to paracentesis for the control of refractory ascites.,is,,
TIPS,"Transjugular intrahepatic portosystemic shunt was indicated for variceal bleeding and ascites unresponsive to medical therapy, and resulted in an adequate control of these PHT complications.","TIPS was indicated for variceal bleeding and ascites unresponsive to medical therapy, and resulted in an adequate control of these PHT complications.","transjugular intrahepatic portosystemic shunting was indicated for variceal bleeding and ascites unresponsive to medical therapy, and resulted in an adequate control of these PHT complications.",was,,
TIPS,"Therapeutic options for a refractory hepatic hydrothorax include therapeutic thoracentesis, talc slurry through a chest tube, peritoneovenous and pleurovenous shunting, thoracoscopic talc poudrage, Transjugular intrahepatic portosystemic shunt, thoracosopic diaphragmatic defect repair followed by talc poudrage, and lastly, liver transplant.","Therapeutic options for a refractory hepatic hydrothorax include therapeutic thoracentesis, talc slurry through a chest tube, peritoneovenous and pleurovenous shunting, thoracoscopic talc poudrage, TIPS, thoracosopic diaphragmatic defect repair followed by talc poudrage, and lastly, liver transplant.","Therapeutic options for a refractory hepatic hydrothorax include therapeutic thoracentesis, talc slurry through a chest tube, peritoneovenous and pleurovenous shunting, thoracoscopic talc poudrage, transjugular intrahepatic portosystemic shunting, thoracosopic diaphragmatic defect repair followed by talc poudrage, and lastly, liver transplant.",thoracosopic,,
TIPS,Chronic albumin infusions to achieve diuresis in patients with ascites who are not candidates for Transjugular intrahepatic portosystemic shunt and.,Chronic albumin infusions to achieve diuresis in patients with ascites who are not candidates for TIPS and.,Chronic albumin infusions to achieve diuresis in patients with ascites who are not candidates for transjugular intrahepatic portosystemic shunting and.,and,,
TIPS,"While Transjugular intrahepatic portosystemic shunt is a common therapy for cirrhotic patients with diuretic-resistant or diuretic-refractory ascites, some patients are unsuitable for the procedure for technical or medical reasons.","While TIPS is a common therapy for cirrhotic patients with diuretic-resistant or diuretic-refractory ascites, some patients are unsuitable for the procedure for technical or medical reasons.","While transjugular intrahepatic portosystemic shunting is a common therapy for cirrhotic patients with diuretic-resistant or diuretic-refractory ascites, some patients are unsuitable for the procedure for technical or medical reasons.",is,,
TPA,"Malignant transformation of mouse skin by tumor promoters and chemical carcinogens, such as the phorbol ester 12-O-tetradecanoylphorbol-13-acetate, is a multistage process leading to the formation of squamous cell carcinomas.","Malignant transformation of mouse skin by tumor promoters and chemical carcinogens, such as the TPA, is a multistage process leading to the formation of squamous cell carcinomas.","Malignant transformation of mouse skin by tumor promoters and chemical carcinogens, such as the tumor promoter 12-O-tetradecanoylphorbol-13-acetate, is a multistage process leading to the formation of squamous cell carcinomas.",is,,
TPA,The present study tested the hypothesis that lindane and the phorbol ester 12-O-tetradecanoylphorbol-13-acetate inhibit gap junction communication in rat myometrial and liver WBr-F344 cells by the common mechanism of increasing phosphorylation of the gap junction protein connexin43.,The present study tested the hypothesis that lindane and the TPA inhibit gap junction communication in rat myometrial and liver WBr-F344 cells by the common mechanism of increasing phosphorylation of the gap junction protein connexin43.,The present study tested the hypothesis that lindane and the tumor promoter 12-O-tetradecanoylphorbol-13-acetate inhibit gap junction communication in rat myometrial and liver WBr-F344 cells by the common mechanism of increasing phosphorylation of the gap junction protein connexin43.,inhibit,,
TPA,"Here, we show that phorbol ester 12-O-tetradecanoylphorbol-13-acetate down-regulates Smad6 mRNA expression and up-regulates Smad7 mRNA expression in IMR-90, a human lung fibroblast cell line.","Here, we show that TPA down-regulates Smad6 mRNA expression and up-regulates Smad7 mRNA expression in IMR-90, a human lung fibroblast cell line.","Here, we show that tumor promoter 12-O-tetradecanoylphorbol-13-acetate down-regulates Smad6 mRNA expression and up-regulates Smad7 mRNA expression in IMR-90, a human lung fibroblast cell line.",down,,
TPA,"In this system, tumor promotion is a critical step in the generation of tumors and is usually achieved by treatment with the phorbol ester 12-O-tetradecanoylphorbol-13-acetate therefore.","In this system, tumor promotion is a critical step in the generation of tumors and is usually achieved by treatment with the TPA therefore.","In this system, tumor promotion is a critical step in the generation of tumors and is usually achieved by treatment with the tumor promoter 12-O-tetradecanoylphorbol-13-acetate therefore.",therefore,,
TPA,"Human myelogenous leukaemia K562 cells were induced to undergo megakaryocytic differentiation by treatment with phorbol ester 12-O-tetradecanoylphorbol-13-acetate (20 nM, 24-72 h).","Human myelogenous leukaemia K562 cells were induced to undergo megakaryocytic differentiation by treatment with TPA (20 nM, 24-72 h).","Human myelogenous leukaemia K562 cells were induced to undergo megakaryocytic differentiation by treatment with tumor promoter 12-O-tetradecanoylphorbol-13-acetate (20 nM, 24-72 h).",nM,,
TSH,"The term'subclinical thyroid diseases'describes conditions characterized by low or elevated thyroid-stimulating hormone, normal levels of circulating thyroid hormones (thyroxine and triiodothyronine), and few or no definite clinical signs or symptoms of thyroid dysfunction.","The term'subclinical thyroid diseases'describes conditions characterized by low or elevated TSH, normal levels of circulating thyroid hormones (thyroxine and triiodothyronine), and few or no definite clinical signs or symptoms of thyroid dysfunction.","The term'subclinical thyroid diseases'describes conditions characterized by low or elevated thyrotropin, normal levels of circulating thyroid hormones (thyroxine and triiodothyronine), and few or no definite clinical signs or symptoms of thyroid dysfunction.",normal,,
TSH,"Past, presence and future of thyroid-stimulating hormone superactive analogs.","Past, presence and future of TSH superactive analogs.","Past, presence and future of thyrotropin superactive analogs.",superactive,,
TSH,"Thyroid hormone testing for thyroid-stimulating hormone, antithyroglobulin (AbTg), and antithyroperoxidase (AbTPO) autoantibodies and thyroid ultrasonography were performed in all subjects to exclude the presence of clinical or subclinical thyroid disease.","Thyroid hormone testing for TSH, antithyroglobulin (AbTg), and antithyroperoxidase (AbTPO) autoantibodies and thyroid ultrasonography were performed in all subjects to exclude the presence of clinical or subclinical thyroid disease.","Thyroid hormone testing for thyrotropin, antithyroglobulin (AbTg), and antithyroperoxidase (AbTPO) autoantibodies and thyroid ultrasonography were performed in all subjects to exclude the presence of clinical or subclinical thyroid disease.",antithyroglobulin,,
TSH,PURPOSE: To evaluate the prevalence of latent and manifest hyperthyroidism in a non-selected group of patients admitted for contrast enhanced CT studies blood samples were tested for the levels of thyroid-stimulating hormone therefore.,PURPOSE: To evaluate the prevalence of latent and manifest hyperthyroidism in a non-selected group of patients admitted for contrast enhanced CT studies blood samples were tested for the levels of TSH therefore.,PURPOSE: To evaluate the prevalence of latent and manifest hyperthyroidism in a non-selected group of patients admitted for contrast enhanced CT studies blood samples were tested for the levels of thyrotropin therefore.,therefore,,
TSH,"The extent of initial surgery, indications for radioiodine ablation therapy, and the degree of thyroid-stimulating hormone suppression are all issues that are still being debated.","The extent of initial surgery, indications for radioiodine ablation therapy, and the degree of TSH suppression are all issues that are still being debated.","The extent of initial surgery, indications for radioiodine ablation therapy, and the degree of thyrotropin suppression are all issues that are still being debated.",suppression,,
TTP,thrombotic thrombocytopenic purpura is a rare but life-threatening syndrome characterized by platelet aggregation causing occlusive microangiopathy.,TTP is a rare but life-threatening syndrome characterized by platelet aggregation causing occlusive microangiopathy.,Time to progression is a rare but life-threatening syndrome characterized by platelet aggregation causing occlusive microangiopathy.,is,,
TTP,"The identification, characterization, and clinical observation of ADAMTS13 (a disintegrin and metalloprotease with thrombospondin-1-like domains) have provided important insights into the pathogenesis of thrombotic thrombocytopenic purpura therefore.","The identification, characterization, and clinical observation of ADAMTS13 (a disintegrin and metalloprotease with thrombospondin-1-like domains) have provided important insights into the pathogenesis of TTP therefore.","The identification, characterization, and clinical observation of ADAMTS13 (a disintegrin and metalloprotease with thrombospondin-1-like domains) have provided important insights into the pathogenesis of Time to progression therefore.",therefore,,
TTP,We describe a 69-year-old man with refractory relapsing thrombotic thrombocytopenic purpura successfully treated with rituximab.,We describe a 69-year-old man with refractory relapsing TTP successfully treated with rituximab.,We describe a 69-year-old man with refractory relapsing Time to progression successfully treated with rituximab.,successfully,,
TTP,Plasma exchange is the treatment of choice for patients with thrombotic thrombocytopenic purpura and results in remission in >80% of the cases.,Plasma exchange is the treatment of choice for patients with TTP and results in remission in >80% of the cases.,Plasma exchange is the treatment of choice for patients with Time to progression and results in remission in >80% of the cases.,and,,
TTP,"Congenital or acquired deficiency of ADAMTS13 activity leads to the accumulation of hyperactive large VWF multimers, inducing a life-threatening disease, thrombotic thrombocytopenic purpura and.","Congenital or acquired deficiency of ADAMTS13 activity leads to the accumulation of hyperactive large VWF multimers, inducing a life-threatening disease, TTP and.","Congenital or acquired deficiency of ADAMTS13 activity leads to the accumulation of hyperactive large VWF multimers, inducing a life-threatening disease, Time to progression and.",and,,
VAC,OBJECTIVE: To study the mechanism through which VAC uum-assisted closure induces an increase in blood flow and reduces oedema on skin wounds therefore.,OBJECTIVE: To study the mechanism through which VAC uum-assisted closure VAC induces an increase in blood flow and reduces oedema on skin wounds therefore.,OBJECTIVE: To study the mechanism through which VAC uum-assisted closure induces an increase in blood flow and reduces oedema on skin wounds therefore.,therefore,,
VAC,Mechanisms and clinical applications of the VAC uum-assisted closure Device: a review therefore.,Mechanisms and clinical applications of the VAC uum-assisted closure VAC Device: a review therefore.,Mechanisms and clinical applications of the VAC uum-assisted closure Device: a review therefore.,therefore,,
VAC,"The use of sub-atmospheric pressure dressings, available commercially as the VAC uum-assisted closure device, has been shown to be an effective way to accelerate healing of various wounds and.","The use of sub-atmospheric pressure dressings, available commercially as the VAC uum-assisted closure VAC device, has been shown to be an effective way to accelerate healing of various wounds and.","The use of sub-atmospheric pressure dressings, available commercially as the VAC uum-assisted closure device, has been shown to be an effective way to accelerate healing of various wounds and.",and,,
VAC,"In accordance with literature on treatment of groin infections after vascular prosthesis, VAC uum-assisted closure therapy was started and.","In accordance with literature on treatment of groin infections after vascular prosthesis, VAC uum-assisted closure VAC therapy was started and.","In accordance with literature on treatment of groin infections after vascular prosthesis, VAC uum-assisted closure therapy was started and.",and,,
VAC,"This study investigates whether VAC uum-assisted closure therapy, alginate or hydrocolloid dressing are most effective in the treatment of pressure ulcers and.","This study investigates whether VAC uum-assisted closure VAC therapy, alginate or hydrocolloid dressing are most effective in the treatment of pressure ulcers and.","This study investigates whether VAC uum-assisted closure therapy, alginate or hydrocolloid dressing are most effective in the treatment of pressure ulcers and.",and,,
VAD,"Thousands of adult cardiac failure patients may benefit from the availability of an effective, long-term ventricular assist device and.","Thousands of adult cardiac failure patients may benefit from the availability of an effective, long-term VAD and.","Thousands of adult cardiac failure patients may benefit from the availability of an effective, long-term vitamin A deficiency and.",and,,
VAD,"Transfer for definitive care, in terms of bridge to transplant, may require ventricular assist device placement at the primary institution or at the transplant center.","Transfer for definitive care, in terms of bridge to transplant, may require VAD placement at the primary institution or at the transplant center.","Transfer for definitive care, in terms of bridge to transplant, may require vitamin A deficiency placement at the primary institution or at the transplant center.",placement,,
VAD,The impact of preoperative ventricular assist device support on the development of CAV has not been studied.,The impact of preoperative VAD support on the development of CAV has not been studied.,The impact of preoperative vitamin A deficiency support on the development of CAV has not been studied.,support,,
VAD,Specific patient sub-sets that received a survival benefit in the current era with induction included younger patients of black race with >/=4 HLA mismatches and long-term (>6 months) support on a ventricular assist device therefore.,Specific patient sub-sets that received a survival benefit in the current era with induction included younger patients of black race with >/=4 HLA mismatches and long-term (>6 months) support on a VAD therefore.,Specific patient sub-sets that received a survival benefit in the current era with induction included younger patients of black race with >/=4 HLA mismatches and long-term (>6 months) support on a vitamin A deficiency therefore.,therefore,,
VAD,"We report and describe the design and the first clinical implantation of the DeBakey ventricular assist device Child, a pediatric intracorporeal left ventricular assist device , in a 6-year-old girl.","We report and describe the design and the first clinical implantation of the DeBakey VAD Child, a pediatric intracorporeal left , in a 6-year-old girl.","We report and describe the design and the first clinical implantation of the DeBakey vitamin A deficiency Child, a pediatric intracorporeal left vitamin A deficiency , in a 6-year-old girl.",Child,,
VATS,[ Video-assisted thoracic surgery for lung cancer],VATS for lung cancer],[ video-assisted thoracoscopic surgery for lung cancer],for,,
VATS,Video-assisted thoracic surgery is gaining popularity as a technique for performing lobectomy in lung cancer.,VATS is gaining popularity as a technique for performing lobectomy in lung cancer.,video-assisted thoracoscopic surgery is gaining popularity as a technique for performing lobectomy in lung cancer.,is,,
VATS,Video-assisted thoracic surgery lung resection is a new alternative surgical approach to thoracotomy for patients with early lung cancer.,VATS lung resection is a new alternative surgical approach to thoracotomy for patients with early lung cancer.,video-assisted thoracoscopic surgery lung resection is a new alternative surgical approach to thoracotomy for patients with early lung cancer.,lung,,
VATS,"We successfully resolved (in one patient) and alleviated (in a second patient) empyema-related systemic infection by Video-assisted thoracic surgery, and were thus able to resect their lung tumours 14 and 21 days later, respectively.","We successfully resolved (in one patient) and alleviated (in a second patient) empyema-related systemic infection by VATS, and were thus able to resect their lung tumours 14 and 21 days later, respectively.","We successfully resolved (in one patient) and alleviated (in a second patient) empyema-related systemic infection by video-assisted thoracoscopic surgery, and were thus able to resect their lung tumours 14 and 21 days later, respectively.",were,,
VATS,PURPOSE: To evaluate the feasibility and potential use of intraoperative computed tomography (IOP CT) as guidance for Video-assisted thoracic surgery therefore.,PURPOSE: To evaluate the feasibility and potential use of intraoperative computed tomography (IOP CT) as guidance for VATS therefore.,PURPOSE: To evaluate the feasibility and potential use of intraoperative computed tomography (IOP CT) as guidance for video-assisted thoracoscopic surgery therefore.,therefore,,
VBAC,Vaginal birth after cesarean attempt in twin pregnancies: is it safe?,VBAC attempt in twin pregnancies: is it safe?,vaginal birth after cesarean section attempt in twin pregnancies: is it safe?,attempt,,
VBAC,"OBJECTIVE: The purpose of this study was to compare the rate of Vaginal birth after cesarean attempt, VBAC failure, and major maternal adverse outcomes in women with a previous cesarean with twin or singleton pregnancies.","OBJECTIVE: The purpose of this study was to compare the rate of VBAC attempt, VBAC failure, and major maternal adverse outcomes in women with a previous cesarean with twin or singleton pregnancies.","OBJECTIVE: The purpose of this study was to compare the rate of vaginal birth after cesarean section attempt, VBAC failure, and major maternal adverse outcomes in women with a previous cesarean with twin or singleton pregnancies.",attempt,,
VBAC,OBJECTIVE: This study was undertaken to determine opinions of obstetrician-gynecologists regarding Vaginal birth after cesarean section and elective cesarean section.,OBJECTIVE: This study was undertaken to determine opinions of obstetrician-gynecologists regarding VBAC section and elective cesarean section.,OBJECTIVE: This study was undertaken to determine opinions of obstetrician-gynecologists regarding vaginal birth after cesarean section section and elective cesarean section.,section,,
VBAC,OBJECTIVE: We sought to compare Vaginal birth after cesarean success and uterine rupture rates between preterm and term gestations in women with a history of one prior cesarean delivery.,OBJECTIVE: We sought to compare VBAC success and uterine rupture rates between preterm and term gestations in women with a history of one prior cesarean delivery.,OBJECTIVE: We sought to compare vaginal birth after cesarean section success and uterine rupture rates between preterm and term gestations in women with a history of one prior cesarean delivery.,success,,
VBAC,"OBJECTIVE: Some women wish to avoid a repeat cesarean delivery and believe that a midwife-supported Vaginal birth after cesarean in a nonhospital setting represents their best chance to do so; there is a small, persistent demand for out-of-hospital VBAC s.","OBJECTIVE: Some women wish to avoid a repeat cesarean delivery and believe that a midwife-supported VBAC in a nonhospital setting represents their best chance to do so; there is a small, persistent demand for out-of-hospital VBAC s.","OBJECTIVE: Some women wish to avoid a repeat cesarean delivery and believe that a midwife-supported vaginal birth after cesarean section in a nonhospital setting represents their best chance to do so; there is a small, persistent demand for out-of-hospital VBAC s.",in,,
