ABBR,Sentence_A,Sentence_B,Sentence_C,Sentence_A_Prime,Sentence_B_Prime,Sentence_C_Prime
AAA,OBJECTIVE: abdominal aortic aneurysm represents a chronic degenerative condition associated with atherosclerosis.,OBJECTIVE: AAA represents a chronic degenerative condition associated with atherosclerosis.,OBJECTIVE: aromatic amino acids represents a chronic degenerative condition associated with atherosclerosis.,"The plasma level of BCAA decreased evidently at 2 PBH and increased obviously at 12 PBH, while the plasma levels of aromatic amino acids increased evidently at 12 and 24 PBHs.","The plasma level of BCAA decreased evidently at 2 PBH and increased obviously at 12 PBH, while the plasma levels of AAA increased evidently at 12 and 24 PBHs.","The plasma level of BCAA decreased evidently at 2 PBH and increased obviously at 12 PBH, while the plasma levels of abdominal aortic aneurysm increased evidently at 12 and 24 PBHs."
AAA,"METHODS: The Canadian Institute for Health Information database (a collection of all acute care hospitalizations) was reviewed to identify patients who received nonemergent repair of an abdominal aortic aneurysm between April 1, 2003 and March 31, 2004.","METHODS: The Canadian Institute for Health Information database (a collection of all acute care hospitalizations) was reviewed to identify patients who received nonemergent repair of an AAA between April 1, 2003 and March 31, 2004.","METHODS: The Canadian Institute for Health Information database (a collection of all acute care hospitalizations) was reviewed to identify patients who received nonemergent repair of an aromatic amino acids between April 1, 2003 and March 31, 2004.","After each ALSS treatment, the liver function of these patients was greatly improved, the serum endotoxin and HBV-DNA concentrations were significantly decreased, and the serum concentration of aromatic amino acids such as methionine decreased while the ratio of branched chain amino acids and aromatic amino acids (BCAA/ AAA ratio) increased; patients treated with ALSS in the early or middle stages of disease had much higher survival rates than patients in the end stage of disease.","After each ALSS treatment, the liver function of these patients was greatly improved, the serum endotoxin and HBV-DNA concentrations were significantly decreased, and the serum concentration of AAA such as methionine decreased while the ratio of branched chain amino acids and (BCAA/ AAA ratio) increased; patients treated with ALSS in the early or middle stages of disease had much higher survival rates than patients in the end stage of disease.","After each ALSS treatment, the liver function of these patients was greatly improved, the serum endotoxin and HBV-DNA concentrations were significantly decreased, and the serum concentration of abdominal aortic aneurysm such as methionine decreased while the ratio of branched chain amino acids and abdominal aortic aneurysm (BCAA/ AAA ratio) increased; patients treated with ALSS in the early or middle stages of disease had much higher survival rates than patients in the end stage of disease."
AAA,Screening for abdominal aortic aneurysm reduced mortality caused by AAA in Danish men 64 to 73 years of age.,Screening for AAA reduced mortality caused by AAA in Danish men 64 to 73 years of age.,Screening for aromatic amino acids reduced mortality caused by AAA in Danish men 64 to 73 years of age.,"A marked decrease in BCAA (branch-chainamino acid) was observed at 2, 6 and 12 h after administration of endotoxin, but aromatic amino acids increased in varying degrees.","A marked decrease in BCAA (branch-chainamino acid) was observed at 2, 6 and 12 h after administration of endotoxin, but AAA increased in varying degrees.","A marked decrease in BCAA (branch-chainamino acid) was observed at 2, 6 and 12 h after administration of endotoxin, but abdominal aortic aneurysm increased in varying degrees."
AAA,"abdominal aortic aneurysm is characterized by dilatation of arterial walls, which is accompanied by degradation of elastin and collagen molecules.","AAA is characterized by dilatation of arterial walls, which is accompanied by degradation of elastin and collagen molecules.","aromatic amino acids is characterized by dilatation of arterial walls, which is accompanied by degradation of elastin and collagen molecules.","After each ALSS treatment, the liver function of these patients greatly improved, serum endotoxin and HBV-DNA concentrations were significantly decreased, and the serum concentration of aromatic amino acids such as methionine decreased while BCAA/ AAA ratio increased.","After each ALSS treatment, the liver function of these patients greatly improved, serum endotoxin and HBV-DNA concentrations were significantly decreased, and the serum concentration of AAA such as methionine decreased while BCAA/ AAA ratio increased.","After each ALSS treatment, the liver function of these patients greatly improved, serum endotoxin and HBV-DNA concentrations were significantly decreased, and the serum concentration of abdominal aortic aneurysm such as methionine decreased while BCAA/ AAA ratio increased."
AAA,"OBJECTIVE: To evaluate the results of our experience in the management of patients with symptomatic, unruptured abdominal aortic aneurysm, to identify the predictors of immediate outcome and to define the worldwide postoperative mortality rate through a review of previous studies on this condition.","OBJECTIVE: To evaluate the results of our experience in the management of patients with symptomatic, unruptured AAA, to identify the predictors of immediate outcome and to define the worldwide postoperative mortality rate through a review of previous studies on this condition.","OBJECTIVE: To evaluate the results of our experience in the management of patients with symptomatic, unruptured aromatic amino acids, to identify the predictors of immediate outcome and to define the worldwide postoperative mortality rate through a review of previous studies on this condition.","Both the Unit and the PF-Unit have the capability to selectively remove various amino acids, especially aromatic amino acids.","Both the Unit and the PF-Unit have the capability to selectively remove various amino acids, especially AAA.","Both the Unit and the PF-Unit have the capability to selectively remove various amino acids, especially abdominal aortic aneurysm."
ABG,INTRODUCTION: Determination of arterial blood gas values is essential in the evaluation of patients with TCA poisoning.,INTRODUCTION: Determination of ABG values is essential in the evaluation of patients with TCA poisoning.,INTRODUCTION: Determination of air-bone gap values is essential in the evaluation of patients with TCA poisoning.,"The air-bone gap closure rate did not differ between the 2 groups, except at 4 kHz, where stapedotomy group showed greater closure (P 0.003).","The ABG closure rate did not differ between the 2 groups, except at 4 kHz, where stapedotomy group showed greater closure (P 0.003).","The arterial blood gas closure rate did not differ between the 2 groups, except at 4 kHz, where stapedotomy group showed greater closure (P 0.003)."
ABG,"MEASUREMENT AND RESULTS: Changes from baseline in arterial blood gas levels and Kelly score, the rate and causes of NPPV failure, the rate of nosocomial pneumonia, and the 90-day mortality rate were compared.","MEASUREMENT AND RESULTS: Changes from baseline in ABG levels and Kelly score, the rate and causes of NPPV failure, the rate of nosocomial pneumonia, and the 90-day mortality rate were compared.","MEASUREMENT AND RESULTS: Changes from baseline in air-bone gap levels and Kelly score, the rate and causes of NPPV failure, the rate of nosocomial pneumonia, and the 90-day mortality rate were compared.","OBJECTIVE: Manual piston malcrimping in stapedotomy may be the major cause of the occurrence of the significant, interindividual variations of postoperative air-bone gap, air-bone gap closures ( ABG C), and postoperative recurrences of conductive hearing loss.","OBJECTIVE: Manual piston malcrimping in stapedotomy may be the major cause of the occurrence of the significant, interindividual variations of postoperative ABG, closures ( ABG C), and postoperative recurrences of conductive hearing loss.","OBJECTIVE: Manual piston malcrimping in stapedotomy may be the major cause of the occurrence of the significant, interindividual variations of postoperative arterial blood gas, arterial blood gas closures ( ABG C), and postoperative recurrences of conductive hearing loss."
ABG,At that time arterial blood gas analysis revealed a PCO2 of 17.5 kPa (134 mmHg) and pH of 6.9.,At that time ABG analysis revealed a PCO2 of 17.5 kPa (134 mmHg) and pH of 6.9.,At that time air-bone gap analysis revealed a PCO2 of 17.5 kPa (134 mmHg) and pH of 6.9.,"The effects of the self-crimping Nitinol piston on the postoperative ABG C, the postoperative air-bone gap variations, and the postoperative short-term hearing results were investigated 3, 6 and 9 months postoperatively.","The effects of the self-crimping Nitinol piston on the postoperative ABG C, the postoperative ABG variations, and the postoperative short-term hearing results were investigated 3, 6 and 9 months postoperatively.","The effects of the self-crimping Nitinol piston on the postoperative ABG C, the postoperative arterial blood gas variations, and the postoperative short-term hearing results were investigated 3, 6 and 9 months postoperatively."
ABG,"Then the arterial blood gas sample was obtained, an intravenous infusion of methylene blue and vitamin C followed.","Then the ABG sample was obtained, an intravenous infusion of methylene blue and vitamin C followed.","Then the air-bone gap sample was obtained, an intravenous infusion of methylene blue and vitamin C followed.","When reporting the results of tympanoplasty, the postoperative air-bone gap presented in 10 dB bins, ABG closure and air conduction threshold gain are commonly reported indicators of tympanoplasty outcome.","When reporting the results of tympanoplasty, the postoperative ABG presented in 10 dB bins, ABG closure and air conduction threshold gain are commonly reported indicators of tympanoplasty outcome.","When reporting the results of tympanoplasty, the postoperative arterial blood gas presented in 10 dB bins, ABG closure and air conduction threshold gain are commonly reported indicators of tympanoplasty outcome."
ABG,"All subjects also underwent blood pressure, simple spirometric, and arterial blood gas measurements; cardiac evaluation by radionuclide scanning and CPET; and an overnight polysomnography sleep study before and after nasal CPAP treatment.","All subjects also underwent blood pressure, simple spirometric, and ABG measurements; cardiac evaluation by radionuclide scanning and CPET; and an overnight polysomnography sleep study before and after nasal CPAP treatment.","All subjects also underwent blood pressure, simple spirometric, and air-bone gap measurements; cardiac evaluation by radionuclide scanning and CPET; and an overnight polysomnography sleep study before and after nasal CPAP treatment.",RESULTS: All patients of both groups showed a significant air-bone gap improvement for all frequencies after surgery ( P<0. 001).,RESULTS: All patients of both groups showed a significant ABG improvement for all frequencies after surgery ( P<0. 001).,RESULTS: All patients of both groups showed a significant arterial blood gas improvement for all frequencies after surgery ( P<0. 001).
ABR,Auditory brainstem response thresholds were used to evaluate auditory function in mice carrying the Frings Mgr1 allele and were compared with other AGS-susceptible and -resistant mice.,ABR thresholds were used to evaluate auditory function in mice carrying the Frings Mgr1 allele and were compared with other AGS-susceptible and -resistant mice.,auditory brain stem response thresholds were used to evaluate auditory function in mice carrying the Frings Mgr1 allele and were compared with other AGS-susceptible and -resistant mice.,"The aim of this study was to corroborate the correspondence between the MSSR generators elicited by amplitude modulated tones ranging between 80-100 Hz, with the generators of auditory brain stem response.","The aim of this study was to corroborate the correspondence between the MSSR generators elicited by amplitude modulated tones ranging between 80-100 Hz, with the generators of ABR.","The aim of this study was to corroborate the correspondence between the MSSR generators elicited by amplitude modulated tones ranging between 80-100 Hz, with the generators of Auditory brainstem response."
ABR,"The Auditory brainstem response, a measure of neural synchrony, was used to estimate auditory sensitivity in the eastern screech owl (Megascops asio).","The ABR, a measure of neural synchrony, was used to estimate auditory sensitivity in the eastern screech owl (Megascops asio).","The auditory brain stem response, a measure of neural synchrony, was used to estimate auditory sensitivity in the eastern screech owl (Megascops asio).","Before treatment, her auditory brain stem response test revealed bilateral prolongation.","Before treatment, her ABR test revealed bilateral prolongation.","Before treatment, her Auditory brainstem response test revealed bilateral prolongation."
ABR,Most ENT physicians who are not capable of behavioral testing tend to evaluate hearing of infants only from testing Auditory brainstem response.,Most ENT physicians who are not capable of behavioral testing tend to evaluate hearing of infants only from testing ABR.,Most ENT physicians who are not capable of behavioral testing tend to evaluate hearing of infants only from testing auditory brain stem response.,"Auditory threshold shifts at 1.5, 2, 3, 4, 6, 8, 12 und 16 kHz were registered before and immediately after exposure as well as on days 1, 2, 3, 5,7 and 21 post-exposure using the auditory brain stem response technique.","Auditory threshold shifts at 1.5, 2, 3, 4, 6, 8, 12 und 16 kHz were registered before and immediately after exposure as well as on days 1, 2, 3, 5,7 and 21 post-exposure using the ABR technique.","Auditory threshold shifts at 1.5, 2, 3, 4, 6, 8, 12 und 16 kHz were registered before and immediately after exposure as well as on days 1, 2, 3, 5,7 and 21 post-exposure using the Auditory brainstem response technique."
ABR,Otoacoustic emissions and Auditory brainstem response suggested the presence of auditory neuropathy in affected individuals.,Otoacoustic emissions and ABR suggested the presence of auditory neuropathy in affected individuals.,Otoacoustic emissions and auditory brain stem response suggested the presence of auditory neuropathy in affected individuals.,"Both underwent serial oculomotor assessment and an audiological battery, including visual reinforcement audiometry, otoacoustic emissions, and the auditory brain stem response.","Both underwent serial oculomotor assessment and an audiological battery, including visual reinforcement audiometry, otoacoustic emissions, and the ABR.","Both underwent serial oculomotor assessment and an audiological battery, including visual reinforcement audiometry, otoacoustic emissions, and the Auditory brainstem response."
ABR,"CONCLUSIONS: Based on the Auditory brainstem response results obtained in this study, the incidence of deafness in children whose mothers had rubella during pregnancy is high (29.5%), and deafness is profound in most cases (80%).","CONCLUSIONS: Based on the ABR results obtained in this study, the incidence of deafness in children whose mothers had rubella during pregnancy is high (29.5%), and deafness is profound in most cases (80%).","CONCLUSIONS: Based on the auditory brain stem response results obtained in this study, the incidence of deafness in children whose mothers had rubella during pregnancy is high (29.5%), and deafness is profound in most cases (80%).","In coordination with the Paediatrics Department, we drew up a protocol for the'Early Detection of Hearing Loss in High-Risk Neonates'based fundamentally on the sequential application of impedanciometry and the auditory brain stem response.","In coordination with the Paediatrics Department, we drew up a protocol for the'Early Detection of Hearing Loss in High-Risk Neonates'based fundamentally on the sequential application of impedanciometry and the ABR.","In coordination with the Paediatrics Department, we drew up a protocol for the'Early Detection of Hearing Loss in High-Risk Neonates'based fundamentally on the sequential application of impedanciometry and the Auditory brainstem response."
ACE,As angiotensin-converting enzyme activity controls angiotensin II there might be a rationale for the use of ACE inhibitors to prevent or treat ED.,As ACE activity controls angiotensin II there might be a rationale for the use of ACE inhibitors to prevent or treat ED.,As affinity capillary electrophoresis activity controls angiotensin II there might be a rationale for the use of ACE inhibitors to prevent or treat ED.,The interaction between SARS coronavirus 3C-like (3CL) proteinase and an octapeptide interf ACE inhibitor was studied by affinity capillary electrophoresis.,The interaction between SARS coronavirus 3C-like (3CL) proteinase and an octapeptide interf ACE inhibitor was studied by ACE.,The interaction between SARS coronavirus 3C-like (3CL) proteinase and an octapeptide interf ACE inhibitor was studied by angiotensin-converting enzyme.
ACE,"The aim of the present study was to assess the effect of treatment with the angiotensin II receptor blocker telmisartan for 24 weeks on myocardial structure and function in patients with essential hypertension, and the relationship between this effect and the structural polymorphism of the angiotensin-converting enzyme gene.","The aim of the present study was to assess the effect of treatment with the angiotensin II receptor blocker telmisartan for 24 weeks on myocardial structure and function in patients with essential hypertension, and the relationship between this effect and the structural polymorphism of the ACE gene.","The aim of the present study was to assess the effect of treatment with the angiotensin II receptor blocker telmisartan for 24 weeks on myocardial structure and function in patients with essential hypertension, and the relationship between this effect and the structural polymorphism of the affinity capillary electrophoresis gene.",affinity capillary electrophoresis is a robust tool for the study of noncovalent biomolecular interactions and to determine the binding constants.,ACE is a robust tool for the study of noncovalent biomolecular interactions and to determine the binding constants.,angiotensin-converting enzyme is a robust tool for the study of noncovalent biomolecular interactions and to determine the binding constants.
ACE,We examined the effects of enalapril ( angiotensin-converting enzyme inhibitor) or losartan (angiotensin AT1 receptor antagonist) on duodenal HCO3- secretion in rats and investigated the mechanisms involved in the renin-angiotensin system-related HCO3- response.,We examined the effects of enalapril ACE inhibitor) or losartan (angiotensin AT1 receptor antagonist) on duodenal HCO3- secretion in rats and investigated the mechanisms involved in the renin-angiotensin system-related HCO3- response.,We examined the effects of enalapril ( affinity capillary electrophoresis inhibitor) or losartan (angiotensin AT1 receptor antagonist) on duodenal HCO3- secretion in rats and investigated the mechanisms involved in the renin-angiotensin system-related HCO3- response.,The present study shows that the application of the method of affinity capillary electrophoresis to investigate interactions between ligands and their substrates can be realized on microchips.,The present study shows that the application of the method of ACE to investigate interactions between ligands and their substrates can be realized on microchips.,The present study shows that the application of the method of angiotensin-converting enzyme to investigate interactions between ligands and their substrates can be realized on microchips.
ACE,"Using synthetic substrates for measuring angiotensin-converting enzyme and chymase activities, it was found that both ACE and chymase activities in extracts from SHR aortas were significantly higher than in those from WKY rat aortas.","Using synthetic substrates for measuring ACE and chymase activities, it was found that both ACE and chymase activities in extracts from SHR aortas were significantly higher than in those from WKY rat aortas.","Using synthetic substrates for measuring affinity capillary electrophoresis and chymase activities, it was found that both ACE and chymase activities in extracts from SHR aortas were significantly higher than in those from WKY rat aortas.",A theoretical study supported by experimental data also demonstrates that the retention of analyte in affinity capillary electrophoresis using the partial-filling technique depends linearly on the absolute amount of selector added but is independent of both selector zone length and selector mobility.,A theoretical study supported by experimental data also demonstrates that the retention of analyte in ACE using the partial-filling technique depends linearly on the absolute amount of selector added but is independent of both selector zone length and selector mobility.,A theoretical study supported by experimental data also demonstrates that the retention of analyte in angiotensin-converting enzyme using the partial-filling technique depends linearly on the absolute amount of selector added but is independent of both selector zone length and selector mobility.
ACE,"angiotensin-converting enzyme inhibitors have demonstrated important advantages over conventional agents such as beta-blockers and thiazide diuretics, and have become a relevant part of treatment for heart failure post-myocardial infarction, left ventricular dysfunction and renal disease.","ACE inhibitors have demonstrated important advantages over conventional agents such as beta-blockers and thiazide diuretics, and have become a relevant part of treatment for heart failure post-myocardial infarction, left ventricular dysfunction and renal disease.","affinity capillary electrophoresis inhibitors have demonstrated important advantages over conventional agents such as beta-blockers and thiazide diuretics, and have become a relevant part of treatment for heart failure post-myocardial infarction, left ventricular dysfunction and renal disease.","To address this problem, the authors employed affinity capillary electrophoresis to identify antimicrobial compounds that bound the novel target YihA.","To address this problem, the authors employed ACE to identify antimicrobial compounds that bound the novel target YihA.","To address this problem, the authors employed angiotensin-converting enzyme to identify antimicrobial compounds that bound the novel target YihA."
ACL,"Additionally, femoral notch narrowing at the anterior cruciate ligament insertion site is associated with disease severity, but it is unknown whether ligament deterioration precedes or follows osteophyte formation.","Additionally, femoral notch narrowing at the ACL insertion site is associated with disease severity, but it is unknown whether ligament deterioration precedes or follows osteophyte formation.","Additionally, femoral notch narrowing at the American cutaneous leishmaniasis insertion site is associated with disease severity, but it is unknown whether ligament deterioration precedes or follows osteophyte formation.",Leishmania braziliensis is the main etiological agent of American cutaneous leishmaniasis and mucocutaneous leishmaniasis.,Leishmania braziliensis is the main etiological agent of ACL and mucocutaneous leishmaniasis.,Leishmania braziliensis is the main etiological agent of anterior cruciate ligament and mucocutaneous leishmaniasis.
ACL,This study reports the initial clinical results of 540 degrees of graft rotation or free tibial bone block to address graft tunnel mismatch in endoscopic anterior cruciate ligament reconstruction.,This study reports the initial clinical results of 540 degrees of graft rotation or free tibial bone block to address graft tunnel mismatch in endoscopic ACL reconstruction.,This study reports the initial clinical results of 540 degrees of graft rotation or free tibial bone block to address graft tunnel mismatch in endoscopic American cutaneous leishmaniasis reconstruction.,American cutaneous leishmaniasis is an endemic disease in Northern Argentina.,ACL is an endemic disease in Northern Argentina.,anterior cruciate ligament is an endemic disease in Northern Argentina.
ACL,Four patients had anterior cruciate ligament tear.,Four patients had ACL tear.,Four patients had American cutaneous leishmaniasis tear.,"The genetic relationships among male Lutzomyia (Nyssomyia) intermedia (Lutz&Neiva) (Diptera: Psychodidae) from three populations from the same endemic area of American cutaneous leishmaniasis in the state of Rio de Janeiro, Brazil, were compared.","The genetic relationships among male Lutzomyia (Nyssomyia) intermedia (Lutz&Neiva) (Diptera: Psychodidae) from three populations from the same endemic area of ACL in the state of Rio de Janeiro, Brazil, were compared.","The genetic relationships among male Lutzomyia (Nyssomyia) intermedia (Lutz&Neiva) (Diptera: Psychodidae) from three populations from the same endemic area of anterior cruciate ligament in the state of Rio de Janeiro, Brazil, were compared."
ACL,The press-fit fixation technique has become an alternative fixation method in anterior cruciate ligament reconstruction.,The press-fit fixation technique has become an alternative fixation method in ACL reconstruction.,The press-fit fixation technique has become an alternative fixation method in American cutaneous leishmaniasis reconstruction.,"A case-comparison study was carried out to identify risk factors for mucosal manifestations of American cutaneous leishmaniasis in southeast Brazil, using a series of 2820 patients, diagnosed with ACL between 1966 and 1999.","A case-comparison study was carried out to identify risk factors for mucosal manifestations of ACL in southeast Brazil, using a series of 2820 patients, diagnosed with ACL between 1966 and 1999.","A case-comparison study was carried out to identify risk factors for mucosal manifestations of anterior cruciate ligament in southeast Brazil, using a series of 2820 patients, diagnosed with ACL between 1966 and 1999."
ACL,"Primary reconstruction of the anterior cruciate ligament restores knee stability in up to 95% of patients, but instability can recur.","Primary reconstruction of the ACL restores knee stability in up to 95% of patients, but instability can recur.","Primary reconstruction of the American cutaneous leishmaniasis restores knee stability in up to 95% of patients, but instability can recur.","We present a model for the dynamics of transmission of American cutaneous leishmaniasis that includes a population of incidental hosts for parasites (that is, they act only as sinks of infection), along with species that are reservoir hosts (that is, both source and sink of infection).","We present a model for the dynamics of transmission of ACL that includes a population of incidental hosts for parasites (that is, they act only as sinks of infection), along with species that are reservoir hosts (that is, both source and sink of infection).","We present a model for the dynamics of transmission of anterior cruciate ligament that includes a population of incidental hosts for parasites (that is, they act only as sinks of infection), along with species that are reservoir hosts (that is, both source and sink of infection)."
ADA,"The conformational models of the active site of Adenosine deaminase and its complexes in the basic state with adenosine and 13 isosteric analogues of the aza, deaza, and azadeaza series were constructed.","The conformational models of the active site of ADA and its complexes in the basic state with adenosine and 13 isosteric analogues of the aza, deaza, and azadeaza series were constructed.","The conformational models of the active site of Americans with Disabilities Act and its complexes in the basic state with adenosine and 13 isosteric analogues of the aza, deaza, and azadeaza series were constructed.","To explore this issue, qualitative archival data were collected and analyzed from 53 Americans with Disabilities Act lawsuits filed against 44 organizations.","To explore this issue, qualitative archival data were collected and analyzed from 53 ADA lawsuits filed against 44 organizations.","To explore this issue, qualitative archival data were collected and analyzed from 53 Adenosine deaminase lawsuits filed against 44 organizations."
ADA,"The aim of this study was to evaluate the significance of RPT in tuberculosis pleurisy with the patients clinical findings, biochemical and microbiological properties of pleural effusion and with the total Adenosine deaminase and isoenzymes levels.","The aim of this study was to evaluate the significance of RPT in tuberculosis pleurisy with the patients clinical findings, biochemical and microbiological properties of pleural effusion and with the total ADA and isoenzymes levels.","The aim of this study was to evaluate the significance of RPT in tuberculosis pleurisy with the patients clinical findings, biochemical and microbiological properties of pleural effusion and with the total Americans with Disabilities Act and isoenzymes levels.","Title I of the Americans with Disabilities Act sought to prohibit discrimination against persons with disabilities in the workplace, however, the ADA 's effectiveness remains controversial.","Title I of the ADA sought to prohibit discrimination against persons with disabilities in the workplace, however, the ADA 's effectiveness remains controversial.","Title I of the Adenosine deaminase sought to prohibit discrimination against persons with disabilities in the workplace, however, the ADA 's effectiveness remains controversial."
ADA,OBJECTIVE: The aim of this study was to evaluate saliva's activities of Adenosine deaminase and 5'-nucleotidase (5'-NT) enzymes and their utility as diagnostic and therapeutic markers in oral and laryngeal cancer.,OBJECTIVE: The aim of this study was to evaluate saliva's activities of ADA and 5'-nucleotidase (5'-NT) enzymes and their utility as diagnostic and therapeutic markers in oral and laryngeal cancer.,OBJECTIVE: The aim of this study was to evaluate saliva's activities of Americans with Disabilities Act and 5'-nucleotidase (5'-NT) enzymes and their utility as diagnostic and therapeutic markers in oral and laryngeal cancer.,The impact of the Americans with Disabilities Act of 1990 on the American workplace is examined.,The impact of the ADA of 1990 on the American workplace is examined.,The impact of the Adenosine deaminase of 1990 on the American workplace is examined.
ADA,Characterization of Adenosine deaminase in hemolymph of Biomphalaria glabrata.,Characterization of ADA in hemolymph of Biomphalaria glabrata.,Characterization of Americans with Disabilities Act in hemolymph of Biomphalaria glabrata.,The expansion of the number of students requesting accommodations in postsecondary settings compels clinicians to become knowledgeable about the legal definitions and documentation requirements of the Americans with Disabilities Act.,The expansion of the number of students requesting accommodations in postsecondary settings compels clinicians to become knowledgeable about the legal definitions and documentation requirements of the ADA.,The expansion of the number of students requesting accommodations in postsecondary settings compels clinicians to become knowledgeable about the legal definitions and documentation requirements of the Adenosine deaminase.
ADA,Adenosine deaminase is a key enzyme for the control of extra- and intra-cellular levels of adenosine.,ADA is a key enzyme for the control of extra- and intra-cellular levels of adenosine.,Americans with Disabilities Act is a key enzyme for the control of extra- and intra-cellular levels of adenosine.,Control is the touchstone for determining whether an individual is an employee for the purpose of determining if a business entity is a'covered entity'subject to Americans with Disabilities Act.,Control is the touchstone for determining whether an individual is an employee for the purpose of determining if a business entity is a'covered entity'subject to ADA.,Control is the touchstone for determining whether an individual is an employee for the purpose of determining if a business entity is a'covered entity'subject to Adenosine deaminase.
ADL,Functional status was measured as Activities of Daily Living and instrumental ADL (I ADL ).,Functional status was measured as ADL and instrumental ADL (I ADL ).,Functional status was measured as activities of daily life and instrumental ADL (I ADL ).,"Five categories of restraint were mapped: mechanical restraints, non-mechanical restraints, electronic surveillance, the use of force or pressure in medical treatment or examination, and the use of force or pressure in activities of daily life.","Five categories of restraint were mapped: mechanical restraints, non-mechanical restraints, electronic surveillance, the use of force or pressure in medical treatment or examination, and the use of force or pressure in ADL.","Five categories of restraint were mapped: mechanical restraints, non-mechanical restraints, electronic surveillance, the use of force or pressure in medical treatment or examination, and the use of force or pressure in Activities of Daily Living."
ADL,"The UPDRS Activities of Daily Living and motor scores as well as the PDQ-39 total, mobility, ADL , emotional well-being, stigma, and bodily discomfort scores were significantly improved at 12 months compared with baseline scores; the UPDRS ADL and motor scores as well as the PDQ-39 total, mobility, ADL , stigma, and bodily discomfort scores were significantly improved at the longest follow-up examination compared with baseline scores.","The UPDRS ADL and motor scores as well as the PDQ-39 total, mobility, ADL , emotional well-being, stigma, and bodily discomfort scores were significantly improved at 12 months compared with baseline scores; the UPDRS ADL and motor scores as well as the PDQ-39 total, mobility, ADL , stigma, and bodily discomfort scores were significantly improved at the longest follow-up examination compared with baseline scores.","The UPDRS activities of daily life and motor scores as well as the PDQ-39 total, mobility, ADL , emotional well-being, stigma, and bodily discomfort scores were significantly improved at 12 months compared with baseline scores; the UPDRS ADL and motor scores as well as the PDQ-39 total, mobility, ADL , stigma, and bodily discomfort scores were significantly improved at the longest follow-up examination compared with baseline scores.","The impact of epilepsy surgery on motor performance, activities of daily life and caregiver assistance was assessed in 37 children (age range 0.1-15.4 years) with pharmacologically untreatable epilepsy, 17 of whom were also diagnosed as having spasticity of cerebral origin.","The impact of epilepsy surgery on motor performance, ADL and caregiver assistance was assessed in 37 children (age range 0.1-15.4 years) with pharmacologically untreatable epilepsy, 17 of whom were also diagnosed as having spasticity of cerebral origin.","The impact of epilepsy surgery on motor performance, Activities of Daily Living and caregiver assistance was assessed in 37 children (age range 0.1-15.4 years) with pharmacologically untreatable epilepsy, 17 of whom were also diagnosed as having spasticity of cerebral origin."
ADL,"Urinary incontinence and falls are serious problem among elderly people, because of restriction of the Activities of Daily Living and Quality of Life.","Urinary incontinence and falls are serious problem among elderly people, because of restriction of the ADL and Quality of Life.","Urinary incontinence and falls are serious problem among elderly people, because of restriction of the activities of daily life and Quality of Life.","The importance of some personality characteristics for improvement of activities of daily life was studied in sixty-six stroke patients, initially admitted to geriatric rehabilitation (n=37) or the department of medicine (n=29), 3 years after stroke.","The importance of some personality characteristics for improvement of ADL was studied in sixty-six stroke patients, initially admitted to geriatric rehabilitation (n=37) or the department of medicine (n=29), 3 years after stroke.","The importance of some personality characteristics for improvement of Activities of Daily Living was studied in sixty-six stroke patients, initially admitted to geriatric rehabilitation (n=37) or the department of medicine (n=29), 3 years after stroke."
ADL,"Postoperative control of the amount of sputum, and recovery and maintenance of ventilatory gas exchange become possible by early respiratory rehabilitation, leading to prevention of complications, recovery of Activities of Daily Living, and early discharge from hospital.","Postoperative control of the amount of sputum, and recovery and maintenance of ventilatory gas exchange become possible by early respiratory rehabilitation, leading to prevention of complications, recovery of ADL, and early discharge from hospital.","Postoperative control of the amount of sputum, and recovery and maintenance of ventilatory gas exchange become possible by early respiratory rehabilitation, leading to prevention of complications, recovery of activities of daily life, and early discharge from hospital.","Distance and near BCVA, endothelial cell density, and quality of life, measured as activities of daily life, were evaluated preoperatively and postoperatively.","Distance and near BCVA, endothelial cell density, and quality of life, measured as ADL, were evaluated preoperatively and postoperatively.","Distance and near BCVA, endothelial cell density, and quality of life, measured as Activities of Daily Living, were evaluated preoperatively and postoperatively."
ADL,"The objective of this study was to determine whether hospitalization predicts long-term Activities of Daily Living dependence in previously ADL independent, although disabled, older women.","The objective of this study was to determine whether hospitalization predicts long-term ADL dependence in previously ADL independent, although disabled, older women.","The objective of this study was to determine whether hospitalization predicts long-term activities of daily life dependence in previously ADL independent, although disabled, older women.","Independent predictors for secondary prevention were younger age, male sex and independent activities of daily life function before the stroke, being discharged to home, being fully conscious on admission and health care region.","Independent predictors for secondary prevention were younger age, male sex and independent ADL function before the stroke, being discharged to home, being fully conscious on admission and health care region.","Independent predictors for secondary prevention were younger age, male sex and independent Activities of Daily Living function before the stroke, being discharged to home, being fully conscious on admission and health care region."
AFB,"USP-processed specimens were submitted to smear microscopy for detection of acid-fast bacilli, culture, and two PCR tests targeting devR (Rv3133c) and IS6110 gene sequences.","USP-processed specimens were submitted to smear microscopy for detection of AFB, culture, and two PCR tests targeting devR (Rv3133c) and IS6110 gene sequences.","USP-processed specimens were submitted to smear microscopy for detection of aflatoxin B1, culture, and two PCR tests targeting devR (Rv3133c) and IS6110 gene sequences.","A. fumigatus strains were found to produce aflatoxin B1, and two of them aflatoxin G1.","A. fumigatus strains were found to produce AFB, and two of them aflatoxin G1.","A. fumigatus strains were found to produce acid-fast bacilli, and two of them aflatoxin G1."
AFB,"The'gold standard'for confirmation of clinically diagnosed Buruli ulcer was a definite histological diagnosis, a positive culture for M. ulcerans, or a smear positive for acid-fast bacilli, together with a possible histological diagnosis.","The'gold standard'for confirmation of clinically diagnosed Buruli ulcer was a definite histological diagnosis, a positive culture for M. ulcerans, or a smear positive for AFB, together with a possible histological diagnosis.","The'gold standard'for confirmation of clinically diagnosed Buruli ulcer was a definite histological diagnosis, a positive culture for M. ulcerans, or a smear positive for aflatoxin B1, together with a possible histological diagnosis.","In the present study, a mucosal vaccine was used in an effort to elicit serum IgG and intestinal secretory IgA against the mycotoxin aflatoxin B1 in chickens.","In the present study, a mucosal vaccine was used in an effort to elicit serum IgG and intestinal secretory IgA against the mycotoxin AFB in chickens.","In the present study, a mucosal vaccine was used in an effort to elicit serum IgG and intestinal secretory IgA against the mycotoxin acid-fast bacilli in chickens."
AFB,His chest X-ray film showed cavitation and direct microscopy of sputum revealed positive acid-fast bacilli.,His chest X-ray film showed cavitation and direct microscopy of sputum revealed positive AFB.,His chest X-ray film showed cavitation and direct microscopy of sputum revealed positive aflatoxin B1.,"The metabolism and genotoxicity of the carcinogenic mycotoxin, aflatoxin B1, was studied in the lower eukaryotic yeast Saccharomyces cerevisiae.","The metabolism and genotoxicity of the carcinogenic mycotoxin, AFB, was studied in the lower eukaryotic yeast Saccharomyces cerevisiae.","The metabolism and genotoxicity of the carcinogenic mycotoxin, acid-fast bacilli, was studied in the lower eukaryotic yeast Saccharomyces cerevisiae."
AFB,"The isolation of acid-fast bacilli from sputa of some in- and out-patients in hospitals and health centers revealed the presence of Mycobacterium tuberculosis in 420 (31.7%) out of the 1,324 patients examined during a TB outbreak.","The isolation of AFB from sputa of some in- and out-patients in hospitals and health centers revealed the presence of Mycobacterium tuberculosis in 420 (31.7%) out of the 1,324 patients examined during a TB outbreak.","The isolation of aflatoxin B1 from sputa of some in- and out-patients in hospitals and health centers revealed the presence of Mycobacterium tuberculosis in 420 (31.7%) out of the 1,324 patients examined during a TB outbreak.","Following aflatoxin B1 exposure, rats readily develop liver tumors.","Following AFB exposure, rats readily develop liver tumors.","Following acid-fast bacilli exposure, rats readily develop liver tumors."
AFB,METHODS: A young lean man was simulated to act as a TB patient and was provided with a chest X-ray suggestive of TB and two acid-fast bacilli positive sputum reports.,METHODS: A young lean man was simulated to act as a TB patient and was provided with a chest X-ray suggestive of TB and two AFB positive sputum reports.,METHODS: A young lean man was simulated to act as a TB patient and was provided with a chest X-ray suggestive of TB and two aflatoxin B1 positive sputum reports.,The effects of prenatal aflatoxin B1 exposure on eight behavioral parameters in Jcl:Wistar rat offspring were assessed.,The effects of prenatal AFB exposure on eight behavioral parameters in Jcl:Wistar rat offspring were assessed.,The effects of prenatal acid-fast bacilli exposure on eight behavioral parameters in Jcl:Wistar rat offspring were assessed.
AFP,PURPOSE: alpha-fetoprotein is a tumor-associated antigen in hepatocellular carcinoma and is a target for the development of cancer vaccine.,PURPOSE: AFP is a tumor-associated antigen in hepatocellular carcinoma and is a target for the development of cancer vaccine.,PURPOSE: acute flaccid paralysis is a tumor-associated antigen in hepatocellular carcinoma and is a target for the development of cancer vaccine.,"Surveillance for acute flaccid paralysis within Australia, the main clinical manifestation of poliomyelitis, is also coordinated at the Victorian Infectious Diseases Reference Laboratory in conjunction with the Australian Paediatric Surveillance Unit.","Surveillance for AFP within Australia, the main clinical manifestation of poliomyelitis, is also coordinated at the Victorian Infectious Diseases Reference Laboratory in conjunction with the Australian Paediatric Surveillance Unit.","Surveillance for alpha-fetoprotein within Australia, the main clinical manifestation of poliomyelitis, is also coordinated at the Victorian Infectious Diseases Reference Laboratory in conjunction with the Australian Paediatric Surveillance Unit."
AFP,"The changes in tumor size, main symptoms, serum level of alpha-fetoprotein, immune function and adverse reaction were observed after treatment and the immune parameters of the patients were compared with 30 healthy persons in the normal control group.","The changes in tumor size, main symptoms, serum level of AFP, immune function and adverse reaction were observed after treatment and the immune parameters of the patients were compared with 30 healthy persons in the normal control group.","The changes in tumor size, main symptoms, serum level of acute flaccid paralysis, immune function and adverse reaction were observed after treatment and the immune parameters of the patients were compared with 30 healthy persons in the normal control group.",The Global Polio Laboratory Network analyzes stool specimens from patients with acute flaccid paralysis and environmental samples for the presence of polioviruses.,The Global Polio Laboratory Network analyzes stool specimens from patients with AFP and environmental samples for the presence of polioviruses.,The Global Polio Laboratory Network analyzes stool specimens from patients with alpha-fetoprotein and environmental samples for the presence of polioviruses.
AFP,"Mean preoperative serum alpha-fetoprotein and beta-human chorionic gonadotropin (betaHCG) levels were 483 ng/mL and 555 mU/mL, respectively, with no difference in 5-year survival (P = .2).","Mean preoperative serum AFP and beta-human chorionic gonadotropin (betaHCG) levels were 483 ng/mL and 555 mU/mL, respectively, with no difference in 5-year survival (P = .2).","Mean preoperative serum acute flaccid paralysis and beta-human chorionic gonadotropin (betaHCG) levels were 483 ng/mL and 555 mU/mL, respectively, with no difference in 5-year survival (P = .2).","In this study, we report isolation of a Sabin 3-derived PV recombinant (Cambodia-02) from an acute flaccid paralysis case in Cambodia in 2002.","In this study, we report isolation of a Sabin 3-derived PV recombinant (Cambodia-02) from an AFP case in Cambodia in 2002.","In this study, we report isolation of a Sabin 3-derived PV recombinant (Cambodia-02) from an alpha-fetoprotein case in Cambodia in 2002."
AFP,"After adjusting for serum levels of alpha-fetoprotein and HCV RNA, CHC, and ESRD were independently associated with lower frequencies of elevated alanine aminotransferase (ALT, OR = 0.175, p= 0.02) and aspartate aminotransferase (AST, OR = 0.169, p= 0.04), but higher frequencies of AST/ALT ratio >1 (OR = 7.173, p= 0.002) and hypoalbuminemia (OR = 9.567, p= 0.0007).","After adjusting for serum levels of AFP and HCV RNA, CHC, and ESRD were independently associated with lower frequencies of elevated alanine aminotransferase (ALT, OR = 0.175, p= 0.02) and aspartate aminotransferase (AST, OR = 0.169, p= 0.04), but higher frequencies of AST/ALT ratio >1 (OR = 7.173, p= 0.002) and hypoalbuminemia (OR = 9.567, p= 0.0007).","After adjusting for serum levels of acute flaccid paralysis and HCV RNA, CHC, and ESRD were independently associated with lower frequencies of elevated alanine aminotransferase (ALT, OR = 0.175, p= 0.02) and aspartate aminotransferase (AST, OR = 0.169, p= 0.04), but higher frequencies of AST/ALT ratio >1 (OR = 7.173, p= 0.002) and hypoalbuminemia (OR = 9.567, p= 0.0007).","The laboratory continues to play a pivotal role in maintaining Australia's polio-free status through surveillance for cases of acute flaccid paralysis, the main clinical presentation of poliomyelitis, and the testing of specimens from these cases.","The laboratory continues to play a pivotal role in maintaining Australia's polio-free status through surveillance for cases of AFP, the main clinical presentation of poliomyelitis, and the testing of specimens from these cases.","The laboratory continues to play a pivotal role in maintaining Australia's polio-free status through surveillance for cases of alpha-fetoprotein, the main clinical presentation of poliomyelitis, and the testing of specimens from these cases."
AFP,"Nine clinicopathologic factors, preoperative alpha-fetoprotein level, liver cirrhosis, Child-Pugh score, tumor size (>2 cm vs.","Nine clinicopathologic factors, preoperative AFP level, liver cirrhosis, Child-Pugh score, tumor size (>2 cm vs.","Nine clinicopathologic factors, preoperative acute flaccid paralysis level, liver cirrhosis, Child-Pugh score, tumor size (>2 cm vs.","As part of the eradication strategy, a global surveillance system was established to 1) identify acute flaccid paralysis cases in children aged","As part of the eradication strategy, a global surveillance system was established to 1) identify AFP cases in children aged","As part of the eradication strategy, a global surveillance system was established to 1) identify alpha-fetoprotein cases in children aged"
AGA,OBJECTIVE: To test the hypothesis that SGA infants have lower bone SOS than appropriate for gestational age infants.,OBJECTIVE: To test the hypothesis that SGA infants have lower bone SOS than AGA infants.,OBJECTIVE: To test the hypothesis that SGA infants have lower bone SOS than antigliadin antibodies infants.,The first level consisted of determining serum level of IgA antigliadin antibodies.,The first level consisted of determining serum level of IgA AGA.,The first level consisted of determining serum level of IgA appropriate for gestational age.
AGA,"STUDY DESIGN: We studied the effect of catecholamines, by local injection of isoproterenol, and the effect of insulin, using two-step infusion at 8 and 40 mU/m2/min, on the in situ lipolysis of the subcutaneous abdominal adipose tissue of 23 subjects born SGA and 23 born appropriate for gestational age, using the microdialysis technique.","STUDY DESIGN: We studied the effect of catecholamines, by local injection of isoproterenol, and the effect of insulin, using two-step infusion at 8 and 40 mU/m2/min, on the in situ lipolysis of the subcutaneous abdominal adipose tissue of 23 subjects born SGA and 23 born AGA, using the microdialysis technique.","STUDY DESIGN: We studied the effect of catecholamines, by local injection of isoproterenol, and the effect of insulin, using two-step infusion at 8 and 40 mU/m2/min, on the in situ lipolysis of the subcutaneous abdominal adipose tissue of 23 subjects born SGA and 23 born antigliadin antibodies, using the microdialysis technique.",BACKGROUND: antigliadin antibodies have been reported in patients with psoriasis.,BACKGROUND: AGA have been reported in patients with psoriasis.,BACKGROUND: appropriate for gestational age have been reported in patients with psoriasis.
AGA,"There were 198 (76.2%) appropriate for gestational age, 46 (17.7%) small for gestational age and 16 (6.2%) large for gestational age babies.","There were 198 (76.2%) AGA, 46 (17.7%) small for gestational age and 16 (6.2%) large for gestational age babies.","There were 198 (76.2%) antigliadin antibodies, 46 (17.7%) small for gestational age and 16 (6.2%) large for gestational age babies.","The screening algorithm used to diagnose CD was based on a 3-level screening using type IgA and IgG antigliadin antibodies in all the patients (1st level) followed by antiendomysial antibodies (EmA) and total IgA (2nd level) of samples testing positive, and intestinal biopsy of positive cases (3rd level).","The screening algorithm used to diagnose CD was based on a 3-level screening using type IgA and IgG AGA in all the patients (1st level) followed by antiendomysial antibodies (EmA) and total IgA (2nd level) of samples testing positive, and intestinal biopsy of positive cases (3rd level).","The screening algorithm used to diagnose CD was based on a 3-level screening using type IgA and IgG appropriate for gestational age in all the patients (1st level) followed by antiendomysial antibodies (EmA) and total IgA (2nd level) of samples testing positive, and intestinal biopsy of positive cases (3rd level)."
AGA,"Out of the remaining 403 term appropriate for gestational age infants, 46 had TGA while 28 had HLHS.","Out of the remaining 403 term AGA infants, 46 had TGA while 28 had HLHS.","Out of the remaining 403 term antigliadin antibodies infants, 46 had TGA while 28 had HLHS.","BACKGROUND: ELISA methods for the measurement of IgA antigliadin antibodies, both home-made and commercial systems, routinely employ wheat gliadin fractions as coating antigens.","BACKGROUND: ELISA methods for the measurement of IgA AGA, both home-made and commercial systems, routinely employ wheat gliadin fractions as coating antigens.","BACKGROUND: ELISA methods for the measurement of IgA appropriate for gestational age, both home-made and commercial systems, routinely employ wheat gliadin fractions as coating antigens."
AGA,Twelve short children born appropriate for gestational age were used as controls for the FSIGT's results only.,Twelve short children born AGA were used as controls for the FSIGT's results only.,Twelve short children born antigliadin antibodies were used as controls for the FSIGT's results only.,"The purpose of this study was to assess the sensitivity, specificity, and predictive value of tTG-ab measured by a commercially available ELISA technique, compared with those of EMA and IgA antigliadin antibodies for the diagnosis of celiac disease.","The purpose of this study was to assess the sensitivity, specificity, and predictive value of tTG-ab measured by a commercially available ELISA technique, compared with those of EMA and IgA AGA for the diagnosis of celiac disease.","The purpose of this study was to assess the sensitivity, specificity, and predictive value of tTG-ab measured by a commercially available ELISA technique, compared with those of EMA and IgA appropriate for gestational age for the diagnosis of celiac disease."
AICD,"activation-induced cell death in T lymphocytes depends on the expression of Fas-ligand, which triggers the apoptotic process after binding to its receptor Fas.","AICD in T lymphocytes depends on the expression of Fas-ligand, which triggers the apoptotic process after binding to its receptor Fas.","automatic implantable cardioverter defibrillator in T lymphocytes depends on the expression of Fas-ligand, which triggers the apoptotic process after binding to its receptor Fas.",BACKGROUND: Outpatient positive inotropic support combined with implantation of an automatic implantable cardioverter defibrillator may be used as a successful bridge to cardiac transplantation in patients with end-stage heart failure.,BACKGROUND: Outpatient positive inotropic support combined with implantation of an AICD may be used as a successful bridge to cardiac transplantation in patients with end-stage heart failure.,BACKGROUND: Outpatient positive inotropic support combined with implantation of an activation-induced cell death may be used as a successful bridge to cardiac transplantation in patients with end-stage heart failure.
AICD,They further suggest that an age-related impairment of Fas/Fas ligand (FasL)-mediated apoptosis - which plays a major role in activation-induced cell death of T cells - may contribute to compromised regulation of the immune system.,They further suggest that an age-related impairment of Fas/Fas ligand (FasL)-mediated apoptosis - which plays a major role in AICD of T cells - may contribute to compromised regulation of the immune system.,They further suggest that an age-related impairment of Fas/Fas ligand (FasL)-mediated apoptosis - which plays a major role in automatic implantable cardioverter defibrillator of T cells - may contribute to compromised regulation of the immune system.,automatic implantable cardioverter defibrillator was commercially available for use in patients withmalignant ventricular tachycardia and ventricular fibrillation since its meeting with FDA approval in 1985.,AICD was commercially available for use in patients withmalignant ventricular tachycardia and ventricular fibrillation since its meeting with FDA approval in 1985.,activation-induced cell death was commercially available for use in patients withmalignant ventricular tachycardia and ventricular fibrillation since its meeting with FDA approval in 1985.
AICD,Termination of an immune response requires elimination of activated T lymphocytes by activation-induced cell death.,Termination of an immune response requires elimination of activated T lymphocytes by AICD.,Termination of an immune response requires elimination of activated T lymphocytes by automatic implantable cardioverter defibrillator.,A 72-year-old woman who was experiencing incessant ventricular tachycardia and recurrent automatic implantable cardioverter defibrillator firing despite amiodarone therapy was referred to the Cleveland Clinic Foundation.,A 72-year-old woman who was experiencing incessant ventricular tachycardia and recurrent AICD firing despite amiodarone therapy was referred to the Cleveland Clinic Foundation.,A 72-year-old woman who was experiencing incessant ventricular tachycardia and recurrent activation-induced cell death firing despite amiodarone therapy was referred to the Cleveland Clinic Foundation.
AICD,Stimulation of MBP-reactive TCR transgenic T cells with a superagonist peptide led to extensive activation-induced cell death through Fas signaling.,Stimulation of MBP-reactive TCR transgenic T cells with a superagonist peptide led to extensive AICD through Fas signaling.,Stimulation of MBP-reactive TCR transgenic T cells with a superagonist peptide led to extensive automatic implantable cardioverter defibrillator through Fas signaling.,Patients with an automatic implantable cardioverter defibrillator may offer an unique naturalistic opportunity to study whether expectancy biases develop because of precipitating aversive or traumatic experiences and/or because of elevated anxiety.,Patients with an AICD may offer an unique naturalistic opportunity to study whether expectancy biases develop because of precipitating aversive or traumatic experiences and/or because of elevated anxiety.,Patients with an activation-induced cell death may offer an unique naturalistic opportunity to study whether expectancy biases develop because of precipitating aversive or traumatic experiences and/or because of elevated anxiety.
AICD,"By engaging Fas, Fas ligand (FasL) on activated T lymphocytes induces activation-induced cell death, and also triggers apoptosis of target cells during immune downregulation.","By engaging Fas, Fas ligand (FasL) on activated T lymphocytes induces AICD, and also triggers apoptosis of target cells during immune downregulation.","By engaging Fas, Fas ligand (FasL) on activated T lymphocytes induces automatic implantable cardioverter defibrillator, and also triggers apoptosis of target cells during immune downregulation.","The automatic implantable cardioverter defibrillator is an electronic device that monitors the rhythm of the heart and, upon detecting a life-threatening arrhythmia, shocks the heart in an attempt to restore a normal rhythm.","The AICD is an electronic device that monitors the rhythm of the heart and, upon detecting a life-threatening arrhythmia, shocks the heart in an attempt to restore a normal rhythm.","The activation-induced cell death is an electronic device that monitors the rhythm of the heart and, upon detecting a life-threatening arrhythmia, shocks the heart in an attempt to restore a normal rhythm."
ALD,The authors then focus on two special situations that create particular problems for transplantation teams: liver transplantation in patients with alcoholic liver disease and obesity in transplant patients.,The authors then focus on two special situations that create particular problems for transplantation teams: liver transplantation in patients with ALD and obesity in transplant patients.,The authors then focus on two special situations that create particular problems for transplantation teams: liver transplantation in patients with anterior latissimus dorsi and obesity in transplant patients.,"Cell proliferation is believed to contribute to the increased synthesis rate during load-induced growth of avian anterior latissimus dorsi skeletal muscle, but the relative contribution of different cell types to this proliferative response and the time course of cell activation are not well documented.","Cell proliferation is believed to contribute to the increased synthesis rate during load-induced growth of avian ALD skeletal muscle, but the relative contribution of different cell types to this proliferative response and the time course of cell activation are not well documented.","Cell proliferation is believed to contribute to the increased synthesis rate during load-induced growth of avian alcoholic liver disease skeletal muscle, but the relative contribution of different cell types to this proliferative response and the time course of cell activation are not well documented."
ALD,"Thus, 3 years ago when we discovered higher rate of late deaths due to lung and oropharyngeal cancer in patients who had received a transplant for alcoholic liver disease, we hypothesized that these patients were continuing to expose themselves to tobacco after liver transplantation (post-LTX) and that this behavior was increasing their risk for cancer.","Thus, 3 years ago when we discovered higher rate of late deaths due to lung and oropharyngeal cancer in patients who had received a transplant for ALD, we hypothesized that these patients were continuing to expose themselves to tobacco after liver transplantation (post-LTX) and that this behavior was increasing their risk for cancer.","Thus, 3 years ago when we discovered higher rate of late deaths due to lung and oropharyngeal cancer in patients who had received a transplant for anterior latissimus dorsi, we hypothesized that these patients were continuing to expose themselves to tobacco after liver transplantation (post-LTX) and that this behavior was increasing their risk for cancer.",FAK protein was immunolocalized to the sarcolemmal region of rooster anterior latissimus dorsi myofibers in the middle of the ALD muscle.,FAK protein was immunolocalized to the sarcolemmal region of rooster ALD myofibers in the middle of the ALD muscle.,FAK protein was immunolocalized to the sarcolemmal region of rooster alcoholic liver disease myofibers in the middle of the ALD muscle.
ALD,BACKGROUND: alcoholic liver disease is a serious and potentially fetal consequence of alcohol use.,BACKGROUND: ALD is a serious and potentially fetal consequence of alcohol use.,BACKGROUND: anterior latissimus dorsi is a serious and potentially fetal consequence of alcohol use.,MRF mRNA levels in stretch-overloaded and contralateral anterior latissimus dorsi muscles were determined after 3 days; hypertrophy was determined after 7 days.,MRF mRNA levels in stretch-overloaded and contralateral ALD muscles were determined after 3 days; hypertrophy was determined after 7 days.,MRF mRNA levels in stretch-overloaded and contralateral alcoholic liver disease muscles were determined after 3 days; hypertrophy was determined after 7 days.
ALD,"alcoholic liver disease is a major complication of heavy alcohol (EtOH) drinking and is characterized by three progressive stages of pathology: steatosis, steatohepatitis, and fibrosis/cirrhosis.","ALD is a major complication of heavy alcohol (EtOH) drinking and is characterized by three progressive stages of pathology: steatosis, steatohepatitis, and fibrosis/cirrhosis.","anterior latissimus dorsi is a major complication of heavy alcohol (EtOH) drinking and is characterized by three progressive stages of pathology: steatosis, steatohepatitis, and fibrosis/cirrhosis.",Serum response element 1 has previously been reported to be necessary and sufficient for activation of the skeletal alpha-actin promoter during hypertrophy of the anterior latissimus dorsi muscle of roosters [J.,Serum response element 1 has previously been reported to be necessary and sufficient for activation of the skeletal alpha-actin promoter during hypertrophy of the ALD muscle of roosters [J.,Serum response element 1 has previously been reported to be necessary and sufficient for activation of the skeletal alpha-actin promoter during hypertrophy of the alcoholic liver disease muscle of roosters [J.
ALD,HCV patients listed for LT had worse QOL levels than the group of patients as a whole or the alcoholic liver disease patients; 2.,HCV patients listed for LT had worse QOL levels than the group of patients as a whole or the ALD patients; 2.,HCV patients listed for LT had worse QOL levels than the group of patients as a whole or the anterior latissimus dorsi patients; 2.,"After 2 or 11 days of weighted stretch, anterior latissimus dorsi muscles were, on average, 34 (P<0.01) and 85% (P<0.01) larger, respectively, than unweighted ALD control muscles.","After 2 or 11 days of weighted stretch, ALD muscles were, on average, 34 (P<0.01) and 85% (P<0.01) larger, respectively, than unweighted ALD control muscles.","After 2 or 11 days of weighted stretch, alcoholic liver disease muscles were, on average, 34 (P<0.01) and 85% (P<0.01) larger, respectively, than unweighted ALD control muscles."
ALS,Respiratory insufficiency is a problem that develops in nearly all people diagnosed with amyotrophic lateral sclerosis.,Respiratory insufficiency is a problem that develops in nearly all people diagnosed with ALS.,Respiratory insufficiency is a problem that develops in nearly all people diagnosed with advanced life support.,INTRODUCTION: Emergency medical services have invested substantial resources to establish advanced life support programs.,INTRODUCTION: Emergency medical services have invested substantial resources to establish ALS programs.,INTRODUCTION: Emergency medical services have invested substantial resources to establish amyotrophic lateral sclerosis programs.
ALS,OBJECTIVES: There is currently no effective pharmacological treatment for amyotrophic lateral sclerosis.,OBJECTIVES: There is currently no effective pharmacological treatment for ALS.,OBJECTIVES: There is currently no effective pharmacological treatment for advanced life support.,BACKGROUND AND OBJECTIVES: In many emergency departments advanced life support trained nurses do not assume a lead role in advanced resuscitation.,BACKGROUND AND OBJECTIVES: In many emergency departments ALS trained nurses do not assume a lead role in advanced resuscitation.,BACKGROUND AND OBJECTIVES: In many emergency departments amyotrophic lateral sclerosis trained nurses do not assume a lead role in advanced resuscitation.
ALS,"Alzheimer's disease, and briefly summarize their possible roles in amyotrophic lateral sclerosis.","Alzheimer's disease, and briefly summarize their possible roles in ALS.","Alzheimer's disease, and briefly summarize their possible roles in advanced life support.",Medical records for patients identified as high-acuity were reviewed to evaluate whether the advanced life support level care that was provided had a clinical impact.,Medical records for patients identified as high-acuity were reviewed to evaluate whether the ALS level care that was provided had a clinical impact.,Medical records for patients identified as high-acuity were reviewed to evaluate whether the amyotrophic lateral sclerosis level care that was provided had a clinical impact.
ALS,"Recent studies indicate that minocycline exerts neuroprotective effects in vitro and in vivo, and suggest that the drug may represent a novel therapeutic approach to amyotrophic lateral sclerosis.","Recent studies indicate that minocycline exerts neuroprotective effects in vitro and in vivo, and suggest that the drug may represent a novel therapeutic approach to ALS.","Recent studies indicate that minocycline exerts neuroprotective effects in vitro and in vivo, and suggest that the drug may represent a novel therapeutic approach to advanced life support.",We investigated the haemodynamic response to the mental stress induced by being evaluated as a team leader in simulated advanced life support scenarios.,We investigated the haemodynamic response to the mental stress induced by being evaluated as a team leader in simulated ALS scenarios.,We investigated the haemodynamic response to the mental stress induced by being evaluated as a team leader in simulated amyotrophic lateral sclerosis scenarios.
ALS,The absence of any effective pharmacological treatment and preliminary data both in experimental and clinical settings has recently identified amyotrophic lateral sclerosis as an ideal candidate disease for the development of stem cell therapy in humans.,The absence of any effective pharmacological treatment and preliminary data both in experimental and clinical settings has recently identified ALS as an ideal candidate disease for the development of stem cell therapy in humans.,The absence of any effective pharmacological treatment and preliminary data both in experimental and clinical settings has recently identified advanced life support as an ideal candidate disease for the development of stem cell therapy in humans.,"After a lecture on antiarrhythmic drugs, arrhythmias were presented to Group S using an advanced life support manikin.","After a lecture on antiarrhythmic drugs, arrhythmias were presented to Group S using an ALS manikin.","After a lecture on antiarrhythmic drugs, arrhythmias were presented to Group S using an amyotrophic lateral sclerosis manikin."
AMA,"Of 6 patients complicated with PBC, four patients had PBC-specific antimitochondrial antibodies.","Of 6 patients complicated with PBC, four patients had PBC-specific AMA.","Of 6 patients complicated with PBC, four patients had PBC-specific American Medical Association.","Through their Code, APA therapists engaged in a dynamic dialogue with the male physicians of the American Medical Association in the name of professional survival.","Through their Code, APA therapists engaged in a dynamic dialogue with the male physicians of the AMA in the name of professional survival.","Through their Code, APA therapists engaged in a dynamic dialogue with the male physicians of the antimitochondrial antibodies in the name of professional survival."
AMA,"Diagnosis can be established by the triad antimitochondrial antibodies, cholestatic indices, and liver histology, diagnostic or compatible with PBC.","Diagnosis can be established by the triad AMA, cholestatic indices, and liver histology, diagnostic or compatible with PBC.","Diagnosis can be established by the triad American Medical Association, cholestatic indices, and liver histology, diagnostic or compatible with PBC.","In June 2001, the American Medical Association issued a revised and expanded version of the Principles of Medical Ethics (last published in 1980).","In June 2001, the AMA issued a revised and expanded version of the Principles of Medical Ethics (last published in 1980).","In June 2001, the antimitochondrial antibodies issued a revised and expanded version of the Principles of Medical Ethics (last published in 1980)."
AMA,Antibodies to liver-kidney-microsomes-1 (anti-LKM-1) and antimitochondrial antibodies were detected and semiquantified by immunofluorescence.,Antibodies to liver-kidney-microsomes-1 (anti-LKM-1) and AMA were detected and semiquantified by immunofluorescence.,Antibodies to liver-kidney-microsomes-1 (anti-LKM-1) and American Medical Association were detected and semiquantified by immunofluorescence.,"A nationally representative, stratified random sample of 1,251 physicians from the American Medical Association Physician Masterfile completed a 15-20 min mixed mode questionnaire that assessed specialty, previous use of genetic tests, practice characteristics, age, and receipt of advertising materials (response rate = 71%).","A nationally representative, stratified random sample of 1,251 physicians from the AMA Physician Masterfile completed a 15-20 min mixed mode questionnaire that assessed specialty, previous use of genetic tests, practice characteristics, age, and receipt of advertising materials (response rate = 71%).","A nationally representative, stratified random sample of 1,251 physicians from the antimitochondrial antibodies Physician Masterfile completed a 15-20 min mixed mode questionnaire that assessed specialty, previous use of genetic tests, practice characteristics, age, and receipt of advertising materials (response rate = 71%)."
AMA,These patients are characterized by PBC characteristic bileduct lesions and oftenly antimitochondrial antibodies.,These patients are characterized by PBC characteristic bileduct lesions and oftenly AMA.,These patients are characterized by PBC characteristic bileduct lesions and oftenly American Medical Association.,"In May 1870 the American Medical Association voted to deny the admission of black delegates and their white colleagues to the national meeting in Washington, D.C. Historians of race and medicine have customarily viewed this decision as marking a crucial milestone in the formation of the nexus between racism and the development of the American medical profession in the era after the Civil War (1861-64).","In May 1870 the AMA voted to deny the admission of black delegates and their white colleagues to the national meeting in Washington, D.C. Historians of race and medicine have customarily viewed this decision as marking a crucial milestone in the formation of the nexus between racism and the development of the American medical profession in the era after the Civil War (1861-64).","In May 1870 the antimitochondrial antibodies voted to deny the admission of black delegates and their white colleagues to the national meeting in Washington, D.C. Historians of race and medicine have customarily viewed this decision as marking a crucial milestone in the formation of the nexus between racism and the development of the American medical profession in the era after the Civil War (1861-64)."
AMA,"METHODS: We investigated the serum hepatobiliary enzymes, histopathological findings, and the target antigen of antimitochondrial antibodies in MRL/lpr mice.","METHODS: We investigated the serum hepatobiliary enzymes, histopathological findings, and the target antigen of AMA in MRL/lpr mice.","METHODS: We investigated the serum hepatobiliary enzymes, histopathological findings, and the target antigen of American Medical Association in MRL/lpr mice.",BACKGROUND: The American Medical Association has advocated gradually reducing the nicotine content of cigarettes to decrease smoking prevalence.,BACKGROUND: The AMA has advocated gradually reducing the nicotine content of cigarettes to decrease smoking prevalence.,BACKGROUND: The antimitochondrial antibodies has advocated gradually reducing the nicotine content of cigarettes to decrease smoking prevalence.
AML,The development of such drugs for the treatment of acute myeloid leukemia is ongoing.,The development of such drugs for the treatment of AML is ongoing.,The development of such drugs for the treatment of renal angiomyolipoma is ongoing.,"A case is described of a woman 10 weeks pregnant who had severe bleeding, secondary to a renal angiomyolipoma, that was treated with embolization.","A case is described of a woman 10 weeks pregnant who had severe bleeding, secondary to a AML, that was treated with embolization.","A case is described of a woman 10 weeks pregnant who had severe bleeding, secondary to a acute myeloid leukemia, that was treated with embolization."
AML,The clinical course of ET is characterized by an increased incidence of thrombotic and hemorrhagic complications and an inherent tendency to progress into myelofibrosis or acute myeloid leukemia.,The clinical course of ET is characterized by an increased incidence of thrombotic and hemorrhagic complications and an inherent tendency to progress into myelofibrosis or AML.,The clinical course of ET is characterized by an increased incidence of thrombotic and hemorrhagic complications and an inherent tendency to progress into myelofibrosis or renal angiomyolipoma.,We report two cases of spontaneous rupture of renal angiomyolipoma.,We report two cases of spontaneous rupture of AML.,We report two cases of spontaneous rupture of acute myeloid leukemia.
AML,"Fortunately, the occurrence of acute myeloid leukemia during pregnancy is rare.","Fortunately, the occurrence of AML during pregnancy is rare.","Fortunately, the occurrence of renal angiomyolipoma during pregnancy is rare.","renal angiomyolipoma is a rare benign tumor As it is usually asymptomatic and small, AML sometimes may cause acute abdomen by spontaneous rupture and hemorrhage that may be life threatening in some cases for which surgical management is necessary.","AML is a rare benign tumor As it is usually asymptomatic and small, AML sometimes may cause acute abdomen by spontaneous rupture and hemorrhage that may be life threatening in some cases for which surgical management is necessary.","acute myeloid leukemia is a rare benign tumor As it is usually asymptomatic and small, AML sometimes may cause acute abdomen by spontaneous rupture and hemorrhage that may be life threatening in some cases for which surgical management is necessary."
AML,PURPOSE: Recent data suggest that tryptase is produced by blast cells in a group of patients with acute myeloid leukemia.,PURPOSE: Recent data suggest that tryptase is produced by blast cells in a group of patients with AML.,PURPOSE: Recent data suggest that tryptase is produced by blast cells in a group of patients with renal angiomyolipoma.,Retrospective analysis of clinical and histomorphological features and follow up of eleven cases of renal angiomyolipoma encountered during the past twelve years at our centre was performed.,Retrospective analysis of clinical and histomorphological features and follow up of eleven cases of AML encountered during the past twelve years at our centre was performed.,Retrospective analysis of clinical and histomorphological features and follow up of eleven cases of acute myeloid leukemia encountered during the past twelve years at our centre was performed.
AML,"PURPOSE: In CD34-positive acute myeloid leukemia, the leukemia-initiating event originates from the CD34(+)CD38(-) stem cell compartment.","PURPOSE: In CD34-positive AML, the leukemia-initiating event originates from the CD34(+)CD38(-) stem cell compartment.","PURPOSE: In CD34-positive renal angiomyolipoma, the leukemia-initiating event originates from the CD34(+)CD38(-) stem cell compartment.","renal angiomyolipoma is a benign tumor, they are generally asymptomatic or can manifested by abdominal pain, palpable mass or hematuria.","AML is a benign tumor, they are generally asymptomatic or can manifested by abdominal pain, palpable mass or hematuria.","acute myeloid leukemia is a benign tumor, they are generally asymptomatic or can manifested by abdominal pain, palpable mass or hematuria."
ANA,Seventy-two patients (60.0%) had ACA alone and 48 patients (40%) had ACA mixed with other disease marker Antinuclear antibodies.,Seventy-two patients (60.0%) had ACA alone and 48 patients (40%) had ACA mixed with other disease marker ANA.,Seventy-two patients (60.0%) had ACA alone and 48 patients (40%) had ACA mixed with other disease marker American Nurses Association.,The American Nurses Association has established a code of ethics for nurses to use as a framework for making ethical decisions with all aspects of health care delivered to the public.,The ANA has established a code of ethics for nurses to use as a framework for making ethical decisions with all aspects of health care delivered to the public.,The Antinuclear antibodies has established a code of ethics for nurses to use as a framework for making ethical decisions with all aspects of health care delivered to the public.
ANA,"Antinuclear antibodies were detected by an immunofluorescence method, anti-dsDNA and anti-cardiolipin (aCL) antibodies by ELISA, antinucleosome and anti-extractible nuclear antigens (or anti-ENA: anti-Sm, anti-RNP, anti-SSA and anti-SSB) by immunodot.","ANA were detected by an immunofluorescence method, anti-dsDNA and anti-cardiolipin (aCL) antibodies by ELISA, antinucleosome and anti-extractible nuclear antigens (or anti-ENA: anti-Sm, anti-RNP, anti-SSA and anti-SSB) by immunodot.","American Nurses Association were detected by an immunofluorescence method, anti-dsDNA and anti-cardiolipin (aCL) antibodies by ELISA, antinucleosome and anti-extractible nuclear antigens (or anti-ENA: anti-Sm, anti-RNP, anti-SSA and anti-SSB) by immunodot.",The American Nurses Association defines nursing peer-review as a process for evaluating the care provided by an individual according to accepted standards.,The ANA defines nursing peer-review as a process for evaluating the care provided by an individual according to accepted standards.,The Antinuclear antibodies defines nursing peer-review as a process for evaluating the care provided by an individual according to accepted standards.
ANA,"Anticardiolipin IgM and IgG antibodies, Antinuclear antibodies, and IL-1beta were investigated in all patients.","Anticardiolipin IgM and IgG antibodies, ANA, and IL-1beta were investigated in all patients.","Anticardiolipin IgM and IgG antibodies, American Nurses Association, and IL-1beta were investigated in all patients.","In order to establish a safe environment for nurses and patients, the American Nurses Association supports actions and policies that result in the elimination of manual patient handling.","In order to establish a safe environment for nurses and patients, the ANA supports actions and policies that result in the elimination of manual patient handling.","In order to establish a safe environment for nurses and patients, the Antinuclear antibodies supports actions and policies that result in the elimination of manual patient handling."
ANA,"Antinuclear antibodies were detected in 18% of EM-sera, as compared with healthy-women (0%, P = 0.014) and SLE-patients (93%, P = 0.0005).","ANA were detected in 18% of EM-sera, as compared with healthy-women (0%, P = 0.014) and SLE-patients (93%, P = 0.0005).","American Nurses Association were detected in 18% of EM-sera, as compared with healthy-women (0%, P = 0.014) and SLE-patients (93%, P = 0.0005).",Nurses have responded by developing a number of American Nurses Association recognized nursing standardized terminologies.,Nurses have responded by developing a number of ANA recognized nursing standardized terminologies.,Nurses have responded by developing a number of Antinuclear antibodies recognized nursing standardized terminologies.
ANA,"Of 77 total specimens, 14 met the following criteria for lupus-like glomerulonephritis: (1) immunofluorescence microscopy showed granular glomerular staining for IgG, IgA, IgM, C3 and C1q, with > or=1+ (0 to 4+ scale) staining for C1q; and (2) the patient's serum was negative for Antinuclear antibodies, or weakly positive (titer ANA and negative for antidouble-stranded DNA.","Of 77 total specimens, 14 met the following criteria for lupus-like glomerulonephritis: (1) immunofluorescence microscopy showed granular glomerular staining for IgG, IgA, IgM, C3 and C1q, with > or=1+ (0 to 4+ scale) staining for C1q; and (2) the patient's serum was negative for ANA, or weakly positive (titer ANA and negative for antidouble-stranded DNA.","Of 77 total specimens, 14 met the following criteria for lupus-like glomerulonephritis: (1) immunofluorescence microscopy showed granular glomerular staining for IgG, IgA, IgM, C3 and C1q, with > or=1+ (0 to 4+ scale) staining for C1q; and (2) the patient's serum was negative for American Nurses Association, or weakly positive (titer ANA and negative for antidouble-stranded DNA.",The attached guidelines on'Commercial Support of Continuing Nursing Education'have been developed by the American Nurses Association to assist/guide nursing continuing educators who wish to utilize the resources of corporations to provide continuing education programs.,The attached guidelines on'Commercial Support of Continuing Nursing Education'have been developed by the ANA to assist/guide nursing continuing educators who wish to utilize the resources of corporations to provide continuing education programs.,The attached guidelines on'Commercial Support of Continuing Nursing Education'have been developed by the Antinuclear antibodies to assist/guide nursing continuing educators who wish to utilize the resources of corporations to provide continuing education programs.
ANCA,The pathogenesis of different types of systemic vasculitis positive for antineutrophil cytoplasmic antibodies remains incompletely understood.,The pathogenesis of different types of systemic vasculitis positive for ANCA remains incompletely understood.,The pathogenesis of different types of systemic vasculitis positive for Antineutrophil cytoplasmic autoantibodies remains incompletely understood.,These forms of vasculitis are strongly associated with Antineutrophil cytoplasmic autoantibodies directed against enzymes contained in the primary granules of neutrophils and peroxidase-positive lysosomes of monocytes.,These forms of vasculitis are strongly associated with ANCA directed against enzymes contained in the primary granules of neutrophils and peroxidase-positive lysosomes of monocytes.,These forms of vasculitis are strongly associated with antineutrophil cytoplasmic antibodies directed against enzymes contained in the primary granules of neutrophils and peroxidase-positive lysosomes of monocytes.
ANCA,OBJECTIVES: To study the prevalence of smoking at onset of symptoms in patients with small vessel vasculitis associated with antineutrophil cytoplasmic antibodies.,OBJECTIVES: To study the prevalence of smoking at onset of symptoms in patients with small vessel vasculitis associated with ANCA.,OBJECTIVES: To study the prevalence of smoking at onset of symptoms in patients with small vessel vasculitis associated with Antineutrophil cytoplasmic autoantibodies.,A test for Antineutrophil cytoplasmic autoantibodies was positive with a perinuclear pattern of staining.,A test for ANCA was positive with a perinuclear pattern of staining.,A test for antineutrophil cytoplasmic antibodies was positive with a perinuclear pattern of staining.
ANCA,"Patients who seroconverted obtained complete remission and did not relapse.Thus, HBV-PAN, a typical form of classic PAN, can be characterized as follows: when renal involvement is present, so is renal vasculitis; glomerulonephritis due to vasculitis is never found; antineutrophil cytoplasmic antibodies are not detected; relapses are rare, and never occur once viral replication has stopped and seroconversion has been obtained.","Patients who seroconverted obtained complete remission and did not relapse.Thus, HBV-PAN, a typical form of classic PAN, can be characterized as follows: when renal involvement is present, so is renal vasculitis; glomerulonephritis due to vasculitis is never found; ANCA are not detected; relapses are rare, and never occur once viral replication has stopped and seroconversion has been obtained.","Patients who seroconverted obtained complete remission and did not relapse.Thus, HBV-PAN, a typical form of classic PAN, can be characterized as follows: when renal involvement is present, so is renal vasculitis; glomerulonephritis due to vasculitis is never found; Antineutrophil cytoplasmic autoantibodies are not detected; relapses are rare, and never occur once viral replication has stopped and seroconversion has been obtained.",BACKGROUND: Antineutrophil cytoplasmic autoantibodies are valuable biomarkers for the diagnosis and follow-up of small vessel vasculitis.,BACKGROUND: ANCA are valuable biomarkers for the diagnosis and follow-up of small vessel vasculitis.,BACKGROUND: antineutrophil cytoplasmic antibodies are valuable biomarkers for the diagnosis and follow-up of small vessel vasculitis.
ANCA,antineutrophil cytoplasmic antibodies in Chinese patients with anti-GBM crescentic glomerulonephritis.,ANCA in Chinese patients with anti-GBM crescentic glomerulonephritis.,Antineutrophil cytoplasmic autoantibodies in Chinese patients with anti-GBM crescentic glomerulonephritis.,"BACKGROUND: Necrotizing and crescentic glomerulonephritis related to Antineutrophil cytoplasmic autoantibodies is typically referred to as'pauci-immune'; however, it is not unusual for renal biopsies in such cases to exhibit some immune complex deposition within glomeruli on immunofluorescence and/or electron microscopic study.","BACKGROUND: Necrotizing and crescentic glomerulonephritis related to ANCA is typically referred to as'pauci-immune'; however, it is not unusual for renal biopsies in such cases to exhibit some immune complex deposition within glomeruli on immunofluorescence and/or electron microscopic study.","BACKGROUND: Necrotizing and crescentic glomerulonephritis related to antineutrophil cytoplasmic antibodies is typically referred to as'pauci-immune'; however, it is not unusual for renal biopsies in such cases to exhibit some immune complex deposition within glomeruli on immunofluorescence and/or electron microscopic study."
ANCA,"Our results do not favour a role for cytokines, antineutrophil cytoplasmic antibodies or immunosuppressive medication in the upregulation of PR3 transcription in vasculitis.","Our results do not favour a role for cytokines, ANCA or immunosuppressive medication in the upregulation of PR3 transcription in vasculitis.","Our results do not favour a role for cytokines, Antineutrophil cytoplasmic autoantibodies or immunosuppressive medication in the upregulation of PR3 transcription in vasculitis.",The strong association of Antineutrophil cytoplasmic autoantibodies with certain forms of small vessel vasculitis suggests a pathogenic role of these autoantibodies in the disease process.,The strong association of ANCA with certain forms of small vessel vasculitis suggests a pathogenic role of these autoantibodies in the disease process.,The strong association of antineutrophil cytoplasmic antibodies with certain forms of small vessel vasculitis suggests a pathogenic role of these autoantibodies in the disease process.
ANC,All patients with FS had an absolute neutrophil count 600 or less (range 0-600).,All patients with FS had an ANC 600 or less (range 0-600).,All patients with FS had an antenatal care 600 or less (range 0-600).,"Improving knowledge of antenatal care among pregnant women: a field trial in central Java, Indonesia.","Improving knowledge of ANC among pregnant women: a field trial in central Java, Indonesia.","Improving knowledge of absolute neutrophil count among pregnant women: a field trial in central Java, Indonesia."
ANC,"The mean age of the reported cases with IBD-like colitis was 12 +/- 5 years, and all had absolute neutrophil count less than 1,000 cells/microl.","The mean age of the reported cases with IBD-like colitis was 12 +/- 5 years, and all had ANC less than 1,000 cells/microl.","The mean age of the reported cases with IBD-like colitis was 12 +/- 5 years, and all had antenatal care less than 1,000 cells/microl.",One of the strategies for reducing maternal mortality in Indonesia is the provision of antenatal care.,One of the strategies for reducing maternal mortality in Indonesia is the provision of ANC.,One of the strategies for reducing maternal mortality in Indonesia is the provision of absolute neutrophil count.
ANC,Patients remained on study until absolute neutrophil count>500/microl and>or =48 hr without fever.,Patients remained on study until ANC>500/microl and>or =48 hr without fever.,Patients remained on study until antenatal care>500/microl and>or =48 hr without fever.,The impact on the utilization of antenatal care has been less successful.,The impact on the utilization of ANC has been less successful.,The impact on the utilization of absolute neutrophil count has been less successful.
ANC,"RESULTS: We found that a slow rate of myeloid recovery at the end of induction chemotherapy, reflected in a low absolute neutrophil count, was highly predictive of relapse (P<.0001).","RESULTS: We found that a slow rate of myeloid recovery at the end of induction chemotherapy, reflected in a low ANC, was highly predictive of relapse (P<.0001).","RESULTS: We found that a slow rate of myeloid recovery at the end of induction chemotherapy, reflected in a low antenatal care, was highly predictive of relapse (P<.0001).","Physical capital (density of health huts), human capital (density and variety of paramedical personnel) and social capital (density of health committees) were associated with pregnant women attending antenatal care 3+ times, and/or retaining ANC cards.","Physical capital (density of health huts), human capital (density and variety of paramedical personnel) and social capital (density of health committees) were associated with pregnant women attending ANC 3+ times, and/or retaining ANC cards.","Physical capital (density of health huts), human capital (density and variety of paramedical personnel) and social capital (density of health committees) were associated with pregnant women attending absolute neutrophil count 3+ times, and/or retaining ANC cards."
ANC,"The percentage decrease in absolute neutrophil count averaged 87.1% (range, 59.0 to 97.7%; SD, 8.7) in the BSA-based arm, and 87.4% (range, 78.0 to 97.2%; SD, 6.1) in the individualized arm, suggesting that the interpatient variability in percent decrease in ANC was slightly smaller in the individualized arm.","The percentage decrease in ANC averaged 87.1% (range, 59.0 to 97.7%; SD, 8.7) in the BSA-based arm, and 87.4% (range, 78.0 to 97.2%; SD, 6.1) in the individualized arm, suggesting that the interpatient variability in percent decrease in ANC was slightly smaller in the individualized arm.","The percentage decrease in antenatal care averaged 87.1% (range, 59.0 to 97.7%; SD, 8.7) in the BSA-based arm, and 87.4% (range, 78.0 to 97.2%; SD, 6.1) in the individualized arm, suggesting that the interpatient variability in percent decrease in ANC was slightly smaller in the individualized arm.",METHODS: A diagnostic test was conducted on 439 pregnant women attending the antenatal care clinic at Maharaj Nakorn Chiang Mai Hospital between April 2002 and July 2002.,METHODS: A diagnostic test was conducted on 439 pregnant women attending the ANC clinic at Maharaj Nakorn Chiang Mai Hospital between April 2002 and July 2002.,METHODS: A diagnostic test was conducted on 439 pregnant women attending the absolute neutrophil count clinic at Maharaj Nakorn Chiang Mai Hospital between April 2002 and July 2002.
ASA,"We investigated efficacy, safety, and tolerability of two tablets of the fixed combination of 250 mg acetylsalicylic acid + 200 mg paracetamol + 50 mg caffeine (Thomapyrin) in comparison with two tablets of 250 mg ASA + 200 mg paracetamol, two tablets of 500 mg ASA , two tablets of 500 mg paracetamol, two tablets of 50 mg caffeine, and placebo in patients who were used to treating their episodic tension-type headache or migraine attacks with non-prescription analgesics.","We investigated efficacy, safety, and tolerability of two tablets of the fixed combination of 250 mg ASA + 200 mg paracetamol + 50 mg caffeine (Thomapyrin) in comparison with two tablets of 250 mg ASA + 200 mg paracetamol, two tablets of 500 mg ASA , two tablets of 500 mg paracetamol, two tablets of 50 mg caffeine, and placebo in patients who were used to treating their episodic tension-type headache or migraine attacks with non-prescription analgesics.","We investigated efficacy, safety, and tolerability of two tablets of the fixed combination of 250 mg American Society of Anesthesiologists + 200 mg paracetamol + 50 mg caffeine (Thomapyrin) in comparison with two tablets of 250 mg ASA + 200 mg paracetamol, two tablets of 500 mg ASA , two tablets of 500 mg paracetamol, two tablets of 50 mg caffeine, and placebo in patients who were used to treating their episodic tension-type headache or migraine attacks with non-prescription analgesics.","Patient age, case length, and American Society of Anesthesiologists score stratification did not differ between the groups.","Patient age, case length, and ASA score stratification did not differ between the groups.","Patient age, case length, and acetylsalicylic acid score stratification did not differ between the groups."
ASA,"The present study was designed to investigate the effect of a cyclooxygenase inhibitor, acetylsalicylic acid, on blood pressure, renal function, and the concentration of eicosanoids and endothelin-1 (ET-1) in vascular and renal tissues of rhEPO-treated or rhEPO-untreated uremic rats.","The present study was designed to investigate the effect of a cyclooxygenase inhibitor, ASA, on blood pressure, renal function, and the concentration of eicosanoids and endothelin-1 (ET-1) in vascular and renal tissues of rhEPO-treated or rhEPO-untreated uremic rats.","The present study was designed to investigate the effect of a cyclooxygenase inhibitor, American Society of Anesthesiologists, on blood pressure, renal function, and the concentration of eicosanoids and endothelin-1 (ET-1) in vascular and renal tissues of rhEPO-treated or rhEPO-untreated uremic rats.","Independent risk factors for major morbidity were perioperative blood transfusion and high American Society of Anesthesiologists class, whereas those for mortality were older age and high Acute Physiology and Chronic Health Evaluation II (APACHE II) score.","Independent risk factors for major morbidity were perioperative blood transfusion and high ASA class, whereas those for mortality were older age and high Acute Physiology and Chronic Health Evaluation II (APACHE II) score.","Independent risk factors for major morbidity were perioperative blood transfusion and high acetylsalicylic acid class, whereas those for mortality were older age and high Acute Physiology and Chronic Health Evaluation II (APACHE II) score."
ASA,INTRODUCTION: Recent ex vivo platelet aggregometry data indicate that clopidogrel 75 mg/day plus acetylsalicylic acid 75 mg/day is a more potent antiplatelet regimen than the marketed combination of dipyridamole+ ASA .,INTRODUCTION: Recent ex vivo platelet aggregometry data indicate that clopidogrel 75 mg/day plus ASA 75 mg/day is a more potent antiplatelet regimen than the marketed combination of dipyridamole+ ASA .,INTRODUCTION: Recent ex vivo platelet aggregometry data indicate that clopidogrel 75 mg/day plus American Society of Anesthesiologists 75 mg/day is a more potent antiplatelet regimen than the marketed combination of dipyridamole+ ASA .,"One hundred twenty patients with American Society of Anesthesiologists classification of I or II patients, 18 to 32 years old, and undergoing maxillary and mandibular osteotomies were randomly assigned to receive anesthesia with propofol-remifentanil (group P), desflurane-remifentanil (group D), or sevoflurane-remifentanil (group S).","One hundred twenty patients with ASA classification of I or II patients, 18 to 32 years old, and undergoing maxillary and mandibular osteotomies were randomly assigned to receive anesthesia with propofol-remifentanil (group P), desflurane-remifentanil (group D), or sevoflurane-remifentanil (group S).","One hundred twenty patients with acetylsalicylic acid classification of I or II patients, 18 to 32 years old, and undergoing maxillary and mandibular osteotomies were randomly assigned to receive anesthesia with propofol-remifentanil (group P), desflurane-remifentanil (group D), or sevoflurane-remifentanil (group S)."
ASA,The impact of microwave drying and binders (copolyvidone and povidone) on the degradation of acetylsalicylic acid and physical properties of granules were compared with conventional drying methods.,The impact of microwave drying and binders (copolyvidone and povidone) on the degradation of ASA and physical properties of granules were compared with conventional drying methods.,The impact of microwave drying and binders (copolyvidone and povidone) on the degradation of American Society of Anesthesiologists and physical properties of granules were compared with conventional drying methods.,Only American Society of Anesthesiologists scores III and IV (p<0.001) and period of study (p = 0.025) were predictive of mortality.,Only ASA scores III and IV (p<0.001) and period of study (p = 0.025) were predictive of mortality.,Only acetylsalicylic acid scores III and IV (p<0.001) and period of study (p = 0.025) were predictive of mortality.
ASA,"Whereas the administration of acetylsalicylic acid is well established, the guidelines recommend the additive use of clopidogrel in patients with ACS without persisting ST-elevation.","Whereas the administration of ASA is well established, the guidelines recommend the additive use of clopidogrel in patients with ACS without persisting ST-elevation.","Whereas the administration of American Society of Anesthesiologists is well established, the guidelines recommend the additive use of clopidogrel in patients with ACS without persisting ST-elevation.","METHODS: A series of 60 children 1-8 years of age, with an American Society of Anesthesiologists physical status of 1 or 2, who were scheduled to undergo herniorrhaphy were randomly assigned to one of four groups: group 1, control/placebo; group 2, control/flumazenil; group 3, caudal/placebo; group 4, caudal/flumazenil.","METHODS: A series of 60 children 1-8 years of age, with an ASA physical status of 1 or 2, who were scheduled to undergo herniorrhaphy were randomly assigned to one of four groups: group 1, control/placebo; group 2, control/flumazenil; group 3, caudal/placebo; group 4, caudal/flumazenil.","METHODS: A series of 60 children 1-8 years of age, with an acetylsalicylic acid physical status of 1 or 2, who were scheduled to undergo herniorrhaphy were randomly assigned to one of four groups: group 1, control/placebo; group 2, control/flumazenil; group 3, caudal/placebo; group 4, caudal/flumazenil."
ASD,"The patients were 91 with atrial septal defect, 64 with mitral valve disease, 2 with coronary artery disease (coronary artery bypass grafting : CABG), and 10 with other (ventricular septal defect : VSD, myxoma et al.).","The patients were 91 with ASD, 64 with mitral valve disease, 2 with coronary artery disease (coronary artery bypass grafting : CABG), and 10 with other (ventricular septal defect : VSD, myxoma et al.).","The patients were 91 with Autism Spectrum Disorder, 64 with mitral valve disease, 2 with coronary artery disease (coronary artery bypass grafting : CABG), and 10 with other (ventricular septal defect : VSD, myxoma et al.).",Other children from the group of 26 had difficulties in areas of speech and language development and social communication but did not meet the criteria for an Autism Spectrum Disorder.,Other children from the group of 26 had difficulties in areas of speech and language development and social communication but did not meet the criteria for an ASD.,Other children from the group of 26 had difficulties in areas of speech and language development and social communication but did not meet the criteria for an atrial septal defect.
ASD,"Ventricular septal defect, atrial septal defect, aortic coarctation, single ventricle, pulmonary stenosis, hypoplastic right heart syndrome, double outlet right ventricle, ASD +VSD, aortic arcus anomalies, and right and left atrial isomerism cases were often (>50%) accompanied by extracardiac malformations.","Ventricular septal defect, ASD, aortic coarctation, single ventricle, pulmonary stenosis, hypoplastic right heart syndrome, double outlet right ventricle, ASD +VSD, aortic arcus anomalies, and right and left atrial isomerism cases were often (>50%) accompanied by extracardiac malformations.","Ventricular septal defect, Autism Spectrum Disorder, aortic coarctation, single ventricle, pulmonary stenosis, hypoplastic right heart syndrome, double outlet right ventricle, ASD +VSD, aortic arcus anomalies, and right and left atrial isomerism cases were often (>50%) accompanied by extracardiac malformations.",OBJECTIVE: To validate parental report of autistic regression using behavioral data coded from home videotapes of children with Autism Spectrum Disorder vs typical development taken at 12 and 24 months of age.,OBJECTIVE: To validate parental report of autistic regression using behavioral data coded from home videotapes of children with ASD vs typical development taken at 12 and 24 months of age.,OBJECTIVE: To validate parental report of autistic regression using behavioral data coded from home videotapes of children with atrial septal defect vs typical development taken at 12 and 24 months of age.
ASD,After transcutaneous closure of a secundum atrial septal defect she suffered from almost daily recurring migraine attacks with prolonged aura symptoms.,After transcutaneous closure of a secundum ASD she suffered from almost daily recurring migraine attacks with prolonged aura symptoms.,After transcutaneous closure of a secundum Autism Spectrum Disorder she suffered from almost daily recurring migraine attacks with prolonged aura symptoms.,This article addresses the issue of integration of routine screening for Autism Spectrum Disorder in pediatric primary care.,This article addresses the issue of integration of routine screening for ASD in pediatric primary care.,This article addresses the issue of integration of routine screening for atrial septal defect in pediatric primary care.
ASD,OBJECTIVE: To determine the feasibility and effectiveness of endoscopic atrial septal defect closure when percutaneous ASD closure is impossible or has failed.,OBJECTIVE: To determine the feasibility and effectiveness of endoscopic ASD closure when percutaneous ASD closure is impossible or has failed.,OBJECTIVE: To determine the feasibility and effectiveness of endoscopic Autism Spectrum Disorder closure when percutaneous ASD closure is impossible or has failed.,"A survey of parents/caregivers of a child with an Autism Spectrum Disorder was conducted to examine the relationship between ASD characteristics, family functioning and coping strategies.","A survey of parents/caregivers of a child with an ASD was conducted to examine the relationship between ASD characteristics, family functioning and coping strategies.","A survey of parents/caregivers of a child with an atrial septal defect was conducted to examine the relationship between ASD characteristics, family functioning and coping strategies."
ASD,METHODS: We conducted a retrospective review of clinical and financial data of 20 patients who underwent atrial septal defect closure and 20 patients who underwent mitral valve repair (MVr) using either robotic techniques or a conventional approach with a sternotomy.,METHODS: We conducted a retrospective review of clinical and financial data of 20 patients who underwent ASD closure and 20 patients who underwent mitral valve repair (MVr) using either robotic techniques or a conventional approach with a sternotomy.,METHODS: We conducted a retrospective review of clinical and financial data of 20 patients who underwent Autism Spectrum Disorder closure and 20 patients who underwent mitral valve repair (MVr) using either robotic techniques or a conventional approach with a sternotomy.,"BACKGROUND: To establish whether high-functioning children with Autism Spectrum Disorder have enlarged brains in later childhood, and if so, whether this enlargement is confined to the gray and/or to the white matter and whether it is global or more prominent in specific brain regions.","BACKGROUND: To establish whether high-functioning children with ASD have enlarged brains in later childhood, and if so, whether this enlargement is confined to the gray and/or to the white matter and whether it is global or more prominent in specific brain regions.","BACKGROUND: To establish whether high-functioning children with atrial septal defect have enlarged brains in later childhood, and if so, whether this enlargement is confined to the gray and/or to the white matter and whether it is global or more prominent in specific brain regions."
AVF,OBJECTIVE: The aim of this study was to describe the phenomenon of Arteriovenous fistula formation in venous thrombus.,OBJECTIVE: The aim of this study was to describe the phenomenon of AVF formation in venous thrombus.,OBJECTIVE: The aim of this study was to describe the phenomenon of abdominal visceral fat formation in venous thrombus.,OBJECTIVE: To determine if the relationship between abdominal visceral fat and measures of adiposity are different between Black and White subjects and to develop valid field prediction models that accurately identify those individuals with AVF levels associated with high risk for chronic disease.,OBJECTIVE: To determine if the relationship between AVF and measures of adiposity are different between Black and White subjects and to develop valid field prediction models that accurately identify those individuals with AVF levels associated with high risk for chronic disease.,OBJECTIVE: To determine if the relationship between Arteriovenous fistula and measures of adiposity are different between Black and White subjects and to develop valid field prediction models that accurately identify those individuals with AVF levels associated with high risk for chronic disease.
AVF,The authors report on the case of a 28-year-old woman presenting with an intraosseous Arteriovenous fistula located in the left parietal bone.,The authors report on the case of a 28-year-old woman presenting with an intraosseous AVF located in the left parietal bone.,The authors report on the case of a 28-year-old woman presenting with an intraosseous abdominal visceral fat located in the left parietal bone.,"Only in NW female adults, abdominal visceral fat area assessed by computed tomography was significantly correlated with all risk factors, except for fasting glucose, even after age, study cohort, and fat mass were taken into account.","Only in NW female adults, AVF area assessed by computed tomography was significantly correlated with all risk factors, except for fasting glucose, even after age, study cohort, and fat mass were taken into account.","Only in NW female adults, Arteriovenous fistula area assessed by computed tomography was significantly correlated with all risk factors, except for fasting glucose, even after age, study cohort, and fat mass were taken into account."
AVF,METHODS: Hemodialysis patients who were not candidates for Arteriovenous fistula were eligible for the study.,METHODS: Hemodialysis patients who were not candidates for AVF were eligible for the study.,METHODS: Hemodialysis patients who were not candidates for abdominal visceral fat were eligible for the study.,We examined the relationship between abdominal visceral fat and plasma concentrations of lipids and lipoproteins in 19 females (F) (not on estrogen) and 31 males (M) over the age of 60 (age = 66.8 years).,We examined the relationship between AVF and plasma concentrations of lipids and lipoproteins in 19 females (F) (not on estrogen) and 31 males (M) over the age of 60 (age = 66.8 years).,We examined the relationship between Arteriovenous fistula and plasma concentrations of lipids and lipoproteins in 19 females (F) (not on estrogen) and 31 males (M) over the age of 60 (age = 66.8 years).
AVF,"The optimal vascular access is unquestionably the autologous Arteriovenous fistula, with the most common method being the conventional radio-cephalic fistula at the wrist.","The optimal vascular access is unquestionably the autologous AVF, with the most common method being the conventional radio-cephalic fistula at the wrist.","The optimal vascular access is unquestionably the autologous abdominal visceral fat, with the most common method being the conventional radio-cephalic fistula at the wrist.",RESULTS: It is confirmed that the 4.5 kb allele of the GRL BclI polymorphism is associated with a higher amount of abdominal visceral fat depot (P for trend<0.001) independent of the level of total body fat.,RESULTS: It is confirmed that the 4.5 kb allele of the GRL BclI polymorphism is associated with a higher amount of AVF depot (P for trend<0.001) independent of the level of total body fat.,RESULTS: It is confirmed that the 4.5 kb allele of the GRL BclI polymorphism is associated with a higher amount of Arteriovenous fistula depot (P for trend<0.001) independent of the level of total body fat.
AVF,Venous mapping using venography has been considered to be the gold standard for identifying veins suitable for Arteriovenous fistula creation.,Venous mapping using venography has been considered to be the gold standard for identifying veins suitable for AVF creation.,Venous mapping using venography has been considered to be the gold standard for identifying veins suitable for abdominal visceral fat creation.,The increase in plasma TESTO accompanying the loss of abdominal visceral fat was greater in men with lower fasting insulin levels (P<.0001).,The increase in plasma TESTO accompanying the loss of AVF was greater in men with lower fasting insulin levels (P<.0001).,The increase in plasma TESTO accompanying the loss of Arteriovenous fistula was greater in men with lower fasting insulin levels (P<.0001).
AVR,It has been suggested that LV mass and diastolic function normalize after aortic valve replacement.,It has been suggested that LV mass and diastolic function normalize after AVR.,It has been suggested that LV mass and diastolic function normalize after acute vascular rejection.,"BACKGROUND: Pig-to-human xenotransplantation is hampered by strong humoral and cellular immune responses, including acute vascular rejection.","BACKGROUND: Pig-to-human xenotransplantation is hampered by strong humoral and cellular immune responses, including AVR.","BACKGROUND: Pig-to-human xenotransplantation is hampered by strong humoral and cellular immune responses, including aortic valve replacement."
AVR,"aortic valve replacement is effective treatment for symptomatic AS, however, generally has a higher risk in elderly patients, especially 80 years and over patients.","AVR is effective treatment for symptomatic AS, however, generally has a higher risk in elderly patients, especially 80 years and over patients.","acute vascular rejection is effective treatment for symptomatic AS, however, generally has a higher risk in elderly patients, especially 80 years and over patients.",The present study was undertaken to determine whether blocking terminal complement with anti-C5 monoclonal antibody (mAb) alone or combined with cyclosporine (CsA) would prevent acute vascular rejection in a mouse cardiac allograft model.,The present study was undertaken to determine whether blocking terminal complement with anti-C5 monoclonal antibody (mAb) alone or combined with cyclosporine (CsA) would prevent AVR in a mouse cardiac allograft model.,The present study was undertaken to determine whether blocking terminal complement with anti-C5 monoclonal antibody (mAb) alone or combined with cyclosporine (CsA) would prevent aortic valve replacement in a mouse cardiac allograft model.
AVR,A 74-year-old woman with a history of aortic valve replacement with a tilting prosthesis at the age of 59 was referred to our hospital with chest pain at rest.,A 74-year-old woman with a history of AVR with a tilting prosthesis at the age of 59 was referred to our hospital with chest pain at rest.,A 74-year-old woman with a history of acute vascular rejection with a tilting prosthesis at the age of 59 was referred to our hospital with chest pain at rest.,"We investigated a modified immunosuppressive therapy consisting of ERL080 (Novartis Pharma AG, Base, Switzerland), cyclosporin A (Neoral), steroids, and a cyclophosphamide (CyP) induction protocol with several reduced doses to prevent acute vascular rejection.","We investigated a modified immunosuppressive therapy consisting of ERL080 (Novartis Pharma AG, Base, Switzerland), cyclosporin A (Neoral), steroids, and a cyclophosphamide (CyP) induction protocol with several reduced doses to prevent AVR.","We investigated a modified immunosuppressive therapy consisting of ERL080 (Novartis Pharma AG, Base, Switzerland), cyclosporin A (Neoral), steroids, and a cyclophosphamide (CyP) induction protocol with several reduced doses to prevent aortic valve replacement."
AVR,METHODS: aortic valve replacement was performed in 163 replacements with porcine bioprostheses (Carpentier-Edwards supra-annular) with atrial fibrillation/paced rhythm identified at latest follow-up.,METHODS: AVR was performed in 163 replacements with porcine bioprostheses (Carpentier-Edwards supra-annular) with atrial fibrillation/paced rhythm identified at latest follow-up.,METHODS: acute vascular rejection was performed in 163 replacements with porcine bioprostheses (Carpentier-Edwards supra-annular) with atrial fibrillation/paced rhythm identified at latest follow-up.,"However, acute vascular rejection then ensues, resulting in graft destruction, coagulopathy, or both within weeks.","However, AVR then ensues, resulting in graft destruction, coagulopathy, or both within weeks.","However, aortic valve replacement then ensues, resulting in graft destruction, coagulopathy, or both within weeks."
AVR,Bleeding from suture holes in aortic valve replacement may represent a difficult problem especially if the aortic wall is friable.,Bleeding from suture holes in AVR may represent a difficult problem especially if the aortic wall is friable.,Bleeding from suture holes in acute vascular rejection may represent a difficult problem especially if the aortic wall is friable.,"Thrombosis is a prominent feature of acute vascular rejection, the current barrier to survival of pig-to-primate xenografts.","Thrombosis is a prominent feature of AVR, the current barrier to survival of pig-to-primate xenografts.","Thrombosis is a prominent feature of aortic valve replacement, the current barrier to survival of pig-to-primate xenografts."
BAL,"AIM: Lignocaine, a topical anaesthetic agent, is generally used in variable concentrations usually between 2% and 4% on the vocal cords prior to flexible bronchoscopy and bronchoalveolar lavage procedures.","AIM: Lignocaine, a topical anaesthetic agent, is generally used in variable concentrations usually between 2% and 4% on the vocal cords prior to flexible bronchoscopy and BAL procedures.","AIM: Lignocaine, a topical anaesthetic agent, is generally used in variable concentrations usually between 2% and 4% on the vocal cords prior to flexible bronchoscopy and bioartificial liver procedures.","For this reason, a bioartificial liver comprising of viable hepatocytes on a mechanical support is believed to more likely provide these essential functions than a purely mechanical device.","For this reason, a BAL comprising of viable hepatocytes on a mechanical support is believed to more likely provide these essential functions than a purely mechanical device.","For this reason, a bronchoalveolar lavage comprising of viable hepatocytes on a mechanical support is believed to more likely provide these essential functions than a purely mechanical device."
BAL,OBJECTIVE: To determine whether treatment of horses with antitussive agents before bronchoalveolar lavage reduces the frequency and intensity of the cough reflex during BAL .,OBJECTIVE: To determine whether treatment of horses with antitussive agents before BAL reduces the frequency and intensity of the cough reflex during BAL .,OBJECTIVE: To determine whether treatment of horses with antitussive agents before bioartificial liver reduces the frequency and intensity of the cough reflex during BAL .,bioartificial liver devices are used for applications ranging from pharmaceutical testing to temporary liver replacement.,BAL devices are used for applications ranging from pharmaceutical testing to temporary liver replacement.,bronchoalveolar lavage devices are used for applications ranging from pharmaceutical testing to temporary liver replacement.
BAL,"Legionella urinary antigen testing, which can only detect serogroup 1, and the first culture ofa bronchoalveolar lavage fluid sample were negative for Legionella.","Legionella urinary antigen testing, which can only detect serogroup 1, and the first culture ofa BAL fluid sample were negative for Legionella.","Legionella urinary antigen testing, which can only detect serogroup 1, and the first culture ofa bioartificial liver fluid sample were negative for Legionella.","In order to evaluate functions of a bioartificial liver, containing porcine hepatocytes in a hollow fiber cartridge, some chemical loading tests have been employed.","In order to evaluate functions of a BAL, containing porcine hepatocytes in a hollow fiber cartridge, some chemical loading tests have been employed.","In order to evaluate functions of a bronchoalveolar lavage, containing porcine hepatocytes in a hollow fiber cartridge, some chemical loading tests have been employed."
BAL,"Lung function tests and bronchoalveolar lavage were performed before and after these 3 courses, and patients were monitored for 1 y after the start of the treatment.","Lung function tests and BAL were performed before and after these 3 courses, and patients were monitored for 1 y after the start of the treatment.","Lung function tests and bioartificial liver were performed before and after these 3 courses, and patients were monitored for 1 y after the start of the treatment.","Focusing on drug metabolism in liver, we constructed and evaluated a drug-metabolizing bioartificial liver support system.","Focusing on drug metabolism in liver, we constructed and evaluated a drug-metabolizing BAL support system.","Focusing on drug metabolism in liver, we constructed and evaluated a drug-metabolizing bronchoalveolar lavage support system."
BAL,bronchoalveolar lavage is a minimally invasive method for exploring the distal lung.,BAL is a minimally invasive method for exploring the distal lung.,bioartificial liver is a minimally invasive method for exploring the distal lung.,bioartificial liver devices employing xenogeneic hepatocytes are being developed as a temporary support of liver failure.,BAL devices employing xenogeneic hepatocytes are being developed as a temporary support of liver failure.,bronchoalveolar lavage devices employing xenogeneic hepatocytes are being developed as a temporary support of liver failure.
BMI,Prevention should be applied as soon as weight gain raises too rapidly and as soon as body mass index is higher than P 97.,Prevention should be applied as soon as weight gain raises too rapidly and as soon as BMI is higher than P 97.,Prevention should be applied as soon as weight gain raises too rapidly and as soon as bicuculline methiodide is higher than P 97.,"bicuculline methiodide, a competitive antagonist against GABAa receptor, partially reversed the effects of GABA on the optical signals.","BMI, a competitive antagonist against GABAa receptor, partially reversed the effects of GABA on the optical signals.","body mass index, a competitive antagonist against GABAa receptor, partially reversed the effects of GABA on the optical signals."
BMI,"In women, the multivariate correlates of CRP included OC use (P<0.0001), body mass index (P<0.0001), triglycerides (<0.0001) and physical activity (P=0.025) (inverse association).","In women, the multivariate correlates of CRP included OC use (P<0.0001), BMI (P<0.0001), triglycerides (<0.0001) and physical activity (P=0.025) (inverse association).","In women, the multivariate correlates of CRP included OC use (P<0.0001), bicuculline methiodide (P<0.0001), triglycerides (<0.0001) and physical activity (P=0.025) (inverse association).","Here, we examined the hypothesis that the location of RP-projecting neurons in the DA correspond to the sites at which microinjection of bicuculline methiodide evokes the greatest increases in HR.","Here, we examined the hypothesis that the location of RP-projecting neurons in the DA correspond to the sites at which microinjection of BMI evokes the greatest increases in HR.","Here, we examined the hypothesis that the location of RP-projecting neurons in the DA correspond to the sites at which microinjection of body mass index evokes the greatest increases in HR."
BMI,The body mass index of YF was significantly lower than both M and OF.,The BMI of YF was significantly lower than both M and OF.,The bicuculline methiodide of YF was significantly lower than both M and OF.,Iontophoresis of the GABA(A) receptor blocker bicuculline methiodide into DP and PCN induced repetitive bursting behavior and eliminated differences in the effects of L-Glu iontophoresis in the two nuclei.,Iontophoresis of the GABA(A) receptor blocker BMI into DP and PCN induced repetitive bursting behavior and eliminated differences in the effects of L-Glu iontophoresis in the two nuclei.,Iontophoresis of the GABA(A) receptor blocker body mass index into DP and PCN induced repetitive bursting behavior and eliminated differences in the effects of L-Glu iontophoresis in the two nuclei.
BMI,"Their adiposity was described using body mass index, waist circumference, and waist to hip ratio.","Their adiposity was described using BMI, waist circumference, and waist to hip ratio.","Their adiposity was described using bicuculline methiodide, waist circumference, and waist to hip ratio.","To assess the input mechanism underlying the surround suppression, we tested the effects of iontophoretically administered GABA(A)-receptor antagonist, bicuculline methiodide, for the 46 V1 neurons in anesthetized cats.","To assess the input mechanism underlying the surround suppression, we tested the effects of iontophoretically administered GABA(A)-receptor antagonist, BMI, for the 46 V1 neurons in anesthetized cats.","To assess the input mechanism underlying the surround suppression, we tested the effects of iontophoretically administered GABA(A)-receptor antagonist, body mass index, for the 46 V1 neurons in anesthetized cats."
BMI,OBJECTIVE: The authors sought to estimate the prevalence of overweight and risk for overweight and to examine relationships between body mass index and socioeconomic and demographic characteristics among children in Philadelphia and four neighboring counties.,OBJECTIVE: The authors sought to estimate the prevalence of overweight and risk for overweight and to examine relationships between BMI and socioeconomic and demographic characteristics among children in Philadelphia and four neighboring counties.,OBJECTIVE: The authors sought to estimate the prevalence of overweight and risk for overweight and to examine relationships between bicuculline methiodide and socioeconomic and demographic characteristics among children in Philadelphia and four neighboring counties.,"First, we analysed the effect of the GABA-A receptor antagonist bicuculline methiodide in organotypic cultures of hypothalamic slices.","First, we analysed the effect of the GABA-A receptor antagonist BMI in organotypic cultures of hypothalamic slices.","First, we analysed the effect of the GABA-A receptor antagonist body mass index in organotypic cultures of hypothalamic slices."
BMT,The purpose of this case study was to describe the management of a 7-year-old girl diagnosed with DKC who urgently needed dental treatment under general anesthesia before bone marrow transplantation.,The purpose of this case study was to describe the management of a 7-year-old girl diagnosed with DKC who urgently needed dental treatment under general anesthesia before BMT.,The purpose of this case study was to describe the management of a 7-year-old girl diagnosed with DKC who urgently needed dental treatment under general anesthesia before Bone Marrow Transplant.,STUDY OBJECTIVE: To describe the pulmonary findings at autopsy of blood and Bone Marrow Transplant recipients.,STUDY OBJECTIVE: To describe the pulmonary findings at autopsy of blood and BMT recipients.,STUDY OBJECTIVE: To describe the pulmonary findings at autopsy of blood and bone marrow transplantation recipients.
BMT,We were interested to analyse the composition of the cellular infiltrate and adhesion molecules expression in the conjunctiva before and at least one hundred days after autologous and allogenic bone marrow transplantation and its relation with the presence of dry eye.,We were interested to analyse the composition of the cellular infiltrate and adhesion molecules expression in the conjunctiva before and at least one hundred days after autologous and allogenic BMT and its relation with the presence of dry eye.,We were interested to analyse the composition of the cellular infiltrate and adhesion molecules expression in the conjunctiva before and at least one hundred days after autologous and allogenic Bone Marrow Transplant and its relation with the presence of dry eye.,"Among Bone Marrow Transplant recipients, the risk of CMV infection was, respectively, 1.63% (11/674) and 3.01% (21/697).","Among BMT recipients, the risk of CMV infection was, respectively, 1.63% (11/674) and 3.01% (21/697).","Among bone marrow transplantation recipients, the risk of CMV infection was, respectively, 1.63% (11/674) and 3.01% (21/697)."
BMT,"The last decade has witnessed very significant developments in the field of bone marrow transplantation, resulting in the improved safety and availability of this procedure.","The last decade has witnessed very significant developments in the field of BMT, resulting in the improved safety and availability of this procedure.","The last decade has witnessed very significant developments in the field of Bone Marrow Transplant, resulting in the improved safety and availability of this procedure.","These findings provide a link between the expression of virulence genes and development of resistance during C. albicans infection in Bone Marrow Transplant patients, where C. albicans induces hyphal formation and expression change in multiple virulence factors.","These findings provide a link between the expression of virulence genes and development of resistance during C. albicans infection in BMT patients, where C. albicans induces hyphal formation and expression change in multiple virulence factors.","These findings provide a link between the expression of virulence genes and development of resistance during C. albicans infection in bone marrow transplantation patients, where C. albicans induces hyphal formation and expression change in multiple virulence factors."
BMT,Our purpose was to describe the types and frequencies of altered dental development in pediatric patients following bone marrow transplantation.,Our purpose was to describe the types and frequencies of altered dental development in pediatric patients following BMT.,Our purpose was to describe the types and frequencies of altered dental development in pediatric patients following Bone Marrow Transplant.,Our objective was to induce tumor-specific T-cell immunity in Bone Marrow Transplant donors to enhance antitumor effects of allografts.,Our objective was to induce tumor-specific T-cell immunity in BMT donors to enhance antitumor effects of allografts.,Our objective was to induce tumor-specific T-cell immunity in bone marrow transplantation donors to enhance antitumor effects of allografts.
BMT,METHODS: We evaluated MSG sequential biopsies during cGVHD therapy in 14 allogeneic bone marrow transplantation patients.,METHODS: We evaluated MSG sequential biopsies during cGVHD therapy in 14 allogeneic BMT patients.,METHODS: We evaluated MSG sequential biopsies during cGVHD therapy in 14 allogeneic Bone Marrow Transplant patients.,Bone Marrow Transplant is a lifesaving procedure for several diseases.,BMT is a lifesaving procedure for several diseases.,bone marrow transplantation is a lifesaving procedure for several diseases.
CAD,Unstable coronary artery disease is a multi-factorial disease involving thrombotic and inflammatory processes.,Unstable CAD is a multi-factorial disease involving thrombotic and inflammatory processes.,Unstable computer-aided diagnosis is a multi-factorial disease involving thrombotic and inflammatory processes.,"However, making good use of these results showing intra-abdominal fat distribution, a computer-aided diagnosis system for detecting rectal cancer according to the presence of Ogura's peak has potential as a method of mass screening.","However, making good use of these results showing intra-abdominal fat distribution, a CAD system for detecting rectal cancer according to the presence of Ogura's peak has potential as a method of mass screening.","However, making good use of these results showing intra-abdominal fat distribution, a coronary artery disease system for detecting rectal cancer according to the presence of Ogura's peak has potential as a method of mass screening."
CAD,The T allele of the gelatinase B C((-1562)) T polymorphism has been reported to be associated with an almost 2-fold increase in promoter activity and with the extent of coronary artery disease.,The T allele of the gelatinase B C((-1562)) T polymorphism has been reported to be associated with an almost 2-fold increase in promoter activity and with the extent of CAD.,The T allele of the gelatinase B C((-1562)) T polymorphism has been reported to be associated with an almost 2-fold increase in promoter activity and with the extent of computer-aided diagnosis.,computer-aided diagnosis has become one of the major research subjects in medical imaging and diagnostic radiology.,CAD has become one of the major research subjects in medical imaging and diagnostic radiology.,coronary artery disease has become one of the major research subjects in medical imaging and diagnostic radiology.
CAD,OBJECTIVE: To determine the safety and efficacy of bariatric surgery in obese patients with documented coronary artery disease.,OBJECTIVE: To determine the safety and efficacy of bariatric surgery in obese patients with documented CAD.,OBJECTIVE: To determine the safety and efficacy of bariatric surgery in obese patients with documented computer-aided diagnosis.,A computer-aided diagnosis system in lung cancer screening with computed tomography.,A CAD system in lung cancer screening with computed tomography.,A coronary artery disease system in lung cancer screening with computed tomography.
CAD,"Asian-Indians have high rates of coronary artery disease, which also occurs at an earlier age, with 50% of all heart attacks occurring in patients<55 years old and 25% in those<40 years old.","Asian-Indians have high rates of CAD, which also occurs at an earlier age, with 50% of all heart attacks occurring in patients<55 years old and 25% in those<40 years old.","Asian-Indians have high rates of computer-aided diagnosis, which also occurs at an earlier age, with 50% of all heart attacks occurring in patients<55 years old and 25% in those<40 years old.",PURPOSE: Evaluation of the effectiveness of computer-aided diagnosis in the identification of pulmonary nodules.,PURPOSE: Evaluation of the effectiveness of CAD in the identification of pulmonary nodules.,PURPOSE: Evaluation of the effectiveness of coronary artery disease in the identification of pulmonary nodules.
CAD,"Our aim was to determine whether the initial ECG, biochemical data and past medical history correlate with the extent of coronary artery disease in patients with ACS thus identifying subjects with severe coronary artery disease who may benefit from the early invasive strategy.","Our aim was to determine whether the initial ECG, biochemical data and past medical history correlate with the extent of in patients with ACS thus identifying subjects with severe CAD who may benefit from the early invasive strategy.","Our aim was to determine whether the initial ECG, biochemical data and past medical history correlate with the extent of computer-aided diagnosis in patients with ACS thus identifying subjects with severe computer-aided diagnosis who may benefit from the early invasive strategy.",A high performance breast tumors computer-aided diagnosis system can provide an accurate and reliable diagnostic second opinion for physicians to distinguish benign breast lesions from malignant ones.,A high performance breast tumors CAD system can provide an accurate and reliable diagnostic second opinion for physicians to distinguish benign breast lesions from malignant ones.,A high performance breast tumors coronary artery disease system can provide an accurate and reliable diagnostic second opinion for physicians to distinguish benign breast lesions from malignant ones.
CDI,PURPOSE: To examine retrospectively the diagnostic and differential diagnostic value of Color Doppler imaging in cases of suspected intraocular and orbital tumors.,PURPOSE: To examine retrospectively the diagnostic and differential diagnostic value of CDI in cases of suspected intraocular and orbital tumors.,PURPOSE: To examine retrospectively the diagnostic and differential diagnostic value of Children's Depression Inventory in cases of suspected intraocular and orbital tumors.,The purpose of this study was to describe depression and suicidal ideation rates in a community sample of 182 urban fourth and fifth grade Mexican American children using the Children's Depression Inventory.,The purpose of this study was to describe depression and suicidal ideation rates in a community sample of 182 urban fourth and fifth grade Mexican American children using the CDI.,The purpose of this study was to describe depression and suicidal ideation rates in a community sample of 182 urban fourth and fifth grade Mexican American children using the Color Doppler imaging.
CDI,We report a case of infectious endocarditis detected by combining orbital Color Doppler imaging and ophthalmological findings.,We report a case of infectious endocarditis detected by combining orbital CDI and ophthalmological findings.,We report a case of infectious endocarditis detected by combining orbital Children's Depression Inventory and ophthalmological findings.,"At age 10, the children also completed the Children's Depression Inventory [M.","At age 10, the children also completed the CDI [M.","At age 10, the children also completed the Color Doppler imaging [M."
CDI,PATIENTS AND METHODS: n = 9 eyes from 9 normal tension glaucoma patients were subjected to Color Doppler imaging before and during a 3 - 5 week therapy with bimatoprost.,PATIENTS AND METHODS: n = 9 eyes from 9 normal tension glaucoma patients were subjected to CDI before and during a 3 - 5 week therapy with bimatoprost.,PATIENTS AND METHODS: n = 9 eyes from 9 normal tension glaucoma patients were subjected to Children's Depression Inventory before and during a 3 - 5 week therapy with bimatoprost.,The overall Children's Depression Inventory depression scores did not show differences between the study groups.,The overall CDI depression scores did not show differences between the study groups.,The overall Color Doppler imaging depression scores did not show differences between the study groups.
CDI,"In 20 aged patients (mean age: 70.4 years), the CRA circulation indices were determined by Color Doppler imaging, and IOP, BP, and PR were measured before and after four serial unilateral instillations at 30-min intervals of phenylephrine.","In 20 aged patients (mean age: 70.4 years), the CRA circulation indices were determined by CDI, and IOP, BP, and PR were measured before and after four serial unilateral instillations at 30-min intervals of phenylephrine.","In 20 aged patients (mean age: 70.4 years), the CRA circulation indices were determined by Children's Depression Inventory, and IOP, BP, and PR were measured before and after four serial unilateral instillations at 30-min intervals of phenylephrine.",The analyses indicated that Children's Depression Inventory scores at the initial assessment predicted changes in mother-reported social competence from the initial assessment to the latter assessment.,The analyses indicated that CDI scores at the initial assessment predicted changes in mother-reported social competence from the initial assessment to the latter assessment.,The analyses indicated that Color Doppler imaging scores at the initial assessment predicted changes in mother-reported social competence from the initial assessment to the latter assessment.
CDI,"The effect of bimatoprost on ocular circulation was assessed by Color Doppler imaging, which measured peak systolic, end-diastolic blood flow velocities and resistance indices in the ophthalmic, posterior ciliary and central retinal arteries.","The effect of bimatoprost on ocular circulation was assessed by CDI, which measured peak systolic, end-diastolic blood flow velocities and resistance indices in the ophthalmic, posterior ciliary and central retinal arteries.","The effect of bimatoprost on ocular circulation was assessed by Children's Depression Inventory, which measured peak systolic, end-diastolic blood flow velocities and resistance indices in the ophthalmic, posterior ciliary and central retinal arteries.","The Bulimia Test (Bulit) and the Children's Depression Inventory were administered to 309 students from a private high school in San Juan, Puerto Rico.","The Bulimia Test (Bulit) and the CDI were administered to 309 students from a private high school in San Juan, Puerto Rico.","The Bulimia Test (Bulit) and the Color Doppler imaging were administered to 309 students from a private high school in San Juan, Puerto Rico."
CEA,"At her nine months postoperative follow-up examination, her serum carcinoembryonic antigen levels had raised to 15.8ng/mL.","At her nine months postoperative follow-up examination, her serum CEA levels had raised to 15.8ng/mL.","At her nine months postoperative follow-up examination, her serum carotid endarterectomy levels had raised to 15.8ng/mL.",BACKGROUND: Carotid artery cross-clamping ischemia during carotid endarterectomy sometimes causes perioperative neurological deficits.,BACKGROUND: Carotid artery cross-clamping ischemia during CEA sometimes causes perioperative neurological deficits.,BACKGROUND: Carotid artery cross-clamping ischemia during carcinoembryonic antigen sometimes causes perioperative neurological deficits.
CEA,"Factors not influencing treatment strategy were age, primary tumor stage, timing of metastases detection, past blood transfusion, liver resection type, pre-resection carcinoembryonic antigen, and previous hepatectomy.","Factors not influencing treatment strategy were age, primary tumor stage, timing of metastases detection, past blood transfusion, liver resection type, pre-resection CEA, and previous hepatectomy.","Factors not influencing treatment strategy were age, primary tumor stage, timing of metastases detection, past blood transfusion, liver resection type, pre-resection carotid endarterectomy, and previous hepatectomy.",BACKGROUND: The efficacy of carotid endarterectomy in octogenarians is controversial.,BACKGROUND: The efficacy of CEA in octogenarians is controversial.,BACKGROUND: The efficacy of carcinoembryonic antigen in octogenarians is controversial.
CEA,"BACKGROUND: Although the prognostic significance of the serum carcinoembryonic antigen level in non-small cell lung cancer has been reported in several studies, it is unknown whether the serum CEA level is a prognostic determinant for pN1 disease or not.","BACKGROUND: Although the prognostic significance of the serum CEA level in non-small cell lung cancer has been reported in several studies, it is unknown whether the serum CEA level is a prognostic determinant for pN1 disease or not.","BACKGROUND: Although the prognostic significance of the serum carotid endarterectomy level in non-small cell lung cancer has been reported in several studies, it is unknown whether the serum CEA level is a prognostic determinant for pN1 disease or not.",The objective of this study was to elucidate the relationship between outcomes from carotid endarterectomy in patients with and without renal insufficiency.,The objective of this study was to elucidate the relationship between outcomes from CEA in patients with and without renal insufficiency.,The objective of this study was to elucidate the relationship between outcomes from carcinoembryonic antigen in patients with and without renal insufficiency.
CEA,carcinoembryonic antigen is a tumor-associated antigen targeted for the development of colorectal tumor vaccines.,CEA is a tumor-associated antigen targeted for the development of colorectal tumor vaccines.,carotid endarterectomy is a tumor-associated antigen targeted for the development of colorectal tumor vaccines.,This is an analysis of restenosis after bilateral carotid endarterectomy with saphenous vein patch reconstruction on one side and Dacron patch reconstruction on the other.,This is an analysis of restenosis after bilateral CEA with saphenous vein patch reconstruction on one side and Dacron patch reconstruction on the other.,This is an analysis of restenosis after bilateral carcinoembryonic antigen with saphenous vein patch reconstruction on one side and Dacron patch reconstruction on the other.
CEA,"Immunohistochemical analysis revealed that, although carcinoembryonic antigen, which can be detected with monoclonal antibodies in the cytoplasm and the cell surface of CC cells but not HCC cells, was expressed in only the CC cells in the primary tumour, it was expressed extensively in the cytoplasm of both CC and FLC cells in the metastatic and recurrent tumours.","Immunohistochemical analysis revealed that, although CEA, which can be detected with monoclonal antibodies in the cytoplasm and the cell surface of CC cells but not HCC cells, was expressed in only the CC cells in the primary tumour, it was expressed extensively in the cytoplasm of both CC and FLC cells in the metastatic and recurrent tumours.","Immunohistochemical analysis revealed that, although carotid endarterectomy, which can be detected with monoclonal antibodies in the cytoplasm and the cell surface of CC cells but not HCC cells, was expressed in only the CC cells in the primary tumour, it was expressed extensively in the cytoplasm of both CC and FLC cells in the metastatic and recurrent tumours.","Many prospective, randomized clinical trials evaluating the safety and efficacy of carotid endarterectomy versus medical management in the prevention of ischemic stroke were performed in the 1990s.","Many prospective, randomized clinical trials evaluating the safety and efficacy of CEA versus medical management in the prevention of ischemic stroke were performed in the 1990s.","Many prospective, randomized clinical trials evaluating the safety and efficacy of carcinoembryonic antigen versus medical management in the prevention of ischemic stroke were performed in the 1990s."
CHF,We will then examine the effects of exercise conditioning on these parameters in normal subjects and those with congestive heart failure.,We will then examine the effects of exercise conditioning on these parameters in normal subjects and those with CHF.,We will then examine the effects of exercise conditioning on these parameters in normal subjects and those with patients with chronic heart failure.,BACKGROUND: patients with chronic heart failure show inflammatory changes and elevated plasma levels of TNFalpha and endotoxins.,BACKGROUND: CHF show inflammatory changes and elevated plasma levels of TNFalpha and endotoxins.,BACKGROUND: congestive heart failure show inflammatory changes and elevated plasma levels of TNFalpha and endotoxins.
CHF,"It is important, both as an outcome measure in clinical trials of congestive heart failure and as a consideration in individual physicians' therapeutic decisions.","It is important, both as an outcome measure in clinical trials of CHF and as a consideration in individual physicians' therapeutic decisions.","It is important, both as an outcome measure in clinical trials of patients with chronic heart failure and as a consideration in individual physicians' therapeutic decisions.",We investigated a home-based intervention based on telecardiology in patients with chronic heart failure.,We investigated a home-based intervention based on telecardiology in CHF.,We investigated a home-based intervention based on telecardiology in congestive heart failure.
CHF,"BACKGROUND: We aim to describe the risk, predictors, and outcomes associated with de novo congestive heart failure after kidney transplantation.","BACKGROUND: We aim to describe the risk, predictors, and outcomes associated with de novo CHF after kidney transplantation.","BACKGROUND: We aim to describe the risk, predictors, and outcomes associated with de novo patients with chronic heart failure after kidney transplantation.",Anemia is common among patients with chronic heart failure and is associated with increased morbidity and mortality.,Anemia is common among CHF and is associated with increased morbidity and mortality.,Anemia is common among congestive heart failure and is associated with increased morbidity and mortality.
CHF,"Recent studies demonstrate an even higher prevalence of SDB in congestive heart failure than in a randomly selected population, with up to 40% and 11% having Cheyne Stokes respiration-central sleep apnoea and obstructive sleep apnoea-hypopnoea syndromes, respectively.","Recent studies demonstrate an even higher prevalence of SDB in CHF than in a randomly selected population, with up to 40% and 11% having Cheyne Stokes respiration-central sleep apnoea and obstructive sleep apnoea-hypopnoea syndromes, respectively.","Recent studies demonstrate an even higher prevalence of SDB in patients with chronic heart failure than in a randomly selected population, with up to 40% and 11% having Cheyne Stokes respiration-central sleep apnoea and obstructive sleep apnoea-hypopnoea syndromes, respectively.",AIMS: The extent of exercise intolerance in patients with chronic heart failure is dependent on and representative of the severity of heart failure.,AIMS: The extent of exercise intolerance in CHF is dependent on and representative of the severity of heart failure.,AIMS: The extent of exercise intolerance in congestive heart failure is dependent on and representative of the severity of heart failure.
CHF,Bucindolol is a beta1 and beta2 adrenoceptor antagonist under development by Intercardia as a potential treatment for hypertension and congestive heart failure.,Bucindolol is a beta1 and beta2 adrenoceptor antagonist under development by Intercardia as a potential treatment for hypertension and CHF.,Bucindolol is a beta1 and beta2 adrenoceptor antagonist under development by Intercardia as a potential treatment for hypertension and patients with chronic heart failure.,BACKGROUND: Physical training is recommended as an efficient therapy in patients with chronic heart failure.,BACKGROUND: Physical training is recommended as an efficient therapy in CHF.,BACKGROUND: Physical training is recommended as an efficient therapy in congestive heart failure.
CIC,"Serum concentrations of circulating immune complexes, complement factors (Factor B, C4, C8) and complement activities (CH50 and AH50) were determined in Nigerian school children having urinary schistosomiasis with or without symptomatic malaria by polyethylene glycol precipitation method, single radial immunodiffusion and total haemolytic activities respectively.","Serum concentrations of CIC, complement factors (Factor B, C4, C8) and complement activities (CH50 and AH50) were determined in Nigerian school children having urinary schistosomiasis with or without symptomatic malaria by polyethylene glycol precipitation method, single radial immunodiffusion and total haemolytic activities respectively.","Serum concentrations of clean intermittent catheterization, complement factors (Factor B, C4, C8) and complement activities (CH50 and AH50) were determined in Nigerian school children having urinary schistosomiasis with or without symptomatic malaria by polyethylene glycol precipitation method, single radial immunodiffusion and total haemolytic activities respectively.",PURPOSE: clean intermittent catheterization has proven successful for bladder emptying in children without genital sensation with success rates of 94% to 100% in select groups.,PURPOSE: CIC has proven successful for bladder emptying in children without genital sensation with success rates of 94% to 100% in select groups.,PURPOSE: circulating immune complexes has proven successful for bladder emptying in children without genital sensation with success rates of 94% to 100% in select groups.
CIC,"OBJECTIVE: To study IL-6, IL-10, IL-12 levels and circulating immune complexes containing IgG, IgM or IgA in sera of 14 TAO patients and 12 healthy blood donors.","OBJECTIVE: To study IL-6, IL-10, IL-12 levels and CIC containing IgG, IgM or IgA in sera of 14 TAO patients and 12 healthy blood donors.","OBJECTIVE: To study IL-6, IL-10, IL-12 levels and clean intermittent catheterization containing IgG, IgM or IgA in sera of 14 TAO patients and 12 healthy blood donors.",OBJECTIVE: To evaluate the effects of vesicostomy on the urinary tract of myelodysplastic children in whom conservative bladder management with clean intermittent catheterization has failed to preserve upper and lower urinary tract function.,OBJECTIVE: To evaluate the effects of vesicostomy on the urinary tract of myelodysplastic children in whom conservative bladder management with CIC has failed to preserve upper and lower urinary tract function.,OBJECTIVE: To evaluate the effects of vesicostomy on the urinary tract of myelodysplastic children in whom conservative bladder management with circulating immune complexes has failed to preserve upper and lower urinary tract function.
CIC,"A comparative study of blood serum concentrations and pathogenic properties of circulating immune complexes, along with identification of their protein composition, was conducted in 45 patients with schizophrenia, 15 their healthy relatives and 39 normal controls.","A comparative study of blood serum concentrations and pathogenic properties of CIC, along with identification of their protein composition, was conducted in 45 patients with schizophrenia, 15 their healthy relatives and 39 normal controls.","A comparative study of blood serum concentrations and pathogenic properties of clean intermittent catheterization, along with identification of their protein composition, was conducted in 45 patients with schizophrenia, 15 their healthy relatives and 39 normal controls.",In the neuropathic bladder group the bladder function improved following closure of CV and commencement of anticholinergic medication and clean intermittent catheterization.,In the neuropathic bladder group the bladder function improved following closure of CV and commencement of anticholinergic medication and CIC.,In the neuropathic bladder group the bladder function improved following closure of CV and commencement of anticholinergic medication and circulating immune complexes.
CIC,"The assessment of local antiinfectious defense factors registered a significant decrease in the total number of circulating immune complexes with disappearance of small CIC ; enhancement of total complementory activity and C2, C4-fragments of the complement indicating activation of mucosa of the mucosa-associated lymphoid tissue inductive zone providing specific antibacterial defense of the upper respiratory tract.","The assessment of local antiinfectious defense factors registered a significant decrease in the total number of CIC with disappearance of small CIC ; enhancement of total complementory activity and C2, C4-fragments of the complement indicating activation of mucosa of the mucosa-associated lymphoid tissue inductive zone providing specific antibacterial defense of the upper respiratory tract.","The assessment of local antiinfectious defense factors registered a significant decrease in the total number of clean intermittent catheterization with disappearance of small CIC ; enhancement of total complementory activity and C2, C4-fragments of the complement indicating activation of mucosa of the mucosa-associated lymphoid tissue inductive zone providing specific antibacterial defense of the upper respiratory tract.","INTRODUCTION: Continent urinary diversion (based on Mitrofanoff's principle), despite its complexity, is the gold standard in the treatment of those vesicourethral disfunctions that need clean intermittent catheterization to achieve complete vesical voiding, in patients with non easily catheterizable native urethra.","INTRODUCTION: Continent urinary diversion (based on Mitrofanoff's principle), despite its complexity, is the gold standard in the treatment of those vesicourethral disfunctions that need CIC to achieve complete vesical voiding, in patients with non easily catheterizable native urethra.","INTRODUCTION: Continent urinary diversion (based on Mitrofanoff's principle), despite its complexity, is the gold standard in the treatment of those vesicourethral disfunctions that need circulating immune complexes to achieve complete vesical voiding, in patients with non easily catheterizable native urethra."
CIC,BACKGROUND: Sera of patients with IgA nephropathy (IgAN) contain circulating immune complexes composed of galactose-deficient IgA1 complexed with antiglycan antibodies.,BACKGROUND: Sera of patients with IgA nephropathy (IgAN) contain CIC composed of galactose-deficient IgA1 complexed with antiglycan antibodies.,BACKGROUND: Sera of patients with IgA nephropathy (IgAN) contain clean intermittent catheterization composed of galactose-deficient IgA1 complexed with antiglycan antibodies.,The children with PUV were maintained on clean intermittent catheterization and a detrusor relaxant at least 3 months before transplantation.,The children with PUV were maintained on CIC and a detrusor relaxant at least 3 months before transplantation.,The children with PUV were maintained on circulating immune complexes and a detrusor relaxant at least 3 months before transplantation.
CML,"It is commonly held that PV is a rare disorder, when in fact with a minimum incidence of 2.6 per 100,000 it is more common than chronic myelogenous leukemia and is particularly prevalent in persons of Ashkenazi Jewish ancestry.","It is commonly held that PV is a rare disorder, when in fact with a minimum incidence of 2.6 per 100,000 it is more common than CML and is particularly prevalent in persons of Ashkenazi Jewish ancestry.","It is commonly held that PV is a rare disorder, when in fact with a minimum incidence of 2.6 per 100,000 it is more common than cell-mediated lympholysis and is particularly prevalent in persons of Ashkenazi Jewish ancestry.",Genetics of cell-mediated lympholysis in man.,Genetics of CML in man.,Genetics of chronic myelogenous leukemia in man.
CML,A phase I study of PEG-IFN was conducted in patients with chronic myelogenous leukemia who were previously treated with IFN-alpha to evaluate the effect of sustained exposure to IFN on patients with CML .,A phase I study of PEG-IFN was conducted in patients with CML who were previously treated with IFN-alpha to evaluate the effect of sustained exposure to IFN on patients with CML .,A phase I study of PEG-IFN was conducted in patients with cell-mediated lympholysis who were previously treated with IFN-alpha to evaluate the effect of sustained exposure to IFN on patients with CML .,"Since cell-mediated lympholysis, the most commonly used in vitro experimental cytotoxic method for the evaluation of regulatory cells, requires large numbers of cells that are often the limiting factor, we have developed a new micro-cell-mediated lympholytic (m- CML ) assay.","Since CML, the most commonly used in vitro experimental cytotoxic method for the evaluation of regulatory cells, requires large numbers of cells that are often the limiting factor, we have developed a new micro-cell-mediated lympholytic (m- CML ) assay.","Since chronic myelogenous leukemia, the most commonly used in vitro experimental cytotoxic method for the evaluation of regulatory cells, requires large numbers of cells that are often the limiting factor, we have developed a new micro-cell-mediated lympholytic (m- CML ) assay."
CML,One hundred and ten patients with Philadelphia chromosome (Ph)-positive chronic phase chronic myelogenous leukemia post-interferon-a failure treated with imatinib mesylate therapy were analyzed for the prognostic significance of marrow reticulin stain-measured fibrosis.,One hundred and ten patients with Philadelphia chromosome (Ph)-positive chronic phase CML post-interferon-a failure treated with imatinib mesylate therapy were analyzed for the prognostic significance of marrow reticulin stain-measured fibrosis.,One hundred and ten patients with Philadelphia chromosome (Ph)-positive chronic phase cell-mediated lympholysis post-interferon-a failure treated with imatinib mesylate therapy were analyzed for the prognostic significance of marrow reticulin stain-measured fibrosis.,"Allograft survival in these recipients was prolonged to 138, 428, and 509 days, and in vitro mixed leukocyte reaction and cell-mediated lympholysis assays demonstrated donor-specific hyporesponsiveness.","Allograft survival in these recipients was prolonged to 138, 428, and 509 days, and in vitro mixed leukocyte reaction and CML assays demonstrated donor-specific hyporesponsiveness.","Allograft survival in these recipients was prolonged to 138, 428, and 509 days, and in vitro mixed leukocyte reaction and chronic myelogenous leukemia assays demonstrated donor-specific hyporesponsiveness."
CML,"Imatinib mesylate, a signal transduction inhibitor molecule, has been introduced in the treatment of chronic myelogenous leukemia since May 2001.","Imatinib mesylate, a signal transduction inhibitor molecule, has been introduced in the treatment of CML since May 2001.","Imatinib mesylate, a signal transduction inhibitor molecule, has been introduced in the treatment of cell-mediated lympholysis since May 2001.","BACKGROUND: To estimate the impact of RBC preparations on the status of postoperative immune activation, the soluble cytokine receptors of TNFalpha (sTNF-R) and IL-2 (sIL-2R), as well as neopterin and cell-mediated lympholysis, were measured.","BACKGROUND: To estimate the impact of RBC preparations on the status of postoperative immune activation, the soluble cytokine receptors of TNFalpha (sTNF-R) and IL-2 (sIL-2R), as well as neopterin and CML, were measured.","BACKGROUND: To estimate the impact of RBC preparations on the status of postoperative immune activation, the soluble cytokine receptors of TNFalpha (sTNF-R) and IL-2 (sIL-2R), as well as neopterin and chronic myelogenous leukemia, were measured."
CML,"Our results can explain the absence of clonal myeloproliferative disorders in mice (lifetime, 2 years), are consistent with clinical observations in cats, and provide insight into the progression of chronic myelogenous leukemia in humans.","Our results can explain the absence of clonal myeloproliferative disorders in mice (lifetime, 2 years), are consistent with clinical observations in cats, and provide insight into the progression of CML in humans.","Our results can explain the absence of clonal myeloproliferative disorders in mice (lifetime, 2 years), are consistent with clinical observations in cats, and provide insight into the progression of cell-mediated lympholysis in humans.","RESULTS: Control animals had a stable plasma creatinine, had donor-specific unresponsiveness in cell-mediated lympholysis assays, had absence of rejection in kidney biopsy specimens, and did not develop anti-donor class I immunoglobulin (Ig)G alloantibodies.","RESULTS: Control animals had a stable plasma creatinine, had donor-specific unresponsiveness in CML assays, had absence of rejection in kidney biopsy specimens, and did not develop anti-donor class I immunoglobulin (Ig)G alloantibodies.","RESULTS: Control animals had a stable plasma creatinine, had donor-specific unresponsiveness in chronic myelogenous leukemia assays, had absence of rejection in kidney biopsy specimens, and did not develop anti-donor class I immunoglobulin (Ig)G alloantibodies."
CMS,"Furthermore, we reported the presence of a pollen fertility-restoring gene (Rf) for cytoplasmic male sterility in A. fistulosum from segregation of pollen fertility of backcross progenies.","Furthermore, we reported the presence of a pollen fertility-restoring gene (Rf) for CMS in A. fistulosum from segregation of pollen fertility of backcross progenies.","Furthermore, we reported the presence of a pollen fertility-restoring gene (Rf) for chronic mild stress in A. fistulosum from segregation of pollen fertility of backcross progenies.",chronic mild stress revisited: consistency and behavioural-neurobiological concordance in the effects of CMS .,CMS revisited: consistency and behavioural-neurobiological concordance in the effects of CMS .,cytoplasmic male sterility revisited: consistency and behavioural-neurobiological concordance in the effects of CMS .
CMS,"cytoplasmic male sterility is a mitochondrially encoded trait, which is characterized by a failure of plants to produce viable pollen.","CMS is a mitochondrially encoded trait, which is characterized by a failure of plants to produce viable pollen.","chronic mild stress is a mitochondrially encoded trait, which is characterized by a failure of plants to produce viable pollen.",The chronic mild stress model of depression has high validity but has in the past been criticized for being difficult to replicate.,The CMS model of depression has high validity but has in the past been criticized for being difficult to replicate.,The cytoplasmic male sterility model of depression has high validity but has in the past been criticized for being difficult to replicate.
CMS,cytoplasmic male sterility is a maternally inherited defect in pollen production specified by novel mitochondrial genes.,CMS is a maternally inherited defect in pollen production specified by novel mitochondrial genes.,chronic mild stress is a maternally inherited defect in pollen production specified by novel mitochondrial genes.,In this work we studied the effect of chronic mild stress exposure on the early intracellular pathways involved in T cells after stimulation with mitogen.,In this work we studied the effect of CMS exposure on the early intracellular pathways involved in T cells after stimulation with mitogen.,In this work we studied the effect of cytoplasmic male sterility exposure on the early intracellular pathways involved in T cells after stimulation with mitogen.
CMS,"The objective of this research was to develop STS markers tightly linked with Rf1, the fertility restoring gene for cytoplasmic male sterility in cotton (Gossypium hirsutum L.).","The objective of this research was to develop STS markers tightly linked with Rf1, the fertility restoring gene for CMS in cotton (Gossypium hirsutum L.).","The objective of this research was to develop STS markers tightly linked with Rf1, the fertility restoring gene for chronic mild stress in cotton (Gossypium hirsutum L.).",chronic mild stress has been reported to induce an anhedonic-like state in rats that resembles some of the symptoms of endogenous depression in humans.,CMS has been reported to induce an anhedonic-like state in rats that resembles some of the symptoms of endogenous depression in humans.,cytoplasmic male sterility has been reported to induce an anhedonic-like state in rats that resembles some of the symptoms of endogenous depression in humans.
CMS,"In Brassica species, alloplasmic lines displaying cytoplasmic male sterility are established by combining the nucleus from B. rapa with the cytoplasm from Diplotaxis muralis.","In Brassica species, alloplasmic lines displaying CMS are established by combining the nucleus from B. rapa with the cytoplasm from Diplotaxis muralis.","In Brassica species, alloplasmic lines displaying chronic mild stress are established by combining the nucleus from B. rapa with the cytoplasm from Diplotaxis muralis.","In the present study we examined the hypothesis that exposure to chronic mild stress, an experimental model of depression that induces anhedonia in rats, is sufficient to activate the production of proinflammatory cytokines and stress hormones that are detrimental to the heart and vascular system.","In the present study we examined the hypothesis that exposure to CMS, an experimental model of depression that induces anhedonia in rats, is sufficient to activate the production of proinflammatory cytokines and stress hormones that are detrimental to the heart and vascular system.","In the present study we examined the hypothesis that exposure to cytoplasmic male sterility, an experimental model of depression that induces anhedonia in rats, is sufficient to activate the production of proinflammatory cytokines and stress hormones that are detrimental to the heart and vascular system."
CMV,"Following addition of indinavir to the therapy regimen, no semen samples from 21 men with controlled peripheral and seminal viral loads were 2-LTR cDNA positive at 1 and 6 month time points, despite the persistence of HIV-1 proviral DNA+ semen cells and seminal cytomegalovirus shedding in some cases.","Following addition of indinavir to the therapy regimen, no semen samples from 21 men with controlled peripheral and seminal viral loads were 2-LTR cDNA positive at 1 and 6 month time points, despite the persistence of HIV-1 proviral DNA+ semen cells and seminal CMV shedding in some cases.","Following addition of indinavir to the therapy regimen, no semen samples from 21 men with controlled peripheral and seminal viral loads were 2-LTR cDNA positive at 1 and 6 month time points, despite the persistence of HIV-1 proviral DNA+ semen cells and seminal cucumber mosaic virus shedding in some cases.",Subsequent serological analysis allowed the identification of the pathogen as a subgroup I strain of cucumber mosaic virus.,Subsequent serological analysis allowed the identification of the pathogen as a subgroup I strain of CMV.,Subsequent serological analysis allowed the identification of the pathogen as a subgroup I strain of cytomegalovirus.
CMV,cytomegalovirus is the most common cause of congenital infection in humans.,CMV is the most common cause of congenital infection in humans.,cucumber mosaic virus is the most common cause of congenital infection in humans.,Five isolates of cucumber mosaic virus from Lilium sp.,Five isolates of CMV from Lilium sp.,Five isolates of cytomegalovirus from Lilium sp.
CMV,"BACKGROUND: Currently, there is no effective intervention for a primary cytomegalovirus infection during pregnancy.","BACKGROUND: Currently, there is no effective intervention for a primary CMV infection during pregnancy.","BACKGROUND: Currently, there is no effective intervention for a primary cucumber mosaic virus infection during pregnancy.","We evaluated the immunological properties of a chimeric cucumber mosaic virus, a plant virus engineered to express on its surface a synthetic peptide derived from many HVR1 sequences of the HCV envelope protein E2 (R9 mimotope).","We evaluated the immunological properties of a chimeric CMV, a plant virus engineered to express on its surface a synthetic peptide derived from many HVR1 sequences of the HCV envelope protein E2 (R9 mimotope).","We evaluated the immunological properties of a chimeric cytomegalovirus, a plant virus engineered to express on its surface a synthetic peptide derived from many HVR1 sequences of the HCV envelope protein E2 (R9 mimotope)."
CMV,The safety of discontinuation of maintenance therapy for cytomegalovirus retinitis and incidence of immune recovery uveitis following potent antiretroviral therapy.,The safety of discontinuation of maintenance therapy for CMV retinitis and incidence of immune recovery uveitis following potent antiretroviral therapy.,The safety of discontinuation of maintenance therapy for cucumber mosaic virus retinitis and incidence of immune recovery uveitis following potent antiretroviral therapy.,cucumber mosaic virus A strain ( CMV -A) isolated from Amaranthus tricolor was partially characterized at molecular level.,CMV A strain ( CMV -A) isolated from Amaranthus tricolor was partially characterized at molecular level.,cytomegalovirus A strain ( CMV -A) isolated from Amaranthus tricolor was partially characterized at molecular level.
CMV,"The cytomegalovirus maturational protease, assemblin, contains an'internal'(I) cleavage site absent from its homologs in other herpesviruses.","The CMV maturational protease, assemblin, contains an'internal'(I) cleavage site absent from its homologs in other herpesviruses.","The cucumber mosaic virus maturational protease, assemblin, contains an'internal'(I) cleavage site absent from its homologs in other herpesviruses.",The physical stability of virions of cucumber mosaic virus mutants was investigated to determine if relative stability correlated with efficiency of aphid transmission.,The physical stability of virions of CMV mutants was investigated to determine if relative stability correlated with efficiency of aphid transmission.,The physical stability of virions of cytomegalovirus mutants was investigated to determine if relative stability correlated with efficiency of aphid transmission.
CNS,"In this study, the question of postural and focal components integration by the central nervous system is investigated through whole body reaching task performance in microgravity.","In this study, the question of postural and focal components integration by the CNS is investigated through whole body reaching task performance in microgravity.","In this study, the question of postural and focal components integration by the coagulase-negative staphylococci is investigated through whole body reaching task performance in microgravity.",The collection of 314 staphylococcal strains including Staphylococcus aureus and coagulase-negative staphylococci was isolated from skin or nasopharynx of healthy people.,The collection of 314 staphylococcal strains including Staphylococcus aureus and CNS was isolated from skin or nasopharynx of healthy people.,The collection of 314 staphylococcal strains including Staphylococcus aureus and central nervous system was isolated from skin or nasopharynx of healthy people.
CNS,"While adaptive immunity plays an important role in preventing WNV spread to the central nervous system, little is known about how alpha/beta interferon (IFN-alpha/beta) protects against peripheral and CNS infection.","While adaptive immunity plays an important role in preventing WNV spread to the CNS, little is known about how alpha/beta interferon (IFN-alpha/beta) protects against peripheral and CNS infection.","While adaptive immunity plays an important role in preventing WNV spread to the coagulase-negative staphylococci, little is known about how alpha/beta interferon (IFN-alpha/beta) protects against peripheral and CNS infection.","The most-prevalent mastitis agents were coagulase-negative staphylococci, 80% (n = 1474 udder-half samples); within this group, Staphylococcus epidermidis was the most-prevalent species (38%).","The most-prevalent mastitis agents were CNS, 80% (n = 1474 udder-half samples); within this group, Staphylococcus epidermidis was the most-prevalent species (38%).","The most-prevalent mastitis agents were central nervous system, 80% (n = 1474 udder-half samples); within this group, Staphylococcus epidermidis was the most-prevalent species (38%)."
CNS,"The spectrum of post-streptococcal disease of the central nervous system has been widened recently and includes movement disorders (chorea, tics, dystonia, and Parkinsonism), psychiatric disorders (particularly emotional disorders), and associated sleep disorders.","The spectrum of post-streptococcal disease of the CNS has been widened recently and includes movement disorders (chorea, tics, dystonia, and Parkinsonism), psychiatric disorders (particularly emotional disorders), and associated sleep disorders.","The spectrum of post-streptococcal disease of the coagulase-negative staphylococci has been widened recently and includes movement disorders (chorea, tics, dystonia, and Parkinsonism), psychiatric disorders (particularly emotional disorders), and associated sleep disorders.",This study aimed to determine the levels of the macrolides-lincosamides-streptogramins B (MLS(B)) resistance phenotype of Staphylococcus aureus and coagulase-negative staphylococci isolates from clinical samples.,This study aimed to determine the levels of the macrolides-lincosamides-streptogramins B (MLS(B)) resistance phenotype of Staphylococcus aureus and CNS isolates from clinical samples.,This study aimed to determine the levels of the macrolides-lincosamides-streptogramins B (MLS(B)) resistance phenotype of Staphylococcus aureus and central nervous system isolates from clinical samples.
CNS,The presence and function of CB2 receptors in central nervous system neurons are controversial.,The presence and function of CB2 receptors in CNS neurons are controversial.,The presence and function of CB2 receptors in coagulase-negative staphylococci neurons are controversial.,Most of the infections (80.7%) observed were due to coagulase-negative staphylococci species.,Most of the infections (80.7%) observed were due to CNS species.,Most of the infections (80.7%) observed were due to central nervous system species.
CNS,Clinical Relevance central nervous system diseases may cause long-term disabilities.,Clinical Relevance CNS diseases may cause long-term disabilities.,Clinical Relevance coagulase-negative staphylococci diseases may cause long-term disabilities.,"RESULTS: Among the 162 bacteria isolated, 124 (76%) were coagulase-negative staphylococci, with 2% resistant to gatifloxacin and moxifloxacin, and none were resistant to vancomycin or minocycline.","RESULTS: Among the 162 bacteria isolated, 124 (76%) were CNS, with 2% resistant to gatifloxacin and moxifloxacin, and none were resistant to vancomycin or minocycline.","RESULTS: Among the 162 bacteria isolated, 124 (76%) were central nervous system, with 2% resistant to gatifloxacin and moxifloxacin, and none were resistant to vancomycin or minocycline."
CPR,"cardiopulmonary resuscitation, including chest compressions and mechanical ventilation, was begun after 8 minutes of untreated cardiac arrest.","CPR, including chest compressions and mechanical ventilation, was begun after 8 minutes of untreated cardiac arrest.","C-peptide immunoreactivity, including chest compressions and mechanical ventilation, was begun after 8 minutes of untreated cardiac arrest.",We investigated the relationship between serum levels of C-peptide immunoreactivity and diabetic complications in 256 patients with type-2 diabetes mellitus.,We investigated the relationship between serum levels of CPR and diabetic complications in 256 patients with type-2 diabetes mellitus.,We investigated the relationship between serum levels of cardiopulmonary resuscitation and diabetic complications in 256 patients with type-2 diabetes mellitus.
CPR,This was followed by a practical test consisting of two first aid and basic life support scenarios including cardiopulmonary resuscitation.,This was followed by a practical test consisting of two first aid and basic life support scenarios including CPR.,This was followed by a practical test consisting of two first aid and basic life support scenarios including C-peptide immunoreactivity.,"C-peptide immunoreactivity response during glucagon test (intravenous injection of 1 mg glucagon) was compared with CPR response during 75 g oral glucose tolerance test (oGTT) in 58 patients with newly-diagnosed, untreated type 2 (non-insulin-dependent) diabetes mellitus.","CPR response during glucagon test (intravenous injection of 1 mg glucagon) was compared with CPR response during 75 g oral glucose tolerance test (oGTT) in 58 patients with newly-diagnosed, untreated type 2 (non-insulin-dependent) diabetes mellitus.","cardiopulmonary resuscitation response during glucagon test (intravenous injection of 1 mg glucagon) was compared with CPR response during 75 g oral glucose tolerance test (oGTT) in 58 patients with newly-diagnosed, untreated type 2 (non-insulin-dependent) diabetes mellitus."
CPR,"Non-compliance with standard procedures occurred during AED use in 162 patients, including interference of movement by cardiopulmonary resuscitation in progress in 69, untimely machine turn-off in 49, leads fell off or disconnected in 33, failure of shock delivery after charge in 28, and interference of movement other than CPR in 22.","Non-compliance with standard procedures occurred during AED use in 162 patients, including interference of movement by CPR in progress in 69, untimely machine turn-off in 49, leads fell off or disconnected in 33, failure of shock delivery after charge in 28, and interference of movement other than CPR in 22.","Non-compliance with standard procedures occurred during AED use in 162 patients, including interference of movement by C-peptide immunoreactivity in progress in 69, untimely machine turn-off in 49, leads fell off or disconnected in 33, failure of shock delivery after charge in 28, and interference of movement other than CPR in 22.",Residual beta-cell function was assessed by serum C-peptide immunoreactivity response to a 100-g oral glucose load (delta CPR ).,Residual beta-cell function was assessed by serum CPR response to a 100-g oral glucose load (delta CPR ).,Residual beta-cell function was assessed by serum cardiopulmonary resuscitation response to a 100-g oral glucose load (delta CPR ).
CPR,"cardiopulmonary resuscitation is performed frequently by paramedics, emergency department personnel, and inpatient physicians.","CPR is performed frequently by paramedics, emergency department personnel, and inpatient physicians.","C-peptide immunoreactivity is performed frequently by paramedics, emergency department personnel, and inpatient physicians.",There was no correlation between serum trypsin and residual beta cell function measured by plasma C-peptide immunoreactivity.,There was no correlation between serum trypsin and residual beta cell function measured by plasma CPR.,There was no correlation between serum trypsin and residual beta cell function measured by plasma cardiopulmonary resuscitation.
CPR,STUDY OBJECTIVE: Maximizing cardiopulmonary resuscitation during resuscitation may improve survival.,STUDY OBJECTIVE: Maximizing CPR during resuscitation may improve survival.,STUDY OBJECTIVE: Maximizing C-peptide immunoreactivity during resuscitation may improve survival.,"To investigate the physiological role of glucagon in the maintenance of euglycemia, the effect of the neutralization of glucagon by an antiserum specific for glucagon on blood glucose and C-peptide immunoreactivity levels was studied in the basal as well as in the hyperglucagonemic states caused by hypoglycemia or an intravenous infusion of arginine in rats.","To investigate the physiological role of glucagon in the maintenance of euglycemia, the effect of the neutralization of glucagon by an antiserum specific for glucagon on blood glucose and CPR levels was studied in the basal as well as in the hyperglucagonemic states caused by hypoglycemia or an intravenous infusion of arginine in rats.","To investigate the physiological role of glucagon in the maintenance of euglycemia, the effect of the neutralization of glucagon by an antiserum specific for glucagon on blood glucose and cardiopulmonary resuscitation levels was studied in the basal as well as in the hyperglucagonemic states caused by hypoglycemia or an intravenous infusion of arginine in rats."
CRP,The C-reactive protein is a strong predictor of cardiovascular events both in the general population and in patients with coronary artery disease.,The CRP is a strong predictor of cardiovascular events both in the general population and in patients with coronary artery disease.,The collagen-related peptide is a strong predictor of cardiovascular events both in the general population and in patients with coronary artery disease.,"We have found that Syk is rapidly ubiquitinated upon activation of platelets by collagen, collagen-related peptide, and convulxin.","We have found that Syk is rapidly ubiquitinated upon activation of platelets by collagen, CRP, and convulxin.","We have found that Syk is rapidly ubiquitinated upon activation of platelets by collagen, C-reactive protein, and convulxin."
CRP,"Serum concentrations of zinc, copper, caeruloplasmin, selenium, glutathione peroxidase (GPx) and C-reactive protein were measured together with their lipid profiles pre- and post-treatment.","Serum concentrations of zinc, copper, caeruloplasmin, selenium, glutathione peroxidase (GPx) and CRP were measured together with their lipid profiles pre- and post-treatment.","Serum concentrations of zinc, copper, caeruloplasmin, selenium, glutathione peroxidase (GPx) and collagen-related peptide were measured together with their lipid profiles pre- and post-treatment.","Here we observed that incubation of platelets with convulxin, collagen, or collagen-related peptide resulted in GPVI signaling-dependent loss of surface GPVI and the appearance of an approximately 55-kDa soluble fragment of GPVI as revealed by immunoblotting.","Here we observed that incubation of platelets with convulxin, collagen, or CRP resulted in GPVI signaling-dependent loss of surface GPVI and the appearance of an approximately 55-kDa soluble fragment of GPVI as revealed by immunoblotting.","Here we observed that incubation of platelets with convulxin, collagen, or C-reactive protein resulted in GPVI signaling-dependent loss of surface GPVI and the appearance of an approximately 55-kDa soluble fragment of GPVI as revealed by immunoblotting."
CRP,Elevated C-reactive protein is a suggested risk marker for cardiovascular disease.,Elevated CRP is a suggested risk marker for cardiovascular disease.,Elevated collagen-related peptide is a suggested risk marker for cardiovascular disease.,"Recently, several different rat anti-murine GPVI monoclonal antibodies, termed JAQs 1, 2, and 3, were produced that had the unique property of'immunodepleting'GPVI from the murine platelet surface and rendering it unresponsive to collagen or GPVI-specific agonists like convulxin or collagen-related peptide.","Recently, several different rat anti-murine GPVI monoclonal antibodies, termed JAQs 1, 2, and 3, were produced that had the unique property of'immunodepleting'GPVI from the murine platelet surface and rendering it unresponsive to collagen or GPVI-specific agonists like convulxin or CRP.","Recently, several different rat anti-murine GPVI monoclonal antibodies, termed JAQs 1, 2, and 3, were produced that had the unique property of'immunodepleting'GPVI from the murine platelet surface and rendering it unresponsive to collagen or GPVI-specific agonists like convulxin or C-reactive protein."
CRP,"The authors evaluated, in comparison with traditional parameters, C-reactive protein in blood/serum (S- CRP ) and in cerebrospinal fluid (CSF; C- CRP ) for its power to identify and treat patients with infected shunts.","The authors evaluated, in comparison with traditional parameters, CRP in blood/serum (S- CRP ) and in cerebrospinal fluid (CSF; C- CRP ) for its power to identify and treat patients with infected shunts.","The authors evaluated, in comparison with traditional parameters, collagen-related peptide in blood/serum (S- CRP ) and in cerebrospinal fluid (CSF; C- CRP ) for its power to identify and treat patients with infected shunts.",Collagen and collagen-related peptide (1 to 10 microg/mL) acutely induced platelet 12-H(P)ETE synthesis.,Collagen and CRP (1 to 10 microg/mL) acutely induced platelet 12-H(P)ETE synthesis.,Collagen and C-reactive protein (1 to 10 microg/mL) acutely induced platelet 12-H(P)ETE synthesis.
CRP,"Serum levels of IL-6 and C-reactive protein were obtained at baseline, 24 hours and 48 hours after stenting.","Serum levels of IL-6 and CRP were obtained at baseline, 24 hours and 48 hours after stenting.","Serum levels of IL-6 and collagen-related peptide were obtained at baseline, 24 hours and 48 hours after stenting.","In line with this, aggregation is potentiated in response to the GpVI-specific collagen-related peptide after a slight delay.","In line with this, aggregation is potentiated in response to the GpVI-specific CRP after a slight delay.","In line with this, aggregation is potentiated in response to the GpVI-specific C-reactive protein after a slight delay."
CSA,"We observed a transitory weight loss in both muscles; the mean fiber cross-sectional area showed a reduction at day 30, followed by an increase at day 60.","We observed a transitory weight loss in both muscles; the mean fiber CSA showed a reduction at day 30, followed by an increase at day 60.","We observed a transitory weight loss in both muscles; the mean fiber colony-stimulating activity showed a reduction at day 30, followed by an increase at day 60.",Investigation of the production of colony-stimulating factors revealed increased colony-stimulating activity in the serum of normal and infected mice pre-treated with UTE.,Investigation of the production of colony-stimulating factors revealed increased CSA in the serum of normal and infected mice pre-treated with UTE.,Investigation of the production of colony-stimulating factors revealed increased cross-sectional area in the serum of normal and infected mice pre-treated with UTE.
CSA,"METHODS: In our improved version of modelflow (COmfc) we adapted this model to a real time measure of the aortic cross-sectional area of the descending aorta just above the diaphragm, measured by a new transoesophageal echo device (HemoSonic 100).","METHODS: In our improved version of modelflow (COmfc) we adapted this model to a real time measure of the aortic CSA of the descending aorta just above the diaphragm, measured by a new transoesophageal echo device (HemoSonic 100).","METHODS: In our improved version of modelflow (COmfc) we adapted this model to a real time measure of the aortic colony-stimulating activity of the descending aorta just above the diaphragm, measured by a new transoesophageal echo device (HemoSonic 100).","Mice exposed for a 2.5-hour time period of cold and restraint presented diminished clonal capacity for CFU-GM content per femur, which was decreased by as much as 50% compared with that in control mice, in spite of the significant increase in serum colony-stimulating activity.","Mice exposed for a 2.5-hour time period of cold and restraint presented diminished clonal capacity for CFU-GM content per femur, which was decreased by as much as 50% compared with that in control mice, in spite of the significant increase in serum CSA.","Mice exposed for a 2.5-hour time period of cold and restraint presented diminished clonal capacity for CFU-GM content per femur, which was decreased by as much as 50% compared with that in control mice, in spite of the significant increase in serum cross-sectional area."
CSA,"MAIN OUTCOME MEASURES: Quadriceps femoris muscle cross-sectional area, plasma glucose, and insulin concentrations were measured before and after RET.","MAIN OUTCOME MEASURES: Quadriceps femoris muscle CSA, plasma glucose, and insulin concentrations were measured before and after RET.","MAIN OUTCOME MEASURES: Quadriceps femoris muscle colony-stimulating activity, plasma glucose, and insulin concentrations were measured before and after RET.","In experiments in vitro, sera of mice treated with UPLE p.o. or i.p. induced GM-CFC colony formation in cultures of normal mouse bone marrow cells, i.e., produced colony-stimulating activity.","In experiments in vitro, sera of mice treated with UPLE p.o. or i.p. induced GM-CFC colony formation in cultures of normal mouse bone marrow cells, i.e., produced CSA.","In experiments in vitro, sera of mice treated with UPLE p.o. or i.p. induced GM-CFC colony formation in cultures of normal mouse bone marrow cells, i.e., produced cross-sectional area."
CSA,A regression equation is provided for predicting the cross-sectional area of the deep neck muscles from spinous process length in males.,A regression equation is provided for predicting the CSA of the deep neck muscles from spinous process length in males.,A regression equation is provided for predicting the colony-stimulating activity of the deep neck muscles from spinous process length in males.,Treatment with CP resulted in enhanced colony-stimulating activity in bone shaft and spleen and decreased activity in bladder and lung.,Treatment with CP resulted in enhanced CSA in bone shaft and spleen and decreased activity in bladder and lung.,Treatment with CP resulted in enhanced cross-sectional area in bone shaft and spleen and decreased activity in bladder and lung.
CSA,"The luminal pressure, cross-sectional area, latency and velocity of CSA decrease were compared when using 3 ms, 9, 12, 15 or 30 mA pulses at 10 Hz for 10 s, and 15 mA, 0.03, 0.3 or 3 ms pulses at 10 Hz for 10 s.","The luminal pressure, CSA, latency and velocity of CSA decrease were compared when using 3 ms, 9, 12, 15 or 30 mA pulses at 10 Hz for 10 s, and 15 mA, 0.03, 0.3 or 3 ms pulses at 10 Hz for 10 s.","The luminal pressure, colony-stimulating activity, latency and velocity of CSA decrease were compared when using 3 ms, 9, 12, 15 or 30 mA pulses at 10 Hz for 10 s, and 15 mA, 0.03, 0.3 or 3 ms pulses at 10 Hz for 10 s.",Melatonin has immuno-enhancing properties and exerts colony-stimulating activity via T-helper cell-derived opioids.,Melatonin has immuno-enhancing properties and exerts CSA via T-helper cell-derived opioids.,Melatonin has immuno-enhancing properties and exerts cross-sectional area via T-helper cell-derived opioids.
CSF,"In both cases, MR imaging confirmed that each EAFC was subdural, resembled cerebrospinal fluid, and had distorted the superior cerebellum anteroinferiorly.","In both cases, MR imaging confirmed that each EAFC was subdural, resembled CSF, and had distorted the superior cerebellum anteroinferiorly.","In both cases, MR imaging confirmed that each EAFC was subdural, resembled Colony-stimulating factor, and had distorted the superior cerebellum anteroinferiorly.","We sought to determine these costs, both overall and relative to those of traditional management, and the optimal role of prophylactic Colony-stimulating factor in patients at greatest risk for FN.","We sought to determine these costs, both overall and relative to those of traditional management, and the optimal role of prophylactic CSF in patients at greatest risk for FN.","We sought to determine these costs, both overall and relative to those of traditional management, and the optimal role of prophylactic cerebrospinal fluid in patients at greatest risk for FN."
CSF,The authors therefore reviewed their experience with subdural fluid collections in 40 consecutive patients with spontaneous spinal cerebrospinal fluid leaks and intracranial hypotension.,The authors therefore reviewed their experience with subdural fluid collections in 40 consecutive patients with spontaneous spinal CSF leaks and intracranial hypotension.,The authors therefore reviewed their experience with subdural fluid collections in 40 consecutive patients with spontaneous spinal Colony-stimulating factor leaks and intracranial hypotension.,"Granulocyte Colony-stimulating factor administered to patients increased: (1) CD133+/VEGFR-2+ cells consistent with EPC phenotype; (2) CD133+ cells coexpressing the chemokine receptor CXCR4, important for homing of EPCs to ischemic tissue; and (3) endothelial cell-forming clusters in culture.","Granulocyte CSF administered to patients increased: (1) CD133+/VEGFR-2+ cells consistent with EPC phenotype; (2) CD133+ cells coexpressing the chemokine receptor CXCR4, important for homing of EPCs to ischemic tissue; and (3) endothelial cell-forming clusters in culture.","Granulocyte cerebrospinal fluid administered to patients increased: (1) CD133+/VEGFR-2+ cells consistent with EPC phenotype; (2) CD133+ cells coexpressing the chemokine receptor CXCR4, important for homing of EPCs to ischemic tissue; and (3) endothelial cell-forming clusters in culture."
CSF,"Of 3726 cerebrospinal fluid culture samples analyzed, 1348 (217 patients) showed bacterial growth; of these 97 (obtained in 58 patients [9%]) were considered to represent an infection, 106 (in 68 patients [11%]) colonization, and 145 (in 91 patients [14%]) contamination.","Of 3726 CSF culture samples analyzed, 1348 (217 patients) showed bacterial growth; of these 97 (obtained in 58 patients [9%]) were considered to represent an infection, 106 (in 68 patients [11%]) colonization, and 145 (in 91 patients [14%]) contamination.","Of 3726 Colony-stimulating factor culture samples analyzed, 1348 (217 patients) showed bacterial growth; of these 97 (obtained in 58 patients [9%]) were considered to represent an infection, 106 (in 68 patients [11%]) colonization, and 145 (in 91 patients [14%]) contamination.","In this study, we examined whether arsenite has any biological and/or toxicological effects on the differentiation of human peripheral blood monocytes into macrophages using the Colony-stimulating factor in vitro compared with that of other metallic compounds, and found that arsenite sensitively inhibited the CSF -induced in vitro maturation of monocytes into macrophages at nM levels, and it also induced small, nonadhesive and CD14-positive abnormal macrophage generation from monocytes with granulocyte-macrophage CSF (GM- CSF ) at 50-500 nM without cell death.","In this study, we examined whether arsenite has any biological and/or toxicological effects on the differentiation of human peripheral blood monocytes into macrophages using the CSF in vitro compared with that of other metallic compounds, and found that arsenite sensitively inhibited the CSF -induced in vitro maturation of monocytes into macrophages at nM levels, and it also induced small, nonadhesive and CD14-positive abnormal macrophage generation from monocytes with granulocyte-macrophage CSF (GM- CSF ) at 50-500 nM without cell death.","In this study, we examined whether arsenite has any biological and/or toxicological effects on the differentiation of human peripheral blood monocytes into macrophages using the cerebrospinal fluid in vitro compared with that of other metallic compounds, and found that arsenite sensitively inhibited the CSF -induced in vitro maturation of monocytes into macrophages at nM levels, and it also induced small, nonadhesive and CD14-positive abnormal macrophage generation from monocytes with granulocyte-macrophage CSF (GM- CSF ) at 50-500 nM without cell death."
CSF,An observable intraoperative cerebrospinal fluid leak was strongly associated with an increased incidence of both transient (33.3%) and persistent (4.4%) DI.,An observable intraoperative CSF leak was strongly associated with an increased incidence of both transient (33.3%) and persistent (4.4%) DI.,An observable intraoperative Colony-stimulating factor leak was strongly associated with an increased incidence of both transient (33.3%) and persistent (4.4%) DI.,"Other assessments included the incidence of febrile neutropenia and patterns of Colony-stimulating factor use, as well as the average RDI in high-risk subgroups.","Other assessments included the incidence of febrile neutropenia and patterns of CSF use, as well as the average RDI in high-risk subgroups.","Other assessments included the incidence of febrile neutropenia and patterns of cerebrospinal fluid use, as well as the average RDI in high-risk subgroups."
CSF,"Diffuse cerebrospinal fluid enhancement following gadolinium administration is a rarely recognized phenomenon, and its mechanism is not fully understood.","Diffuse CSF enhancement following gadolinium administration is a rarely recognized phenomenon, and its mechanism is not fully understood.","Diffuse Colony-stimulating factor enhancement following gadolinium administration is a rarely recognized phenomenon, and its mechanism is not fully understood.",Colony-stimulating factor was not used in this study.,CSF was not used in this study.,cerebrospinal fluid was not used in this study.
CTA,This study used immunohistochemical methods to determine if the medial prefrontal cortex (mPFC) is involved in the extinction of a conditioned taste aversion.,This study used immunohistochemical methods to determine if the medial prefrontal cortex (mPFC) is involved in the extinction of a CTA.,This study used immunohistochemical methods to determine if the medial prefrontal cortex (mPFC) is involved in the extinction of a CT angiography.,OBJECTIVE: The author's objective was to address several pitfalls and missteps of CT angiography with pictorial examples and ways to overcome potential misinterpretations.,OBJECTIVE: The author's objective was to address several pitfalls and missteps of CTA with pictorial examples and ways to overcome potential misinterpretations.,OBJECTIVE: The author's objective was to address several pitfalls and missteps of conditioned taste aversion with pictorial examples and ways to overcome potential misinterpretations.
CTA,"conditioned taste aversion, is a form of Pavlovian learning wherein a novel flavour is powerfully associated with subsequent feelings of illness, and is afterwards avoided.","CTA, is a form of Pavlovian learning wherein a novel flavour is powerfully associated with subsequent feelings of illness, and is afterwards avoided.","CT angiography, is a form of Pavlovian learning wherein a novel flavour is powerfully associated with subsequent feelings of illness, and is afterwards avoided.","We hypothesized that the degree of vascular insufficiency, reflected as hypoattenuation on initial CT angiography axial source images, is predictive of HT risk in stroke patients receiving intra-arterial reperfusion therapy.","We hypothesized that the degree of vascular insufficiency, reflected as hypoattenuation on initial CTA axial source images, is predictive of HT risk in stroke patients receiving intra-arterial reperfusion therapy.","We hypothesized that the degree of vascular insufficiency, reflected as hypoattenuation on initial conditioned taste aversion axial source images, is predictive of HT risk in stroke patients receiving intra-arterial reperfusion therapy."
CTA,A conditioned taste aversion paradigm was used in the present study to investigate whether CTA produced by exercise could be attenuated by the 5-HT(3) receptor antagonist granisetron.,A CTA paradigm was used in the present study to investigate whether CTA produced by exercise could be attenuated by the 5-HT(3) receptor antagonist granisetron.,A CT angiography paradigm was used in the present study to investigate whether CTA produced by exercise could be attenuated by the 5-HT(3) receptor antagonist granisetron.,"The study was undertaken for aortic evaluation and to see its usefulness for assessing aortic aneurysm, aortic dissection and pseudoaneurysm by spiral CT angiography.","The study was undertaken for aortic evaluation and to see its usefulness for assessing aortic aneurysm, aortic dissection and pseudoaneurysm by spiral CTA.","The study was undertaken for aortic evaluation and to see its usefulness for assessing aortic aneurysm, aortic dissection and pseudoaneurysm by spiral conditioned taste aversion."
CTA,"In conditioned taste aversion, the animals learn to avoid a taste substance (conditioned stimulus, CS) which was previously associated with visceral distress (unconditioned stimulus, US).","In CTA, the animals learn to avoid a taste substance (conditioned stimulus, CS) which was previously associated with visceral distress (unconditioned stimulus, US).","In CT angiography, the animals learn to avoid a taste substance (conditioned stimulus, CS) which was previously associated with visceral distress (unconditioned stimulus, US).","OBJECTIVE: To assess the efficacy of CT angiography in evaluating the renovascular anatomy in 50 patients who underwent laparoscopic donor nephrectomy, and to correlate results with donor morbidity and recipient outcome.","OBJECTIVE: To assess the efficacy of CTA in evaluating the renovascular anatomy in 50 patients who underwent laparoscopic donor nephrectomy, and to correlate results with donor morbidity and recipient outcome.","OBJECTIVE: To assess the efficacy of conditioned taste aversion in evaluating the renovascular anatomy in 50 patients who underwent laparoscopic donor nephrectomy, and to correlate results with donor morbidity and recipient outcome."
CTA,conditioned taste aversion training during adolescence produces long-term effects on preventing high alcohol drinking behavior of P rats.,CTA training during adolescence produces long-term effects on preventing high alcohol drinking behavior of P rats.,CT angiography training during adolescence produces long-term effects on preventing high alcohol drinking behavior of P rats.,Retrospectively ECG-gated CT angiography was performed within 1 day to a maximum of 380 days after RFA with a MSCT scanner.,Retrospectively ECG-gated CTA was performed within 1 day to a maximum of 380 days after RFA with a MSCT scanner.,Retrospectively ECG-gated conditioned taste aversion was performed within 1 day to a maximum of 380 days after RFA with a MSCT scanner.
CVA,"Low serum albumin and phosphorus concentrations, dementia, and cerebrovascular accident were significant risk factors for malnutrition.","Low serum albumin and phosphorus concentrations, dementia, and CVA were significant risk factors for malnutrition.","Low serum albumin and phosphorus concentrations, dementia, and Cough variant asthma were significant risk factors for malnutrition.",BACKGROUND: Cough variant asthma is a cause of chronic cough and a precursor of typical asthma.,BACKGROUND: CVA is a cause of chronic cough and a precursor of typical asthma.,BACKGROUND: cerebrovascular accident is a cause of chronic cough and a precursor of typical asthma.
CVA,Logistic regression indicated that poly-AED subjects were more likely to have a diagnosis of epilepsy/seizure (epi/sz) and less likely to have a diagnosis of cerebrovascular accident.,Logistic regression indicated that poly-AED subjects were more likely to have a diagnosis of epilepsy/seizure (epi/sz) and less likely to have a diagnosis of CVA.,Logistic regression indicated that poly-AED subjects were more likely to have a diagnosis of epilepsy/seizure (epi/sz) and less likely to have a diagnosis of Cough variant asthma.,OBJECTIVE: To examine VEGF levels and the degree of airway microvascular permeability in patients with Cough variant asthma.,OBJECTIVE: To examine VEGF levels and the degree of airway microvascular permeability in patients with CVA.,OBJECTIVE: To examine VEGF levels and the degree of airway microvascular permeability in patients with cerebrovascular accident.
CVA,"The most frequent organic pathology, for both DP and AS, was a severe traumatic brain injury, followed by cerebral anoxia/hypoxia, cerebrovascular accident and others.","The most frequent organic pathology, for both DP and AS, was a severe traumatic brain injury, followed by cerebral anoxia/hypoxia, CVA and others.","The most frequent organic pathology, for both DP and AS, was a severe traumatic brain injury, followed by cerebral anoxia/hypoxia, Cough variant asthma and others.","OBJECTIVE: The aims of the present study were to examine the prevalence and clinical features of Cough variant asthma among patients with chronic and persistent cough at an outpatient clinic in Japan, and the efficacy of treatment with an inhaled corticosteroid.","OBJECTIVE: The aims of the present study were to examine the prevalence and clinical features of CVA among patients with chronic and persistent cough at an outpatient clinic in Japan, and the efficacy of treatment with an inhaled corticosteroid.","OBJECTIVE: The aims of the present study were to examine the prevalence and clinical features of cerebrovascular accident among patients with chronic and persistent cough at an outpatient clinic in Japan, and the efficacy of treatment with an inhaled corticosteroid."
CVA,"INTRODUCTION AND AIM: One out of three persons will die of cerebrovascular accident, another one will be disabled, and the third one will recover.","INTRODUCTION AND AIM: One out of three persons will die of CVA, another one will be disabled, and the third one will recover.","INTRODUCTION AND AIM: One out of three persons will die of Cough variant asthma, another one will be disabled, and the third one will recover.","These patients had enhanced bronchial hyperresponsiveness and showed eosinophils in induced sputum, leading to the diagnosis of Cough variant asthma.","These patients had enhanced bronchial hyperresponsiveness and showed eosinophils in induced sputum, leading to the diagnosis of CVA.","These patients had enhanced bronchial hyperresponsiveness and showed eosinophils in induced sputum, leading to the diagnosis of cerebrovascular accident."
CVA,Spastic hypertonia is a common sequelae after a cerebrovascular accident and is a component of an upper motoneuron lesion.,Spastic hypertonia is a common sequelae after a CVA and is a component of an upper motoneuron lesion.,Spastic hypertonia is a common sequelae after a Cough variant asthma and is a component of an upper motoneuron lesion.,"METHODS: Twenty-seven cases of Cough variant asthma, 29 of mild asthma, 19 of moderate asthma, and 15 healthy volunteers underwent the methacholine challenge test.","METHODS: Twenty-seven cases of CVA, 29 of mild asthma, 19 of moderate asthma, and 15 healthy volunteers underwent the methacholine challenge test.","METHODS: Twenty-seven cases of cerebrovascular accident, 29 of mild asthma, 19 of moderate asthma, and 15 healthy volunteers underwent the methacholine challenge test."
CVI,Authors present 7-year follow up of 567 patients with initial forms of Chronic Venous Insufficiency of lower extremities (442 patients with C-1 class and 125 patients with C-2 class).,Authors present 7-year follow up of 567 patients with initial forms of CVI of lower extremities (442 patients with C-1 class and 125 patients with C-2 class).,Authors present 7-year follow up of 567 patients with initial forms of common variable immunodeficiency of lower extremities (442 patients with C-1 class and 125 patients with C-2 class).,OBJECTIVE: common variable immunodeficiency is a primary immunodeficiency syndrome characterized by impaired production of antibodies and recurrent infections.,OBJECTIVE: CVI is a primary immunodeficiency syndrome characterized by impaired production of antibodies and recurrent infections.,OBJECTIVE: Chronic Venous Insufficiency is a primary immunodeficiency syndrome characterized by impaired production of antibodies and recurrent infections.
CVI,Chronic Venous Insufficiency changes capillary permeability.,CVI changes capillary permeability.,common variable immunodeficiency changes capillary permeability.,common variable immunodeficiency is a primary immunodeficiency characterized by hypogammaglobulinemia and an increased susceptibility to infections.,CVI is a primary immunodeficiency characterized by hypogammaglobulinemia and an increased susceptibility to infections.,Chronic Venous Insufficiency is a primary immunodeficiency characterized by hypogammaglobulinemia and an increased susceptibility to infections.
CVI,"METHODS: Self-administered questionnaire on subjective symptoms of Chronic Venous Insufficiency in the lower limbs, and clinical examination, including colour duplex ultrasonography to assess the presence and severity of varicose veins.","METHODS: Self-administered questionnaire on subjective symptoms of CVI in the lower limbs, and clinical examination, including colour duplex ultrasonography to assess the presence and severity of varicose veins.","METHODS: Self-administered questionnaire on subjective symptoms of common variable immunodeficiency in the lower limbs, and clinical examination, including colour duplex ultrasonography to assess the presence and severity of varicose veins.",We have mapped a molecular mechanism for the impaired T-cell function in HIV infection and common variable immunodeficiency.,We have mapped a molecular mechanism for the impaired T-cell function in HIV infection and CVI.,We have mapped a molecular mechanism for the impaired T-cell function in HIV infection and Chronic Venous Insufficiency.
CVI,Venous ulcer is a severe clinical manifestation of Chronic Venous Insufficiency.,Venous ulcer is a severe clinical manifestation of CVI.,Venous ulcer is a severe clinical manifestation of common variable immunodeficiency.,common variable immunodeficiency is one of the most frequent primary immunological disorders.,CVI is one of the most frequent primary immunological disorders.,Chronic Venous Insufficiency is one of the most frequent primary immunological disorders.
CVI,"The aim of this independent study was to demonstrate the rapidity of the clinical action of HR 0-(beta-hydroxyethyl)-rutosides, Venoruton (Novartis Consumer Health) in patients with Chronic Venous Insufficiency.","The aim of this independent study was to demonstrate the rapidity of the clinical action of HR 0-(beta-hydroxyethyl)-rutosides, Venoruton (Novartis Consumer Health) in patients with CVI.","The aim of this independent study was to demonstrate the rapidity of the clinical action of HR 0-(beta-hydroxyethyl)-rutosides, Venoruton (Novartis Consumer Health) in patients with common variable immunodeficiency.",Particular attention has been recently dedicated to the development of a sarcoidosis-like form in patients with common variable immunodeficiency.,Particular attention has been recently dedicated to the development of a sarcoidosis-like form in patients with CVI.,Particular attention has been recently dedicated to the development of a sarcoidosis-like form in patients with Chronic Venous Insufficiency.
CVS,"Since the first application of this technique to prenatal testing in the early 1970's, this procedure has proved to be highly reliable for identifying chromosome copy number abnormalities (aneuploidy) and large structural rearrangements in foetal cells obtained invasively by either amniocentesis or chorionic villus sampling.","Since the first application of this technique to prenatal testing in the early 1970's, this procedure has proved to be highly reliable for identifying chromosome copy number abnormalities (aneuploidy) and large structural rearrangements in foetal cells obtained invasively by either amniocentesis or CVS.","Since the first application of this technique to prenatal testing in the early 1970's, this procedure has proved to be highly reliable for identifying chromosome copy number abnormalities (aneuploidy) and large structural rearrangements in foetal cells obtained invasively by either amniocentesis or cardiovascular system.","The researchers studied the influence of various clinical forms of CCC on cardiovascular system functioning, and established cardiovascular criteria to determine when a surgery for CCC can be performed without serious cardiogenic postoperative complications.","The researchers studied the influence of various clinical forms of CCC on CVS functioning, and established cardiovascular criteria to determine when a surgery for CCC can be performed without serious cardiogenic postoperative complications.","The researchers studied the influence of various clinical forms of CCC on chorionic villus sampling functioning, and established cardiovascular criteria to determine when a surgery for CCC can be performed without serious cardiogenic postoperative complications."
CVS,METHODS: The GSV was measured using three-dimensional (3D) ultrasound in 500 consecutive singleton pregnancies immediately before chorionic villus sampling for fetal karyotyping at 11 to 13 + 6 (median 12) weeks of gestation.,METHODS: The GSV was measured using three-dimensional (3D) ultrasound in 500 consecutive singleton pregnancies immediately before CVS for fetal karyotyping at 11 to 13 + 6 (median 12) weeks of gestation.,METHODS: The GSV was measured using three-dimensional (3D) ultrasound in 500 consecutive singleton pregnancies immediately before cardiovascular system for fetal karyotyping at 11 to 13 + 6 (median 12) weeks of gestation.,"This allows the results of treatment of heavy patients to be improved, The goal of this work was to demonstrate that IT can be used not only as a therapeutic procedure but also as a diagnostic test intended to determine specific individual features of the compensatory adaptive reactions of the cardiovascular system of patient.","This allows the results of treatment of heavy patients to be improved, The goal of this work was to demonstrate that IT can be used not only as a therapeutic procedure but also as a diagnostic test intended to determine specific individual features of the compensatory adaptive reactions of the CVS of patient.","This allows the results of treatment of heavy patients to be improved, The goal of this work was to demonstrate that IT can be used not only as a therapeutic procedure but also as a diagnostic test intended to determine specific individual features of the compensatory adaptive reactions of the chorionic villus sampling of patient."
CVS,OBJECTIVE: This trial compared two instruments for transcervical chorionic villus sampling.,OBJECTIVE: This trial compared two instruments for transcervical CVS.,OBJECTIVE: This trial compared two instruments for transcervical cardiovascular system.,"OBJECTIVES: The aim of this prospective study was to find out the predictive value of concomitant diseases of cardiovascular system, lungs and kidneys as well as metabolic diseases to be able to anticipate the potential origin of hemodynamic and cardiopulmonary complications as a result of insufflated CO2 peritoneum.","OBJECTIVES: The aim of this prospective study was to find out the predictive value of concomitant diseases of CVS, lungs and kidneys as well as metabolic diseases to be able to anticipate the potential origin of hemodynamic and cardiopulmonary complications as a result of insufflated CO2 peritoneum.","OBJECTIVES: The aim of this prospective study was to find out the predictive value of concomitant diseases of chorionic villus sampling, lungs and kidneys as well as metabolic diseases to be able to anticipate the potential origin of hemodynamic and cardiopulmonary complications as a result of insufflated CO2 peritoneum."
CVS,"METHODS: Using subjects recruited during a randomized trial funded by the National Institute of Child Health and Human Development, which compared early amniocentesis and late transabdominal chorionic villus sampling in weeks 13 and 14, rates of gestational hypertension and preeclampsia were compared between cases with varying degrees of placental disruption.","METHODS: Using subjects recruited during a randomized trial funded by the National Institute of Child Health and Human Development, which compared early amniocentesis and late transabdominal CVS in weeks 13 and 14, rates of gestational hypertension and preeclampsia were compared between cases with varying degrees of placental disruption.","METHODS: Using subjects recruited during a randomized trial funded by the National Institute of Child Health and Human Development, which compared early amniocentesis and late transabdominal cardiovascular system in weeks 13 and 14, rates of gestational hypertension and preeclampsia were compared between cases with varying degrees of placental disruption.",It is generally acknowledged that an integrated approach to teaching cardiovascular system is clinically relevant.,It is generally acknowledged that an integrated approach to teaching CVS is clinically relevant.,It is generally acknowledged that an integrated approach to teaching chorionic villus sampling is clinically relevant.
CVS,"To examine the potential impact of an individual risk-orientated two-stage approach to first-trimester screening it was assumed that, after first-trimester combined screening, chorionic villus sampling would be performed in all patients with a risk estimate of 1 in 100 or more and in none of those with a risk estimate of less than 1 in 1000.","To examine the potential impact of an individual risk-orientated two-stage approach to first-trimester screening it was assumed that, after first-trimester combined screening, CVS would be performed in all patients with a risk estimate of 1 in 100 or more and in none of those with a risk estimate of less than 1 in 1000.","To examine the potential impact of an individual risk-orientated two-stage approach to first-trimester screening it was assumed that, after first-trimester combined screening, cardiovascular system would be performed in all patients with a risk estimate of 1 in 100 or more and in none of those with a risk estimate of less than 1 in 1000.","A stable minimal model of the human cardiovascular system is developed with the ultimate specific aim of assisting medical staff for rapid, on site modelling to assist in diagnosis and treatment.","A stable minimal model of the human CVS is developed with the ultimate specific aim of assisting medical staff for rapid, on site modelling to assist in diagnosis and treatment.","A stable minimal model of the human chorionic villus sampling is developed with the ultimate specific aim of assisting medical staff for rapid, on site modelling to assist in diagnosis and treatment."
DIC,"Massive bee envenomations can result in immediate onset of shock, hemolysis, rhabdomyolysis, Disseminated intravascular coagulation, coma, and renal failure.","Massive bee envenomations can result in immediate onset of shock, hemolysis, rhabdomyolysis, DIC, coma, and renal failure.","Massive bee envenomations can result in immediate onset of shock, hemolysis, rhabdomyolysis, differential interference contrast, coma, and renal failure.",This is usually achieved by differential interference contrast microscopy.,This is usually achieved by DIC microscopy.,This is usually achieved by Disseminated intravascular coagulation microscopy.
DIC,It tends to bleed with Disseminated intravascular coagulation and intracranial hemorrhage complication is often fatal.,It tends to bleed with DIC and intracranial hemorrhage complication is often fatal.,It tends to bleed with differential interference contrast and intracranial hemorrhage complication is often fatal.,"By combining reflected differential interference contrast microscopy and epifluorescence microscopy, it was possible to determine the spatial relationship between cells expressing omcC and the mineral surface.","By combining reflected DIC microscopy and epifluorescence microscopy, it was possible to determine the spatial relationship between cells expressing omcC and the mineral surface.","By combining reflected Disseminated intravascular coagulation microscopy and epifluorescence microscopy, it was possible to determine the spatial relationship between cells expressing omcC and the mineral surface."
DIC,"During endotoxaemia, lipopolysaccharide (LPS, endotoxin) and proinflammatory cytokines trigger the development of Disseminated intravascular coagulation via the tissue factor-dependent pathway of coagulation.","During endotoxaemia, lipopolysaccharide (LPS, endotoxin) and proinflammatory cytokines trigger the development of DIC via the tissue factor-dependent pathway of coagulation.","During endotoxaemia, lipopolysaccharide (LPS, endotoxin) and proinflammatory cytokines trigger the development of differential interference contrast via the tissue factor-dependent pathway of coagulation.","In particular, we will show applications, by using biological samples, ranging from micromanipulation using optical tweezers to X-ray differential interference contrast microscopy combined with X-ray fluorescence.","In particular, we will show applications, by using biological samples, ranging from micromanipulation using optical tweezers to X-ray DIC microscopy combined with X-ray fluorescence.","In particular, we will show applications, by using biological samples, ranging from micromanipulation using optical tweezers to X-ray Disseminated intravascular coagulation microscopy combined with X-ray fluorescence."
DIC,Increased clotting was observed in isolated cases diagnosed with low-grade Disseminated intravascular coagulation.,Increased clotting was observed in isolated cases diagnosed with low-grade DIC.,Increased clotting was observed in isolated cases diagnosed with low-grade differential interference contrast.,"Six samples were used with three observation methods (brightfield, phase contrast, and differential interference contrast under two magnifications (100x and 400x).","Six samples were used with three observation methods (brightfield, phase contrast, and DIC under two magnifications (100x and 400x).","Six samples were used with three observation methods (brightfield, phase contrast, and Disseminated intravascular coagulation under two magnifications (100x and 400x)."
DIC,Tissues were collected and examined histologically to assess the presence of Disseminated intravascular coagulation.,Tissues were collected and examined histologically to assess the presence of DIC.,Tissues were collected and examined histologically to assess the presence of differential interference contrast.,"To assess the potential mechanical contribution of lamin B1 in maintaining the integrity and providing structural support to the nucleus, we measured the micromechanical properties and examined the ultrastructural distribution of lamin B1 networks in vitro using particle tracking methods and differential interference contrast microscopy.","To assess the potential mechanical contribution of lamin B1 in maintaining the integrity and providing structural support to the nucleus, we measured the micromechanical properties and examined the ultrastructural distribution of lamin B1 networks in vitro using particle tracking methods and DIC microscopy.","To assess the potential mechanical contribution of lamin B1 in maintaining the integrity and providing structural support to the nucleus, we measured the micromechanical properties and examined the ultrastructural distribution of lamin B1 networks in vitro using particle tracking methods and Disseminated intravascular coagulation microscopy."
DIP,"We investigated the association of 7 novel SNP located downstream of the IL-10 transcription start site: -2849,-2763, -1330, -1082, -819, and -592, constituting the 4 ancient haplotypes, with distal interphalangeal OA.","We investigated the association of 7 novel SNP located downstream of the IL-10 transcription start site: -2849,-2763, -1330, -1082, -819, and -592, constituting the 4 ancient haplotypes, with DIP OA.","We investigated the association of 7 novel SNP located downstream of the IL-10 transcription start site: -2849,-2763, -1330, -1082, -819, and -592, constituting the 4 ancient haplotypes, with Desquamative interstitial pneumonia OA.","In 1965 Desquamative interstitial pneumonia was first described, and later it was clearly demonstrated that the clinical and pathological features of DIP and IPF were different, particularly in terms of survival and response to therapy.","In 1965 DIP was first described, and later it was clearly demonstrated that the clinical and pathological features of DIP and IPF were different, particularly in terms of survival and response to therapy.","In 1965 distal interphalangeal was first described, and later it was clearly demonstrated that the clinical and pathological features of DIP and IPF were different, particularly in terms of survival and response to therapy."
DIP,"Twelve patients were onychopathic, of whom 11 showed distal interphalangeal joint arthritis.","Twelve patients were onychopathic, of whom 11 showed DIP joint arthritis.","Twelve patients were onychopathic, of whom 11 showed Desquamative interstitial pneumonia joint arthritis.",The authors report the unusual occurrence of Desquamative interstitial pneumonia in a patient with HCV.,The authors report the unusual occurrence of DIP in a patient with HCV.,The authors report the unusual occurrence of distal interphalangeal in a patient with HCV.
DIP,"On physical examination, the cascade of the fingers will be disrupted, and distal interphalangeal joint flexion must be isolated to determine if the FDP tendon is continuous, as other mechanisms are present to enable finger flexion at the other joints.","On physical examination, the cascade of the fingers will be disrupted, and DIP joint flexion must be isolated to determine if the FDP tendon is continuous, as other mechanisms are present to enable finger flexion at the other joints.","On physical examination, the cascade of the fingers will be disrupted, and Desquamative interstitial pneumonia joint flexion must be isolated to determine if the FDP tendon is continuous, as other mechanisms are present to enable finger flexion at the other joints.","Histopathological findings from video-assisted thoracoscopic surgical biopsy included diffuse, monotonous interstitial pneumonia with accumulation of macrophages in the alveolar spaces and many lymphoid follicles, which was compatible with Desquamative interstitial pneumonia.","Histopathological findings from video-assisted thoracoscopic surgical biopsy included diffuse, monotonous interstitial pneumonia with accumulation of macrophages in the alveolar spaces and many lymphoid follicles, which was compatible with DIP.","Histopathological findings from video-assisted thoracoscopic surgical biopsy included diffuse, monotonous interstitial pneumonia with accumulation of macrophages in the alveolar spaces and many lymphoid follicles, which was compatible with distal interphalangeal."
DIP,The force in the DDFT was calculated by assuming that the extending moment at the distal interphalangeal joint resulting from the GRF was equal to the flexing moment created by the force in the DDFT during the stance phase (inverse dynamics).,The force in the DDFT was calculated by assuming that the extending moment at the DIP joint resulting from the GRF was equal to the flexing moment created by the force in the DDFT during the stance phase (inverse dynamics).,The force in the DDFT was calculated by assuming that the extending moment at the Desquamative interstitial pneumonia joint resulting from the GRF was equal to the flexing moment created by the force in the DDFT during the stance phase (inverse dynamics).,"In addition to respiratory bronchiolitis, which is found in nearly all smokers, RB-ILD comprises a broad spectrum of varying degrees of the interstitial reaction to the exogenous injury of inhalation smoking with gradual transition to Desquamative interstitial pneumonia.","In addition to respiratory bronchiolitis, which is found in nearly all smokers, RB-ILD comprises a broad spectrum of varying degrees of the interstitial reaction to the exogenous injury of inhalation smoking with gradual transition to DIP.","In addition to respiratory bronchiolitis, which is found in nearly all smokers, RB-ILD comprises a broad spectrum of varying degrees of the interstitial reaction to the exogenous injury of inhalation smoking with gradual transition to distal interphalangeal."
DIP,"RESULTS: Anti-CCP were detected in 16/102 patients, 8/68 with symmetric polyarthritis, 1/8 with asymmetric polyarthritis, 2/20 with mono-oligoarthritis, 1/2 with mutilating arthritis, and 0/4 with exclusive axial or distal interphalangeal involvement.","RESULTS: Anti-CCP were detected in 16/102 patients, 8/68 with symmetric polyarthritis, 1/8 with asymmetric polyarthritis, 2/20 with mono-oligoarthritis, 1/2 with mutilating arthritis, and 0/4 with exclusive axial or DIP involvement.","RESULTS: Anti-CCP were detected in 16/102 patients, 8/68 with symmetric polyarthritis, 1/8 with asymmetric polyarthritis, 2/20 with mono-oligoarthritis, 1/2 with mutilating arthritis, and 0/4 with exclusive axial or Desquamative interstitial pneumonia involvement.",The thoracoscopic lung biopsy specimens showed findings compatible with Desquamative interstitial pneumonia.,The thoracoscopic lung biopsy specimens showed findings compatible with DIP.,The thoracoscopic lung biopsy specimens showed findings compatible with distal interphalangeal.
DLCO,"The response to the treatment was evaluated by diffusing capacity for carbon monoxide, alveolar-arterial oxygen gradient ([A-a]DO2).","The response to the treatment was evaluated by DLCO, alveolar-arterial oxygen gradient ([A-a]DO2).","The response to the treatment was evaluated by carbon monoxide diffusing capacity, alveolar-arterial oxygen gradient ([A-a]DO2).",carbon monoxide diffusing capacity was decreased in 26/34 patients.,DLCO was decreased in 26/34 patients.,diffusing capacity for carbon monoxide was decreased in 26/34 patients.
DLCO,We found a significant correlation of serum KL-6 concentrations with vital capacity and with diffusing capacity for carbon monoxide.,We found a significant correlation of serum KL-6 concentrations with vital capacity and with DLCO.,We found a significant correlation of serum KL-6 concentrations with vital capacity and with carbon monoxide diffusing capacity.,"OBJECTIVE: Investigating the effect of pulmonary membrane diffusing capacity(Dm) and pulmonary capillary blood volume(Vc) on carbon monoxide diffusing capacity in patients with pneumothorax before and after treatment, and clarifying the mechanism of hypoxemia due to pulmonary reexpansion.","OBJECTIVE: Investigating the effect of pulmonary membrane diffusing capacity(Dm) and pulmonary capillary blood volume(Vc) on DLCO in patients with pneumothorax before and after treatment, and clarifying the mechanism of hypoxemia due to pulmonary reexpansion.","OBJECTIVE: Investigating the effect of pulmonary membrane diffusing capacity(Dm) and pulmonary capillary blood volume(Vc) on diffusing capacity for carbon monoxide in patients with pneumothorax before and after treatment, and clarifying the mechanism of hypoxemia due to pulmonary reexpansion."
DLCO,"These changes correlated with the changes in FEV1 (R = 0.3, P<0.01 6 months after LVRS) and diffusing capacity for carbon monoxide (R = 0.5, P<0.01 6 months after LVRS).","These changes correlated with the changes in FEV1 (R = 0.3, P<0.01 6 months after LVRS) and DLCO (R = 0.5, P<0.01 6 months after LVRS).","These changes correlated with the changes in FEV1 (R = 0.3, P<0.01 6 months after LVRS) and carbon monoxide diffusing capacity (R = 0.5, P<0.01 6 months after LVRS).","carbon monoxide diffusing capacity, expressed as % of the predicted normal value, worsened significantly in the nifedipine group (from 69.6 +/- 7.4% to 61.5 +/- 6.5%, p = 0.044) and remained stable in patients treated with iloprost (from 53.2 +/- 4.8 to 56.0 +/- 4.6%, iloprost vs nifedipine: p = 0.026).","DLCO, expressed as % of the predicted normal value, worsened significantly in the nifedipine group (from 69.6 +/- 7.4% to 61.5 +/- 6.5%, p = 0.044) and remained stable in patients treated with iloprost (from 53.2 +/- 4.8 to 56.0 +/- 4.6%, iloprost vs nifedipine: p = 0.026).","diffusing capacity for carbon monoxide, expressed as % of the predicted normal value, worsened significantly in the nifedipine group (from 69.6 +/- 7.4% to 61.5 +/- 6.5%, p = 0.044) and remained stable in patients treated with iloprost (from 53.2 +/- 4.8 to 56.0 +/- 4.6%, iloprost vs nifedipine: p = 0.026)."
DLCO,This retrospective analytic study evaluated whether abnormal diffusing capacity for carbon monoxide is a predictor of postoperative morbidity and mortality in patients undergoing pneumonectomy for lung cancer.,This retrospective analytic study evaluated whether abnormal DLCO is a predictor of postoperative morbidity and mortality in patients undergoing pneumonectomy for lung cancer.,This retrospective analytic study evaluated whether abnormal carbon monoxide diffusing capacity is a predictor of postoperative morbidity and mortality in patients undergoing pneumonectomy for lung cancer.,"Physical examinations were complemented by chest X-rays, plethysmography/spirometry, fiberoptic bronchoscopy with BAL, and determination of carbon monoxide diffusing capacity and arterial blood gases at rest.","Physical examinations were complemented by chest X-rays, plethysmography/spirometry, fiberoptic bronchoscopy with BAL, and determination of DLCO and arterial blood gases at rest.","Physical examinations were complemented by chest X-rays, plethysmography/spirometry, fiberoptic bronchoscopy with BAL, and determination of diffusing capacity for carbon monoxide and arterial blood gases at rest."
DLCO,"Significant correlations have previously been found between indices of air flow obstruction, hyperinflation, reduced diffusing capacity for carbon monoxide, and the extent of emphysema (emph.%) assessed by HRCT.","Significant correlations have previously been found between indices of air flow obstruction, hyperinflation, reduced DLCO, and the extent of emphysema (emph.%) assessed by HRCT.","Significant correlations have previously been found between indices of air flow obstruction, hyperinflation, reduced carbon monoxide diffusing capacity, and the extent of emphysema (emph.%) assessed by HRCT.","Forced vital capacity (FVC, percentage of predicted) increased by 7%, and carbon monoxide diffusing capacity decreased by 12%, but these changes were not statistically significant.","Forced vital capacity (FVC, percentage of predicted) increased by 7%, and DLCO decreased by 12%, but these changes were not statistically significant.","Forced vital capacity (FVC, percentage of predicted) increased by 7%, and diffusing capacity for carbon monoxide decreased by 12%, but these changes were not statistically significant."
DNR,"This study was to investigate the mechanism of quercetin restoring subcellular distribution of daunorubicin in multidrug resistant leukemia cell lines, K562/ADM and HL-60/ADM, and reversing their MDR.","This study was to investigate the mechanism of quercetin restoring subcellular distribution of DNR in multidrug resistant leukemia cell lines, K562/ADM and HL-60/ADM, and reversing their MDR.","This study was to investigate the mechanism of quercetin restoring subcellular distribution of do-not-resuscitate in multidrug resistant leukemia cell lines, K562/ADM and HL-60/ADM, and reversing their MDR.",BACKGROUND: do-not-resuscitate orders are an important step in decision making about aggressiveness of care for patients in hospitals.,BACKGROUND: DNR orders are an important step in decision making about aggressiveness of care for patients in hospitals.,BACKGROUND: daunorubicin orders are an important step in decision making about aggressiveness of care for patients in hospitals.
DNR,"In this work, three compounds that were shown to inhibit the MRP1-mediated efflux of daunorubicin have been studied.","In this work, three compounds that were shown to inhibit the MRP1-mediated efflux of DNR have been studied.","In this work, three compounds that were shown to inhibit the MRP1-mediated efflux of do-not-resuscitate have been studied.","Overall, 45.3% had a do-not-resuscitate order, with state variations ranging from 17.8% (New Jersey) to 70.5% (Wisconsin).","Overall, 45.3% had a DNR order, with state variations ranging from 17.8% (New Jersey) to 70.5% (Wisconsin).","Overall, 45.3% had a daunorubicin order, with state variations ranging from 17.8% (New Jersey) to 70.5% (Wisconsin)."
DNR,Depletion of MDR1 by si-MDR1 correlated with the increased sensitivity of the cells to cytotoxic agents and with the enhanced intracellular retention of daunorubicin.,Depletion of MDR1 by si-MDR1 correlated with the increased sensitivity of the cells to cytotoxic agents and with the enhanced intracellular retention of DNR.,Depletion of MDR1 by si-MDR1 correlated with the increased sensitivity of the cells to cytotoxic agents and with the enhanced intracellular retention of do-not-resuscitate.,"Even if patient has a do-not-resuscitate order, reconfirm patient's wishes when possible.","Even if patient has a DNR order, reconfirm patient's wishes when possible.","Even if patient has a daunorubicin order, reconfirm patient's wishes when possible."
DNR,daunorubicin sensitivity profiles of leukemia cell lines were obtained with MTT assay.,DNR sensitivity profiles of leukemia cell lines were obtained with MTT assay.,do-not-resuscitate sensitivity profiles of leukemia cell lines were obtained with MTT assay.,"PURPOSE: The use of do-not-resuscitate orders may differ by sex or ethnicity, and DNR status may be associated with outcomes for hospitalized patients.","PURPOSE: The use of DNR orders may differ by sex or ethnicity, and DNR status may be associated with outcomes for hospitalized patients.","PURPOSE: The use of daunorubicin orders may differ by sex or ethnicity, and DNR status may be associated with outcomes for hospitalized patients."
DNR,Peripheral blood mononuclear cells were isolated by gradient centrifugation and incubated with daunorubicin (a fluorescent drug extruded by P-gp).,Peripheral blood mononuclear cells were isolated by gradient centrifugation and incubated with DNR (a fluorescent drug extruded by P-gp).,Peripheral blood mononuclear cells were isolated by gradient centrifugation and incubated with do-not-resuscitate (a fluorescent drug extruded by P-gp).,This clinical report addresses the topic of preexisting do-not-resuscitate orders for children undergoing anesthesia and surgery.,This clinical report addresses the topic of preexisting DNR orders for children undergoing anesthesia and surgery.,This clinical report addresses the topic of preexisting daunorubicin orders for children undergoing anesthesia and surgery.
DWI,The authors used breast diffusion-weighted imaging to diagnose breast cancer and identify cancer extension.,The authors used breast DWI to diagnose breast cancer and identify cancer extension.,The authors used breast driving while intoxicated to diagnose breast cancer and identify cancer extension.,"OBJECTIVE: The probability of re-arrest for driving while intoxicated is compared for four different groups of individuals classified by whether the individual was convicted and, if so, the type of sentence received.","OBJECTIVE: The probability of re-arrest for DWI is compared for four different groups of individuals classified by whether the individual was convicted and, if so, the type of sentence received.","OBJECTIVE: The probability of re-arrest for diffusion-weighted imaging is compared for four different groups of individuals classified by whether the individual was convicted and, if so, the type of sentence received."
DWI,"BACKGROUND: Apart from diffusion-weighted imaging lesion volume and diffusion-perfusion mismatching, there is limited information about neuroradiological predictors of early prognosis after an ischaemic stroke.","BACKGROUND: Apart from DWI lesion volume and diffusion-perfusion mismatching, there is limited information about neuroradiological predictors of early prognosis after an ischaemic stroke.","BACKGROUND: Apart from driving while intoxicated lesion volume and diffusion-perfusion mismatching, there is limited information about neuroradiological predictors of early prognosis after an ischaemic stroke.",The growing recognition of the problem presented by illicit vehicle operation by those whose license has been suspended for driving while intoxicated has led to the increasing use of vehicle sanctions.,The growing recognition of the problem presented by illicit vehicle operation by those whose license has been suspended for DWI has led to the increasing use of vehicle sanctions.,The growing recognition of the problem presented by illicit vehicle operation by those whose license has been suspended for diffusion-weighted imaging has led to the increasing use of vehicle sanctions.
DWI,PURPOSE: The usefulness of diffusion-weighted imaging in the field of neuroradiology has been established.,PURPOSE: The usefulness of DWI in the field of neuroradiology has been established.,PURPOSE: The usefulness of driving while intoxicated in the field of neuroradiology has been established.,Study participants were randomly assigned to attend or not attend a VIP while participating in the program for court-defined first-time driving while intoxicated offenders.,Study participants were randomly assigned to attend or not attend a VIP while participating in the program for court-defined first-time DWI offenders.,Study participants were randomly assigned to attend or not attend a VIP while participating in the program for court-defined first-time diffusion-weighted imaging offenders.
DWI,Previous studies have shown that diffusion-weighted imaging is useful for detecting microstructural degradation of neuronal tissue in neurodegenerative diseases.,Previous studies have shown that DWI is useful for detecting microstructural degradation of neuronal tissue in neurodegenerative diseases.,Previous studies have shown that driving while intoxicated is useful for detecting microstructural degradation of neuronal tissue in neurodegenerative diseases.,Research has demonstrated that participation in an interlock program significantly reduces the likelihood of subsequent driving while intoxicated convictions at least so long as the interlock device is installed in the vehicle.,Research has demonstrated that participation in an interlock program significantly reduces the likelihood of subsequent DWI convictions at least so long as the interlock device is installed in the vehicle.,Research has demonstrated that participation in an interlock program significantly reduces the likelihood of subsequent diffusion-weighted imaging convictions at least so long as the interlock device is installed in the vehicle.
DWI,We examined whether the presence of diffusion-weighted imaging lesions and vessel occlusion on acute brain magnetic resonance images of minor stroke and transient ischemic attack patients predicted the occurrence of subsequent stroke and functional outcome. 120 transient ischemic attack or minor stroke (National Institutes of Health Stroke Scale,We examined whether the presence of DWI lesions and vessel occlusion on acute brain magnetic resonance images of minor stroke and transient ischemic attack patients predicted the occurrence of subsequent stroke and functional outcome. 120 transient ischemic attack or minor stroke (National Institutes of Health Stroke Scale,We examined whether the presence of driving while intoxicated lesions and vessel occlusion on acute brain magnetic resonance images of minor stroke and transient ischemic attack patients predicted the occurrence of subsequent stroke and functional outcome. 120 transient ischemic attack or minor stroke (National Institutes of Health Stroke Scale,This paper assesses whether persons convicted of driving while intoxicated are at increased risk of alcohol-related general aviation accidents.,This paper assesses whether persons convicted of DWI are at increased risk of alcohol-related general aviation accidents.,This paper assesses whether persons convicted of diffusion-weighted imaging are at increased risk of alcohol-related general aviation accidents.
EBL,"The mean Estimated blood loss was 310 ml, and the mean operative time was 150 minutes in cases of one-level fusion.","The mean EBL was 310 ml, and the mean operative time was 150 minutes in cases of one-level fusion.","The mean enzootic bovine leukosis was 310 ml, and the mean operative time was 150 minutes in cases of one-level fusion.",Hence we examined immunohistochemically the expression patterns of TNF-receptors (TNF-RI and RII) on lymphoma cells derived from the 29 cases of enzootic bovine leukosis.,Hence we examined immunohistochemically the expression patterns of TNF-receptors (TNF-RI and RII) on lymphoma cells derived from the 29 cases of EBL.,Hence we examined immunohistochemically the expression patterns of TNF-receptors (TNF-RI and RII) on lymphoma cells derived from the 29 cases of Estimated blood loss.
EBL,RESULTS: The total of the components of lost GV was termed Estimated blood loss.,RESULTS: The total of the components of lost GV was termed EBL.,RESULTS: The total of the components of lost GV was termed enzootic bovine leukosis.,enzootic bovine leukosis was recognized among Finnish cattle in 1966.,EBL was recognized among Finnish cattle in 1966.,Estimated blood loss was recognized among Finnish cattle in 1966.
EBL,"Operative time, Estimated blood loss, and specimen weight and characteristics, were recorded.","Operative time, EBL, and specimen weight and characteristics, were recorded.","Operative time, enzootic bovine leukosis, and specimen weight and characteristics, were recorded.","In this study, 481 cattle belonging to 77 farms from nine localities in Trakya district in the Marmara region of Turkey were blood sampled and serologically tested for enzootic bovine leukosis.","In this study, 481 cattle belonging to 77 farms from nine localities in Trakya district in the Marmara region of Turkey were blood sampled and serologically tested for EBL.","In this study, 481 cattle belonging to 77 farms from nine localities in Trakya district in the Marmara region of Turkey were blood sampled and serologically tested for Estimated blood loss."
EBL,"The mean Estimated blood loss and serum hemoglobin decrease (preoperative to postoperative day 1) were lower in the NHT cohort than the non-NHT cohort: 160 mL and 2.4 g/dL vs. 317 mL and 3.1 g/dL, respectively.","The mean EBL and serum hemoglobin decrease (preoperative to postoperative day 1) were lower in the NHT cohort than the non-NHT cohort: 160 mL and 2.4 g/dL vs. 317 mL and 3.1 g/dL, respectively.","The mean enzootic bovine leukosis and serum hemoglobin decrease (preoperative to postoperative day 1) were lower in the NHT cohort than the non-NHT cohort: 160 mL and 2.4 g/dL vs. 317 mL and 3.1 g/dL, respectively.","SAMPLE POPULATION: Liver specimens from 6 bovine fetuses, 2 healthy bovine neonates, 2 healthy adult cattle, 3 cattle with experimentally induced hepatic abscesses, and 2 cattle with enzootic bovine leukosis.","SAMPLE POPULATION: Liver specimens from 6 bovine fetuses, 2 healthy bovine neonates, 2 healthy adult cattle, 3 cattle with experimentally induced hepatic abscesses, and 2 cattle with EBL.","SAMPLE POPULATION: Liver specimens from 6 bovine fetuses, 2 healthy bovine neonates, 2 healthy adult cattle, 3 cattle with experimentally induced hepatic abscesses, and 2 cattle with Estimated blood loss."
EBL,"OT, Estimated blood loss, length of stay, and catheterization time were also obtained.","OT, EBL, length of stay, and catheterization time were also obtained.","OT, enzootic bovine leukosis, length of stay, and catheterization time were also obtained.",Serological evidence of the occurrence of enzootic bovine leukosis virus infection in cattle in Tanzania.,Serological evidence of the occurrence of EBL virus infection in cattle in Tanzania.,Serological evidence of the occurrence of Estimated blood loss virus infection in cattle in Tanzania.
ECG,"The electrocardiogram revealed ST-elevation in leads II, III, and aVF and ST-depression in leads V3 to V6.","The ECG revealed ST-elevation in leads II, III, and aVF and ST-depression in leads V3 to V6.","The electrocardiographic revealed ST-elevation in leads II, III, and aVF and ST-depression in leads V3 to V6.","Non-specific clinical state of patients and insufficiently sensitive electrocardiographic diagnostics, at patient's hospital admission time, point out the importance of biochemical markers in acute myocardial infarction diagnosis.","Non-specific clinical state of patients and insufficiently sensitive ECG diagnostics, at patient's hospital admission time, point out the importance of biochemical markers in acute myocardial infarction diagnosis.","Non-specific clinical state of patients and insufficiently sensitive electrocardiogram diagnostics, at patient's hospital admission time, point out the importance of biochemical markers in acute myocardial infarction diagnosis."
ECG,"Installed sensors and devices in the house monitor biosignals such as bedside electrocardiogram, snoring, weight, and movement pattern.","Installed sensors and devices in the house monitor biosignals such as bedside ECG, snoring, weight, and movement pattern.","Installed sensors and devices in the house monitor biosignals such as bedside electrocardiographic, snoring, weight, and movement pattern.",Myocardial contrast echocardiography with 1:4 electrocardiographic triggering was performed at 1.5 MHz in 61 anesthetized rats.,Myocardial contrast echocardiography with 1:4 ECG triggering was performed at 1.5 MHz in 61 anesthetized rats.,Myocardial contrast echocardiography with 1:4 electrocardiogram triggering was performed at 1.5 MHz in 61 anesthetized rats.
ECG,"BACKGROUND: electrocardiogram is one of the most popular tools for daily clinics and health checkup, and has been used for the National Survey on Circulatory Disorders to assess the health status in Japanese people.","BACKGROUND: ECG is one of the most popular tools for daily clinics and health checkup, and has been used for the National Survey on Circulatory Disorders to assess the health status in Japanese people.","BACKGROUND: electrocardiographic is one of the most popular tools for daily clinics and health checkup, and has been used for the National Survey on Circulatory Disorders to assess the health status in Japanese people.",Stress electrocardiographic ST-segment depression is a prognostic marker of adverse cardiac outcomes in coronary artery disease.,Stress ECG ST-segment depression is a prognostic marker of adverse cardiac outcomes in coronary artery disease.,Stress electrocardiogram ST-segment depression is a prognostic marker of adverse cardiac outcomes in coronary artery disease.
ECG,An 18-year-old woman of SLE presented with asymptomatic second-degree AV block with 2:1 conduction block on electrocardiogram during admission.,An 18-year-old woman of SLE presented with asymptomatic second-degree AV block with 2:1 conduction block on ECG during admission.,An 18-year-old woman of SLE presented with asymptomatic second-degree AV block with 2:1 conduction block on electrocardiographic during admission.,Clinicians need to be aware of this deadly electrocardiographic pattern as it portends a high risk of sudden cardiac death in otherwise healthy subjects with structurally normal hearts.,Clinicians need to be aware of this deadly ECG pattern as it portends a high risk of sudden cardiac death in otherwise healthy subjects with structurally normal hearts.,Clinicians need to be aware of this deadly electrocardiogram pattern as it portends a high risk of sudden cardiac death in otherwise healthy subjects with structurally normal hearts.
ECG,"MAIN OUTCOME MEASURES: Coronary TIMI flow rate, electrocardiogram resolution, slow flow/no reflow phenomenon, and patient outcome (death, cardiac failure, or repeat revascularization) at 1 month.","MAIN OUTCOME MEASURES: Coronary TIMI flow rate, ECG resolution, slow flow/no reflow phenomenon, and patient outcome (death, cardiac failure, or repeat revascularization) at 1 month.","MAIN OUTCOME MEASURES: Coronary TIMI flow rate, electrocardiographic resolution, slow flow/no reflow phenomenon, and patient outcome (death, cardiac failure, or repeat revascularization) at 1 month.","Moreover, the rate of patients achieving both the angiographic and electrocardiographic criteria of optimal reperfusion was significantly higher in the thrombus-aspiration group compared with standard PCI: 46.0% versus 24.5%, OR 2.6 (95% CI 1.1 to 6.2), p = 0.025.","Moreover, the rate of patients achieving both the angiographic and ECG criteria of optimal reperfusion was significantly higher in the thrombus-aspiration group compared with standard PCI: 46.0% versus 24.5%, OR 2.6 (95% CI 1.1 to 6.2), p = 0.025.","Moreover, the rate of patients achieving both the angiographic and electrocardiogram criteria of optimal reperfusion was significantly higher in the thrombus-aspiration group compared with standard PCI: 46.0% versus 24.5%, OR 2.6 (95% CI 1.1 to 6.2), p = 0.025."
ECT,Both patients were successfully treated with el ECT roconvulsive therapy.,Both patients were successfully treated with el ECT roconvulsive therapy ECT.,Both patients were successfully treated with el ECT roconvulsive therapy.,"METHODS: Fifteen patients with advanced hormone refractory prostate cancer,who received castration and antiandrogen medicines,were conformed multiple bone metastatic carcinomas by Emission computed tomography.","METHODS: Fifteen patients with advanced hormone refractory prostate cancer,who received castration and antiandrogen medicines,were conformed multiple bone metastatic carcinomas by ECT.","METHODS: Fifteen patients with advanced hormone refractory prostate cancer,who received castration and antiandrogen medicines,were conformed multiple bone metastatic carcinomas by electroconvulsive therapy."
ECT,"Treatment options for depression in PD include medication therapy, el ECT roconvulsive therapy, and psychotherapy.","Treatment options for depression in PD include medication therapy, el ECT roconvulsive therapy ECT, and psychotherapy.","Treatment options for depression in PD include medication therapy, el ECT roconvulsive therapy, and psychotherapy.","Dir ECT reconstruction techniques, such as those based on filtered backproj ECT ion, are typically used for Emission computed tomography, even though it has been argued that iterative reconstruction methods may produce better clinical images.","Dir ECT reconstruction techniques, such as those based on filtered backproj ECT ion, are typically used for ECT, even though it has been argued that iterative reconstruction methods may produce better clinical images.","Dir ECT reconstruction techniques, such as those based on filtered backproj ECT ion, are typically used for electroconvulsive therapy, even though it has been argued that iterative reconstruction methods may produce better clinical images."
ECT,Bipolar disorders as well as recurrent major depressive episodes can be most eff ECT ively treated with el ECT roconvulsive therapy.,Bipolar disorders as well as recurrent major depressive episodes can be most eff ECT ively treated with el ECT roconvulsive therapy ECT.,Bipolar disorders as well as recurrent major depressive episodes can be most eff ECT ively treated with el ECT roconvulsive therapy.,The purpose of this study is to evaluate the feasibility of our TCT method for quantitative Emission computed tomography in clinical application.,The purpose of this study is to evaluate the feasibility of our TCT method for quantitative ECT in clinical application.,The purpose of this study is to evaluate the feasibility of our TCT method for quantitative electroconvulsive therapy in clinical application.
ECT,INTRODUCTION AND AIM: el ECT roconvulsive therapy is an eff ECT ive treatment of severe depression but its mechanism of action is still unknown.,INTRODUCTION AND AIM: el ECT roconvulsive therapy ECT is an eff ECT ive treatment of severe depression but its mechanism of action is still unknown.,INTRODUCTION AND AIM: el ECT roconvulsive therapy is an eff ECT ive treatment of severe depression but its mechanism of action is still unknown.,"After the operation every year all cases were to receive coronary angiography with the results showing thinner coronary artery and less lateral branches, and myocardium, Emission computed tomography scanning that revealed local ischemia in anterior or posterior myocardium in 2 cases 4 and 5 years after resp ECT ively, however, no symptom of coronary artery disease was seen in all patients.","After the operation every year all cases were to receive coronary angiography with the results showing thinner coronary artery and less lateral branches, and myocardium, ECT scanning that revealed local ischemia in anterior or posterior myocardium in 2 cases 4 and 5 years after resp ECT ively, however, no symptom of coronary artery disease was seen in all patients.","After the operation every year all cases were to receive coronary angiography with the results showing thinner coronary artery and less lateral branches, and myocardium, electroconvulsive therapy scanning that revealed local ischemia in anterior or posterior myocardium in 2 cases 4 and 5 years after resp ECT ively, however, no symptom of coronary artery disease was seen in all patients."
ECT,el ECT roconvulsive therapy is used in the treatment of severe psychiatric disorders.,el ECT roconvulsive therapy ECT is used in the treatment of severe psychiatric disorders.,el ECT roconvulsive therapy is used in the treatment of severe psychiatric disorders.,"It is well known that the quantitative potential of Emission computed tomography relies on the ability to compensate for resolution, attenuation and scatter eff ECT s.","It is well known that the quantitative potential of ECT relies on the ability to compensate for resolution, attenuation and scatter eff ECT s.","It is well known that the quantitative potential of electroconvulsive therapy relies on the ability to compensate for resolution, attenuation and scatter eff ECT s."
EDD,"At the latest echocardiographic follow up, mean peak pressure gradient was 15.60 +/- 11.76 mmHg, homograft regurgitation grade was 0.82 +/- 0.66, left ventricular End-diastolic diameter was 49.1 +/- 7.54 mm, and mean aortic root diameter was 30.54 +/- 5.48 mm.","At the latest echocardiographic follow up, mean peak pressure gradient was 15.60 +/- 11.76 mmHg, homograft regurgitation grade was 0.82 +/- 0.66, left ventricular EDD was 49.1 +/- 7.54 mm, and mean aortic root diameter was 30.54 +/- 5.48 mm.","At the latest echocardiographic follow up, mean peak pressure gradient was 15.60 +/- 11.76 mmHg, homograft regurgitation grade was 0.82 +/- 0.66, left ventricular end-diastolic dimension was 49.1 +/- 7.54 mm, and mean aortic root diameter was 30.54 +/- 5.48 mm.","The correlation between gated SPET end-diastolic volume (SPET EDV) and both echocardiographic end-diastolic dimension and echocardiographic EDV was good (r=0.84 between SPET EDV and echo EDD , r=0.85 between SPET EDV and echo EDV, P<0.0001 for both).","The correlation between gated SPET end-diastolic volume (SPET EDV) and both echocardiographic EDD and echocardiographic EDV was good (r=0.84 between SPET EDV and echo EDD , r=0.85 between SPET EDV and echo EDV, P<0.0001 for both).","The correlation between gated SPET end-diastolic volume (SPET EDV) and both echocardiographic End-diastolic diameter and echocardiographic EDV was good (r=0.84 between SPET EDV and echo EDD , r=0.85 between SPET EDV and echo EDV, P<0.0001 for both)."
EDD,"LV EF and LV End-diastolic diameter were measured by echocardiography at baseline, 3 mo (Pos1), and 6 mo (Pos2) after revascularization.","LV EF and LV EDD were measured by echocardiography at baseline, 3 mo (Pos1), and 6 mo (Pos2) after revascularization.","LV EF and LV end-diastolic dimension were measured by echocardiography at baseline, 3 mo (Pos1), and 6 mo (Pos2) after revascularization.","end-diastolic dimension increased at week two compared to controls (1.66 +/- 0.10 vs 1.35 +/- 0.11 cm, p<0.05) and increased further at week three of VT (1.70 +/- 0.06 cm, p<0.05).","EDD increased at week two compared to controls (1.66 +/- 0.10 vs 1.35 +/- 0.11 cm, p<0.05) and increased further at week three of VT (1.70 +/- 0.06 cm, p<0.05).","End-diastolic diameter increased at week two compared to controls (1.66 +/- 0.10 vs 1.35 +/- 0.11 cm, p<0.05) and increased further at week three of VT (1.70 +/- 0.06 cm, p<0.05)."
EDD,METHODS AND RESULTS: The study group was composed of 59 patients (55 men aged 58 +/- 10 years) with CHF and LV End-diastolic diameter >55 mm.,METHODS AND RESULTS: The study group was composed of 59 patients (55 men aged 58 +/- 10 years) with CHF and LV EDD >55 mm.,METHODS AND RESULTS: The study group was composed of 59 patients (55 men aged 58 +/- 10 years) with CHF and LV end-diastolic dimension >55 mm.,"The LV end-diastolic dimension increased significantly as exercise increased from mild to moderate (3-5%, p less than 0.05 and 0.001).","The LV EDD increased significantly as exercise increased from mild to moderate (3-5%, p less than 0.05 and 0.001).","The LV End-diastolic diameter increased significantly as exercise increased from mild to moderate (3-5%, p less than 0.05 and 0.001)."
EDD,"Baseline End-diastolic diameter was increased, with no change in left ventricular wall thickness-to-radius ratio, after training, suggestive of eccentric left ventricular hypertrophy.","Baseline EDD was increased, with no change in left ventricular wall thickness-to-radius ratio, after training, suggestive of eccentric left ventricular hypertrophy.","Baseline end-diastolic dimension was increased, with no change in left ventricular wall thickness-to-radius ratio, after training, suggestive of eccentric left ventricular hypertrophy.","During exercise, end-diastolic dimension was increased in all three groups; however, there was no statistical differences among the three groups either at rest or during exercise.","During exercise, EDD was increased in all three groups; however, there was no statistical differences among the three groups either at rest or during exercise.","During exercise, End-diastolic diameter was increased in all three groups; however, there was no statistical differences among the three groups either at rest or during exercise."
EDD,"The average End-diastolic diameter of all patients was 68 mm, with a mean standard deviation of 4 mm and a 95% confidence interval of 8 mm.","The average EDD of all patients was 68 mm, with a mean standard deviation of 4 mm and a 95% confidence interval of 8 mm.","The average end-diastolic dimension of all patients was 68 mm, with a mean standard deviation of 4 mm and a 95% confidence interval of 8 mm.","Patients in categories 1 and 3 had a higher preoperative left ventricular end-diastolic dimension and cross-sectional area than those in categories 2 and 4, respectively, but their preoperative functional impairment (NYHA class) was similar.","Patients in categories 1 and 3 had a higher preoperative left ventricular EDD and cross-sectional area than those in categories 2 and 4, respectively, but their preoperative functional impairment (NYHA class) was similar.","Patients in categories 1 and 3 had a higher preoperative left ventricular End-diastolic diameter and cross-sectional area than those in categories 2 and 4, respectively, but their preoperative functional impairment (NYHA class) was similar."
EHL,We present one case of retained CBD stone after 2 failed endoscopic sphincterotomies and balloon/basket extraction treated by electrohydraulic lithotripsy.,We present one case of retained CBD stone after 2 failed endoscopic sphincterotomies and balloon/basket extraction treated by EHL.,We present one case of retained CBD stone after 2 failed endoscopic sphincterotomies and balloon/basket extraction treated by extensor hallucis longus.,A combined injury of both the TA and the extensor hallucis longus tendons has not yet been reported.,A combined injury of both the TA and the EHL tendons has not yet been reported.,A combined injury of both the TA and the electrohydraulic lithotripsy tendons has not yet been reported.
EHL,"Conventional methods, including electrohydraulic lithotripsy, occasionally fail due to the inability to access or capture the impacted stones in the narrow, spirally long cystic duct.","Conventional methods, including EHL, occasionally fail due to the inability to access or capture the impacted stones in the narrow, spirally long cystic duct.","Conventional methods, including extensor hallucis longus, occasionally fail due to the inability to access or capture the impacted stones in the narrow, spirally long cystic duct.",OBJECTIVES: To describe the clinical characteristics of persistent extension of the great toe related to overactivity of the extensor hallucis longus after a stroke and to explore the efficacy of treatment with botulinum toxin type A. DESIGN: Case series.,OBJECTIVES: To describe the clinical characteristics of persistent extension of the great toe related to overactivity of the EHL after a stroke and to explore the efficacy of treatment with botulinum toxin type A. DESIGN: Case series.,OBJECTIVES: To describe the clinical characteristics of persistent extension of the great toe related to overactivity of the electrohydraulic lithotripsy after a stroke and to explore the efficacy of treatment with botulinum toxin type A. DESIGN: Case series.
EHL,"The indications were: firstly, SODAC-guided electrohydraulic lithotripsy of stones in which conventional methods, including mechanical lithotripsy, had not been successful (52 SODAC procedures in 26 patients); and secondly, direct visualization of the biliary tree after cholangiography to assess the presence of stones (57 SODAC procedures in 49 patients).","The indications were: firstly, SODAC-guided EHL of stones in which conventional methods, including mechanical lithotripsy, had not been successful (52 SODAC procedures in 26 patients); and secondly, direct visualization of the biliary tree after cholangiography to assess the presence of stones (57 SODAC procedures in 49 patients).","The indications were: firstly, SODAC-guided extensor hallucis longus of stones in which conventional methods, including mechanical lithotripsy, had not been successful (52 SODAC procedures in 26 patients); and secondly, direct visualization of the biliary tree after cholangiography to assess the presence of stones (57 SODAC procedures in 49 patients).",A surgical technique of functional tendon transfer for the treatment of extensor hallucis longus rupture is described.,A surgical technique of functional tendon transfer for the treatment of EHL rupture is described.,A surgical technique of functional tendon transfer for the treatment of electrohydraulic lithotripsy rupture is described.
EHL,"Using a semirigid 6.8F 43-cm ureteroscope and routine antibiotic prophylaxis, stones were fragmented with a pulsed-dye laser (N = 14; stone size 6-15 mm with a mean of 9.6 mm), electrohydraulic lithotripsy (N = 26; stone size 3-20 mm with a mean of 8.4 mm), or a holmium laser (N = 7; stone size 5-15 mm with a mean of 10 mm); removed by basket extraction (N = 5; stone size 5-8 mm with a mean of 7 mm); or both.","Using a semirigid 6.8F 43-cm ureteroscope and routine antibiotic prophylaxis, stones were fragmented with a pulsed-dye laser (N = 14; stone size 6-15 mm with a mean of 9.6 mm), EHL (N = 26; stone size 3-20 mm with a mean of 8.4 mm), or a holmium laser (N = 7; stone size 5-15 mm with a mean of 10 mm); removed by basket extraction (N = 5; stone size 5-8 mm with a mean of 7 mm); or both.","Using a semirigid 6.8F 43-cm ureteroscope and routine antibiotic prophylaxis, stones were fragmented with a pulsed-dye laser (N = 14; stone size 6-15 mm with a mean of 9.6 mm), extensor hallucis longus (N = 26; stone size 3-20 mm with a mean of 8.4 mm), or a holmium laser (N = 7; stone size 5-15 mm with a mean of 10 mm); removed by basket extraction (N = 5; stone size 5-8 mm with a mean of 7 mm); or both.",The distal attachments of the extensor hallucis longus tendons in 47 amputated legs and in eight cadavers were examined.,The distal attachments of the EHL tendons in 47 amputated legs and in eight cadavers were examined.,The distal attachments of the electrohydraulic lithotripsy tendons in 47 amputated legs and in eight cadavers were examined.
EHL,"Bladder calculi were treated endoscopically by litholapaxy, electrohydraulic lithotripsy, or holmium:YAG laser lithotripsy.","Bladder calculi were treated endoscopically by litholapaxy, EHL, or holmium:YAG laser lithotripsy.","Bladder calculi were treated endoscopically by litholapaxy, extensor hallucis longus, or holmium:YAG laser lithotripsy.",Generally the extensor hallucis longus muscle is innervated by one of the motor branches of the deep peroneal nerve which is anatomically located 74 to 82 mm. distal to the fibular apex.,Generally the EHL muscle is innervated by one of the motor branches of the deep peroneal nerve which is anatomically located 74 to 82 mm. distal to the fibular apex.,Generally the electrohydraulic lithotripsy muscle is innervated by one of the motor branches of the deep peroneal nerve which is anatomically located 74 to 82 mm. distal to the fibular apex.
EKG,"To verify the prevalence of ischemic myocardial abnormalities, 67 patients with type 2 diabetes mellitus (DM2) with normal basal electrocardiogram or with ventricular repolarization abnormalities were evaluated by a perfusional myocardial scintigraphy.","To verify the prevalence of ischemic myocardial abnormalities, 67 patients with type 2 diabetes mellitus (DM2) with normal basal EKG or with ventricular repolarization abnormalities were evaluated by a perfusional myocardial scintigraphy.","To verify the prevalence of ischemic myocardial abnormalities, 67 patients with type 2 diabetes mellitus (DM2) with normal basal electrocardiographic or with ventricular repolarization abnormalities were evaluated by a perfusional myocardial scintigraphy.","Classic electrocardiographic changes, which have been reported to occur in acute selenium intoxication, included sinus tachycardia with ST wave alteration.","Classic EKG changes, which have been reported to occur in acute selenium intoxication, included sinus tachycardia with ST wave alteration.","Classic electrocardiogram changes, which have been reported to occur in acute selenium intoxication, included sinus tachycardia with ST wave alteration."
EKG,"They open the possibility for capturing clinical data in a prehospital setting (e.g., a patient's home) using various devices, such as personal digital assistants, laptops, digital electrocardiogram machines, and even cellular phones, and transmitting the captured data to a physician or hospital.","They open the possibility for capturing clinical data in a prehospital setting (e.g., a patient's home) using various devices, such as personal digital assistants, laptops, digital EKG machines, and even cellular phones, and transmitting the captured data to a physician or hospital.","They open the possibility for capturing clinical data in a prehospital setting (e.g., a patient's home) using various devices, such as personal digital assistants, laptops, digital electrocardiographic machines, and even cellular phones, and transmitting the captured data to a physician or hospital.","Acute responses were characterized in terms of: (1) short-term electrocardiographic, core body temperature, and physical activity differences between PM and sham-exposed mice; and (2) in vitro toxicity of a simultaneously collected PM2.5 sample to lung epithelial cells.","Acute responses were characterized in terms of: (1) short-term EKG, core body temperature, and physical activity differences between PM and sham-exposed mice; and (2) in vitro toxicity of a simultaneously collected PM2.5 sample to lung epithelial cells.","Acute responses were characterized in terms of: (1) short-term electrocardiogram, core body temperature, and physical activity differences between PM and sham-exposed mice; and (2) in vitro toxicity of a simultaneously collected PM2.5 sample to lung epithelial cells."
EKG,"She had typical chest pain for myocardial ischemia, associated with ST elevations on the electrocardiogram and elevations of cardiac injury markers diagnostic of infarction.","She had typical chest pain for myocardial ischemia, associated with ST elevations on the EKG and elevations of cardiac injury markers diagnostic of infarction.","She had typical chest pain for myocardial ischemia, associated with ST elevations on the electrocardiographic and elevations of cardiac injury markers diagnostic of infarction.","To assess the pathologic nature of these manifestations, this study focused on electrocardiographic variations in these children, comparing them with findings in a control group.","To assess the pathologic nature of these manifestations, this study focused on EKG variations in these children, comparing them with findings in a control group.","To assess the pathologic nature of these manifestations, this study focused on electrocardiogram variations in these children, comparing them with findings in a control group."
EKG,"Because myocyte depolarization and repolarization depend on intra- and extracellular shifts in ion gradients, abnormal serum electrolyte levels can have profound effects on cardiac conduction and the electrocardiogram.","Because myocyte depolarization and repolarization depend on intra- and extracellular shifts in ion gradients, abnormal serum electrolyte levels can have profound effects on cardiac conduction and the EKG.","Because myocyte depolarization and repolarization depend on intra- and extracellular shifts in ion gradients, abnormal serum electrolyte levels can have profound effects on cardiac conduction and the electrocardiographic.",OBJECTIVE: Newborns of mothers positive for anti-Ro/SSA autoantibodies may develop a series of electrocardiographic disturbances.,OBJECTIVE: Newborns of mothers positive for anti-Ro/SSA autoantibodies may develop a series of EKG disturbances.,OBJECTIVE: Newborns of mothers positive for anti-Ro/SSA autoantibodies may develop a series of electrocardiogram disturbances.
EKG,"All outpatient follow-up histories, electrocardiogram rhythm strips, and chronic threshold test data were also retrieved.","All outpatient follow-up histories, EKG rhythm strips, and chronic threshold test data were also retrieved.","All outpatient follow-up histories, electrocardiographic rhythm strips, and chronic threshold test data were also retrieved.",Diagnosis and mechanism often can be made by 12-lead electrocardiographic analysis but may subsequently require electrophysiologic testing.,Diagnosis and mechanism often can be made by 12-lead EKG analysis but may subsequently require electrophysiologic testing.,Diagnosis and mechanism often can be made by 12-lead electrocardiogram analysis but may subsequently require electrophysiologic testing.
EMS,PURPOSE: Emergency Medical Services play an important role in acute stroke therapy.,PURPOSE: EMS play an important role in acute stroke therapy.,PURPOSE: ethyl methanesulfonate play an important role in acute stroke therapy.,Chromosomal mutations induced by ethyl methanesulfonate treatment can cause female sterility or maternal-effect lethality in Drosophila.,Chromosomal mutations induced by EMS treatment can cause female sterility or maternal-effect lethality in Drosophila.,Chromosomal mutations induced by Emergency Medical Services treatment can cause female sterility or maternal-effect lethality in Drosophila.
EMS,DESIGN: Analysis of an administrative database of all Emergency Medical Services patient care reports in Pennsylvania.,DESIGN: Analysis of an administrative database of all EMS patient care reports in Pennsylvania.,DESIGN: Analysis of an administrative database of all ethyl methanesulfonate patient care reports in Pennsylvania.,Various mutants of Pichia anomala were isolated by ethyl methanesulfonate treatment and UV irradiation through cycloheximide resistance and KCl sensitivity.,Various mutants of Pichia anomala were isolated by EMS treatment and UV irradiation through cycloheximide resistance and KCl sensitivity.,Various mutants of Pichia anomala were isolated by Emergency Medical Services treatment and UV irradiation through cycloheximide resistance and KCl sensitivity.
EMS,METHODS: We conducted an observational study of patients with ventricular fibrillation treated by first-tier Emergency Medical Services.,METHODS: We conducted an observational study of patients with ventricular fibrillation treated by first-tier EMS.,METHODS: We conducted an observational study of patients with ventricular fibrillation treated by first-tier ethyl methanesulfonate.,The lethal and mutagenic effects of ethyl methanesulfonate and UV light on four Frankia strains were investigated.,The lethal and mutagenic effects of EMS and UV light on four Frankia strains were investigated.,The lethal and mutagenic effects of Emergency Medical Services and UV light on four Frankia strains were investigated.
EMS,STUDY OBJECTIVE: We determine whether the use of an Emergency Medical Services protocol for selective spine immobilization would result in appropriate immobilization without spinal cord injury associated with nonimmobilization.,STUDY OBJECTIVE: We determine whether the use of an EMS protocol for selective spine immobilization would result in appropriate immobilization without spinal cord injury associated with nonimmobilization.,STUDY OBJECTIVE: We determine whether the use of an ethyl methanesulfonate protocol for selective spine immobilization would result in appropriate immobilization without spinal cord injury associated with nonimmobilization.,"From approximately 72,000 F(3) cultures segregating for autosomes heavily treated with ethyl methanesulfonate, approximately 12,000 lines in which the treated second or third chromosome survived in homozygous condition were selected.","From approximately 72,000 F(3) cultures segregating for autosomes heavily treated with EMS, approximately 12,000 lines in which the treated second or third chromosome survived in homozygous condition were selected.","From approximately 72,000 F(3) cultures segregating for autosomes heavily treated with Emergency Medical Services, approximately 12,000 lines in which the treated second or third chromosome survived in homozygous condition were selected."
EMS,"OBJECTIVE: Firefighters and Emergency Medical Services personnel have the potential for occupational exposures to blood, which increases their risk for occupational blood-borne infection.","OBJECTIVE: Firefighters and EMS personnel have the potential for occupational exposures to blood, which increases their risk for occupational blood-borne infection.","OBJECTIVE: Firefighters and ethyl methanesulfonate personnel have the potential for occupational exposures to blood, which increases their risk for occupational blood-borne infection.","In this study, we compared the cytotoxicity of bifunctional busulfan with that of monofunctional ethyl methanesulfonate in human promyelocytic leukemia HL-60 cells.","In this study, we compared the cytotoxicity of bifunctional busulfan with that of monofunctional EMS in human promyelocytic leukemia HL-60 cells.","In this study, we compared the cytotoxicity of bifunctional busulfan with that of monofunctional Emergency Medical Services in human promyelocytic leukemia HL-60 cells."
EPO,"Progesterone, but not 17beta-estradiol, up-regulates erythropoietin production in human amniotic epithelial cells.","Progesterone, but not 17beta-estradiol, up-regulates EPO production in human amniotic epithelial cells.","Progesterone, but not 17beta-estradiol, up-regulates eosinophil peroxidase production in human amniotic epithelial cells.",OBJECTIVES: To investigate the possible role of eosinophil peroxidase in 3-nitrotyrosine (3NT) formation.,OBJECTIVES: To investigate the possible role of EPO in 3-nitrotyrosine (3NT) formation.,OBJECTIVES: To investigate the possible role of erythropoietin in 3-nitrotyrosine (3NT) formation.
EPO,"We previously r EPO rted that HAE cells produce erythropoietin, which is known to be a regulator of hematopoiesis, and that the induction mechanism of HAE cells is unknown, although EPO production from HAE cells is not increased by hypoxia which induces several cell types to produce EPO .","We previously r EPO rted that HAE cells produce EPO, which is known to be a regulator of hematopoiesis, and that the induction mechanism of HAE cells is unknown, although EPO production from HAE cells is not increased by hypoxia which induces several cell types to produce EPO .","We previously r EPO rted that HAE cells produce eosinophil peroxidase, which is known to be a regulator of hematopoiesis, and that the induction mechanism of HAE cells is unknown, although EPO production from HAE cells is not increased by hypoxia which induces several cell types to produce EPO .",The production and release of eosinophil peroxidase has been associated with human pathology.,The production and release of EPO has been associated with human pathology.,The production and release of erythropoietin has been associated with human pathology.
EPO,erythropoietin treatment for anemia of prematurity is still controversial.,EPO treatment for anemia of prematurity is still controversial.,eosinophil peroxidase treatment for anemia of prematurity is still controversial.,"We have previously demonstrated that single nucleotide polymorphism Pro358Leu of exon 7 in the eosinophil peroxidase gene is associated with cedar pollinosis, although the association has not been confirmed by analysis of the whole gene in a different population.","We have previously demonstrated that single nucleotide polymorphism Pro358Leu of exon 7 in the EPO gene is associated with cedar pollinosis, although the association has not been confirmed by analysis of the whole gene in a different population.","We have previously demonstrated that single nucleotide polymorphism Pro358Leu of exon 7 in the erythropoietin gene is associated with cedar pollinosis, although the association has not been confirmed by analysis of the whole gene in a different population."
EPO,Our findings imply that uncontrolled studies on the effect of erythropoietin in cancer patients may be making exaggerated claims for the effect of EPO on QOL.,Our findings imply that uncontrolled studies on the effect of EPO in cancer patients may be making exaggerated claims for the effect of EPO on QOL.,Our findings imply that uncontrolled studies on the effect of eosinophil peroxidase in cancer patients may be making exaggerated claims for the effect of EPO on QOL.,PAF solution was topically applied and eosinophil activation was assessed by measuring the eosinophil peroxidase activity in the tear fluid.,PAF solution was topically applied and eosinophil activation was assessed by measuring the EPO activity in the tear fluid.,PAF solution was topically applied and eosinophil activation was assessed by measuring the erythropoietin activity in the tear fluid.
EPO,"Availability of recombinant human erythropoietin has facilitated use to enhance red blood cell production, and therefore aerobic performance, in human and equine athletes.","Availability of recombinant human EPO has facilitated use to enhance red blood cell production, and therefore aerobic performance, in human and equine athletes.","Availability of recombinant human eosinophil peroxidase has facilitated use to enhance red blood cell production, and therefore aerobic performance, in human and equine athletes.","We also found that mRNA for IL-5, GATA-3 and eosinophil peroxidase are induced in the intestine of Stat6(-/-) mice on day 14 p.i.","We also found that mRNA for IL-5, GATA-3 and EPO are induced in the intestine of Stat6(-/-) mice on day 14 p.i.","We also found that mRNA for IL-5, GATA-3 and erythropoietin are induced in the intestine of Stat6(-/-) mice on day 14 p.i."
ERCP,endoscopic retrograde cholangiopancreatography was performed and a large number of common bile duct stones were extracted with Dormia basket upon papillotomy.,ERCP was performed and a large number of common bile duct stones were extracted with Dormia basket upon papillotomy.,Endoscopic retrograde cholangio-pancreatography was performed and a large number of common bile duct stones were extracted with Dormia basket upon papillotomy.,"OBJECTIVE: Myocardial ischaemia has been described during Endoscopic retrograde cholangio-pancreatography, but the pathogenesis remains unclear.","OBJECTIVE: Myocardial ischaemia has been described during ERCP, but the pathogenesis remains unclear.","OBJECTIVE: Myocardial ischaemia has been described during endoscopic retrograde cholangiopancreatography, but the pathogenesis remains unclear."
ERCP,This retrospective pilot study evaluates CDCP compared with endoscopic retrograde cholangiopancreatography as a diagnostic tool for assessing the cause and level of biliary obstruction.,This retrospective pilot study evaluates CDCP compared with ERCP as a diagnostic tool for assessing the cause and level of biliary obstruction.,This retrospective pilot study evaluates CDCP compared with Endoscopic retrograde cholangio-pancreatography as a diagnostic tool for assessing the cause and level of biliary obstruction.,"Each patient underwent EUS, MRCP, and HCT-C prior to Endoscopic retrograde cholangio-pancreatography, the result of which served as the diagnostic gold standard.","Each patient underwent EUS, MRCP, and HCT-C prior to ERCP, the result of which served as the diagnostic gold standard.","Each patient underwent EUS, MRCP, and HCT-C prior to endoscopic retrograde cholangiopancreatography, the result of which served as the diagnostic gold standard."
ERCP,"By means of ultrasonography, endoscopic retrograde cholangiopancreatography and magnetic resonant cholangiopancreatography, dilated extrahepatic bile ducts were diagnosed.","By means of ultrasonography, ERCP and magnetic resonant cholangiopancreatography, dilated extrahepatic bile ducts were diagnosed.","By means of ultrasonography, Endoscopic retrograde cholangio-pancreatography and magnetic resonant cholangiopancreatography, dilated extrahepatic bile ducts were diagnosed.",BACKGROUND: Endoscopic retrograde cholangio-pancreatography is another treatment option for hepato-biliary tract abnormalities.,BACKGROUND: ERCP is another treatment option for hepato-biliary tract abnormalities.,BACKGROUND: endoscopic retrograde cholangiopancreatography is another treatment option for hepato-biliary tract abnormalities.
ERCP,Only 2 patients required an additional endoscopic retrograde cholangiopancreatography after initial metal stent placement until surgery.,Only 2 patients required an additional ERCP after initial metal stent placement until surgery.,Only 2 patients required an additional Endoscopic retrograde cholangio-pancreatography after initial metal stent placement until surgery.,METHODS: LFTs were measured immediately before Endoscopic retrograde cholangio-pancreatography in 207 jaundiced patients.,METHODS: LFTs were measured immediately before ERCP in 207 jaundiced patients.,METHODS: LFTs were measured immediately before endoscopic retrograde cholangiopancreatography in 207 jaundiced patients.
ERCP,OBJECTIVES: Adequate patient sedation is mandatory for diagnostic and therapeutic endoscopic retrograde cholangiopancreatography.,OBJECTIVES: Adequate patient sedation is mandatory for diagnostic and therapeutic ERCP.,OBJECTIVES: Adequate patient sedation is mandatory for diagnostic and therapeutic Endoscopic retrograde cholangio-pancreatography.,Eleven patients had a successful Endoscopic retrograde cholangio-pancreatography carried out.,Eleven patients had a successful ERCP carried out.,Eleven patients had a successful endoscopic retrograde cholangiopancreatography carried out.
ESR,"In order to investigate the edge states, we have performed high field and multifrequency electron spin resonance measurements of finite length S=1 antiferromagnetic chains in Y2BaNi0.96Mg0.04O5.","In order to investigate the edge states, we have performed high field and multifrequency ESR measurements of finite length S=1 antiferromagnetic chains in Y2BaNi0.96Mg0.04O5.","In order to investigate the edge states, we have performed high field and multifrequency erythrocyte sedimentation rate measurements of finite length S=1 antiferromagnetic chains in Y2BaNi0.96Mg0.04O5.","A low erythrocyte sedimentation rate at diagnosis and treatment with glucocorticoid were found to be independent predictors for remission, and the stable disease activity at diagnosis was an independent predictor for the quiescence of vascular lesions on follow-up angiography.","A low ESR at diagnosis and treatment with glucocorticoid were found to be independent predictors for remission, and the stable disease activity at diagnosis was an independent predictor for the quiescence of vascular lesions on follow-up angiography.","A low electron spin resonance at diagnosis and treatment with glucocorticoid were found to be independent predictors for remission, and the stable disease activity at diagnosis was an independent predictor for the quiescence of vascular lesions on follow-up angiography."
ESR,"In addition, C-PC (4 and 8 nM) markedly reduced the electron spin resonance signal intensity of hydroxyl radicals in collagen (1 microg/mL)-activated platelets.","In addition, C-PC (4 and 8 nM) markedly reduced the ESR signal intensity of hydroxyl radicals in collagen (1 microg/mL)-activated platelets.","In addition, C-PC (4 and 8 nM) markedly reduced the erythrocyte sedimentation rate signal intensity of hydroxyl radicals in collagen (1 microg/mL)-activated platelets.","MAIN OUTCOME MEASURES: Urgent need of dental treatment, lifetime, erythrocyte sedimentation rate.","MAIN OUTCOME MEASURES: Urgent need of dental treatment, lifetime, ESR.","MAIN OUTCOME MEASURES: Urgent need of dental treatment, lifetime, electron spin resonance."
ESR,"The physicochemical properties including turbidity, apparent particle size, Cl(-) permeability, electron spin resonance spectroscopic parameters, and freeze-fracture electron microscopy were investigated.","The physicochemical properties including turbidity, apparent particle size, Cl(-) permeability, ESR spectroscopic parameters, and freeze-fracture electron microscopy were investigated.","The physicochemical properties including turbidity, apparent particle size, Cl(-) permeability, erythrocyte sedimentation rate spectroscopic parameters, and freeze-fracture electron microscopy were investigated.","The mean values of erythrocyte sedimentation rate and C-reactive protein were 93 +/- 23 mm/h and 94 +/- 63 mg/L, respectively.","The mean values of ESR and C-reactive protein were 93 +/- 23 mm/h and 94 +/- 63 mg/L, respectively.","The mean values of electron spin resonance and C-reactive protein were 93 +/- 23 mm/h and 94 +/- 63 mg/L, respectively."
ESR,"A spin-trapping electron spin resonance spectrometer was employed, and the results were compared for their ESR signal intensity.","A spin-trapping ESR spectrometer was employed, and the results were compared for their ESR signal intensity.","A spin-trapping erythrocyte sedimentation rate spectrometer was employed, and the results were compared for their ESR signal intensity.","Plasma calprotectin was correlated with acute phase parameters, erythrocyte sedimentation rate, and peroral steroid usage before start of treatment and at four subsequent time intervals.","Plasma calprotectin was correlated with acute phase parameters, ESR, and peroral steroid usage before start of treatment and at four subsequent time intervals.","Plasma calprotectin was correlated with acute phase parameters, electron spin resonance, and peroral steroid usage before start of treatment and at four subsequent time intervals."
ESR,"From the product analysis using gas chromatography/mass spectrometry (GC/MS) and electron spin resonance measurements, it was confirmed that the charge transfer from the O2- site on the surface of the oxide additives due to the intense grinding has plays a significant role in the decomposition of the chlorinated compound.","From the product analysis using gas chromatography/mass spectrometry (GC/MS) and ESR measurements, it was confirmed that the charge transfer from the O2- site on the surface of the oxide additives due to the intense grinding has plays a significant role in the decomposition of the chlorinated compound.","From the product analysis using gas chromatography/mass spectrometry (GC/MS) and erythrocyte sedimentation rate measurements, it was confirmed that the charge transfer from the O2- site on the surface of the oxide additives due to the intense grinding has plays a significant role in the decomposition of the chlorinated compound.","Moreover, in carriers of two G alleles the parameters of disease activity score (DAS28), erythrocyte sedimentation rate, number of swollen and tender joints] were significantly increased.","Moreover, in carriers of two G alleles the parameters of disease activity score (DAS28), ESR, number of swollen and tender joints] were significantly increased.","Moreover, in carriers of two G alleles the parameters of disease activity score (DAS28), electron spin resonance, number of swollen and tender joints] were significantly increased."
FFP,Fifteen patients received vitamin K and fresh frozen plasma alone ( FFP group).,Fifteen patients received vitamin K and FFP alone ( FFP group).,Fifteen patients received vitamin K and freedom from progression alone ( FFP group).,freedom from progression was based on life table estimates and Kaplan-Meier curves.,FFP was based on life table estimates and Kaplan-Meier curves.,fresh frozen plasma was based on life table estimates and Kaplan-Meier curves.
FFP,"BACKGROUND: Concerns regarding transfusion-transmitted infections and non-availability of blood components in developing nations, make it crucial to optimize fresh frozen plasma transfusions and reduce wastage.","BACKGROUND: Concerns regarding transfusion-transmitted infections and non-availability of blood components in developing nations, make it crucial to optimize FFP transfusions and reduce wastage.","BACKGROUND: Concerns regarding transfusion-transmitted infections and non-availability of blood components in developing nations, make it crucial to optimize freedom from progression transfusions and reduce wastage.","Among factors of the International Prognostic Index, IL-10(-1082G) allele remained an independent variable, predicting longer freedom from progression (RR [relative risk] =.76, P =.00035) and OS (RR =.78, P =.0015).","Among factors of the International Prognostic Index, IL-10(-1082G) allele remained an independent variable, predicting longer FFP (RR [relative risk] =.76, P =.00035) and OS (RR =.78, P =.0015).","Among factors of the International Prognostic Index, IL-10(-1082G) allele remained an independent variable, predicting longer fresh frozen plasma (RR [relative risk] =.76, P =.00035) and OS (RR =.78, P =.0015)."
FFP,"This study aimed to assess the effects of dugite envenoming on blood coagulation and platelet count in a canine model, and the efficacy of fresh frozen plasma in reversing the clotting disorder after both adequate and inadequate venom neutralization.","This study aimed to assess the effects of dugite envenoming on blood coagulation and platelet count in a canine model, and the efficacy of FFP in reversing the clotting disorder after both adequate and inadequate venom neutralization.","This study aimed to assess the effects of dugite envenoming on blood coagulation and platelet count in a canine model, and the efficacy of freedom from progression in reversing the clotting disorder after both adequate and inadequate venom neutralization.","Gender, pathology, stage, IPI, Anderson Tumor Score, beta2M, and number of disease sites were examined for significance in freedom from progression by univariate analyses.","Gender, pathology, stage, IPI, Anderson Tumor Score, beta2M, and number of disease sites were examined for significance in FFP by univariate analyses.","Gender, pathology, stage, IPI, Anderson Tumor Score, beta2M, and number of disease sites were examined for significance in fresh frozen plasma by univariate analyses."
FFP,There are only a few case reports about thrombotic events during treatment with fresh frozen plasma.,There are only a few case reports about thrombotic events during treatment with FFP.,There are only a few case reports about thrombotic events during treatment with freedom from progression.,Patients with high GST-pi expression had a worse 5-year freedom from progression.,Patients with high GST-pi expression had a worse 5-year FFP.,Patients with high GST-pi expression had a worse 5-year fresh frozen plasma.
FFP,"The use of fresh frozen plasma instead of serum is theoretically attractive, as it is more easily available from blood banks.","The use of FFP instead of serum is theoretically attractive, as it is more easily available from blood banks.","The use of freedom from progression instead of serum is theoretically attractive, as it is more easily available from blood banks.","Survival, local control, distant brain freedom from progression, and overall brain FFP were evaluated according the method of Kaplan and Meier.","Survival, local control, distant brain FFP, and overall brain FFP were evaluated according the method of Kaplan and Meier.","Survival, local control, distant brain fresh frozen plasma, and overall brain FFP were evaluated according the method of Kaplan and Meier."
GCT,Computed tomography revealed a germ cell tumor of the mediastinum.,Computed tomography revealed a germ GCT of the mediastinum.,Computed tomography revealed a germ germ cell tumors of the mediastinum.,"BACKGROUND: Since information on the efficacy of hyperthermia in combination with chemotherapy on pediatric tumors is limited, we performed a systematic analysis on the synergistic effects of a combined application of heat and chemotherapy on 20 tumor cell lines derived from patients with neuroblastomas, Ewing tumors, germ cell tumors, and osteosarcomas.","BACKGROUND: Since information on the efficacy of hyperthermia in combination with chemotherapy on pediatric tumors is limited, we performed a systematic analysis on the synergistic effects of a combined application of heat and chemotherapy on 20 tumor cell lines derived from patients with neuroblastomas, Ewing tumors, GCT, and osteosarcomas.","BACKGROUND: Since information on the efficacy of hyperthermia in combination with chemotherapy on pediatric tumors is limited, we performed a systematic analysis on the synergistic effects of a combined application of heat and chemotherapy on 20 tumor cell lines derived from patients with neuroblastomas, Ewing tumors, cell tumor, and osteosarcomas."
GCT,"PURPOSE: To define the incidence, clinical features, and outcome to salvage chemotherapy in patients with late-relapse germ cell tumor after a complete response to first-line chemotherapy.","PURPOSE: To define the incidence, clinical features, and outcome to salvage chemotherapy in patients with late-relapse germ GCT after a complete response to first-line chemotherapy.","PURPOSE: To define the incidence, clinical features, and outcome to salvage chemotherapy in patients with late-relapse germ germ cell tumors after a complete response to first-line chemotherapy.",BACKGROUND: The etiology of childhood germ cell tumors is not well understood.,BACKGROUND: The etiology of childhood GCT is not well understood.,BACKGROUND: The etiology of childhood cell tumor is not well understood.
GCT,We report a rare case of granular cell tumor arising within the thyroid parenchyma.,We report a rare case of granular GCT arising within the thyroid parenchyma.,We report a rare case of granular germ cell tumors arising within the thyroid parenchyma.,OBJECTIVE: To investigate the efficacy and tolerability of the combination of oxaliplatin and irinotecan in patients with relapsed or cisplatin-refractory germ cell tumors.,OBJECTIVE: To investigate the efficacy and tolerability of the combination of oxaliplatin and irinotecan in patients with relapsed or cisplatin-refractory GCT.,OBJECTIVE: To investigate the efficacy and tolerability of the combination of oxaliplatin and irinotecan in patients with relapsed or cisplatin-refractory cell tumor.
GCT,Granular cell tumor is an infrequent and usually benign neoplasm which is found predominantly in the head and neck region.,Granular GCT is an infrequent and usually benign neoplasm which is found predominantly in the head and neck region.,Granular germ cell tumors is an infrequent and usually benign neoplasm which is found predominantly in the head and neck region.,"germ cell tumors are strictly associated with the expression of HERV-K(HML-2) proviruses, and the majority of GCT patients produce antibodies to structural proteins of these proviruses.","GCT are strictly associated with the expression of HERV-K(HML-2) proviruses, and the majority of GCT patients produce antibodies to structural proteins of these proviruses.","cell tumor are strictly associated with the expression of HERV-K(HML-2) proviruses, and the majority of GCT patients produce antibodies to structural proteins of these proviruses."
GCT,The authors describe the clinical case of a patient aged 18 years affected with giant cell tumor at C3 who came to the surgical unit of Orthopaedics and Traumatology at the Ospedale Maggiore in Bologna after being treated by surgery elsewhere.,The authors describe the clinical case of a patient aged 18 years affected with giant GCT at C3 who came to the surgical unit of Orthopaedics and Traumatology at the Ospedale Maggiore in Bologna after being treated by surgery elsewhere.,The authors describe the clinical case of a patient aged 18 years affected with giant germ cell tumors at C3 who came to the surgical unit of Orthopaedics and Traumatology at the Ospedale Maggiore in Bologna after being treated by surgery elsewhere.,Therapeutic procedures in patients with testicular germ cell tumors are determined by the histopathology of the primary tumor and the tumor extension.,Therapeutic procedures in patients with testicular GCT are determined by the histopathology of the primary tumor and the tumor extension.,Therapeutic procedures in patients with testicular cell tumor are determined by the histopathology of the primary tumor and the tumor extension.
GGT,"Using several cut-off levels, gamma-glutamyl transpeptidase had the highest specificity, positive predictive value and negative predictive value, comparable to a scoring system that combined all LFTs.","Using several cut-off levels, GGT had the highest specificity, positive predictive value and negative predictive value, comparable to a scoring system that combined all LFTs.","Using several cut-off levels, gamma-glutamyltranspeptidase had the highest specificity, positive predictive value and negative predictive value, comparable to a scoring system that combined all LFTs.",An improved staining method for gamma-glutamyltranspeptidase was developed using Vibratome-prepared microslices.,An improved staining method for GGT was developed using Vibratome-prepared microslices.,An improved staining method for gamma-glutamyl transpeptidase was developed using Vibratome-prepared microslices.
GGT,"We therefore examined the possible interaction between the T393C polymorphism and gamma-glutamyl transpeptidase, which is an established biomarker of alcohol consumption, in the association with glucose metabolism as well as with hypertension in a Japanese population.","We therefore examined the possible interaction between the T393C polymorphism and GGT, which is an established biomarker of alcohol consumption, in the association with glucose metabolism as well as with hypertension in a Japanese population.","We therefore examined the possible interaction between the T393C polymorphism and gamma-glutamyltranspeptidase, which is an established biomarker of alcohol consumption, in the association with glucose metabolism as well as with hypertension in a Japanese population.","In kidney, activity of gamma-glutamyltranspeptidase was decreased 42, 30 and 33% in 3, 12 and 24-month-old dwarf mice compared to wild type mice (P<0.0001).","In kidney, activity of GGT was decreased 42, 30 and 33% in 3, 12 and 24-month-old dwarf mice compared to wild type mice (P<0.0001).","In kidney, activity of gamma-glutamyl transpeptidase was decreased 42, 30 and 33% in 3, 12 and 24-month-old dwarf mice compared to wild type mice (P<0.0001)."
GGT,Up-regulation of gamma-glutamyl transpeptidase activity in growth perturbed C6 astrocytes.,Up-regulation of GGT activity in growth perturbed C6 astrocytes.,Up-regulation of gamma-glutamyltranspeptidase activity in growth perturbed C6 astrocytes.,"To test the role of gamma-glutamyltranspeptidase in arsenic disposition, the effect of the of the GGT inhibitor acivicin was investigated in rats injected with AsIII (50 micromol/kg, i.v.).","To test the role of GGT in arsenic disposition, the effect of the of the GGT inhibitor acivicin was investigated in rats injected with AsIII (50 micromol/kg, i.v.).","To test the role of gamma-glutamyl transpeptidase in arsenic disposition, the effect of the of the GGT inhibitor acivicin was investigated in rats injected with AsIII (50 micromol/kg, i.v.)."
GGT,Activity of gamma-glutamyl transpeptidase was studied in astrocyte-like C6 glial cells modulated in growth and maturation by different concentration of serum and dibutyryl cyclic AMP (Db-cAMP) supplement in culture medium.,Activity of GGT was studied in astrocyte-like C6 glial cells modulated in growth and maturation by different concentration of serum and dibutyryl cyclic AMP (Db-cAMP) supplement in culture medium.,Activity of gamma-glutamyltranspeptidase was studied in astrocyte-like C6 glial cells modulated in growth and maturation by different concentration of serum and dibutyryl cyclic AMP (Db-cAMP) supplement in culture medium.,"A significant reduction of the kinetic parameters epsilon, delta, and mdelta was observed in patients with elevated gamma-glutamyltranspeptidase levels compared with patients with normal GGT levels (P = .02, P = .005, and P = .02, respectively).","A significant reduction of the kinetic parameters epsilon, delta, and mdelta was observed in patients with elevated GGT levels compared with patients with normal GGT levels (P = .02, P = .005, and P = .02, respectively).","A significant reduction of the kinetic parameters epsilon, delta, and mdelta was observed in patients with elevated gamma-glutamyl transpeptidase levels compared with patients with normal GGT levels (P = .02, P = .005, and P = .02, respectively)."
GGT,AIM: gamma-glutamyl transpeptidase has been reported as a virulence and colonizing factor of Helicobacter pylori (H pylori).,AIM: GGT has been reported as a virulence and colonizing factor of Helicobacter pylori (H pylori).,AIM: gamma-glutamyltranspeptidase has been reported as a virulence and colonizing factor of Helicobacter pylori (H pylori).,An enzymatic method for synthesizing gamma-Glu-Val involving bacterial gamma-glutamyltranspeptidase was developed.,An enzymatic method for synthesizing gamma-Glu-Val involving bacterial GGT was developed.,An enzymatic method for synthesizing gamma-Glu-Val involving bacterial gamma-glutamyl transpeptidase was developed.
GTT,"Diabetes was confirmed here by intravenous glucose tolerance test, biochemical assay of glycogen content in liver and skeletal muscle, glucose-6-phosphatase activity in liver, and serum insulin levels.","Diabetes was confirmed here by intravenous GTT, biochemical assay of glycogen content in liver and skeletal muscle, glucose-6-phosphatase activity in liver, and serum insulin levels.","Diabetes was confirmed here by intravenous gestational trophoblastic tumor, biochemical assay of glycogen content in liver and skeletal muscle, glucose-6-phosphatase activity in liver, and serum insulin levels.","OBJECTIVE: To study the diagnosis, management and prognosis of intracranial metastases of gestational trophoblastic tumor patients who had emergency craniotomy.","OBJECTIVE: To study the diagnosis, management and prognosis of intracranial metastases of GTT patients who had emergency craniotomy.","OBJECTIVE: To study the diagnosis, management and prognosis of intracranial metastases of glucose tolerance test patients who had emergency craniotomy."
GTT,"A decrease in blood glucose levels was observed in a glucose tolerance test, whereas it was not obvious in rats that were not challenged by a glucose load.","A decrease in blood glucose levels was observed in a GTT, whereas it was not obvious in rats that were not challenged by a glucose load.","A decrease in blood glucose levels was observed in a gestational trophoblastic tumor, whereas it was not obvious in rats that were not challenged by a glucose load.",OBJECTIVE: To determine the factors for relapse in patients with low-risk gestational trophoblastic tumor treated with single-agent chemotherapy.,OBJECTIVE: To determine the factors for relapse in patients with low-risk GTT treated with single-agent chemotherapy.,OBJECTIVE: To determine the factors for relapse in patients with low-risk glucose tolerance test treated with single-agent chemotherapy.
GTT,"A glucose tolerance test at 6 months postdiagnosis was normal (fasting PG 4.4 mmol/l and 2 h PG 7.5 mmol/l), and at 12 months random PG was 4.1 mmol/l and HbA1c 4.3%.","A GTT at 6 months postdiagnosis was normal (fasting PG 4.4 mmol/l and 2 h PG 7.5 mmol/l), and at 12 months random PG was 4.1 mmol/l and HbA1c 4.3%.","A gestational trophoblastic tumor at 6 months postdiagnosis was normal (fasting PG 4.4 mmol/l and 2 h PG 7.5 mmol/l), and at 12 months random PG was 4.1 mmol/l and HbA1c 4.3%.",Forty gestational trophoblastic tumor patients were treated with 30 mg/kg of 5-FU or prodrug FUDR during a 10-day cycle.,Forty GTT patients were treated with 30 mg/kg of 5-FU or prodrug FUDR during a 10-day cycle.,Forty glucose tolerance test patients were treated with 30 mg/kg of 5-FU or prodrug FUDR during a 10-day cycle.
GTT,"To assess the role of insulin action, glucose tolerance test was performed.","To assess the role of insulin action, GTT was performed.","To assess the role of insulin action, gestational trophoblastic tumor was performed.",Management of high-risk gestational trophoblastic tumor was reviewed in depth.,Management of high-risk GTT was reviewed in depth.,Management of high-risk glucose tolerance test was reviewed in depth.
GTT,"Counteraction of endogenous ghrelin by intraperitoneal injection of specific GH secretagogue receptor antagonists markedly lowered fasting glucose concentrations, attenuated plasma glucose elevation, and enhanced insulin responses during the glucose tolerance test.","Counteraction of endogenous ghrelin by intraperitoneal injection of specific GH secretagogue receptor antagonists markedly lowered fasting glucose concentrations, attenuated plasma glucose elevation, and enhanced insulin responses during the GTT.","Counteraction of endogenous ghrelin by intraperitoneal injection of specific GH secretagogue receptor antagonists markedly lowered fasting glucose concentrations, attenuated plasma glucose elevation, and enhanced insulin responses during the gestational trophoblastic tumor.",OBJECTIVE: To analyze the outcome of the first pregnancy following chemotherapy for gestational trophoblastic tumor.,OBJECTIVE: To analyze the outcome of the first pregnancy following chemotherapy for GTT.,OBJECTIVE: To analyze the outcome of the first pregnancy following chemotherapy for glucose tolerance test.
GVHD,BACKGROUND: Conditioning with total lymphoid irradiation plus antithymocyte serum protects mice against acute graft-versus-host disease after hematopoietic-cell transplantation.,BACKGROUND: Conditioning with total lymphoid irradiation plus antithymocyte serum protects mice against acute GVHD after hematopoietic-cell transplantation.,BACKGROUND: Conditioning with total lymphoid irradiation plus antithymocyte serum protects mice against acute graft vs host disease after hematopoietic-cell transplantation.,"We have analyzed engraftment, acute graft vs host disease, leukemia relapse, and survival in 62 haploidentical transplants in relationship with potential NK alloreactivity, inhibitory, and activating KIR genes of class I HLA NK epitopes.","We have analyzed engraftment, acute GVHD, leukemia relapse, and survival in 62 haploidentical transplants in relationship with potential NK alloreactivity, inhibitory, and activating KIR genes of class I HLA NK epitopes.","We have analyzed engraftment, acute graft-versus-host disease, leukemia relapse, and survival in 62 haploidentical transplants in relationship with potential NK alloreactivity, inhibitory, and activating KIR genes of class I HLA NK epitopes."
GVHD,The occurrence of grade 3 to 4 acute graft-versus-host disease or extensive chronic GVHD was associated with a higher NRM in both age cohorts.,The occurrence of grade 3 to 4 acute GVHD or extensive chronic GVHD was associated with a higher NRM in both age cohorts.,The occurrence of grade 3 to 4 acute graft vs host disease or extensive chronic GVHD was associated with a higher NRM in both age cohorts.,"Of the many minor histocompatibility (H) Ags that have been detected in mice, the ability to induce graft vs host disease after bone marrow transplantation is restricted to a limited number of immunodominant Ags.","Of the many minor histocompatibility (H) Ags that have been detected in mice, the ability to induce GVHD after bone marrow transplantation is restricted to a limited number of immunodominant Ags.","Of the many minor histocompatibility (H) Ags that have been detected in mice, the ability to induce graft-versus-host disease after bone marrow transplantation is restricted to a limited number of immunodominant Ags."
GVHD,"Recently, higher dose of NK cells has been associated with a lower incidence of severe graft-versus-host disease.","Recently, higher dose of NK cells has been associated with a lower incidence of severe GVHD.","Recently, higher dose of NK cells has been associated with a lower incidence of severe graft vs host disease.",Four (25%) of the 16 receiving allografts were diagnosed as having acute graft vs host disease with liver involvement (grades II-III).,Four (25%) of the 16 receiving allografts were diagnosed as having acute GVHD with liver involvement (grades II-III).,Four (25%) of the 16 receiving allografts were diagnosed as having acute graft-versus-host disease with liver involvement (grades II-III).
GVHD,This case describes the late onset of PAH in a 36-year-old woman on a background of acute and chronic graft-versus-host disease.,This case describes the late onset of PAH in a 36-year-old woman on a background of acute and chronic GVHD.,This case describes the late onset of PAH in a 36-year-old woman on a background of acute and chronic graft vs host disease.,A potential hazard of tolerance is the susceptibility to graft vs host disease due to unresponsiveness to alloantigen.,A potential hazard of tolerance is the susceptibility to GVHD due to unresponsiveness to alloantigen.,A potential hazard of tolerance is the susceptibility to graft-versus-host disease due to unresponsiveness to alloantigen.
GVHD,Our autologous recipients had no graft-versus-host disease but allogenic patients had chronic GVHD .,Our autologous recipients had no GVHD but allogenic patients had chronic GVHD .,Our autologous recipients had no graft vs host disease but allogenic patients had chronic GVHD .,"Despite obstacles related to limited survival and varying degrees of graft vs host disease, SCID mice should prove to be a useful vehicle to explore autoantibody regulation.","Despite obstacles related to limited survival and varying degrees of GVHD, SCID mice should prove to be a useful vehicle to explore autoantibody regulation.","Despite obstacles related to limited survival and varying degrees of graft-versus-host disease, SCID mice should prove to be a useful vehicle to explore autoantibody regulation."
GVH,There is sparse information in humans on graft-versus-host lymphadenopathy.,There is sparse information in humans on GVH lymphadenopathy.,There is sparse information in humans on graft-vs-host lymphadenopathy.,"We used an AKR leukemia murine transplant model, analogous to human acute lymphoblastic leukemia, in which donor T cells expressed a thymidine kinase suicide gene, to test whether separation of GVL and graft-vs-host responses was feasible by selectively eliminating alloactivated donor T cells at defined time points posttransplant.","We used an AKR leukemia murine transplant model, analogous to human acute lymphoblastic leukemia, in which donor T cells expressed a thymidine kinase suicide gene, to test whether separation of GVL and GVH responses was feasible by selectively eliminating alloactivated donor T cells at defined time points posttransplant.","We used an AKR leukemia murine transplant model, analogous to human acute lymphoblastic leukemia, in which donor T cells expressed a thymidine kinase suicide gene, to test whether separation of GVL and graft-versus-host responses was feasible by selectively eliminating alloactivated donor T cells at defined time points posttransplant."
GVH,The median difference between time to GVL and graft-versus-host reactivity in the entire cohort was 14 days.,The median difference between time to GVL and GVH reactivity in the entire cohort was 14 days.,The median difference between time to GVL and graft-vs-host reactivity in the entire cohort was 14 days.,"T cell immunotherapies are particularly useful for the control of virus infections, provided that T cell populations are free of graft-vs-host activity.","T cell immunotherapies are particularly useful for the control of virus infections, provided that T cell populations are free of GVH activity.","T cell immunotherapies are particularly useful for the control of virus infections, provided that T cell populations are free of graft-versus-host activity."
GVH,Ablation of secretin-expressing cells produced severe colitis with morphological features similar to those observed in graft-versus-host disease.,Ablation of secretin-expressing cells produced severe colitis with morphological features similar to those observed in GVH disease.,Ablation of secretin-expressing cells produced severe colitis with morphological features similar to those observed in graft-vs-host disease.,The purpose of this study was to determine whether gamma delta T cells were able to regulate graft-vs-host reactivity mediated by alpha beta T cells in murine recipients transplanted with MHC-mismatched marrow grafts.,The purpose of this study was to determine whether gamma delta T cells were able to regulate GVH reactivity mediated by alpha beta T cells in murine recipients transplanted with MHC-mismatched marrow grafts.,The purpose of this study was to determine whether gamma delta T cells were able to regulate graft-versus-host reactivity mediated by alpha beta T cells in murine recipients transplanted with MHC-mismatched marrow grafts.
GVH,"Spleen cells taken from sensitized F1 females, either before or after the rejection of male skin isografts, conferred resistance against graft-versus-host reactions produced in F1 females by parental PVG/c lymph node cells, but only when the cell donors were male.","Spleen cells taken from sensitized F1 females, either before or after the rejection of male skin isografts, conferred resistance against GVH reactions produced in F1 females by parental PVG/c lymph node cells, but only when the cell donors were male.","Spleen cells taken from sensitized F1 females, either before or after the rejection of male skin isografts, conferred resistance against graft-vs-host reactions produced in F1 females by parental PVG/c lymph node cells, but only when the cell donors were male.","Induction of graft-vs-host disease resulted in up-regulation of p150,95 expression on donor-derived CD8+ T cells in the intestinal epithelium, as well as in the spleen and lymph nodes.","Induction of GVH disease resulted in up-regulation of p150,95 expression on donor-derived CD8+ T cells in the intestinal epithelium, as well as in the spleen and lymph nodes.","Induction of graft-versus-host disease resulted in up-regulation of p150,95 expression on donor-derived CD8+ T cells in the intestinal epithelium, as well as in the spleen and lymph nodes."
GVH,"However, these cells also possess marked graft-versus-host reactivity.","However, these cells also possess marked GVH reactivity.","However, these cells also possess marked graft-vs-host reactivity.","Mild graft-vs-host reactions also resulted in increased concentrations of CD44, as did autoimmune disease in BXSB and MRL/lpr strains of mice.","Mild GVH reactions also resulted in increased concentrations of CD44, as did autoimmune disease in BXSB and MRL/lpr strains of mice.","Mild graft-versus-host reactions also resulted in increased concentrations of CD44, as did autoimmune disease in BXSB and MRL/lpr strains of mice."
HCT,PURPOSE: To determine late effects of Hematopoietic cell transplantation on health problems and health-related quality of life for 10-year survivors.,PURPOSE: To determine late effects of HCT on health problems and health-related quality of life for 10-year survivors.,PURPOSE: To determine late effects of Helical Computed Tomography on health problems and health-related quality of life for 10-year survivors.,OBJECTIVE: To determine the differences in resource utilization and radiation exposure between conventional radiography (ConvRad) and Helical Computed Tomography when used to survey the pediatric cervical spine (CSp).,OBJECTIVE: To determine the differences in resource utilization and radiation exposure between conventional radiography (ConvRad) and HCT when used to survey the pediatric cervical spine (CSp).,OBJECTIVE: To determine the differences in resource utilization and radiation exposure between conventional radiography (ConvRad) and Hematopoietic cell transplantation when used to survey the pediatric cervical spine (CSp).
HCT,We evaluated the outcomes of allogeneic Hematopoietic cell transplantation in 43 patients with chronic myelomonocytic leukemia.,We evaluated the outcomes of allogeneic HCT in 43 patients with chronic myelomonocytic leukemia.,We evaluated the outcomes of allogeneic Helical Computed Tomography in 43 patients with chronic myelomonocytic leukemia.,"Helical Computed Tomography is a rapid, noninvasive means of acquiring cross-sectional images of any portion of the body.","HCT is a rapid, noninvasive means of acquiring cross-sectional images of any portion of the body.","Hematopoietic cell transplantation is a rapid, noninvasive means of acquiring cross-sectional images of any portion of the body."
HCT,"Non-myeloablative preparative regimens have reduced regimen-related toxicities after allogeneic Hematopoietic cell transplantation, which allows for the treatment of patients not eligible for myeloablative HCT .","Non-myeloablative preparative regimens have reduced regimen-related toxicities after allogeneic HCT, which allows for the treatment of patients not eligible for myeloablative HCT .","Non-myeloablative preparative regimens have reduced regimen-related toxicities after allogeneic Helical Computed Tomography, which allows for the treatment of patients not eligible for myeloablative HCT .","OBJECTIVE: Prospective comparison study of Helical Computed Tomography and magnetic resonance imaging (MRI, 1.5-tesla field strength) with regard to their role in planning surgical therapy in a defined, homogeneous patient collective with tumors of the pancreatic head.","OBJECTIVE: Prospective comparison study of HCT and magnetic resonance imaging (MRI, 1.5-tesla field strength) with regard to their role in planning surgical therapy in a defined, homogeneous patient collective with tumors of the pancreatic head.","OBJECTIVE: Prospective comparison study of Hematopoietic cell transplantation and magnetic resonance imaging (MRI, 1.5-tesla field strength) with regard to their role in planning surgical therapy in a defined, homogeneous patient collective with tumors of the pancreatic head."
HCT,"In total, 15 patients underwent allogeneic Hematopoietic cell transplantation during first CR.","In total, 15 patients underwent allogeneic HCT during first CR.","In total, 15 patients underwent allogeneic Helical Computed Tomography during first CR.",INTRODUCTION: To investigate whether ordinary tests used in urolithiasis can increase the diagnostic value of unenhanced Helical Computed Tomography.,INTRODUCTION: To investigate whether ordinary tests used in urolithiasis can increase the diagnostic value of unenhanced HCT.,INTRODUCTION: To investigate whether ordinary tests used in urolithiasis can increase the diagnostic value of unenhanced Hematopoietic cell transplantation.
HCT,Hematopoietic cell transplantation-specific comorbidity index: a new tool for risk assessment before allogeneic HCT .,HCT-specific comorbidity index: a new tool for risk assessment before allogeneic HCT .,Helical Computed Tomography-specific comorbidity index: a new tool for risk assessment before allogeneic HCT .,Results of preoperative triphasic Helical Computed Tomography and IOUS were correlated with histopathologic results after 3-mm-slicing of the explanted liver.,Results of preoperative triphasic HCT and IOUS were correlated with histopathologic results after 3-mm-slicing of the explanted liver.,Results of preoperative triphasic Hematopoietic cell transplantation and IOUS were correlated with histopathologic results after 3-mm-slicing of the explanted liver.
HIV,human Immunodeficiency virus infection can be associated with many autoimmune disorders such as antiphospholipid antibody syndrome.,HIV infection can be associated with many autoimmune disorders such as antiphospholipid antibody syndrome.,Human Immunodeficiency Virus type 1 infection can be associated with many autoimmune disorders such as antiphospholipid antibody syndrome.,"As these studies were performed mainly with Caucasian and African-American subjects, we determined the distribution of these alleles in Chinese people for the purpose of predicting possible clinical responses to the Human Immunodeficiency Virus type 1 epidemics in countries with significant Chinese populations, as well as to establish their effects on the expression of surface CCR5.","As these studies were performed mainly with Caucasian and African-American subjects, we determined the distribution of these alleles in Chinese people for the purpose of predicting possible clinical responses to the HIV epidemics in countries with significant Chinese populations, as well as to establish their effects on the expression of surface CCR5.","As these studies were performed mainly with Caucasian and African-American subjects, we determined the distribution of these alleles in Chinese people for the purpose of predicting possible clinical responses to the human Immunodeficiency virus epidemics in countries with significant Chinese populations, as well as to establish their effects on the expression of surface CCR5."
HIV,OBJECTIVE: To evaluate the efficiency of Coleman lipostructure in patients infected with human Immunodeficiency virus.,OBJECTIVE: To evaluate the efficiency of Coleman lipostructure in patients infected with HIV.,OBJECTIVE: To evaluate the efficiency of Coleman lipostructure in patients infected with Human Immunodeficiency Virus type 1.,"As we enter the third decade of the AIDS epidemic, it is apparent that a large number of cancers are more common in people with the Human Immunodeficiency Virus type 1.","As we enter the third decade of the AIDS epidemic, it is apparent that a large number of cancers are more common in people with the HIV.","As we enter the third decade of the AIDS epidemic, it is apparent that a large number of cancers are more common in people with the human Immunodeficiency virus."
HIV,The emergence of drug resistance mutations in human Immunodeficiency virus has been a major setback in the treatment of infected patients.,The emergence of drug resistance mutations in HIV has been a major setback in the treatment of infected patients.,The emergence of drug resistance mutations in Human Immunodeficiency Virus type 1 has been a major setback in the treatment of infected patients.,"Human T-lymphotropic virus type 1 (HTLV-1) varies little in sequence compared with Human Immunodeficiency Virus type 1 and it is difficult to detect HTLV-1 mRNA, proteins or virions in fresh blood.","Human T-lymphotropic virus type 1 (HTLV-1) varies little in sequence compared with HIV and it is difficult to detect HTLV-1 mRNA, proteins or virions in fresh blood.","Human T-lymphotropic virus type 1 (HTLV-1) varies little in sequence compared with human Immunodeficiency virus and it is difficult to detect HTLV-1 mRNA, proteins or virions in fresh blood."
HIV,We compared the cellular immune responses to human Immunodeficiency virus envelope protein (Env) expressed by replication-competent and single-cycle VSV vectors and also examined the antibody response to Env.,We compared the cellular immune responses to HIV envelope protein (Env) expressed by replication-competent and single-cycle VSV vectors and also examined the antibody response to Env.,We compared the cellular immune responses to Human Immunodeficiency Virus type 1 envelope protein (Env) expressed by replication-competent and single-cycle VSV vectors and also examined the antibody response to Env.,"In the mouse, replication of Human Immunodeficiency Virus type 1 is blocked at the levels of entry, transcription and assembly.","In the mouse, replication of HIV is blocked at the levels of entry, transcription and assembly.","In the mouse, replication of human Immunodeficiency virus is blocked at the levels of entry, transcription and assembly."
HIV,BACKGROUND: The anal epithelium is subject to dysplastic change in patients with human Immunodeficiency virus.,BACKGROUND: The anal epithelium is subject to dysplastic change in patients with HIV.,BACKGROUND: The anal epithelium is subject to dysplastic change in patients with Human Immunodeficiency Virus type 1.,"OBJECTIVE: Since virus infections in AIDS patients are mostly inevitable and as they frequently cause disease deterioration and therapeutic failures, a comprehensive investigation was made of the influence of the coinfections of 9 well-known viruses on disease progression in patients infected with Human Immunodeficiency Virus type 1.","OBJECTIVE: Since virus infections in AIDS patients are mostly inevitable and as they frequently cause disease deterioration and therapeutic failures, a comprehensive investigation was made of the influence of the coinfections of 9 well-known viruses on disease progression in patients infected with HIV.","OBJECTIVE: Since virus infections in AIDS patients are mostly inevitable and as they frequently cause disease deterioration and therapeutic failures, a comprehensive investigation was made of the influence of the coinfections of 9 well-known viruses on disease progression in patients infected with human Immunodeficiency virus."
HPV,"Among the more than one hundred formally described human papillomavirus types, 18 are referred to as high-risk HPV types due to their association with anogenital cancer.","Among the more than one hundred formally described HPV types, 18 are referred to as high-risk HPV types due to their association with anogenital cancer.","Among the more than one hundred formally described hypoxic pulmonary vasoconstriction types, 18 are referred to as high-risk HPV types due to their association with anogenital cancer.",BACKGROUND: We examined the effects of artificial blood on hypoxic pulmonary vasoconstriction.,BACKGROUND: We examined the effects of artificial blood on HPV.,BACKGROUND: We examined the effects of artificial blood on human papillomavirus.
HPV,"Recently, a subset of HNSCC has been shown to contain human papillomavirus and the presence of HPV in tumors constitutes a prognostic marker of disease.","Recently, a subset of HNSCC has been shown to contain HPV and the presence of HPV in tumors constitutes a prognostic marker of disease.","Recently, a subset of HNSCC has been shown to contain hypoxic pulmonary vasoconstriction and the presence of HPV in tumors constitutes a prognostic marker of disease.","hypoxic pulmonary vasoconstriction directs blood flow to well-ventilated lung regions, preserving systemic oxygenation during pulmonary injury.","HPV directs blood flow to well-ventilated lung regions, preserving systemic oxygenation during pulmonary injury.","human papillomavirus directs blood flow to well-ventilated lung regions, preserving systemic oxygenation during pulmonary injury."
HPV,High risk human papillomavirus infection is considered to be the most important etiological factor of Cervical Uterine Cancer.,High risk HPV infection is considered to be the most important etiological factor of Cervical Uterine Cancer.,High risk hypoxic pulmonary vasoconstriction infection is considered to be the most important etiological factor of Cervical Uterine Cancer.,hypoxic pulmonary vasoconstriction is known to affect regional pulmonary blood flow distribution.,HPV is known to affect regional pulmonary blood flow distribution.,human papillomavirus is known to affect regional pulmonary blood flow distribution.
HPV,"AIN is associated with human papillomavirus infection, and HPV -associated genomic instability may play an important role in the progression of squamous intraepithelial neoplasia to cancer.","AIN is associated with HPV infection, and HPV -associated genomic instability may play an important role in the progression of squamous intraepithelial neoplasia to cancer.","AIN is associated with hypoxic pulmonary vasoconstriction infection, and HPV -associated genomic instability may play an important role in the progression of squamous intraepithelial neoplasia to cancer.",hypoxic pulmonary vasoconstriction is a physiological phenomenon in healthy lungs and a regulatory mechanism in alveolar hypoventilation by which blood flow is diverted from poorly ventilated areas to better ventilated alveolar regions.,HPV is a physiological phenomenon in healthy lungs and a regulatory mechanism in alveolar hypoventilation by which blood flow is diverted from poorly ventilated areas to better ventilated alveolar regions.,human papillomavirus is a physiological phenomenon in healthy lungs and a regulatory mechanism in alveolar hypoventilation by which blood flow is diverted from poorly ventilated areas to better ventilated alveolar regions.
HPV,"The extent of human papillomavirus genital shedding and type-specific diversity were evaluated in 354 consecutive women of childbearing age living in Libreville, Gabon.","The extent of HPV genital shedding and type-specific diversity were evaluated in 354 consecutive women of childbearing age living in Libreville, Gabon.","The extent of hypoxic pulmonary vasoconstriction genital shedding and type-specific diversity were evaluated in 354 consecutive women of childbearing age living in Libreville, Gabon.","Recently, the mitochondria have become the focus of attention as the site of O(2) sensing underlying hypoxic pulmonary vasoconstriction.","Recently, the mitochondria have become the focus of attention as the site of O(2) sensing underlying HPV.","Recently, the mitochondria have become the focus of attention as the site of O(2) sensing underlying human papillomavirus."
HSV,The ability to deliver genes into neurons in vitro and in vivo with herpes simplex virus amplicon vectors has made it possible to carry out exactly these sorts of experiments.,The ability to deliver genes into neurons in vitro and in vivo with HSV amplicon vectors has made it possible to carry out exactly these sorts of experiments.,The ability to deliver genes into neurons in vitro and in vivo with highly selective vagotomy amplicon vectors has made it possible to carry out exactly these sorts of experiments.,"Before being superseded by medical management, highly selective vagotomy without drainage was the procedure of choice for uncomplicated duodenal ulcer.","Before being superseded by medical management, HSV without drainage was the procedure of choice for uncomplicated duodenal ulcer.","Before being superseded by medical management, herpes simplex virus without drainage was the procedure of choice for uncomplicated duodenal ulcer."
HSV,"We examine biochemical characteristics of the herpes simplex virus tegument protein VP22 by gel filtration, glycerol sedimentation, and chemical cross-linking experiments and use time course radiolabeling and immunoprecipitation assays to analyze its synthesis and interaction with other infected-cell proteins.","We examine biochemical characteristics of the HSV tegument protein VP22 by gel filtration, glycerol sedimentation, and chemical cross-linking experiments and use time course radiolabeling and immunoprecipitation assays to analyze its synthesis and interaction with other infected-cell proteins.","We examine biochemical characteristics of the highly selective vagotomy tegument protein VP22 by gel filtration, glycerol sedimentation, and chemical cross-linking experiments and use time course radiolabeling and immunoprecipitation assays to analyze its synthesis and interaction with other infected-cell proteins.","METHODS: We studied the secretion of gastric acid and leptin on stimulation with insulin (a stimulant of vagal pathways via hypoglycemia) and pentagastrin in 11 healthy men (normal endoscopy and normal histological gastric mucosa), 5 with previous highly selective vagotomy, and 6 without HSV .","METHODS: We studied the secretion of gastric acid and leptin on stimulation with insulin (a stimulant of vagal pathways via hypoglycemia) and pentagastrin in 11 healthy men (normal endoscopy and normal histological gastric mucosa), 5 with previous HSV, and 6 without HSV .","METHODS: We studied the secretion of gastric acid and leptin on stimulation with insulin (a stimulant of vagal pathways via hypoglycemia) and pentagastrin in 11 healthy men (normal endoscopy and normal histological gastric mucosa), 5 with previous herpes simplex virus, and 6 without HSV ."
HSV,herpes simplex virus spreads rapidly and efficiently within epithelial and neuronal tissues.,HSV spreads rapidly and efficiently within epithelial and neuronal tissues.,highly selective vagotomy spreads rapidly and efficiently within epithelial and neuronal tissues.,"BACKGROUND: Recently, gastric stapling with posterior truncal vagotomy has been performed by laparoscopic surgery, as an alternative to highly selective vagotomy and the Taylor procedure for the treatment of chronic duodenal ulcer.","BACKGROUND: Recently, gastric stapling with posterior truncal vagotomy has been performed by laparoscopic surgery, as an alternative to HSV and the Taylor procedure for the treatment of chronic duodenal ulcer.","BACKGROUND: Recently, gastric stapling with posterior truncal vagotomy has been performed by laparoscopic surgery, as an alternative to herpes simplex virus and the Taylor procedure for the treatment of chronic duodenal ulcer."
HSV,"Virion glycoproteins gB, gD, and gH/gL play essential roles for herpes simplex virus entry.","Virion glycoproteins gB, gD, and gH/gL play essential roles for HSV entry.","Virion glycoproteins gB, gD, and gH/gL play essential roles for highly selective vagotomy entry.","The present paper describes the symptomatic result, and quantifies the acid reduction achieved by open Nissen fundoplication combined with highly selective vagotomy in a consecutive case series.","The present paper describes the symptomatic result, and quantifies the acid reduction achieved by open Nissen fundoplication combined with HSV in a consecutive case series.","The present paper describes the symptomatic result, and quantifies the acid reduction achieved by open Nissen fundoplication combined with herpes simplex virus in a consecutive case series."
HSV,"EM can be triggered by a number of factors, but the best documented is preceding infection with herpes simplex virus, the lesions resulting from a cell mediated immune reaction triggered by HSV -DNA.","EM can be triggered by a number of factors, but the best documented is preceding infection with HSV, the lesions resulting from a cell mediated immune reaction triggered by HSV -DNA.","EM can be triggered by a number of factors, but the best documented is preceding infection with highly selective vagotomy, the lesions resulting from a cell mediated immune reaction triggered by HSV -DNA.","When compared to highly selective vagotomy, our clinical experience was that PTV + AS not uncommonly produced postprandial distress.","When compared to HSV, our clinical experience was that PTV + AS not uncommonly produced postprandial distress.","When compared to herpes simplex virus, our clinical experience was that PTV + AS not uncommonly produced postprandial distress."
ICA,"The authors report the case of a neonate with a large anterior commun ICA ting artery aneurysm, accessory left middle cerebral artery aneurysm, and left internal carotid artery fusiform aneurysm.","The authors report the case of a neonate with a large anterior commun ICA ting artery aneurysm, accessory left middle cerebral artery aneurysm, and left ICA fusiform aneurysm.","The authors report the case of a neonate with a large anterior commun ICA ting artery aneurysm, accessory left middle cerebral artery aneurysm, and left islet cell antibodies fusiform aneurysm.","Several types of diabetes-associated antibodies were detected post-infection in the adolescent with newly diagnosed type 1 diabetes, including islet cell antibodies and tyrosine phosphatase antibodies (IA2A).","Several types of diabetes-associated antibodies were detected post-infection in the adolescent with newly diagnosed type 1 diabetes, including ICA and tyrosine phosphatase antibodies (IA2A).","Several types of diabetes-associated antibodies were detected post-infection in the adolescent with newly diagnosed type 1 diabetes, including internal carotid artery and tyrosine phosphatase antibodies (IA2A)."
ICA,An 11-year-old boy developed occlusion of the left internal carotid artery following surg ICA l correction of atyp ICA l coarctation of the aorta.,An 11-year-old boy developed occlusion of the left ICA following surg ICA l correction of atyp ICA l coarctation of the aorta.,An 11-year-old boy developed occlusion of the left islet cell antibodies following surg ICA l correction of atyp ICA l coarctation of the aorta.,"During a mean observation period of 4.7 years, autoantibodies to insulin, anti-glutamic acid decarboxylase and insulinoma-associated antigen-2 were measured by radiobinding assays, and islet cell antibodies by immunofluorescence.","During a mean observation period of 4.7 years, autoantibodies to insulin, anti-glutamic acid decarboxylase and insulinoma-associated antigen-2 were measured by radiobinding assays, and ICA by immunofluorescence.","During a mean observation period of 4.7 years, autoantibodies to insulin, anti-glutamic acid decarboxylase and insulinoma-associated antigen-2 were measured by radiobinding assays, and internal carotid artery by immunofluorescence."
ICA,A 68-year-old man presented with occlusion of the internal carotid artery manifesting as a 6-month history of progressive sensory and motor disturbance of the left lower limb.,A 68-year-old man presented with occlusion of the ICA manifesting as a 6-month history of progressive sensory and motor disturbance of the left lower limb.,A 68-year-old man presented with occlusion of the islet cell antibodies manifesting as a 6-month history of progressive sensory and motor disturbance of the left lower limb.,"RESULTS: The proband, her mother and sister had positive islet cell antibodies.","RESULTS: The proband, her mother and sister had positive ICA.","RESULTS: The proband, her mother and sister had positive internal carotid artery."
ICA,"After anticoagulant therapy was initiated, a covered stent was placed to exclude the carotid aneurysm at the level of extracranial internal carotid artery, with no immediate compl ICA tions.","After anticoagulant therapy was initiated, a covered stent was placed to exclude the carotid aneurysm at the level of extracranial ICA, with no immediate compl ICA tions.","After anticoagulant therapy was initiated, a covered stent was placed to exclude the carotid aneurysm at the level of extracranial islet cell antibodies, with no immediate compl ICA tions.","These children were examined frequently for the emergence of signs of beta-cell autoimmunity, for the primary screening of which islet cell antibodies were used.","These children were examined frequently for the emergence of signs of beta-cell autoimmunity, for the primary screening of which ICA were used.","These children were examined frequently for the emergence of signs of beta-cell autoimmunity, for the primary screening of which internal carotid artery were used."
ICA,Part 2: Correction for hyperemia was derived from Lindegaards Ratio using extracranial internal carotid artery flow velocity ratio (corrected MCA-MFV/observed MCA-MFV = EC- ICA FV (day1)/observed EC- ICA FV).,Part 2: Correction for hyperemia was derived from Lindegaards Ratio using extracranial ICA flow velocity ratio (corrected MCA-MFV/observed MCA-MFV = EC- ICA FV (day1)/observed EC- ICA FV).,Part 2: Correction for hyperemia was derived from Lindegaards Ratio using extracranial islet cell antibodies flow velocity ratio (corrected MCA-MFV/observed MCA-MFV = EC- ICA FV (day1)/observed EC- ICA FV).,"Three islet antibodies - cytoplasmic islet cell antibodies, glutamic acid decarboxylase antibodies and tyrosine phosphatase antibodies - were measured.","Three islet antibodies - cytoplasmic ICA, glutamic acid decarboxylase antibodies and tyrosine phosphatase antibodies - were measured.","Three islet antibodies - cytoplasmic internal carotid artery, glutamic acid decarboxylase antibodies and tyrosine phosphatase antibodies - were measured."
ICD,"I have an implantable cardioverter defibrillator, and I've been taking fish oil supplements because I had heard of their potential heart benefits. However, I recently read they might not be safe for people with ICD s. Should I stop taking them?","I have an ICD, and I've been taking fish oil supplements because I had heard of their potential heart benefits. However, I recently read they might not be safe for people with ICD s. Should I stop taking them?","I have an international Classification of Diseases, and I've been taking fish oil supplements because I had heard of their potential heart benefits. However, I recently read they might not be safe for people with ICD s. Should I stop taking them?","All complications occurring antepartum, intrapartum, or postpartum in these pregnancies were listed as international Classification of Diseases codes and significant complications were identified from these.","All complications occurring antepartum, intrapartum, or postpartum in these pregnancies were listed as ICD codes and significant complications were identified from these.","All complications occurring antepartum, intrapartum, or postpartum in these pregnancies were listed as implantable cardioverter defibrillator codes and significant complications were identified from these."
ICD,"Here, we investigate if RPA could be detected during acute ischemia using an implantable cardioverter defibrillator lead (tip to distal coil) located in the right ventricular apex.","Here, we investigate if RPA could be detected during acute ischemia using an ICD lead (tip to distal coil) located in the right ventricular apex.","Here, we investigate if RPA could be detected during acute ischemia using an international Classification of Diseases lead (tip to distal coil) located in the right ventricular apex.","The international Classification of Diseases chapters'Symptoms, Signs, and Ill-Defined Conditions'and'External Causes of Injury'were considered to contain all causes of sudden unexpected infant death.","The ICD chapters'Symptoms, Signs, and Ill-Defined Conditions'and'External Causes of Injury'were considered to contain all causes of sudden unexpected infant death.","The implantable cardioverter defibrillator chapters'Symptoms, Signs, and Ill-Defined Conditions'and'External Causes of Injury'were considered to contain all causes of sudden unexpected infant death."
ICD,"Although it is clear that the implantable cardioverter defibrillator is efficacious and should be used to prevent a recurrence of sustained ventricular arrhythmia (secondary prevention) in most patients, the guidelines for prophylactic use of ICD s (primary prevention) are less well defined.","Although it is clear that the ICD is efficacious and should be used to prevent a recurrence of sustained ventricular arrhythmia (secondary prevention) in most patients, the guidelines for prophylactic use of ICD s (primary prevention) are less well defined.","Although it is clear that the international Classification of Diseases is efficacious and should be used to prevent a recurrence of sustained ventricular arrhythmia (secondary prevention) in most patients, the guidelines for prophylactic use of ICD s (primary prevention) are less well defined.","METHODS: Three study cohorts were identified by their international Classification of Diseases diagnoses at discharge from hospital and consisted of all patients with a first hospital admission with the index diagnoses of hyperthyroidism, osteoarthritis, or non-toxic goitre.","METHODS: Three study cohorts were identified by their ICD diagnoses at discharge from hospital and consisted of all patients with a first hospital admission with the index diagnoses of hyperthyroidism, osteoarthritis, or non-toxic goitre.","METHODS: Three study cohorts were identified by their implantable cardioverter defibrillator diagnoses at discharge from hospital and consisted of all patients with a first hospital admission with the index diagnoses of hyperthyroidism, osteoarthritis, or non-toxic goitre."
ICD,OBJECTIVE: The purpose of this study was to understand the practical knowledge gained from Internet use by implantable cardioverter defibrillator recipients through hermeneutic interpretation of narrative stories.,OBJECTIVE: The purpose of this study was to understand the practical knowledge gained from Internet use by ICD recipients through hermeneutic interpretation of narrative stories.,OBJECTIVE: The purpose of this study was to understand the practical knowledge gained from Internet use by international Classification of Diseases recipients through hermeneutic interpretation of narrative stories.,The relevant international Classification of Diseases codes from the HDR and CDR were used.,The relevant ICD codes from the HDR and CDR were used.,The relevant implantable cardioverter defibrillator codes from the HDR and CDR were used.
ICD,In the symptomatic patients often need an implantable cardioverter defibrillator because of a high incidence of recurrence.,In the symptomatic patients often need an ICD because of a high incidence of recurrence.,In the symptomatic patients often need an international Classification of Diseases because of a high incidence of recurrence.,Mortality data for IHD and AMI between 1970 and 2001 were analyzed in accordance with the latest revision of the international Classification of Diseases.,Mortality data for IHD and AMI between 1970 and 2001 were analyzed in accordance with the latest revision of the ICD.,Mortality data for IHD and AMI between 1970 and 2001 were analyzed in accordance with the latest revision of the implantable cardioverter defibrillator.
INH,Treatment of virulent M. tuberculosis with 5microM DZ4 plus a sub INH ibitory concentration of isoniazid decreased ICL expression and the survival of M. tuberculosis in macrophages but had no obvious influence on the growth of M. tuberculosis in vitro.,Treatment of virulent M. tuberculosis with 5microM DZ4 plus a sub INH ibitory concentration of INH decreased ICL expression and the survival of M. tuberculosis in macrophages but had no obvious influence on the growth of M. tuberculosis in vitro.,Treatment of virulent M. tuberculosis with 5microM DZ4 plus a sub INH ibitory concentration of isonicotinic acid hydrazide decreased ICL expression and the survival of M. tuberculosis in macrophages but had no obvious influence on the growth of M. tuberculosis in vitro.,"The synergistic activity of antimycobacterial constituents from Saudi plants was evaluated in combination with isonicotinic acid hydrazide against four atypical organisms, namely, Mycobacterium intracellulare, M. smegmatis, M. xenopei and M. chelonei.","The synergistic activity of antimycobacterial constituents from Saudi plants was evaluated in combination with INH against four atypical organisms, namely, Mycobacterium intracellulare, M. smegmatis, M. xenopei and M. chelonei.","The synergistic activity of antimycobacterial constituents from Saudi plants was evaluated in combination with isoniazid against four atypical organisms, namely, Mycobacterium intracellulare, M. smegmatis, M. xenopei and M. chelonei."
INH,Health and economic outcomes of isoniazid chemoprevention versus no intervention were compared.,Health and economic outcomes of INH chemoprevention versus no intervention were compared.,Health and economic outcomes of isonicotinic acid hydrazide chemoprevention versus no intervention were compared.,"The catalase-peroxidases also catalyze the hydrazinolysis of isonicotinic acid hydrazide in an oxygen- and H2O2-independent reaction, and KatG-dependent radical generation from a mixture of NADH and INH is two to three times faster than the combined rates of separate reactions with NADH and INH alone.","The catalase-peroxidases also catalyze the hydrazinolysis of INH in an oxygen- and H2O2-independent reaction, and KatG-dependent radical generation from a mixture of NADH and INH is two to three times faster than the combined rates of separate reactions with NADH and INH alone.","The catalase-peroxidases also catalyze the hydrazinolysis of isoniazid in an oxygen- and H2O2-independent reaction, and KatG-dependent radical generation from a mixture of NADH and INH is two to three times faster than the combined rates of separate reactions with NADH and INH alone."
INH,"RESULTS: As a result, the sensitivity for isoniazid was 95% on an average, ranging from 29% to 100%.","RESULTS: As a result, the sensitivity for INH was 95% on an average, ranging from 29% to 100%.","RESULTS: As a result, the sensitivity for isonicotinic acid hydrazide was 95% on an average, ranging from 29% to 100%.",isonicotinic acid hydrazide is a frontline antituberculosis agent.,INH is a frontline antituberculosis agent.,isoniazid is a frontline antituberculosis agent.
INH,"Post-OR, 324 patients with a tuberculin skin test result > or =5 mm and/or chest radiograph findings suggestive of past TB were treated for 9 months with isoniazid.","Post-OR, 324 patients with a tuberculin skin test result > or =5 mm and/or chest radiograph findings suggestive of past TB were treated for 9 months with INH.","Post-OR, 324 patients with a tuberculin skin test result > or =5 mm and/or chest radiograph findings suggestive of past TB were treated for 9 months with isonicotinic acid hydrazide.","We studied the transmission-blocking effect of isonicotinic acid hydrazide, a widely used anti-tuberculosis drug, against Plasmodium gallinaceum and Plasmodium berghei.","We studied the transmission-blocking effect of INH, a widely used anti-tuberculosis drug, against Plasmodium gallinaceum and Plasmodium berghei.","We studied the transmission-blocking effect of isoniazid, a widely used anti-tuberculosis drug, against Plasmodium gallinaceum and Plasmodium berghei."
INH,"The same intermediate is detected in KatG(S315T), a mutant associated with resistance to isoniazid, but with a lower yield, indicating that the organic peroxides cannot react with the heme iron in KatG(S315T) as efficiently as in wild-type KatG.","The same intermediate is detected in KatG(S315T), a mutant associated with resistance to INH, but with a lower yield, indicating that the organic peroxides cannot react with the heme iron in KatG(S315T) as efficiently as in wild-type KatG.","The same intermediate is detected in KatG(S315T), a mutant associated with resistance to isonicotinic acid hydrazide, but with a lower yield, indicating that the organic peroxides cannot react with the heme iron in KatG(S315T) as efficiently as in wild-type KatG.","Synthesis, antitubercular activity and pharmacokinetic studies of some Schiff bases derived from 1-alkylisatin and isonicotinic acid hydrazide.","Synthesis, antitubercular activity and pharmacokinetic studies of some Schiff bases derived from 1-alkylisatin and INH.","Synthesis, antitubercular activity and pharmacokinetic studies of some Schiff bases derived from 1-alkylisatin and isoniazid."
ITP,PURPOSE: To identify initial laboratory findings useful for the later diagnosis of idiopathic thrombocytopenic purpura in adult patients with thrombocytopenia.,PURPOSE: To identify initial laboratory findings useful for the later diagnosis of ITP in adult patients with thrombocytopenia.,PURPOSE: To identify initial laboratory findings useful for the later diagnosis of immune thrombocytopenia in adult patients with thrombocytopenia.,Low CD4 count and absence of platelet specific IgG reduced the likelihood of immune thrombocytopenia.,Low CD4 count and absence of platelet specific IgG reduced the likelihood of ITP.,Low CD4 count and absence of platelet specific IgG reduced the likelihood of idiopathic thrombocytopenic purpura.
ITP,Data on 90 patients (55 adults and 35 children) with chronic idiopathic thrombocytopenic purpura and a platelet count of<50 x 10(9)/L treated with dapsone at a dose of 1-2 mg/kg/d are presented.,Data on 90 patients (55 adults and 35 children) with chronic ITP and a platelet count of<50 x 10(9)/L treated with dapsone at a dose of 1-2 mg/kg/d are presented.,Data on 90 patients (55 adults and 35 children) with chronic immune thrombocytopenia and a platelet count of<50 x 10(9)/L treated with dapsone at a dose of 1-2 mg/kg/d are presented.,immune thrombocytopenia is a frequently encountered disease in childhood.,ITP is a frequently encountered disease in childhood.,idiopathic thrombocytopenic purpura is a frequently encountered disease in childhood.
ITP,Clinical aspects of pregnancy and delivery in patients with chronic idiopathic thrombocytopenic purpura.,Clinical aspects of pregnancy and delivery in patients with chronic ITP.,Clinical aspects of pregnancy and delivery in patients with chronic immune thrombocytopenia.,immune thrombocytopenia has a favorable prognosis in children.,ITP has a favorable prognosis in children.,idiopathic thrombocytopenic purpura has a favorable prognosis in children.
ITP,"BACKGROUND: idiopathic thrombocytopenic purpura is a condition that often develops in young women and, consequently, physicians should frequently manage and monitor pregnant patients with this disorder.","BACKGROUND: ITP is a condition that often develops in young women and, consequently, physicians should frequently manage and monitor pregnant patients with this disorder.","BACKGROUND: immune thrombocytopenia is a condition that often develops in young women and, consequently, physicians should frequently manage and monitor pregnant patients with this disorder.",The mechanism of action of intravenous immunoglobulin (IVIg) and polyclonal anti-D-mediated reversal of immune thrombocytopenia is still unclear.,The mechanism of action of intravenous immunoglobulin (IVIg) and polyclonal anti-D-mediated reversal of ITP is still unclear.,The mechanism of action of intravenous immunoglobulin (IVIg) and polyclonal anti-D-mediated reversal of idiopathic thrombocytopenic purpura is still unclear.
ITP,Since age 21 idiopathic thrombocytopenic purpura was diagnosed and steroid therapy was continued.,Since age 21 ITP was diagnosed and steroid therapy was continued.,Since age 21 immune thrombocytopenia was diagnosed and steroid therapy was continued.,"immune thrombocytopenia patients were studied ex vivo for NKT cell expansion in response to the specific NKT cell antigen, alpha-galactosylceramide, before, during or after prednisolone treatment.","ITP patients were studied ex vivo for NKT cell expansion in response to the specific NKT cell antigen, alpha-galactosylceramide, before, during or after prednisolone treatment.","idiopathic thrombocytopenic purpura patients were studied ex vivo for NKT cell expansion in response to the specific NKT cell antigen, alpha-galactosylceramide, before, during or after prednisolone treatment."
IUGR,BACKGROUND: intrauterine growth retardation is a major cause of short stature in childhood.,BACKGROUND: IUGR is a major cause of short stature in childhood.,BACKGROUND: Intrauterine growth retarded is a major cause of short stature in childhood.,"OBJECTIVES: To assess the patterns of early postnatal physiological adaptation and maturation in Intrauterine growth retarded infants by measuring changes in sleeping deep body temperature, heart rate, and concentrations of urinary cortisol.","OBJECTIVES: To assess the patterns of early postnatal physiological adaptation and maturation in IUGR infants by measuring changes in sleeping deep body temperature, heart rate, and concentrations of urinary cortisol.","OBJECTIVES: To assess the patterns of early postnatal physiological adaptation and maturation in intrauterine growth retardation infants by measuring changes in sleeping deep body temperature, heart rate, and concentrations of urinary cortisol."
IUGR,"CONCLUSION: Parvovirus B19 infection should be excluded in all cases of nonimmune fetal hydrops, severe fetal anemia, cardiomegaly, intrauterine growth retardation and chronic erythroblastopenia diagnosed in the neonatal period or early infancy.","CONCLUSION: Parvovirus B19 infection should be excluded in all cases of nonimmune fetal hydrops, severe fetal anemia, cardiomegaly, IUGR and chronic erythroblastopenia diagnosed in the neonatal period or early infancy.","CONCLUSION: Parvovirus B19 infection should be excluded in all cases of nonimmune fetal hydrops, severe fetal anemia, cardiomegaly, Intrauterine growth retarded and chronic erythroblastopenia diagnosed in the neonatal period or early infancy.","Hypotheses leading to explanation of higher levels of growth hormone in these children, particularly in preterm and Intrauterine growth retarded infants, are also discussed.","Hypotheses leading to explanation of higher levels of growth hormone in these children, particularly in preterm and IUGR infants, are also discussed.","Hypotheses leading to explanation of higher levels of growth hormone in these children, particularly in preterm and intrauterine growth retardation infants, are also discussed."
IUGR,AIM: To investigate the intestine and body development of intrauterine growth retardation rats under early different protein diet and to analyze the correlation between leptin and intestine and body development.,AIM: To investigate the intestine and body development of IUGR rats under early different protein diet and to analyze the correlation between leptin and intestine and body development.,AIM: To investigate the intestine and body development of Intrauterine growth retarded rats under early different protein diet and to analyze the correlation between leptin and intestine and body development.,"METHODS: There were 69 high-risk neonates; 14 Intrauterine growth retarded, 25 preterm infants, 18 term infants with asphyxia and 12 infants of diabetic mothers.","METHODS: There were 69 high-risk neonates; 14 IUGR, 25 preterm infants, 18 term infants with asphyxia and 12 infants of diabetic mothers.","METHODS: There were 69 high-risk neonates; 14 intrauterine growth retardation, 25 preterm infants, 18 term infants with asphyxia and 12 infants of diabetic mothers."
IUGR,We report the variation in birth weight among the Tibetans at different altitudes in India to test the hypothesis of greater protection from intrauterine growth retardation among Tibetan compared with other high-altitude native populations.,We report the variation in birth weight among the Tibetans at different altitudes in India to test the hypothesis of greater protection from IUGR among Tibetan compared with other high-altitude native populations.,We report the variation in birth weight among the Tibetans at different altitudes in India to test the hypothesis of greater protection from Intrauterine growth retarded among Tibetan compared with other high-altitude native populations.,The clinical cause of LBW was unknown in 66% of the cases. 60.5% of the LBW babies were premature while 39.5% were Intrauterine growth retarded babies.,The clinical cause of LBW was unknown in 66% of the cases. 60.5% of the LBW babies were premature while 39.5% were IUGR babies.,The clinical cause of LBW was unknown in 66% of the cases. 60.5% of the LBW babies were premature while 39.5% were intrauterine growth retardation babies.
IUGR,"To address this, we developed a model of intrauterine growth retardation in the rat that leads to diabetes in adulthood.","To address this, we developed a model of IUGR in the rat that leads to diabetes in adulthood.","To address this, we developed a model of Intrauterine growth retarded in the rat that leads to diabetes in adulthood.",The aim of the present study was to assess the catch-up growth in the postcranial skeleton of Intrauterine growth retarded rats.,The aim of the present study was to assess the catch-up growth in the postcranial skeleton of IUGR rats.,The aim of the present study was to assess the catch-up growth in the postcranial skeleton of intrauterine growth retardation rats.
IVC,Sarcoma of the inferior vena cava is a rare clinical entity.,Sarcoma of the IVC is a rare clinical entity.,Sarcoma of the intravenous cholangiography is a rare clinical entity.,"Additionally, in a controlled subgroup analysis of 163 patients, we evaluated preoperative intravenous cholangiography and IOC.","Additionally, in a controlled subgroup analysis of 163 patients, we evaluated preoperative IVC and IOC.","Additionally, in a controlled subgroup analysis of 163 patients, we evaluated preoperative inferior vena cava and IOC."
IVC,"OBJECTIVE: The purpose of this article is to describe the appearance and causes of inferior vena cava filling defects, how such findings may be accurately characterized, and the clinical significance of IVC filling defects.","OBJECTIVE: The purpose of this article is to describe the appearance and causes of IVC filling defects, how such findings may be accurately characterized, and the clinical significance of IVC filling defects.","OBJECTIVE: The purpose of this article is to describe the appearance and causes of intravenous cholangiography filling defects, how such findings may be accurately characterized, and the clinical significance of IVC filling defects.",With the advent of laparoscopic cholecystectomy there has been a resurgence of interest in the role of preoperative intravenous cholangiography as an alternative for evaluating the CBD.,With the advent of laparoscopic cholecystectomy there has been a resurgence of interest in the role of preoperative IVC as an alternative for evaluating the CBD.,With the advent of laparoscopic cholecystectomy there has been a resurgence of interest in the role of preoperative inferior vena cava as an alternative for evaluating the CBD.
IVC,METHODS: All patients who underwent preoperative insertion of inferior vena cava filters as prophylaxis for pulmonary emboli were reviewed.,METHODS: All patients who underwent preoperative insertion of IVC filters as prophylaxis for pulmonary emboli were reviewed.,METHODS: All patients who underwent preoperative insertion of intravenous cholangiography filters as prophylaxis for pulmonary emboli were reviewed.,"PATIENTS AND METHODS: In a prospective clinical trial the accuracy of intravenous cholangiography, ultrasonography and liver function tests in the preoperative diagnosis of choledocholithiasis was assessed in 98 patients undergoing elective cholecystectomy.","PATIENTS AND METHODS: In a prospective clinical trial the accuracy of IVC, ultrasonography and liver function tests in the preoperative diagnosis of choledocholithiasis was assessed in 98 patients undergoing elective cholecystectomy.","PATIENTS AND METHODS: In a prospective clinical trial the accuracy of inferior vena cava, ultrasonography and liver function tests in the preoperative diagnosis of choledocholithiasis was assessed in 98 patients undergoing elective cholecystectomy."
IVC,Surgical interruption of the inferior vena cava as a means to prevent pulmonary embolism and its consequences has been entertained since the end of the 19th century.,Surgical interruption of the IVC as a means to prevent pulmonary embolism and its consequences has been entertained since the end of the 19th century.,Surgical interruption of the intravenous cholangiography as a means to prevent pulmonary embolism and its consequences has been entertained since the end of the 19th century.,In addition 163 patients underwent preoperative intravenous cholangiography.,In addition 163 patients underwent preoperative IVC.,In addition 163 patients underwent preoperative inferior vena cava.
IVC,Leiomyosarcoma of the inferior vena cava is a rare lesion with less than 300 cases reported.,Leiomyosarcoma of the IVC is a rare lesion with less than 300 cases reported.,Leiomyosarcoma of the intravenous cholangiography is a rare lesion with less than 300 cases reported.,"OBJECTIVE: intravenous cholangiography re-introduced into the preoperative diagnostic work-up of cholecystectomy after the change to the laparoscopic technique, was suggested to detect anatomical anomalies and bile duct stones.","OBJECTIVE: IVC re-introduced into the preoperative diagnostic work-up of cholecystectomy after the change to the laparoscopic technique, was suggested to detect anatomical anomalies and bile duct stones.","OBJECTIVE: inferior vena cava re-introduced into the preoperative diagnostic work-up of cholecystectomy after the change to the laparoscopic technique, was suggested to detect anatomical anomalies and bile duct stones."
IVP,"In addition to CT, intravenous pyelography or retrograde pyelography may be required for full characterization of the injury.","In addition to CT, IVP or retrograde pyelography may be required for full characterization of the injury.","In addition to CT, vitro produced or retrograde pyelography may be required for full characterization of the injury.",The effect of glucose supplementation at different times in in vitro culture on the developmental competence of in vitro produced porcine embryos was examined.,The effect of glucose supplementation at different times in in vitro culture on the developmental competence of in IVP porcine embryos was examined.,The effect of glucose supplementation at different times in in vitro culture on the developmental competence of in intravenous pyelography porcine embryos was examined.
IVP,intravenous pyelography is adequate if this is the only imaging modality available and if no concomitant injuries to the abdominal structure are suspected.,IVP is adequate if this is the only imaging modality available and if no concomitant injuries to the abdominal structure are suspected.,vitro produced is adequate if this is the only imaging modality available and if no concomitant injuries to the abdominal structure are suspected.,"To compare the two culture systems, IVM and IVF of COCs and subsequent IVC of in vitro produced embryos were carried out in the portable incubator with a low O(2) concentration (Group I) or in the standard incubator with a high O(2) concentration (Group II).","To compare the two culture systems, IVM and IVF of COCs and subsequent IVC of in IVP embryos were carried out in the portable incubator with a low O(2) concentration (Group I) or in the standard incubator with a high O(2) concentration (Group II).","To compare the two culture systems, IVM and IVF of COCs and subsequent IVC of in intravenous pyelography embryos were carried out in the portable incubator with a low O(2) concentration (Group I) or in the standard incubator with a high O(2) concentration (Group II)."
IVP,intravenous pyelography and cystoscopy excluded any association of the mass with the urinary tract.,IVP and cystoscopy excluded any association of the mass with the urinary tract.,vitro produced and cystoscopy excluded any association of the mass with the urinary tract.,"On Day 17, all heifers with >1 CL or a single CL with a diameter > or =18 mm (based on ultrasonographic examination), received an in vitro produced embryo by non-surgical transfer.","On Day 17, all heifers with >1 CL or a single CL with a diameter > or =18 mm (based on ultrasonographic examination), received an in IVP embryo by non-surgical transfer.","On Day 17, all heifers with >1 CL or a single CL with a diameter > or =18 mm (based on ultrasonographic examination), received an in intravenous pyelography embryo by non-surgical transfer."
IVP,"Moreover, no evidence of upper urinary tract deterioration was found by either intravenous pyelography or renal ultrasound scanning taken the year before this admission.","Moreover, no evidence of upper urinary tract deterioration was found by either IVP or renal ultrasound scanning taken the year before this admission.","Moreover, no evidence of upper urinary tract deterioration was found by either vitro produced or renal ultrasound scanning taken the year before this admission.",The objectives of this study were to identify an improved in vitro cell-free embryo culture system and to compare post-warming development of in vitro produced bovine embryos following vitrification versus slow freezing.,The objectives of this study were to identify an improved in vitro cell-free embryo culture system and to compare post-warming development of in IVP bovine embryos following vitrification versus slow freezing.,The objectives of this study were to identify an improved in vitro cell-free embryo culture system and to compare post-warming development of in intravenous pyelography bovine embryos following vitrification versus slow freezing.
IVP,"In group 1, intravenous pyelography and renal scintigraphy were performed to 17 renal units preoperatively.","In group 1, IVP and renal scintigraphy were performed to 17 renal units preoperatively.","In group 1, vitro produced and renal scintigraphy were performed to 17 renal units preoperatively.","The objective of the present study was to determine the sex of in vitro produced bovine embryos, at varying stages of development, by culturing in the presence of rat monoclonal H-Y antibodies.","The objective of the present study was to determine the sex of in IVP bovine embryos, at varying stages of development, by culturing in the presence of rat monoclonal H-Y antibodies.","The objective of the present study was to determine the sex of in intravenous pyelography bovine embryos, at varying stages of development, by culturing in the presence of rat monoclonal H-Y antibodies."
LAD,Cardiac CTA was performed and revealed a severely stenotic lesion at the proximal left anterior descending coronary artery with left ventricular ejection fraction of 53% and hypokinesia of anteroseptal and apical wall.,Cardiac CTA was performed and revealed a severely stenotic lesion at the proximal LAD with left ventricular ejection fraction of 53% and hypokinesia of anteroseptal and apical wall.,Cardiac CTA was performed and revealed a severely stenotic lesion at the proximal Leukocyte adhesion deficiency with left ventricular ejection fraction of 53% and hypokinesia of anteroseptal and apical wall.,"OBJECTIVE: The aim of this study was to test a nonmyeloablative hematopoietic stem cell transplant regimen applicable to children with Leukocyte adhesion deficiency who have a histocompatible sibling donor by using the canine model of LAD , namely canine Leukocyte adhesion deficiency or C LAD .","OBJECTIVE: The aim of this study was to test a nonmyeloablative hematopoietic stem cell transplant regimen applicable to children with LAD who have a histocompatible sibling donor by using the canine model of LAD , namely canine or C LAD .","OBJECTIVE: The aim of this study was to test a nonmyeloablative hematopoietic stem cell transplant regimen applicable to children with left anterior descending coronary artery who have a histocompatible sibling donor by using the canine model of LAD , namely canine left anterior descending coronary artery or C LAD ."
LAD,Patients with anatomical LVA by echocardiography were identified and those who presented to the ED with ischemic symptoms and STE of at least 1 mm in 2 consecutive leads and ruled out for acute left anterior descending coronary artery occlusion were selected.,Patients with anatomical LVA by echocardiography were identified and those who presented to the ED with ischemic symptoms and STE of at least 1 mm in 2 consecutive leads and ruled out for acute LAD occlusion were selected.,Patients with anatomical LVA by echocardiography were identified and those who presented to the ED with ischemic symptoms and STE of at least 1 mm in 2 consecutive leads and ruled out for acute Leukocyte adhesion deficiency occlusion were selected.,"This review highlights the genotype-phenotype relationship of the genetic immunodeficiency disease Leukocyte adhesion deficiency in humans, dogs, cattle, and mice, and provides assessment of the opportunities that each animal species provides in the understanding of leukocyte biology and in developing new therapeutic approaches to LAD in humans.","This review highlights the genotype-phenotype relationship of the genetic immunodeficiency disease LAD in humans, dogs, cattle, and mice, and provides assessment of the opportunities that each animal species provides in the understanding of leukocyte biology and in developing new therapeutic approaches to LAD in humans.","This review highlights the genotype-phenotype relationship of the genetic immunodeficiency disease left anterior descending coronary artery in humans, dogs, cattle, and mice, and provides assessment of the opportunities that each animal species provides in the understanding of leukocyte biology and in developing new therapeutic approaches to LAD in humans."
LAD,We selected 60 consecutive patients who underwent successful left anterior descending coronary artery stenting.,We selected 60 consecutive patients who underwent successful LAD stenting.,We selected 60 consecutive patients who underwent successful Leukocyte adhesion deficiency stenting.,"Leukocyte adhesion deficiency was suspected in a three weeks old girl from a family with an established history of LAD with a lack (less then 1%) of the beta 2 integrins CD 11a, b/CD 18 expression at the leukocytes surface, was engrafted with her mother HLA identical bone marrow at the age of 14 months.","LAD was suspected in a three weeks old girl from a family with an established history of LAD with a lack (less then 1%) of the beta 2 integrins CD 11a, b/CD 18 expression at the leukocytes surface, was engrafted with her mother HLA identical bone marrow at the age of 14 months.","left anterior descending coronary artery was suspected in a three weeks old girl from a family with an established history of LAD with a lack (less then 1%) of the beta 2 integrins CD 11a, b/CD 18 expression at the leukocytes surface, was engrafted with her mother HLA identical bone marrow at the age of 14 months."
LAD,"METHODS: In open-chest dogs, the left anterior descending coronary artery was perfused through an extracorporeal bypass from the carotid artery.","METHODS: In open-chest dogs, the LAD was perfused through an extracorporeal bypass from the carotid artery.","METHODS: In open-chest dogs, the Leukocyte adhesion deficiency was perfused through an extracorporeal bypass from the carotid artery.","Recently, we reported a rare autosomal-recessive Leukocyte adhesion deficiency syndrome associated with a defective ability of integrins to undergo GPCR-mediated stimulation at endothelial contacts.","Recently, we reported a rare autosomal-recessive LAD syndrome associated with a defective ability of integrins to undergo GPCR-mediated stimulation at endothelial contacts.","Recently, we reported a rare autosomal-recessive left anterior descending coronary artery syndrome associated with a defective ability of integrins to undergo GPCR-mediated stimulation at endothelial contacts."
LAD,(group H) at 15 min before left anterior descending coronary artery occlusion.,(group H) at 15 min before LAD occlusion.,(group H) at 15 min before Leukocyte adhesion deficiency occlusion.,"Although beta(2)-integrin-dependent migration is a major mechanism of neutrophil migration, which was demonstrated by extensive invasion of neutrophils in pulmonary tissue of calves suffering from a genetic deficit in expression of beta(2)-integrins, termed bovine Leukocyte adhesion deficiency, the role of alternative CAM is still unclear.","Although beta(2)-integrin-dependent migration is a major mechanism of neutrophil migration, which was demonstrated by extensive invasion of neutrophils in pulmonary tissue of calves suffering from a genetic deficit in expression of beta(2)-integrins, termed bovine LAD, the role of alternative CAM is still unclear.","Although beta(2)-integrin-dependent migration is a major mechanism of neutrophil migration, which was demonstrated by extensive invasion of neutrophils in pulmonary tissue of calves suffering from a genetic deficit in expression of beta(2)-integrins, termed bovine left anterior descending coronary artery, the role of alternative CAM is still unclear."
LDL,"In addition to reducing serum total and low-density lipoprotein cholesterol (p<0.0001), statin treatment was associated with a significant reduction in mean serum zinc (9%, p = 0.03), copper (9%, p<0.01), caeruloplasmin (24%, p<0.05), and median CRP (45%, p<0.03).","In addition to reducing serum total and LDL cholesterol (p<0.0001), statin treatment was associated with a significant reduction in mean serum zinc (9%, p = 0.03), copper (9%, p<0.01), caeruloplasmin (24%, p<0.05), and median CRP (45%, p<0.03).","In addition to reducing serum total and loudness discomfort level cholesterol (p<0.0001), statin treatment was associated with a significant reduction in mean serum zinc (9%, p = 0.03), copper (9%, p<0.01), caeruloplasmin (24%, p<0.05), and median CRP (45%, p<0.03).",OBJECTIVE: The purpose of this investigation is to determine how the unaided and aided loudness discomfort level varies with the duration of the input signal and whether the electroacoustic characteristics of compression circuits affect this relationship in a manner that may alter the listener's dynamic range for short duration sounds.,OBJECTIVE: The purpose of this investigation is to determine how the unaided and aided LDL varies with the duration of the input signal and whether the electroacoustic characteristics of compression circuits affect this relationship in a manner that may alter the listener's dynamic range for short duration sounds.,OBJECTIVE: The purpose of this investigation is to determine how the unaided and aided low-density lipoprotein varies with the duration of the input signal and whether the electroacoustic characteristics of compression circuits affect this relationship in a manner that may alter the listener's dynamic range for short duration sounds.
LDL,OBJECT: Reactive species of oxygen and nitrogen mediate the oxidative modification of low-density lipoprotein.,OBJECT: Reactive species of oxygen and nitrogen mediate the oxidative modification of LDL.,OBJECT: Reactive species of oxygen and nitrogen mediate the oxidative modification of loudness discomfort level.,OBJECTIVE: The purpose of this study is to investigate the effects of conductive component on the loudness discomfort level judgments.,OBJECTIVE: The purpose of this study is to investigate the effects of conductive component on the LDL judgments.,OBJECTIVE: The purpose of this study is to investigate the effects of conductive component on the low-density lipoprotein judgments.
LDL,"Elevated time-averaged WSSG was found at the same region, where the elevated low-density lipoprotein permeability was observed as reported in the literature.","Elevated time-averaged WSSG was found at the same region, where the elevated LDL permeability was observed as reported in the literature.","Elevated time-averaged WSSG was found at the same region, where the elevated loudness discomfort level permeability was observed as reported in the literature.",The procedure is designed to be used with either measured values of loudness discomfort level or with hearing threshold values alone.,The procedure is designed to be used with either measured values of LDL or with hearing threshold values alone.,The procedure is designed to be used with either measured values of low-density lipoprotein or with hearing threshold values alone.
LDL,Total and low-density lipoprotein cholesterol levels are usually normal if glycemic control is adequate but LDL particles are small and dense.,Total and LDL cholesterol levels are usually normal if glycemic control is adequate but LDL particles are small and dense.,Total and loudness discomfort level cholesterol levels are usually normal if glycemic control is adequate but LDL particles are small and dense.,The purpose of this experiment was to determine the relationship between the loudness discomfort level and maximum speech recognition performance for listeners with sensorineural hearing loss.,The purpose of this experiment was to determine the relationship between the LDL and maximum speech recognition performance for listeners with sensorineural hearing loss.,The purpose of this experiment was to determine the relationship between the low-density lipoprotein and maximum speech recognition performance for listeners with sensorineural hearing loss.
LDL,CONTEXT: Serum total and low-density lipoprotein cholesterol contribute significantly to atherosclerosis and its clinical sequelae.,CONTEXT: Serum total and LDL cholesterol contribute significantly to atherosclerosis and its clinical sequelae.,CONTEXT: Serum total and loudness discomfort level cholesterol contribute significantly to atherosclerosis and its clinical sequelae.,It is generally agreed that the saturation sound pressure level of a hearing aid should not exceed the patient's loudness discomfort level for speech.,It is generally agreed that the saturation sound pressure level of a hearing aid should not exceed the patient's LDL for speech.,It is generally agreed that the saturation sound pressure level of a hearing aid should not exceed the patient's low-density lipoprotein for speech.
LMP,"Both the infected HSC-39 cells and the clones expressed EBNA1 and EBER, but did not express EBNA2, latent membrane protein 1 and LMP 2A.","Both the infected HSC-39 cells and the clones expressed EBNA1 and EBER, but did not express EBNA2, LMP 1 and LMP 2A.","Both the infected HSC-39 cells and the clones expressed EBNA1 and EBER, but did not express EBNA2, low malignant potential 1 and LMP 2A.","METHODS: Formalin-fixed, paraffin-embedded archival tissue sections of 10 benign serous cystadenomas, 10 serous neoplasms of low malignant potential, and 41 serous ovarian carcinomas were immunostained with antibodies to hTERT and c-kit.","METHODS: Formalin-fixed, paraffin-embedded archival tissue sections of 10 benign serous cystadenomas, 10 serous neoplasms of LMP, and 41 serous ovarian carcinomas were immunostained with antibodies to hTERT and c-kit.","METHODS: Formalin-fixed, paraffin-embedded archival tissue sections of 10 benign serous cystadenomas, 10 serous neoplasms of latent membrane protein, and 41 serous ovarian carcinomas were immunostained with antibodies to hTERT and c-kit."
LMP,"The Epstein-Barr virus latent membrane protein 1 is a versatile protein that has profound effects on target cells through its effect on constitutive cellular proteins, e.g.","The Epstein-Barr virus LMP 1 is a versatile protein that has profound effects on target cells through its effect on constitutive cellular proteins, e.g.","The Epstein-Barr virus low malignant potential 1 is a versatile protein that has profound effects on target cells through its effect on constitutive cellular proteins, e.g.",BACKGROUND AND OBJECTIVES: The study of pathology and prognosis for patients with ovarian tumors of low malignant potential has been well documented.,BACKGROUND AND OBJECTIVES: The study of pathology and prognosis for patients with ovarian tumors of LMP has been well documented.,BACKGROUND AND OBJECTIVES: The study of pathology and prognosis for patients with ovarian tumors of latent membrane protein has been well documented.
LMP,"In the two cases of polymorphic and the one case of monomorphic PTLD, the presence of EBV was visualised by immunohistochemical staining of some transformed lymphoid cells for latent membrane protein of EBV.","In the two cases of polymorphic and the one case of monomorphic PTLD, the presence of EBV was visualised by immunohistochemical staining of some transformed lymphoid cells for LMP of EBV.","In the two cases of polymorphic and the one case of monomorphic PTLD, the presence of EBV was visualised by immunohistochemical staining of some transformed lymphoid cells for low malignant potential of EBV.",BACKGROUND: There is a paucity of information regarding fallopian tube tumors of low malignant potential in the literature.,BACKGROUND: There is a paucity of information regarding fallopian tube tumors of LMP in the literature.,BACKGROUND: There is a paucity of information regarding fallopian tube tumors of latent membrane protein in the literature.
LMP,"EBNA2 and latent membrane protein 1 mRNAs were not detected in all cases, while LMP 2A mRNA was detected in 2 cases.","EBNA2 and LMP 1 mRNAs were not detected in all cases, while LMP 2A mRNA was detected in 2 cases.","EBNA2 and low malignant potential 1 mRNAs were not detected in all cases, while LMP 2A mRNA was detected in 2 cases.",OBJECTIVE: Ovarian low malignant potential tumors have an excellent prognosis when treated by surgical resection.,OBJECTIVE: Ovarian LMP tumors have an excellent prognosis when treated by surgical resection.,OBJECTIVE: Ovarian latent membrane protein tumors have an excellent prognosis when treated by surgical resection.
LMP,"Infected NK-cell-specific CTLp frequencies of the patients were at undetectable levels despite their expression of latent membrane protein 1, suggesting mechanisms to escape immunologic surveillance.","Infected NK-cell-specific CTLp frequencies of the patients were at undetectable levels despite their expression of LMP 1, suggesting mechanisms to escape immunologic surveillance.","Infected NK-cell-specific CTLp frequencies of the patients were at undetectable levels despite their expression of low malignant potential 1, suggesting mechanisms to escape immunologic surveillance.",OBJECTIVE: The object of this study was to test the hypothesis that BRAF is a low-risk susceptibility gene for low malignant potential ovarian cancer.,OBJECTIVE: The object of this study was to test the hypothesis that BRAF is a low-risk susceptibility gene for LMP ovarian cancer.,OBJECTIVE: The object of this study was to test the hypothesis that BRAF is a low-risk susceptibility gene for latent membrane protein ovarian cancer.
MAI,We present a case of Mycobacterium avium-intracellulare infection of the ankle joint in a patient with HIV infection.,We present a case of MAI infection of the ankle joint in a patient with HIV infection.,We present a case of mitotic activity index infection of the ankle joint in a patient with HIV infection.,"In 481 patients, tumour size, tumour type, lymph vessel invasion, blood vessel invasion, receptor state, lymphatic spread, mitotic activity index and survival were measured and compared, according to their family history.","In 481 patients, tumour size, tumour type, lymph vessel invasion, blood vessel invasion, receptor state, lymphatic spread, MAI and survival were measured and compared, according to their family history.","In 481 patients, tumour size, tumour type, lymph vessel invasion, blood vessel invasion, receptor state, lymphatic spread, Mycobacterium avium-intracellulare and survival were measured and compared, according to their family history."
MAI,Mycobacterium avium-intracellulare rarely causes disease of the spine in healthy individuals.,MAI rarely causes disease of the spine in healthy individuals.,mitotic activity index rarely causes disease of the spine in healthy individuals.,In The Netherlands it was chosen to use either the histological grade or the mitotic activity index.,In The Netherlands it was chosen to use either the histological grade or the MAI.,In The Netherlands it was chosen to use either the histological grade or the Mycobacterium avium-intracellulare.
MAI,"Renal, cardiac, and splenic pathologies, Mycobacterium avium-intracellulare infection, and cachexia were more common in blacks than in whites and/or Hispanic individuals, and cytomegalovirus and systemic lymphoma were more common in whites and Hispanic individuals than in blacks.","Renal, cardiac, and splenic pathologies, MAI infection, and cachexia were more common in blacks than in whites and/or Hispanic individuals, and cytomegalovirus and systemic lymphoma were more common in whites and Hispanic individuals than in blacks.","Renal, cardiac, and splenic pathologies, mitotic activity index infection, and cachexia were more common in blacks than in whites and/or Hispanic individuals, and cytomegalovirus and systemic lymphoma were more common in whites and Hispanic individuals than in blacks.",AIMS: The mitotic activity index is a strong prognostic factor for disease free survival in breast cancer.,AIMS: The MAI is a strong prognostic factor for disease free survival in breast cancer.,AIMS: The Mycobacterium avium-intracellulare is a strong prognostic factor for disease free survival in breast cancer.
MAI,Culture later revealed Mycobacterium avium-intracellulare.,Culture later revealed MAI.,Culture later revealed mitotic activity index.,"OBJECTIVES: To analyze the predictive power of Ki67 area% (Ki67), mitotic activity index, p53 area% (p53), and the mean area of the 10 largest nuclei (MNA10) for progression of stage in 195 primary consecutive TaT1 urothelial cell carcinomas of the urinary bladder.","OBJECTIVES: To analyze the predictive power of Ki67 area% (Ki67), MAI, p53 area% (p53), and the mean area of the 10 largest nuclei (MNA10) for progression of stage in 195 primary consecutive TaT1 urothelial cell carcinomas of the urinary bladder.","OBJECTIVES: To analyze the predictive power of Ki67 area% (Ki67), Mycobacterium avium-intracellulare, p53 area% (p53), and the mean area of the 10 largest nuclei (MNA10) for progression of stage in 195 primary consecutive TaT1 urothelial cell carcinomas of the urinary bladder."
MAI,HIV/AIDS case histories: diagnostic problems. Mycobacterium avium-intracellulare infection.,HIV/AIDS case histories: diagnostic problems. MAI infection.,HIV/AIDS case histories: diagnostic problems. mitotic activity index infection.,"Because the mitotic activity index is of good prognostic value in several other cancers, we assessed its value in stage IA NSCLC.","Because the MAI is of good prognostic value in several other cancers, we assessed its value in stage IA NSCLC.","Because the Mycobacterium avium-intracellulare is of good prognostic value in several other cancers, we assessed its value in stage IA NSCLC."
MCA,"Patients experiencing malignant stroke of the middle cerebral artery have a high mortality related to cerebral edema, increased ICP, and subsequent cerebral herniation.","Patients experiencing malignant stroke of the MCA have a high mortality related to cerebral edema, increased ICP, and subsequent cerebral herniation.","Patients experiencing malignant stroke of the monoclonal antibodies have a high mortality related to cerebral edema, increased ICP, and subsequent cerebral herniation.","The activity and specificity of monoclonal antibodies anti-A and anti-B, which were presented for testing at the 4th International Workshop on monoclonal antibodies to Red Blood Cells and Related Antigens, Paris, 2001, were studied.","The activity and specificity of MCA anti-A and anti-B, which were presented for testing at the 4th International Workshop on to Red Blood Cells and Related Antigens, Paris, 2001, were studied.","The activity and specificity of middle cerebral artery anti-A and anti-B, which were presented for testing at the 4th International Workshop on middle cerebral artery to Red Blood Cells and Related Antigens, Paris, 2001, were studied."
MCA,Carotid angiography demonstrated occlusion of the left ascending frontal artery complex and retention of contrast medium at the bifurcation of the left middle cerebral artery.,Carotid angiography demonstrated occlusion of the left ascending frontal artery complex and retention of contrast medium at the bifurcation of the left MCA.,Carotid angiography demonstrated occlusion of the left ascending frontal artery complex and retention of contrast medium at the bifurcation of the left monoclonal antibodies.,Phage display was used to obtain peptides mimicking a HIV-1 gp41 conserved epitope recognized by virus-neutralizing monoclonal antibodies 2F5.,Phage display was used to obtain peptides mimicking a HIV-1 gp41 conserved epitope recognized by virus-neutralizing MCA 2F5.,Phage display was used to obtain peptides mimicking a HIV-1 gp41 conserved epitope recognized by virus-neutralizing middle cerebral artery 2F5.
MCA,"In the current study the authors report on a patient who presented with the acute onset of headache, vomiting, a depressed level of consciousness, and a left hemiparesis and in whom a right middle cerebral artery territory ischemic stroke with hemorrhagic conversion was initially diagnosed.","In the current study the authors report on a patient who presented with the acute onset of headache, vomiting, a depressed level of consciousness, and a left hemiparesis and in whom a right MCA territory ischemic stroke with hemorrhagic conversion was initially diagnosed.","In the current study the authors report on a patient who presented with the acute onset of headache, vomiting, a depressed level of consciousness, and a left hemiparesis and in whom a right monoclonal antibodies territory ischemic stroke with hemorrhagic conversion was initially diagnosed.",The expression of CVH proteins in frozen sections of biopsy samples of 69 CCH patients was evaluated by using the immune-histological method involving original monoclonal antibodies to 5 CVH proteins.,The expression of CVH proteins in frozen sections of biopsy samples of 69 CCH patients was evaluated by using the immune-histological method involving original MCA to 5 CVH proteins.,The expression of CVH proteins in frozen sections of biopsy samples of 69 CCH patients was evaluated by using the immune-histological method involving original middle cerebral artery to 5 CVH proteins.
MCA,METHODS: Ischemic brain injury was induced in rats by injecting a preformed blood clot in the middle cerebral artery.,METHODS: Ischemic brain injury was induced in rats by injecting a preformed blood clot in the MCA.,METHODS: Ischemic brain injury was induced in rats by injecting a preformed blood clot in the monoclonal antibodies.,A phase peptide library was screened with virus-neutralizing monoclonal antibodies 2F5 which recognize a conserved epitope of HIV-1 gp41.,A phase peptide library was screened with virus-neutralizing MCA 2F5 which recognize a conserved epitope of HIV-1 gp41.,A phase peptide library was screened with virus-neutralizing middle cerebral artery 2F5 which recognize a conserved epitope of HIV-1 gp41.
MCA,"Six days after capsule implantation, the right middle cerebral artery was occluded.","Six days after capsule implantation, the right MCA was occluded.","Six days after capsule implantation, the right monoclonal antibodies was occluded.","Serum concentrations of hCG, its free alpha- (hCGalpha) and beta- (hCGbeta) subunits, human follicle-stimulating hormone (hFSH) and human luteinizing hormone (hLH) were determined by highly sensitive and specific enzymometric immunoassays based on a panel of monoclonal antibodies established in our laboratory.","Serum concentrations of hCG, its free alpha- (hCGalpha) and beta- (hCGbeta) subunits, human follicle-stimulating hormone (hFSH) and human luteinizing hormone (hLH) were determined by highly sensitive and specific enzymometric immunoassays based on a panel of MCA established in our laboratory.","Serum concentrations of hCG, its free alpha- (hCGalpha) and beta- (hCGbeta) subunits, human follicle-stimulating hormone (hFSH) and human luteinizing hormone (hLH) were determined by highly sensitive and specific enzymometric immunoassays based on a panel of middle cerebral artery established in our laboratory."
MCH,Transgenic hyperexpression of Melanin-concentrating hormone produces a phenotype of obesity and glucose intolerance.,Transgenic hyperexpression of MCH produces a phenotype of obesity and glucose intolerance.,Transgenic hyperexpression of Maternal and Child Health produces a phenotype of obesity and glucose intolerance.,Does the utilization of modern Maternal and Child Health services influence subsequent contraceptive use?,Does the utilization of modern MCH services influence subsequent contraceptive use?,Does the utilization of modern Melanin-concentrating hormone services influence subsequent contraceptive use?
MCH,"Melanin-concentrating hormone regulates energy homeostasis and has been implicated in other behaviors that impact alcohol consumption (i.e., anxiety, fluid balance, and reward).","MCH regulates energy homeostasis and has been implicated in other behaviors that impact alcohol consumption (i.e., anxiety, fluid balance, and reward).","Maternal and Child Health regulates energy homeostasis and has been implicated in other behaviors that impact alcohol consumption (i.e., anxiety, fluid balance, and reward).",The intention was to promote the Maternal and Child Health programs to improve the health of mothers and young children.,The intention was to promote the MCH programs to improve the health of mothers and young children.,The intention was to promote the Melanin-concentrating hormone programs to improve the health of mothers and young children.
MCH,The orexigenic peptides hypocretin (orexin) and Melanin-concentrating hormone are involved in the control of food intake and in other homeostatic functions including sleep and arousal.,The orexigenic peptides hypocretin (orexin) and MCH are involved in the control of food intake and in other homeostatic functions including sleep and arousal.,The orexigenic peptides hypocretin (orexin) and Maternal and Child Health are involved in the control of food intake and in other homeostatic functions including sleep and arousal.,"DESIGN, SUBJECTS, SETTING: Data on current and past infant feeding patterns, sociodemographic, biomedical and biocultural factors were collected using a cross-sectional design, from a sample of 376 women with infants 0-6 months, attending Maternal and Child Health clinics in Accra.","DESIGN, SUBJECTS, SETTING: Data on current and past infant feeding patterns, sociodemographic, biomedical and biocultural factors were collected using a cross-sectional design, from a sample of 376 women with infants 0-6 months, attending MCH clinics in Accra.","DESIGN, SUBJECTS, SETTING: Data on current and past infant feeding patterns, sociodemographic, biomedical and biocultural factors were collected using a cross-sectional design, from a sample of 376 women with infants 0-6 months, attending Melanin-concentrating hormone clinics in Accra."
MCH,OBJECTIVE: The importance of the Melanin-concentrating hormone system for regulation of energy homeostasis and body weight has been demonstrated in rodents.,OBJECTIVE: The importance of the MCH system for regulation of energy homeostasis and body weight has been demonstrated in rodents.,OBJECTIVE: The importance of the Maternal and Child Health system for regulation of energy homeostasis and body weight has been demonstrated in rodents.,We focus on the recommendations of the FIMRs and the essential Maternal and Child Health services conducted by the FIMRs as intermediate outcomes (or outputs) and then examine how selected characteristics of the FIMR may influence these.,We focus on the recommendations of the FIMRs and the essential MCH services conducted by the FIMRs as intermediate outcomes (or outputs) and then examine how selected characteristics of the FIMR may influence these.,We focus on the recommendations of the FIMRs and the essential Melanin-concentrating hormone services conducted by the FIMRs as intermediate outcomes (or outputs) and then examine how selected characteristics of the FIMR may influence these.
MCH,In order to investigate the physiological properties of the Melanin-concentrating hormone we have generated and used mice from which the MCH receptor 1 gene was deleted ( MCH R1(Neo/Neo) mice).,In order to investigate the physiological properties of the MCH we have generated and used mice from which the MCH receptor 1 gene was deleted ( MCH R1(Neo/Neo) mice).,In order to investigate the physiological properties of the Maternal and Child Health we have generated and used mice from which the MCH receptor 1 gene was deleted ( MCH R1(Neo/Neo) mice).,Reproductive health has emerged as an organizational framework that incorporates men into Maternal and Child Health programs.,Reproductive health has emerged as an organizational framework that incorporates men into MCH programs.,Reproductive health has emerged as an organizational framework that incorporates men into Melanin-concentrating hormone programs.
MCV,mean corpuscular volume decreased from 94.3+/-7.3 fl to 86.0+/-4.8 fl (p<0.05).,MCV decreased from 94.3+/-7.3 fl to 86.0+/-4.8 fl (p<0.05).,molluscum contagiosum virus decreased from 94.3+/-7.3 fl to 86.0+/-4.8 fl (p<0.05).,"To presumably interfere with the fulfillment of this immunity-associated event in cells infected with the molluscum contagiosum virus, this pathogen produces the intracellular MC159 protein.","To presumably interfere with the fulfillment of this immunity-associated event in cells infected with the MCV, this pathogen produces the intracellular MC159 protein.","To presumably interfere with the fulfillment of this immunity-associated event in cells infected with the mean corpuscular volume, this pathogen produces the intracellular MC159 protein."
MCV,"Blood samples were analyzed for hemoglobin (Hb), hematocrit (Hct) and mean corpuscular volume at 9 - 12 months; and infants with Hb<11.0 g/dl were further investigated for the cause of anemia.","Blood samples were analyzed for hemoglobin (Hb), hematocrit (Hct) and MCV at 9 - 12 months; and infants with Hb<11.0 g/dl were further investigated for the cause of anemia.","Blood samples were analyzed for hemoglobin (Hb), hematocrit (Hct) and molluscum contagiosum virus at 9 - 12 months; and infants with Hb<11.0 g/dl were further investigated for the cause of anemia.","molluscum contagiosum virus lesions are limited to the human epidermis and can persist for months, showing only weak signs of inflammation.","MCV lesions are limited to the human epidermis and can persist for months, showing only weak signs of inflammation.","mean corpuscular volume lesions are limited to the human epidermis and can persist for months, showing only weak signs of inflammation."
MCV,"AIM: To evaluate the sensitivity, specificity, positive predictive value and negative predictive value of mean corpuscular volume testing for screening for both alpha-thalassemia-1 and beta-thalassemia traits.","AIM: To evaluate the sensitivity, specificity, positive predictive value and negative predictive value of MCV testing for screening for both alpha-thalassemia-1 and beta-thalassemia traits.","AIM: To evaluate the sensitivity, specificity, positive predictive value and negative predictive value of molluscum contagiosum virus testing for screening for both alpha-thalassemia-1 and beta-thalassemia traits.",Pediatric molluscum contagiosum virus is a common pox viridae infection that represents a common public health issue.,Pediatric MCV is a common pox viridae infection that represents a common public health issue.,Pediatric mean corpuscular volume is a common pox viridae infection that represents a common public health issue.
MCV,Increased mean corpuscular volume has been recognized as a biomarker for alcohol abuse and heavy drinkers.,Increased MCV has been recognized as a biomarker for alcohol abuse and heavy drinkers.,Increased molluscum contagiosum virus has been recognized as a biomarker for alcohol abuse and heavy drinkers.,"Two poxviruses, molluscum contagiosum virus and Variola virus are specific to humans.","Two poxviruses, MCV and Variola virus are specific to humans.","Two poxviruses, mean corpuscular volume and Variola virus are specific to humans."
MCV,The aim of this study was to investigate the relationship between mean corpuscular volume and the various haemoglobinopathies diagnosed in Norway.,The aim of this study was to investigate the relationship between MCV and the various haemoglobinopathies diagnosed in Norway.,The aim of this study was to investigate the relationship between molluscum contagiosum virus and the various haemoglobinopathies diagnosed in Norway.,molluscum contagiosum virus is a human poxvirus that causes abnormal proliferation of epithelial cells.,MCV is a human poxvirus that causes abnormal proliferation of epithelial cells.,mean corpuscular volume is a human poxvirus that causes abnormal proliferation of epithelial cells.
MDI,"Beta-2 agonists can be delivered by intermittent nebulization, continuous nebulization or by metered dose inhaler with a spacer They can also be given intravenously in patients who are unresponsive to escalating therapy.","Beta-2 agonists can be delivered by intermittent nebulization, continuous nebulization or by MDI with a spacer They can also be given intravenously in patients who are unresponsive to escalating therapy.","Beta-2 agonists can be delivered by intermittent nebulization, continuous nebulization or by Mental Development Index with a spacer They can also be given intravenously in patients who are unresponsive to escalating therapy.","RESULTS: Mean Mental Development Index scores for all age groups were within normal limits, except for the age ranges of 18 to 23 and 24 to 35 months, which were mildly delayed.","RESULTS: Mean MDI scores for all age groups were within normal limits, except for the age ranges of 18 to 23 and 24 to 35 months, which were mildly delayed.","RESULTS: Mean metered dose inhaler scores for all age groups were within normal limits, except for the age ranges of 18 to 23 and 24 to 35 months, which were mildly delayed."
MDI,Patients received salmeterol/fluticasone 50/500 microg metered dose inhaler bid for 12 weeks.,Patients received salmeterol/fluticasone 50/500 microg MDI bid for 12 weeks.,Patients received salmeterol/fluticasone 50/500 microg Mental Development Index bid for 12 weeks.,Bayley Mental Development Index scores and parent-reported language abilities of 58 toddlers of mothers who were exposed to varying levels of prenatal stress were obtained at 2 y of age.,Bayley MDI scores and parent-reported language abilities of 58 toddlers of mothers who were exposed to varying levels of prenatal stress were obtained at 2 y of age.,Bayley metered dose inhaler scores and parent-reported language abilities of 58 toddlers of mothers who were exposed to varying levels of prenatal stress were obtained at 2 y of age.
MDI,METHODS: A metered dose inhaler formulation of celecoxib was prepared and evaluated for its medication delivery and aerodynamic properties.,METHODS: A MDI formulation of celecoxib was prepared and evaluated for its medication delivery and aerodynamic properties.,METHODS: A Mental Development Index formulation of celecoxib was prepared and evaluated for its medication delivery and aerodynamic properties.,"Sixty-four 2-year-olds (28 males, 36 females) born less than 30 weeks' gestation (median 28.5 weeks, range 23 to 31 weeks), median birthweight 980g (range 500 to 1905g) were assessed using the Mental Development Index of the Bayley Scales of Infant Development-II and the parental questionnaire.","Sixty-four 2-year-olds (28 males, 36 females) born less than 30 weeks' gestation (median 28.5 weeks, range 23 to 31 weeks), median birthweight 980g (range 500 to 1905g) were assessed using the MDI of the Bayley Scales of Infant Development-II and the parental questionnaire.","Sixty-four 2-year-olds (28 males, 36 females) born less than 30 weeks' gestation (median 28.5 weeks, range 23 to 31 weeks), median birthweight 980g (range 500 to 1905g) were assessed using the metered dose inhaler of the Bayley Scales of Infant Development-II and the parental questionnaire."
MDI,Development and performance of a new hydrofluoroalkane (HFA 134a)-based metered dose inhaler of salmeterol.,Development and performance of a new hydrofluoroalkane (HFA 134a)-based MDI of salmeterol.,Development and performance of a new hydrofluoroalkane (HFA 134a)-based Mental Development Index of salmeterol.,(1998) reported that children conceived after ICSI had lower scores in the Mental Development Index of the Bayley Scales of Infant Development compared with infants conceived naturally or by standard IVF treatment.,(1998) reported that children conceived after ICSI had lower scores in the MDI of the Bayley Scales of Infant Development compared with infants conceived naturally or by standard IVF treatment.,(1998) reported that children conceived after ICSI had lower scores in the metered dose inhaler of the Bayley Scales of Infant Development compared with infants conceived naturally or by standard IVF treatment.
MDI,OBJECTIVES: This study investigated the ability of patients to assess when a metered dose inhaler is empty.,OBJECTIVES: This study investigated the ability of patients to assess when a MDI is empty.,OBJECTIVES: This study investigated the ability of patients to assess when a Mental Development Index is empty.,A multiple linear regression model was constructed using the 24-mo Mental Development Index of the Bayley Scale as the primary outcome and infant APOE genotype as the primary risk factor of interest.,A multiple linear regression model was constructed using the 24-mo MDI of the Bayley Scale as the primary outcome and infant APOE genotype as the primary risk factor of interest.,A multiple linear regression model was constructed using the 24-mo metered dose inhaler of the Bayley Scale as the primary outcome and infant APOE genotype as the primary risk factor of interest.
MDS,"After thorough investigation, decitabine achieved therapeutic application in myelodysplastic syndrome, in particular in patients with a poor prognosis.","After thorough investigation, decitabine achieved therapeutic application in MDS, in particular in patients with a poor prognosis.","After thorough investigation, decitabine achieved therapeutic application in minimum data set, in particular in patients with a poor prognosis.","RESULTS: Of the 29 645 eligible subjects, 8995 experienced some level of UI at the time the minimum data set was completed (30%).","RESULTS: Of the 29 645 eligible subjects, 8995 experienced some level of UI at the time the MDS was completed (30%).","RESULTS: Of the 29 645 eligible subjects, 8995 experienced some level of UI at the time the myelodysplastic syndrome was completed (30%)."
MDS,PURPOSE: Erythroid apoptosis in low-risk myelodysplastic syndrome maybe mediated via mitochondrial release of cytochrome c and subsequent caspase activation.,PURPOSE: Erythroid apoptosis in low-risk MDS maybe mediated via mitochondrial release of cytochrome c and subsequent caspase activation.,PURPOSE: Erythroid apoptosis in low-risk minimum data set maybe mediated via mitochondrial release of cytochrome c and subsequent caspase activation.,"The validity was determined for minimum data set 2.0 oral/nutrition status (Section K) items, used to identify long-term care residents at nutritional risk.","The validity was determined for MDS 2.0 oral/nutrition status (Section K) items, used to identify long-term care residents at nutritional risk.","The validity was determined for myelodysplastic syndrome 2.0 oral/nutrition status (Section K) items, used to identify long-term care residents at nutritional risk."
MDS,"myelodysplastic syndrome is a heterogenous group of stem cell disorders usually characterized by progressive refractory cytopenias, which could progress to acute myeloid leukemia.","MDS is a heterogenous group of stem cell disorders usually characterized by progressive refractory cytopenias, which could progress to acute myeloid leukemia.","minimum data set is a heterogenous group of stem cell disorders usually characterized by progressive refractory cytopenias, which could progress to acute myeloid leukemia.",OBJECTIVES: We sought to examine the impact of residents' cognitive function on the quality of minimum data set pain data using the latent variable approach.,OBJECTIVES: We sought to examine the impact of residents' cognitive function on the quality of MDS pain data using the latent variable approach.,OBJECTIVES: We sought to examine the impact of residents' cognitive function on the quality of myelodysplastic syndrome pain data using the latent variable approach.
MDS,OBJECTIVE: To study the histomorphometric features of megakaryocytic elements in bone marrow trephine biopsies of various subtypes of myelodysplastic syndrome.,OBJECTIVE: To study the histomorphometric features of megakaryocytic elements in bone marrow trephine biopsies of various subtypes of MDS.,OBJECTIVE: To study the histomorphometric features of megakaryocytic elements in bone marrow trephine biopsies of various subtypes of minimum data set.,METHODS: All admission assessments recorded in the minimum data set throughout the United States during 2000 were analyzed.,METHODS: All admission assessments recorded in the MDS throughout the United States during 2000 were analyzed.,METHODS: All admission assessments recorded in the myelodysplastic syndrome throughout the United States during 2000 were analyzed.
MDS,"myelodysplastic syndrome is a group of clonal hematopoietic stem cell disorders characterized by ineffective hematopoiesis, leading to bone marrow failure and peripheral blood cytopenias.","MDS is a group of clonal hematopoietic stem cell disorders characterized by ineffective hematopoiesis, leading to bone marrow failure and peripheral blood cytopenias.","minimum data set is a group of clonal hematopoietic stem cell disorders characterized by ineffective hematopoiesis, leading to bone marrow failure and peripheral blood cytopenias.","PARTICIPANTS: Newly admitted residents between 1992 and 2002 (n=847,601) in selected states and 1,448,046 residents newly admitted to a U.S. nursing home in 2002 with height and weight documented on the minimum data set assessment.","PARTICIPANTS: Newly admitted residents between 1992 and 2002 (n=847,601) in selected states and 1,448,046 residents newly admitted to a U.S. nursing home in 2002 with height and weight documented on the MDS assessment.","PARTICIPANTS: Newly admitted residents between 1992 and 2002 (n=847,601) in selected states and 1,448,046 residents newly admitted to a U.S. nursing home in 2002 with height and weight documented on the myelodysplastic syndrome assessment."
MMF,"Recent studies have suggested some benefit with Mycophenolate mofetil, especially in hypertensive patients with kidney failure and proteinuria, though other studies have failed to corroborate these findings.","Recent studies have suggested some benefit with MMF, especially in hypertensive patients with kidney failure and proteinuria, though other studies have failed to corroborate these findings.","Recent studies have suggested some benefit with maxillomandibular fixation, especially in hypertensive patients with kidney failure and proteinuria, though other studies have failed to corroborate these findings.",PURPOSE: This study was aimed to determine whether a short period of maxillomandibular fixation followed by an arch bar splint wired to the lower jaw is a suitable alternative to conventional MMF for treatment of fractures of the mandibular tooth-bearing area.,PURPOSE: This study was aimed to determine whether a short period of MMF followed by an arch bar splint wired to the lower jaw is a suitable alternative to conventional MMF for treatment of fractures of the mandibular tooth-bearing area.,PURPOSE: This study was aimed to determine whether a short period of Mycophenolate mofetil followed by an arch bar splint wired to the lower jaw is a suitable alternative to conventional MMF for treatment of fractures of the mandibular tooth-bearing area.
MMF,"OBJECTIVE: The prophylactic use of the immunosuppressant prodrug, Mycophenolate mofetil to prevent graft rejection in renal transplant patients is continuing to increase.","OBJECTIVE: The prophylactic use of the immunosuppressant prodrug, MMF to prevent graft rejection in renal transplant patients is continuing to increase.","OBJECTIVE: The prophylactic use of the immunosuppressant prodrug, maxillomandibular fixation to prevent graft rejection in renal transplant patients is continuing to increase.","Historically, treatment of mandible fractures included intraoperative maxillomandibular fixation along with rigid internal fixation.","Historically, treatment of mandible fractures included intraoperative MMF along with rigid internal fixation.","Historically, treatment of mandible fractures included intraoperative Mycophenolate mofetil along with rigid internal fixation."
MMF,"Markers of bone turnover, serum osteocalcin and urinary N-telopeptides, were measured over a 1-year period in 115 patients receiving either CsA or sirolimus as a primary therapy in combination with azathioprine and glucocorticoids (study A) or Mycophenolate mofetil and glucocorticoids (study B).","Markers of bone turnover, serum osteocalcin and urinary N-telopeptides, were measured over a 1-year period in 115 patients receiving either CsA or sirolimus as a primary therapy in combination with azathioprine and glucocorticoids (study A) or MMF and glucocorticoids (study B).","Markers of bone turnover, serum osteocalcin and urinary N-telopeptides, were measured over a 1-year period in 115 patients receiving either CsA or sirolimus as a primary therapy in combination with azathioprine and glucocorticoids (study A) or maxillomandibular fixation and glucocorticoids (study B).",The critical indication for submental intubation is the requirement for intraoperative maxillomandibular fixation in the presence of injuries that preclude nasal intubation and in a situation where a tracheostomy is not otherwise required.,The critical indication for submental intubation is the requirement for intraoperative MMF in the presence of injuries that preclude nasal intubation and in a situation where a tracheostomy is not otherwise required.,The critical indication for submental intubation is the requirement for intraoperative Mycophenolate mofetil in the presence of injuries that preclude nasal intubation and in a situation where a tracheostomy is not otherwise required.
MMF,"BACKGROUND: This is the 1-year report of a randomized, multicenter, clinical trial comparing the combination of sirolimus or Mycophenolate mofetil with tacrolimus-based immunosuppression in kidney transplantation.","BACKGROUND: This is the 1-year report of a randomized, multicenter, clinical trial comparing the combination of sirolimus or MMF with tacrolimus-based immunosuppression in kidney transplantation.","BACKGROUND: This is the 1-year report of a randomized, multicenter, clinical trial comparing the combination of sirolimus or maxillomandibular fixation with tacrolimus-based immunosuppression in kidney transplantation.","The comminuted regions were treated by closed reduction and maxillomandibular fixation in 35 fractures, open reduction with stable internal fixation in 146 fractures, and 17 were treated with external pin fixation.","The comminuted regions were treated by closed reduction and MMF in 35 fractures, open reduction with stable internal fixation in 146 fractures, and 17 were treated with external pin fixation.","The comminuted regions were treated by closed reduction and Mycophenolate mofetil in 35 fractures, open reduction with stable internal fixation in 146 fractures, and 17 were treated with external pin fixation."
MMF,"BACKGROUND: This 36-month, randomized, parallel-group study compared safety and efficacy of two doses of everolimus with Mycophenolate mofetil in de novo renal-transplant recipients.","BACKGROUND: This 36-month, randomized, parallel-group study compared safety and efficacy of two doses of everolimus with MMF in de novo renal-transplant recipients.","BACKGROUND: This 36-month, randomized, parallel-group study compared safety and efficacy of two doses of everolimus with maxillomandibular fixation in de novo renal-transplant recipients.","We recorded the mechanism of injury, time between injury and surgery, gender and age, temporary maxillomandibular fixation and its duration, and surgical approach.","We recorded the mechanism of injury, time between injury and surgery, gender and age, temporary MMF and its duration, and surgical approach.","We recorded the mechanism of injury, time between injury and surgery, gender and age, temporary Mycophenolate mofetil and its duration, and surgical approach."
MRA,"PATIENTS AND METHODS: magnetic resonance angiography was used to assess the diameter of the ascending aorta, aortic arch, and descending aorta in 28 patients with bicuspid aortic valves (mean age 30 +/- 9 years).","PATIENTS AND METHODS: MRA was used to assess the diameter of the ascending aorta, aortic arch, and descending aorta in 28 patients with bicuspid aortic valves (mean age 30 +/- 9 years).","PATIENTS AND METHODS: MR angiography was used to assess the diameter of the ascending aorta, aortic arch, and descending aorta in 28 patients with bicuspid aortic valves (mean age 30 +/- 9 years).",We evaluated magnetic susceptibility artifacts of nine types of vena cava filters in MR angiography at 1.0T ex vivo in order to assess the filters' compatibility with MRA .,We evaluated magnetic susceptibility artifacts of nine types of vena cava filters in MRA at 1.0T ex vivo in order to assess the filters' compatibility with MRA .,We evaluated magnetic susceptibility artifacts of nine types of vena cava filters in magnetic resonance angiography at 1.0T ex vivo in order to assess the filters' compatibility with MRA .
MRA,"Herein, we present and illustrate a method whereby regional curvatures can be estimated easily for sub-classes of human aneurysms based on clinically available data from magnetic resonance angiography.","Herein, we present and illustrate a method whereby regional curvatures can be estimated easily for sub-classes of human aneurysms based on clinically available data from MRA.","Herein, we present and illustrate a method whereby regional curvatures can be estimated easily for sub-classes of human aneurysms based on clinically available data from MR angiography.",We established an easy-to-use technique for performing contrast-enhanced carotid MR angiography with a commercial scanner.,We established an easy-to-use technique for performing contrast-enhanced carotid MRA with a commercial scanner.,We established an easy-to-use technique for performing contrast-enhanced carotid magnetic resonance angiography with a commercial scanner.
MRA,"magnetic resonance angiography showed a contained rupture of his distal abdominal aorta, and he underwent emergent endovascular repair.","MRA showed a contained rupture of his distal abdominal aorta, and he underwent emergent endovascular repair.","MR angiography showed a contained rupture of his distal abdominal aorta, and he underwent emergent endovascular repair.","It has various potential applications, such as MR angiography, where the signal itself is sparse.","It has various potential applications, such as MRA, where the signal itself is sparse.","It has various potential applications, such as magnetic resonance angiography, where the signal itself is sparse."
MRA,magnetic resonance angiography and mesenteric angiography were inconclusive.,MRA and mesenteric angiography were inconclusive.,MR angiography and mesenteric angiography were inconclusive.,PURPOSE: To design an ideal first-pass profile for MR angiography by optimizing a multiphasic injection protocol based on two experimental animal models.,PURPOSE: To design an ideal first-pass profile for MRA by optimizing a multiphasic injection protocol based on two experimental animal models.,PURPOSE: To design an ideal first-pass profile for magnetic resonance angiography by optimizing a multiphasic injection protocol based on two experimental animal models.
MRA,AIM: The purpose of the work was to assess the diagnostic significance of combined bolus magnetic resonance angiography and two-dimensional time-of-flight MRA of lower limb arteries as compared to radioangiography in patients with occlusive diseases of lower limb arteries.,AIM: The purpose of the work was to assess the diagnostic significance of combined bolus MRA and two-dimensional time-of-flight MRA of lower limb arteries as compared to radioangiography in patients with occlusive diseases of lower limb arteries.,AIM: The purpose of the work was to assess the diagnostic significance of combined bolus MR angiography and two-dimensional time-of-flight MRA of lower limb arteries as compared to radioangiography in patients with occlusive diseases of lower limb arteries.,Non-contrast venous MR angiography was performed to analyse intracranial drainage patterns of the SS in relation to the side of the IJVVI.,Non-contrast venous MRA was performed to analyse intracranial drainage patterns of the SS in relation to the side of the IJVVI.,Non-contrast venous magnetic resonance angiography was performed to analyse intracranial drainage patterns of the SS in relation to the side of the IJVVI.
MRCP,The aim of this study was to evaluate Magnetic resonance cholangiopancreatography in detecting choledocholithiasis in this group of patients.,The aim of this study was to evaluate MRCP in detecting choledocholithiasis in this group of patients.,The aim of this study was to evaluate MR cholangiopancreatography in detecting choledocholithiasis in this group of patients.,"METHODS: MR multi-imaging techniques, including MR cross-sectional imaging, MR cholangiopancreatography and 3D dynamic contrast-enhanced MR angiography (3D DCE MRA), were performed to make prospective diagnosis and preoperative evaluation in 28 patients with suspected pancreaticobiliary tumors.","METHODS: MR multi-imaging techniques, including MR cross-sectional imaging, MRCP and 3D dynamic contrast-enhanced MR angiography (3D DCE MRA), were performed to make prospective diagnosis and preoperative evaluation in 28 patients with suspected pancreaticobiliary tumors.","METHODS: MR multi-imaging techniques, including MR cross-sectional imaging, Magnetic resonance cholangiopancreatography and 3D dynamic contrast-enhanced MR angiography (3D DCE MRA), were performed to make prospective diagnosis and preoperative evaluation in 28 patients with suspected pancreaticobiliary tumors."
MRCP,PURPOSE: To assess image quality and duct morphology on Magnetic resonance cholangiopancreatography and also the value of additional T2- and T1-weighted sequences for differentiation of benignity and malignancy in patients with suspected pancreatic tumors.,PURPOSE: To assess image quality and duct morphology on MRCP and also the value of additional T2- and T1-weighted sequences for differentiation of benignity and malignancy in patients with suspected pancreatic tumors.,PURPOSE: To assess image quality and duct morphology on MR cholangiopancreatography and also the value of additional T2- and T1-weighted sequences for differentiation of benignity and malignancy in patients with suspected pancreatic tumors.,OBJECTIVE: The aim of this study was to show the usefulness of MR cholangiopancreatography in demonstrating biliary system pathologies in patients with a history of vagotomy and Billroth II operations.,OBJECTIVE: The aim of this study was to show the usefulness of MRCP in demonstrating biliary system pathologies in patients with a history of vagotomy and Billroth II operations.,OBJECTIVE: The aim of this study was to show the usefulness of Magnetic resonance cholangiopancreatography in demonstrating biliary system pathologies in patients with a history of vagotomy and Billroth II operations.
MRCP,"Magnetic resonance cholangiopancreatography was performed and revealed areas of irregularity and slight attenuation of the right and left hepatic ducts, representing stricturing, in keeping with PSC.","MRCP was performed and revealed areas of irregularity and slight attenuation of the right and left hepatic ducts, representing stricturing, in keeping with PSC.","MR cholangiopancreatography was performed and revealed areas of irregularity and slight attenuation of the right and left hepatic ducts, representing stricturing, in keeping with PSC.",PURPOSE: To establish the diagnostic accuracy of MRI including MR cholangiopancreatography compared with helical CT in the differentiation of malignant and benign lesions in the periampullary region.,PURPOSE: To establish the diagnostic accuracy of MRI including MRCP compared with helical CT in the differentiation of malignant and benign lesions in the periampullary region.,PURPOSE: To establish the diagnostic accuracy of MRI including Magnetic resonance cholangiopancreatography compared with helical CT in the differentiation of malignant and benign lesions in the periampullary region.
MRCP,To compare the results achieved during the first two years of use (1999-2000) of Magnetic resonance cholangiopancreatography in patients with suspected choledocholithiasis with those achieved during the following two years (2001-2002) in order to establish the repeatability and objectivity of MRCP results.,To compare the results achieved during the first two years of use (1999-2000) of MRCP in patients with suspected choledocholithiasis with those achieved during the following two years (2001-2002) in order to establish the repeatability and objectivity of MRCP results.,To compare the results achieved during the first two years of use (1999-2000) of MR cholangiopancreatography in patients with suspected choledocholithiasis with those achieved during the following two years (2001-2002) in order to establish the repeatability and objectivity of MRCP results.,The current imaging technique and clinical application of MR cholangiopancreatography is reviewed.,The current imaging technique and clinical application of MRCP is reviewed.,The current imaging technique and clinical application of Magnetic resonance cholangiopancreatography is reviewed.
MRCP,Magnetic resonance cholangiopancreatography demonstrated obstruction of the midportion of the bile duct.,MRCP demonstrated obstruction of the midportion of the bile duct.,MR cholangiopancreatography demonstrated obstruction of the midportion of the bile duct.,"The imageological methods included B-US, CT, ERCP, PTC, cross-sectional MRI and MR cholangiopancreatography.","The imageological methods included B-US, CT, ERCP, PTC, cross-sectional MRI and MRCP.","The imageological methods included B-US, CT, ERCP, PTC, cross-sectional MRI and Magnetic resonance cholangiopancreatography."
MRSA,PURPOSE: To describe bilateral blindness resulting from infection with community-acquired Methicillin-resistant Staphylococcus aureus.,PURPOSE: To describe bilateral blindness resulting from infection with community-acquired MRSA.,PURPOSE: To describe bilateral blindness resulting from infection with community-acquired methicillin-resistant.,"This method was used for typing of 31 Staphylococcus aureus methicillin-resistant strains; of these, 27 were clinical isolates obtained in hospitals of different cities of Russia and Belarus and 4 were international epidemic strains E MRSA -1, -2, -3, -12.","This method was used for typing of 31 Staphylococcus aureus MRSA strains; of these, 27 were clinical isolates obtained in hospitals of different cities of Russia and Belarus and 4 were international epidemic strains E MRSA -1, -2, -3, -12.","This method was used for typing of 31 Staphylococcus aureus Methicillin-resistant Staphylococcus aureus strains; of these, 27 were clinical isolates obtained in hospitals of different cities of Russia and Belarus and 4 were international epidemic strains E MRSA -1, -2, -3, -12."
MRSA,"Since first described In 1961, Methicillin-resistant Staphylococcus aureus has become a common nosocomial pathogen.","Since first described In 1961, MRSA has become a common nosocomial pathogen.","Since first described In 1961, methicillin-resistant has become a common nosocomial pathogen.",Staphylococcus aureus was identified in 50% of SSIs; 59% of these isolates were methicillin-resistant.,Staphylococcus aureus was identified in 50% of SSIs; 59% of these isolates were MRSA.,Staphylococcus aureus was identified in 50% of SSIs; 59% of these isolates were Methicillin-resistant Staphylococcus aureus.
MRSA,"Arbekacin, an aminoglycoside antibiotic, is the drug of choice for the treatment of infection caused by Methicillin-resistant Staphylococcus aureus.","Arbekacin, an aminoglycoside antibiotic, is the drug of choice for the treatment of infection caused by MRSA.","Arbekacin, an aminoglycoside antibiotic, is the drug of choice for the treatment of infection caused by methicillin-resistant.","In 29 NI, 33 micro-organisms were isolated; the most frequent (24.3%) was Staphylococcus aureus, which was methicillin-resistant in 75% of the strains.","In 29 NI, 33 micro-organisms were isolated; the most frequent (24.3%) was Staphylococcus aureus, which was MRSA in 75% of the strains.","In 29 NI, 33 micro-organisms were isolated; the most frequent (24.3%) was Staphylococcus aureus, which was Methicillin-resistant Staphylococcus aureus in 75% of the strains."
MRSA,The effect of increasing prevalence of Methicillin-resistant Staphylococcus aureus on attainment of bactericidal targets was tested.,The effect of increasing prevalence of MRSA on attainment of bactericidal targets was tested.,The effect of increasing prevalence of methicillin-resistant on attainment of bactericidal targets was tested.,Staphylococcus aureus was the most common isolate overall (28%); 26% of these were methicillin-resistant.,Staphylococcus aureus was the most common isolate overall (28%); 26% of these were MRSA.,Staphylococcus aureus was the most common isolate overall (28%); 26% of these were Methicillin-resistant Staphylococcus aureus.
MRSA,"Methicillin-resistant Staphylococcus aureus was isolated from 6.8% (7/102) of ICU patient's files, whereas only 1.1% (1/89) of patient's files in surgical wards were contaminated with MRSA (OR, 6.484; 95% CI: 3.215-13.463; P<.0001).","MRSA was isolated from 6.8% (7/102) of ICU patient's files, whereas only 1.1% (1/89) of patient's files in surgical wards were contaminated with MRSA (OR, 6.484; 95% CI: 3.215-13.463; P<.0001).","methicillin-resistant was isolated from 6.8% (7/102) of ICU patient's files, whereas only 1.1% (1/89) of patient's files in surgical wards were contaminated with MRSA (OR, 6.484; 95% CI: 3.215-13.463; P<.0001).","For patients with leg ulcers, S aureus grew in 67% of isolates (48/72) of which 75% (36/48) were methicillin-resistant.","For patients with leg ulcers, S aureus grew in 67% of isolates (48/72) of which 75% (36/48) were MRSA.","For patients with leg ulcers, S aureus grew in 67% of isolates (48/72) of which 75% (36/48) were Methicillin-resistant Staphylococcus aureus."
MTP,microsomal triglyceride transfer protein is a carrier of triglyceride essential for the assembly of apolipoprotein (apo)B-containing lipoproteins by the liver and the small intestine.,MTP is a carrier of triglyceride essential for the assembly of apolipoprotein (apo)B-containing lipoproteins by the liver and the small intestine.,mitochondrial transmembrane potential is a carrier of triglyceride essential for the assembly of apolipoprotein (apo)B-containing lipoproteins by the liver and the small intestine.,"Fourth, paraquat dissipated mitochondrial transmembrane potential.","Fourth, paraquat dissipated MTP.","Fourth, paraquat dissipated microsomal triglyceride transfer protein."
MTP,microsomal triglyceride transfer protein is necessary for hepatocyte assembly and secretion of apolipoprotein (apo)B100-containing lipoproteins.,MTP is necessary for hepatocyte assembly and secretion of apolipoprotein (apo)B100-containing lipoproteins.,mitochondrial transmembrane potential is necessary for hepatocyte assembly and secretion of apolipoprotein (apo)B100-containing lipoproteins.,"mitochondrial transmembrane potential was measured by a cationic dye, and cytochrome c leakage from mitochondria was analyzed by Western blot analysis.","MTP was measured by a cationic dye, and cytochrome c leakage from mitochondria was analyzed by Western blot analysis.","microsomal triglyceride transfer protein was measured by a cationic dye, and cytochrome c leakage from mitochondria was analyzed by Western blot analysis."
MTP,No association between microsomal triglyceride transfer protein haplotype and longevity in humans.,No association between MTP haplotype and longevity in humans.,No association between mitochondrial transmembrane potential haplotype and longevity in humans.,mitochondrial transmembrane potential was determined in whole cells as well as in isolated mitochondria.,MTP was determined in whole cells as well as in isolated mitochondria.,microsomal triglyceride transfer protein was determined in whole cells as well as in isolated mitochondria.
MTP,"However, it is now clear that microsomal triglyceride transfer protein exists in species whose last common ancestor diverged over 550 million years ago.","However, it is now clear that MTP exists in species whose last common ancestor diverged over 550 million years ago.","However, it is now clear that mitochondrial transmembrane potential exists in species whose last common ancestor diverged over 550 million years ago.",The change of relative mitochondrial transmembrane potential in COLO 205 cell was analyzed with FCM after rhodamine 123 staining.,The change of relative MTP in COLO 205 cell was analyzed with FCM after rhodamine 123 staining.,The change of relative microsomal triglyceride transfer protein in COLO 205 cell was analyzed with FCM after rhodamine 123 staining.
MTP,"The microsomal triglyceride transfer protein, along with its partner, protein disulphide isomerase, performs a wide range of lipid transport functions necessary for maintenance of whole-body lipid homeostasis.","The MTP, along with its partner, protein disulphide isomerase, performs a wide range of lipid transport functions necessary for maintenance of whole-body lipid homeostasis.","The mitochondrial transmembrane potential, along with its partner, protein disulphide isomerase, performs a wide range of lipid transport functions necessary for maintenance of whole-body lipid homeostasis.",The aim of the present study was to elucidate the effect of the intracellularly produced ROS on mitochondrial transmembrane potential in mouse (C57BL/6) peritoneal resident macrophages stimulated with PMA.,The aim of the present study was to elucidate the effect of the intracellularly produced ROS on MTP in mouse (C57BL/6) peritoneal resident macrophages stimulated with PMA.,The aim of the present study was to elucidate the effect of the intracellularly produced ROS on microsomal triglyceride transfer protein in mouse (C57BL/6) peritoneal resident macrophages stimulated with PMA.
MVA,The mean calculated mitral valve area increased from 0.72 0.14 to 1.7 0.35 cm(2) (P 0.0001).,The mean calculated MVA increased from 0.72 0.14 to 1.7 0.35 cm(2) (P 0.0001).,The mean calculated Modified vaccinia virus Ankara increased from 0.72 0.14 to 1.7 0.35 cm(2) (P 0.0001).,Candidate new-generation smallpox vaccines such as the replication-defective Modified vaccinia virus Ankara produce very few adverse events in experimental animals and in limited human clinical trials conducted near the end of the smallpox eradication campaign.,Candidate new-generation smallpox vaccines such as the replication-defective MVA produce very few adverse events in experimental animals and in limited human clinical trials conducted near the end of the smallpox eradication campaign.,Candidate new-generation smallpox vaccines such as the replication-defective mitral valve area produce very few adverse events in experimental animals and in limited human clinical trials conducted near the end of the smallpox eradication campaign.
MVA,"RESULTS: After BMV, the mitral valve area increased from 1.0 +/- 0.2 cm2 to 1.6 +/- 0.4 cm2 after SC compared with 1.0 +/- 0.3 cm2 to 1.8 +/- 0.4 cm2 without SC.","RESULTS: After BMV, the MVA increased from 1.0 +/- 0.2 cm2 to 1.6 +/- 0.4 cm2 after SC compared with 1.0 +/- 0.3 cm2 to 1.8 +/- 0.4 cm2 without SC.","RESULTS: After BMV, the Modified vaccinia virus Ankara increased from 1.0 +/- 0.2 cm2 to 1.6 +/- 0.4 cm2 after SC compared with 1.0 +/- 0.3 cm2 to 1.8 +/- 0.4 cm2 without SC.","Here, Modified vaccinia virus Ankara mutants defective in IL1betaR production were produced by insertion of selectable marker gene sequences that precisely deleted the IL1betaR coding sequences from the MVA genome ( MVA -DeltaIL1betaR).","Here, MVA mutants defective in IL1betaR production were produced by insertion of selectable marker gene sequences that precisely deleted the IL1betaR coding sequences from the MVA genome ( MVA -DeltaIL1betaR).","Here, mitral valve area mutants defective in IL1betaR production were produced by insertion of selectable marker gene sequences that precisely deleted the IL1betaR coding sequences from the MVA genome ( MVA -DeltaIL1betaR)."
MVA,Enrolled patients had a Wilkins echocardiographic score mitral valve area of 0.94+/-0.19 cm(2).,Enrolled patients had a Wilkins echocardiographic score MVA of 0.94+/-0.19 cm(2).,Enrolled patients had a Wilkins echocardiographic score Modified vaccinia virus Ankara of 0.94+/-0.19 cm(2).,"Modified vaccinia virus Ankara, a highly attenuated replication-deficient strain of VV, has been proven to be safe in humans and immunocompromised animals, and its efficacy against smallpox is currently being addressed.","MVA, a highly attenuated replication-deficient strain of VV, has been proven to be safe in humans and immunocompromised animals, and its efficacy against smallpox is currently being addressed.","mitral valve area, a highly attenuated replication-deficient strain of VV, has been proven to be safe in humans and immunocompromised animals, and its efficacy against smallpox is currently being addressed."
MVA,"The mitral valve area at pre-PTMC, post-PTMC and pre-MVR was 1.02+/-0.48 cm2, 1.55+/-0.59 cm2, 1.04+/-0.23 cm2, respectively.","The MVA at pre-PTMC, post-PTMC and pre-MVR was 1.02+/-0.48 cm2, 1.55+/-0.59 cm2, 1.04+/-0.23 cm2, respectively.","The Modified vaccinia virus Ankara at pre-PTMC, post-PTMC and pre-MVR was 1.02+/-0.48 cm2, 1.55+/-0.59 cm2, 1.04+/-0.23 cm2, respectively.","In this study, we generated a SARS vaccine candidate by using the live-attenuated Modified vaccinia virus Ankara as a vector.","In this study, we generated a SARS vaccine candidate by using the live-attenuated MVA as a vector.","In this study, we generated a SARS vaccine candidate by using the live-attenuated mitral valve area as a vector."
MVA,OBJECTIVES: Our aim was to assess which echo-Doppler method has the best agreement with the mitral valve area invasively evaluated by the Gorlin's formula.,OBJECTIVES: Our aim was to assess which echo-Doppler method has the best agreement with the MVA invasively evaluated by the Gorlin's formula.,OBJECTIVES: Our aim was to assess which echo-Doppler method has the best agreement with the Modified vaccinia virus Ankara invasively evaluated by the Gorlin's formula.,Modified vaccinia virus Ankara is a highly attenuated virus strain being developed as a vaccine for delivery of viral and recombinant antigens.,MVA is a highly attenuated virus strain being developed as a vaccine for delivery of viral and recombinant antigens.,mitral valve area is a highly attenuated virus strain being developed as a vaccine for delivery of viral and recombinant antigens.
NOS,Pravastatin activates platelet nitric oxide synthase in patients with type 2 diabetes mellitus and NOS activation is accompanied by serine phosphorylation.,Pravastatin activates platelet NOS in patients with type 2 diabetes mellitus and NOS activation is accompanied by serine phosphorylation.,Pravastatin activates platelet not otherwise specified in patients with type 2 diabetes mellitus and NOS activation is accompanied by serine phosphorylation.,"RESULTS: The most common DSM-IV diag NOS is at study entry was major depression, followed by anxiety disorder not otherwise specified, and social phobia.","RESULTS: The most common DSM-IV diag NOS is at study entry was major depression, followed by anxiety disorder NOS, and social phobia.","RESULTS: The most common DSM-IV diag NOS is at study entry was major depression, followed by anxiety disorder nitric oxide synthase, and social phobia."
NOS,"All compounds were injected i.p., nitric oxide synthase inhibitors, alpha-helical CRH antagonist and vasopressin receptor antagonist 15 min before IL-1beta or nicotine.","All compounds were injected i.p., NOS inhibitors, alpha-helical CRH antagonist and vasopressin receptor antagonist 15 min before IL-1beta or nicotine.","All compounds were injected i.p., not otherwise specified inhibitors, alpha-helical CRH antagonist and vasopressin receptor antagonist 15 min before IL-1beta or nicotine.","METHODS: Surveillance, Epidemiology, and End Results melanoma incidence data for whites were obtained for 1988 through 1999 and stratified according to histologic subtype: lentigo maligna melanoma, superficial spreading melanoma, nodular melanoma, other, and not otherwise specified; thickness: 0-0.99 mm, 1.00 mm-1.99 mm, and > or =2.0 mm; patient age (0-49, 50+); gender; and year (1988-1991, 1992-1995, 1996-1999).","METHODS: Surveillance, Epidemiology, and End Results melanoma incidence data for whites were obtained for 1988 through 1999 and stratified according to histologic subtype: lentigo maligna melanoma, superficial spreading melanoma, nodular melanoma, other, and NOS; thickness: 0-0.99 mm, 1.00 mm-1.99 mm, and > or =2.0 mm; patient age (0-49, 50+); gender; and year (1988-1991, 1992-1995, 1996-1999).","METHODS: Surveillance, Epidemiology, and End Results melanoma incidence data for whites were obtained for 1988 through 1999 and stratified according to histologic subtype: lentigo maligna melanoma, superficial spreading melanoma, nodular melanoma, other, and nitric oxide synthase; thickness: 0-0.99 mm, 1.00 mm-1.99 mm, and > or =2.0 mm; patient age (0-49, 50+); gender; and year (1988-1991, 1992-1995, 1996-1999)."
NOS,"L-NAME (2 mg/kg), a general nitric oxide synthase inhibitor, considerably reduced the ACTH and corticosterone response to IL-1beta (0.5 microg/rat) the same extent in control and crowded rats.","L-NAME (2 mg/kg), a general NOS inhibitor, considerably reduced the ACTH and corticosterone response to IL-1beta (0.5 microg/rat) the same extent in control and crowded rats.","L-NAME (2 mg/kg), a general not otherwise specified inhibitor, considerably reduced the ACTH and corticosterone response to IL-1beta (0.5 microg/rat) the same extent in control and crowded rats.","Nodular melanoma comprised 9% of all recorded cases but 34% of melanomas 2 mm or larger, including melanoma not otherwise specified, and nearly 50% of all melanomas 2 mm or larger when NOS cases were excluded.","Nodular melanoma comprised 9% of all recorded cases but 34% of melanomas 2 mm or larger, including melanoma NOS, and nearly 50% of all melanomas 2 mm or larger when NOS cases were excluded.","Nodular melanoma comprised 9% of all recorded cases but 34% of melanomas 2 mm or larger, including melanoma nitric oxide synthase, and nearly 50% of all melanomas 2 mm or larger when NOS cases were excluded."
NOS,"nitric oxide synthase is amongst a family of evolutionarily conserved enzymes, involved in a multi-turnover process that results in NO as a product.","NOS is amongst a family of evolutionarily conserved enzymes, involved in a multi-turnover process that results in NO as a product.","not otherwise specified is amongst a family of evolutionarily conserved enzymes, involved in a multi-turnover process that results in NO as a product.","A familial history of NHL significantly increased the risk for NHL (SIRparent = 1.8; SIRsibling = 1.9) and for diffuse large B-cell lymphoma (SIRparent = 2.3), follicular lymphoma (SIRsibling = 2.3), and B-cell lymphoma not otherwise specified (SIRsibling = 3.4).","A familial history of NHL significantly increased the risk for NHL (SIRparent = 1.8; SIRsibling = 1.9) and for diffuse large B-cell lymphoma (SIRparent = 2.3), follicular lymphoma (SIRsibling = 2.3), and B-cell lymphoma NOS (SIRsibling = 3.4).","A familial history of NHL significantly increased the risk for NHL (SIRparent = 1.8; SIRsibling = 1.9) and for diffuse large B-cell lymphoma (SIRparent = 2.3), follicular lymphoma (SIRsibling = 2.3), and B-cell lymphoma nitric oxide synthase (SIRsibling = 3.4)."
NOS,"Myenteric neurons were isolated and cultured for 6 days in medium, in LPS (100 ng/ml) with or without alpha-ketoglutarate or the nitric oxide synthase inhibitor L-NAME, in alpha-ketoglutarate or in the NO donor SNAP.","Myenteric neurons were isolated and cultured for 6 days in medium, in LPS (100 ng/ml) with or without alpha-ketoglutarate or the NOS inhibitor L-NAME, in alpha-ketoglutarate or in the NO donor SNAP.","Myenteric neurons were isolated and cultured for 6 days in medium, in LPS (100 ng/ml) with or without alpha-ketoglutarate or the not otherwise specified inhibitor L-NAME, in alpha-ketoglutarate or in the NO donor SNAP.","Steroid cell tumors, not otherwise specified, in an accessory ovary: a case report and literature review.","Steroid cell tumors, NOS, in an accessory ovary: a case report and literature review.","Steroid cell tumors, nitric oxide synthase, in an accessory ovary: a case report and literature review."
NPH,"In the present case study, the effects of methylphenidate on cognitive and behavioural function were examined in a single patient with idiopathic normal pressure hydrocephalus who had undergone ventriculoperitoneal shunting.","In the present case study, the effects of methylphenidate on cognitive and behavioural function were examined in a single patient with idiopathic NPH who had undergone ventriculoperitoneal shunting.","In the present case study, the effects of methylphenidate on cognitive and behavioural function were examined in a single patient with idiopathic neutral protamine Hagedorn who had undergone ventriculoperitoneal shunting.","METHODS: The electronic medical records were reviewed for patients under age 6 during the first 6 months of insulin glargine therapy and compared with age, sex, and duration of diabetes for matched control patients on neutral protamine Hagedorn insulin.","METHODS: The electronic medical records were reviewed for patients under age 6 during the first 6 months of insulin glargine therapy and compared with age, sex, and duration of diabetes for matched control patients on NPH insulin.","METHODS: The electronic medical records were reviewed for patients under age 6 during the first 6 months of insulin glargine therapy and compared with age, sex, and duration of diabetes for matched control patients on normal pressure hydrocephalus insulin."
NPH,Resistance to the outflow of cerebrospinal fluid (R(out)) and the slope of the amplitude pressure regression line (AMP/P) were calculated in 62 patients diagnosed with posttraumatic normal pressure hydrocephalus.,Resistance to the outflow of cerebrospinal fluid (R(out)) and the slope of the amplitude pressure regression line (AMP/P) were calculated in 62 patients diagnosed with posttraumatic NPH.,Resistance to the outflow of cerebrospinal fluid (R(out)) and the slope of the amplitude pressure regression line (AMP/P) were calculated in 62 patients diagnosed with posttraumatic neutral protamine Hagedorn.,Fasting plasma glucose and fasting blood glucose levels generally improved to a greater extent in patients with type 1 diabetes mellitus receiving insulin glargine than patients who administered neutral protamine Hagedorn insulin.,Fasting plasma glucose and fasting blood glucose levels generally improved to a greater extent in patients with type 1 diabetes mellitus receiving insulin glargine than patients who administered NPH insulin.,Fasting plasma glucose and fasting blood glucose levels generally improved to a greater extent in patients with type 1 diabetes mellitus receiving insulin glargine than patients who administered normal pressure hydrocephalus insulin.
NPH,"We addressed this issue by determining the cellular composition of lumbar CSF from patients with normal pressure hydrocephalus who were undergoing lumbar CSF drainage during evaluation for shunting procedures, and evaluating ventricular CSF from a subset of these who underwent subsequent placement of ventriculoperitoneal shunts.","We addressed this issue by determining the cellular composition of lumbar CSF from patients with NPH who were undergoing lumbar CSF drainage during evaluation for shunting procedures, and evaluating ventricular CSF from a subset of these who underwent subsequent placement of ventriculoperitoneal shunts.","We addressed this issue by determining the cellular composition of lumbar CSF from patients with neutral protamine Hagedorn who were undergoing lumbar CSF drainage during evaluation for shunting procedures, and evaluating ventricular CSF from a subset of these who underwent subsequent placement of ventriculoperitoneal shunts.","Insulin detemir has a more predictable, protracted, and consistent effect on blood glucose than neutral protamine Hagedorn insulin, with less intrapatient variability in glycemic control than NPH insulin or insulin glargine.","Insulin detemir has a more predictable, protracted, and consistent effect on blood glucose than NPH insulin, with less intrapatient variability in glycemic control than NPH insulin or insulin glargine.","Insulin detemir has a more predictable, protracted, and consistent effect on blood glucose than normal pressure hydrocephalus insulin, with less intrapatient variability in glycemic control than NPH insulin or insulin glargine."
NPH,"normal pressure hydrocephalus or, more precisely, chronic adult hydrocephalus, is a complex condition.","NPH or, more precisely, chronic adult hydrocephalus, is a complex condition.","neutral protamine Hagedorn or, more precisely, chronic adult hydrocephalus, is a complex condition.","This study investigated the neuroanatomical location, direction, and magnitude of CNS neuronal genomic activation by singular versus repeated induction of hypoglycemic bouts of greater than 6 h duration achieved by administration of the intermediate-acting insulin, humulin neutral protamine Hagedorn.","This study investigated the neuroanatomical location, direction, and magnitude of CNS neuronal genomic activation by singular versus repeated induction of hypoglycemic bouts of greater than 6 h duration achieved by administration of the intermediate-acting insulin, humulin NPH.","This study investigated the neuroanatomical location, direction, and magnitude of CNS neuronal genomic activation by singular versus repeated induction of hypoglycemic bouts of greater than 6 h duration achieved by administration of the intermediate-acting insulin, humulin normal pressure hydrocephalus."
NPH,normal pressure hydrocephalus is considered to be an example of reversible dementia although the clinical improvement after shunting varies from subject to subject.,NPH is considered to be an example of reversible dementia although the clinical improvement after shunting varies from subject to subject.,neutral protamine Hagedorn is considered to be an example of reversible dementia although the clinical improvement after shunting varies from subject to subject.,"This subgroup analysis of a multicenter, randomized, parallel study compared insulin glargine (Lantus Aventis Pharmaceuticals, Bridgewater, NJ) with neutral protamine Hagedorn insulin in patients with type 2 diabetes, evaluating only patients treated previously with once-daily NPH insulin.","This subgroup analysis of a multicenter, randomized, parallel study compared insulin glargine (Lantus Aventis Pharmaceuticals, Bridgewater, NJ) with NPH insulin in patients with type 2 diabetes, evaluating only patients treated previously with once-daily NPH insulin.","This subgroup analysis of a multicenter, randomized, parallel study compared insulin glargine (Lantus Aventis Pharmaceuticals, Bridgewater, NJ) with normal pressure hydrocephalus insulin in patients with type 2 diabetes, evaluating only patients treated previously with once-daily NPH insulin."
NST,"Previous studies have shown a modulatory influence of limbic forebrain areas, such as the central nucleus of the amygdala and lateral hypothalamus, on the activity of taste-responsive cells in the nucleus of the solitary tract.","Previous studies have shown a modulatory influence of limbic forebrain areas, such as the central nucleus of the amygdala and lateral hypothalamus, on the activity of taste-responsive cells in the NST.","Previous studies have shown a modulatory influence of limbic forebrain areas, such as the central nucleus of the amygdala and lateral hypothalamus, on the activity of taste-responsive cells in the nonstress test.",OBJECTIVE: Our purpose was to the compare fetal heart reaction to external physical stimulation with the no NST ress test.,OBJECTIVE: Our purpose was to the compare fetal heart reaction to external physical stimulation with the no NST ress test NST.,OBJECTIVE: Our purpose was to the compare fetal heart reaction to external physical stimulation with the no NST ress test.
NST,The nucleus of the solitary tract processes substantial visceral afferent input and sends divergent projections to a wide array of CNS targets.,The NST processes substantial visceral afferent input and sends divergent projections to a wide array of CNS targets.,The nonstress test processes substantial visceral afferent input and sends divergent projections to a wide array of CNS targets.,"In all cases, UA and Ut.A Doppler velocimetries were performed, as well as a no NST ress test.","In all cases, UA and Ut.A Doppler velocimetries were performed, as well as a no NST ress test NST.","In all cases, UA and Ut.A Doppler velocimetries were performed, as well as a no NST ress test."
NST,Taste-evoked neural responses in the nucleus of the solitary tract are subject to both excitatory and inhibitory modulation by physiological conditions that influence ingestion.,Taste-evoked neural responses in the NST are subject to both excitatory and inhibitory modulation by physiological conditions that influence ingestion.,Taste-evoked neural responses in the nonstress test are subject to both excitatory and inhibitory modulation by physiological conditions that influence ingestion.,OBJECTIVE: The purpose of this study was to evaluate the utility of the no NST ress test in preeclampsia.,OBJECTIVE: The purpose of this study was to evaluate the utility of the no NST ress test NST in preeclampsia.,OBJECTIVE: The purpose of this study was to evaluate the utility of the no NST ress test in preeclampsia.
NST,Reco NST ructions indicated that inferior salivatory neurons extend in a rostral-caudal distribution just adjacent to the medial border of the nucleus of the solitary tract.,Reco NST ructions indicated that inferior salivatory neurons extend in a rostral-caudal distribution just adjacent to the medial border of the NST.,Reco NST ructions indicated that inferior salivatory neurons extend in a rostral-caudal distribution just adjacent to the medial border of the nonstress test.,The test was compared with the BPP and no NST ress test for predicting abnormal outcome.,The test was compared with the BPP and no NST ress test NST for predicting abnormal outcome.,The test was compared with the BPP and no NST ress test for predicting abnormal outcome.
NST,"Behavioral, autonomic, and endocrine outputs of the CNS are subject to important feedback modulation by viscerosensory signals that are conveyed initially to the hindbrain nucleus of the solitary tract.","Behavioral, autonomic, and endocrine outputs of the CNS are subject to important feedback modulation by viscerosensory signals that are conveyed initially to the hindbrain NST.","Behavioral, autonomic, and endocrine outputs of the CNS are subject to important feedback modulation by viscerosensory signals that are conveyed initially to the hindbrain nonstress test.","no NST ress test was carried out with the patient lying on her left side, and was defined as reactive if at least two accelerations of 15 beats/min (bpm) or more lasting 15 sec were observed in a 20-min period.","no NST ress test NST was carried out with the patient lying on her left side, and was defined as reactive if at least two accelerations of 15 beats/min (bpm) or more lasting 15 sec were observed in a 20-min period.","no NST ress test was carried out with the patient lying on her left side, and was defined as reactive if at least two accelerations of 15 beats/min (bpm) or more lasting 15 sec were observed in a 20-min period."
NTD,"neural tube defects, with a birth incidence of approximately 1/1000 in American Caucasians, are the second most common type of birth defect after congenital heart defects.","NTD, with a birth incidence of approximately 1/1000 in American Caucasians, are the second most common type of birth defect after congenital heart defects.","N-terminal domain, with a birth incidence of approximately 1/1000 in American Caucasians, are the second most common type of birth defect after congenital heart defects.","The extracellular N-terminal domain is the largest region of NMDA receptors; however, biological roles for this ectodomain remain unknown.","The extracellular NTD is the largest region of NMDA receptors; however, biological roles for this ectodomain remain unknown.","The extracellular neural tube defects is the largest region of NMDA receptors; however, biological roles for this ectodomain remain unknown."
NTD,"We have shown that neural tube defects in a mouse model of diabetic embryopathy are associated with deficient expression of Pax3, a gene required for neural tube closure.","We have shown that NTD in a mouse model of diabetic embryopathy are associated with deficient expression of Pax3, a gene required for neural tube closure.","We have shown that N-terminal domain in a mouse model of diabetic embryopathy are associated with deficient expression of Pax3, a gene required for neural tube closure.",Eukaryotic ionotropic glutamate receptor subunits possess a large N-terminal domain distinct from the neighboring agonist-binding domain.,Eukaryotic ionotropic glutamate receptor subunits possess a large NTD distinct from the neighboring agonist-binding domain.,Eukaryotic ionotropic glutamate receptor subunits possess a large neural tube defects distinct from the neighboring agonist-binding domain.
NTD,Daily consumption of 400 microg folic acid prior to conception and during early pregnancy is recommended for the prevention of neural tube defects.,Daily consumption of 400 microg folic acid prior to conception and during early pregnancy is recommended for the prevention of NTD.,Daily consumption of 400 microg folic acid prior to conception and during early pregnancy is recommended for the prevention of N-terminal domain.,The cytoplasmically oriented nuclear pore protein Nup159 plays a critical role in mRNA export through its conserved N-terminal domain.,The cytoplasmically oriented nuclear pore protein Nup159 plays a critical role in mRNA export through its conserved NTD.,The cytoplasmically oriented nuclear pore protein Nup159 plays a critical role in mRNA export through its conserved neural tube defects.
NTD,"Each year, more than 4500 pregnancies in the European Union are affected by neural tube defects.","Each year, more than 4500 pregnancies in the European Union are affected by NTD.","Each year, more than 4500 pregnancies in the European Union are affected by N-terminal domain.","The conserved Spt16 N-terminal domain is shown to be without essential function during normal growth, but becomes important under conditions of replication stress.","The conserved Spt16 NTD is shown to be without essential function during normal growth, but becomes important under conditions of replication stress.","The conserved Spt16 neural tube defects is shown to be without essential function during normal growth, but becomes important under conditions of replication stress."
NTD,"Research from the author's laboratory has shown that expression of Pax3, a gene required for neural tube closure, is significantly reduced by maternal diabetes, and this is associated with significantly increased neural tube defects.","Research from the author's laboratory has shown that expression of Pax3, a gene required for neural tube closure, is significantly reduced by maternal diabetes, and this is associated with significantly increased NTD.","Research from the author's laboratory has shown that expression of Pax3, a gene required for neural tube closure, is significantly reduced by maternal diabetes, and this is associated with significantly increased N-terminal domain.",This collagen subunit possesses an N-terminal domain that contains a unique high affinity heparin binding site.,This collagen subunit possesses an NTD that contains a unique high affinity heparin binding site.,This collagen subunit possesses an neural tube defects that contains a unique high affinity heparin binding site.
OCD,"Individuals with obsessive-compulsive disorder display frontal lobe deficits, but there are inconsistencies between various tests of frontal lobe functions and between the results from different studies.","Individuals with OCD display frontal lobe deficits, but there are inconsistencies between various tests of frontal lobe functions and between the results from different studies.","Individuals with Osteochondritis dissecans display frontal lobe deficits, but there are inconsistencies between various tests of frontal lobe functions and between the results from different studies.","Osteochondritis dissecans is a common condition in the knee, the elbow and the talus.","OCD is a common condition in the knee, the elbow and the talus.","obsessive-compulsive disorder is a common condition in the knee, the elbow and the talus."
OCD,"Selective 5-HT2C agonists might become innovative drugs for the treatment of depression, panic, obsessive-compulsive disorder, some forms of aggression and eating disorders.","Selective 5-HT2C agonists might become innovative drugs for the treatment of depression, panic, OCD, some forms of aggression and eating disorders.","Selective 5-HT2C agonists might become innovative drugs for the treatment of depression, panic, Osteochondritis dissecans, some forms of aggression and eating disorders.",BACKGROUND AND PURPOSE: Osteochondritis dissecans primarily occurs between 10 and 20 years of age.,BACKGROUND AND PURPOSE: OCD primarily occurs between 10 and 20 years of age.,BACKGROUND AND PURPOSE: obsessive-compulsive disorder primarily occurs between 10 and 20 years of age.
OCD,"Most participants met criteria for at least one subthreshold condition, including obsessive-compulsive disorder, psychosis, mania or hypomania, and generalized anxiety.","Most participants met criteria for at least one subthreshold condition, including OCD, psychosis, mania or hypomania, and generalized anxiety.","Most participants met criteria for at least one subthreshold condition, including Osteochondritis dissecans, psychosis, mania or hypomania, and generalized anxiety.",Abstract The prognosis of Osteochondritis dissecans depends on the age of manifestation and the size of the lesion.,Abstract The prognosis of OCD depends on the age of manifestation and the size of the lesion.,Abstract The prognosis of obsessive-compulsive disorder depends on the age of manifestation and the size of the lesion.
OCD,OBJECTIVE: The purpose of this study was to assess the mode of inheritance for obsessive-compulsive disorder in families ascertained through pediatric probands.,OBJECTIVE: The purpose of this study was to assess the mode of inheritance for OCD in families ascertained through pediatric probands.,OBJECTIVE: The purpose of this study was to assess the mode of inheritance for Osteochondritis dissecans in families ascertained through pediatric probands.,"REASONS FOR PERFORMING STUDY: Debridement of Osteochondritis dissecans cartilage lesions results in fibrocartilage and imperfect hyaline repair tissue, and forms a permanent irregularity to the subchondral bone plate.","REASONS FOR PERFORMING STUDY: Debridement of OCD cartilage lesions results in fibrocartilage and imperfect hyaline repair tissue, and forms a permanent irregularity to the subchondral bone plate.","REASONS FOR PERFORMING STUDY: Debridement of obsessive-compulsive disorder cartilage lesions results in fibrocartilage and imperfect hyaline repair tissue, and forms a permanent irregularity to the subchondral bone plate."
OCD,H. Szechtman and E. Woody (2004) proposed that obsessive-compulsive disorder is caused by a malfunctioning brain security motivation system.,H. Szechtman and E. Woody (2004) proposed that OCD is caused by a malfunctioning brain security motivation system.,H. Szechtman and E. Woody (2004) proposed that Osteochondritis dissecans is caused by a malfunctioning brain security motivation system.,Eighteen symptomatic advanced-stage Osteochondritis dissecans of the talus (Berndt and Harty stages III 7 and IV 11) in 17 patients were treated with multiple autogenous osteochondral cylindrical grafts.,Eighteen symptomatic advanced-stage OCD of the talus (Berndt and Harty stages III 7 and IV 11) in 17 patients were treated with multiple autogenous osteochondral cylindrical grafts.,Eighteen symptomatic advanced-stage obsessive-compulsive disorder of the talus (Berndt and Harty stages III 7 and IV 11) in 17 patients were treated with multiple autogenous osteochondral cylindrical grafts.
OTC,"INTRODUCTION: over-the-counter medications are frequently used during the initial phase of illness, and increases in their sales might serve as an early indicator of communitywide disease outbreaks.","INTRODUCTION: OTC medications are frequently used during the initial phase of illness, and increases in their sales might serve as an early indicator of communitywide disease outbreaks.","INTRODUCTION: ornithine transcarbamylase medications are frequently used during the initial phase of illness, and increases in their sales might serve as an early indicator of communitywide disease outbreaks.",A 14-month-old boy with ornithine transcarbamylase deficiency received 0.24 billion viable cryopreserved cells/kg over 16 weeks.,A 14-month-old boy with OTC deficiency received 0.24 billion viable cryopreserved cells/kg over 16 weeks.,A 14-month-old boy with over-the-counter deficiency received 0.24 billion viable cryopreserved cells/kg over 16 weeks.
OTC,"Self-management of psychiatric symptoms using over-the-counter psychopharmacology: the S-DTM therapeutic model--Self-diagnosis, self-treatment, self-monitoring.","Self-management of psychiatric symptoms using OTC psychopharmacology: the S-DTM therapeutic model--Self-diagnosis, self-treatment, self-monitoring.","Self-management of psychiatric symptoms using ornithine transcarbamylase psychopharmacology: the S-DTM therapeutic model--Self-diagnosis, self-treatment, self-monitoring.",Women heterozygous for mutations at the ornithine transcarbamylase locus may be at risk for hyperammonaemia and its untoward effects including coma and death in the postpartum period.,Women heterozygous for mutations at the OTC locus may be at risk for hyperammonaemia and its untoward effects including coma and death in the postpartum period.,Women heterozygous for mutations at the over-the-counter locus may be at risk for hyperammonaemia and its untoward effects including coma and death in the postpartum period.
OTC,"If facing higher copayments for prescription AR drugs, many patients, particularly lower income patients, may choose cheaper over-the-counter FGAs rather than SGAs.","If facing higher copayments for prescription AR drugs, many patients, particularly lower income patients, may choose cheaper OTC FGAs rather than SGAs.","If facing higher copayments for prescription AR drugs, many patients, particularly lower income patients, may choose cheaper ornithine transcarbamylase FGAs rather than SGAs.",Neonatal hyperammonemia secondary to X-linked ornithine transcarbamylase deficiency carries a high risk of morbidity and mortality.,Neonatal hyperammonemia secondary to X-linked OTC deficiency carries a high risk of morbidity and mortality.,Neonatal hyperammonemia secondary to X-linked over-the-counter deficiency carries a high risk of morbidity and mortality.
OTC,Since then the number of indications for nonprescription hydrocortisone use has increased and clobetasone has also become available as an over-the-counter medicine.,Since then the number of indications for nonprescription hydrocortisone use has increased and clobetasone has also become available as an OTC medicine.,Since then the number of indications for nonprescription hydrocortisone use has increased and clobetasone has also become available as an ornithine transcarbamylase medicine.,ornithine transcarbamylase deficiency is an X-linked disorder and the most common inherited cause of hyperammonemia.,OTC deficiency is an X-linked disorder and the most common inherited cause of hyperammonemia.,over-the-counter deficiency is an X-linked disorder and the most common inherited cause of hyperammonemia.
OTC,"Evidenced-based smoking cessation guidelines, the cost and efficacy of prescription and over-the-counter pharmacological aids, and essential counseling tips for parents are reviewed.","Evidenced-based smoking cessation guidelines, the cost and efficacy of prescription and OTC pharmacological aids, and essential counseling tips for parents are reviewed.","Evidenced-based smoking cessation guidelines, the cost and efficacy of prescription and ornithine transcarbamylase pharmacological aids, and essential counseling tips for parents are reviewed.","Diagnosis of ornithine transcarbamylase deficiency was made on the basis of hyperammonaemia, hypocitrullinaemia and extreme hyperexcretion of orotic acid.","Diagnosis of OTC deficiency was made on the basis of hyperammonaemia, hypocitrullinaemia and extreme hyperexcretion of orotic acid.","Diagnosis of over-the-counter deficiency was made on the basis of hyperammonaemia, hypocitrullinaemia and extreme hyperexcretion of orotic acid."
PAC,"Although the pulmonary artery catheter is not recommended during routine therapy of patients hospitalized with HF, it is reasonable to consider the use of PAC monitoring to adjust therapy in patients who demonstrate recurrent or refractory symptoms despite ongoing standard therapy adjusted according to clinical assessment.","Although the PAC is not recommended during routine therapy of patients hospitalized with HF, it is reasonable to consider the use of PAC monitoring to adjust therapy in patients who demonstrate recurrent or refractory symptoms despite ongoing standard therapy adjusted according to clinical assessment.","Although the powdered activated carbon is not recommended during routine therapy of patients hospitalized with HF, it is reasonable to consider the use of PAC monitoring to adjust therapy in patients who demonstrate recurrent or refractory symptoms despite ongoing standard therapy adjusted according to clinical assessment.","The removal of 2,4-dichlorophenoxyacetic acid (2,4-D), one of the most commonly used phenoxy acid herbicides, from aqueous solution was studied by using acid-washed powdered activated carbon as an adsorbent in a batch system.","The removal of 2,4-dichlorophenoxyacetic acid (2,4-D), one of the most commonly used phenoxy acid herbicides, from aqueous solution was studied by using acid-washed PAC as an adsorbent in a batch system.","The removal of 2,4-dichlorophenoxyacetic acid (2,4-D), one of the most commonly used phenoxy acid herbicides, from aqueous solution was studied by using acid-washed pulmonary artery catheter as an adsorbent in a batch system."
PAC,The pulmonary artery catheter is frequently used to gauge the adequacy of resuscitation and guide therapy based on ventricular filling pressures.,The PAC is frequently used to gauge the adequacy of resuscitation and guide therapy based on ventricular filling pressures.,The powdered activated carbon is frequently used to gauge the adequacy of resuscitation and guide therapy based on ventricular filling pressures.,"In this study, different pretreatment methods such as ferric chloride (FeCl3) flocculation and powdered activated carbon adsorption were evaluated in terms of their capability in removing effluent organic matter (EfOM) and the characteristics of the foulants on the NF membranes.","In this study, different pretreatment methods such as ferric chloride (FeCl3) flocculation and PAC adsorption were evaluated in terms of their capability in removing effluent organic matter (EfOM) and the characteristics of the foulants on the NF membranes.","In this study, different pretreatment methods such as ferric chloride (FeCl3) flocculation and pulmonary artery catheter adsorption were evaluated in terms of their capability in removing effluent organic matter (EfOM) and the characteristics of the foulants on the NF membranes."
PAC,"BACKGROUND: Over the past 30 years the pulmonary artery catheter has become a widely used haemodynamic monitoring device in the management of critically ill patients, though doubts exist about its safety.","BACKGROUND: Over the past 30 years the PAC has become a widely used haemodynamic monitoring device in the management of critically ill patients, though doubts exist about its safety.","BACKGROUND: Over the past 30 years the powdered activated carbon has become a widely used haemodynamic monitoring device in the management of critically ill patients, though doubts exist about its safety.","This study focuses on a hybrid process, which combines adsorption on powdered activated carbon, membrane separation using immersed hollow fibers and biological activity.","This study focuses on a hybrid process, which combines adsorption on PAC, membrane separation using immersed hollow fibers and biological activity.","This study focuses on a hybrid process, which combines adsorption on pulmonary artery catheter, membrane separation using immersed hollow fibers and biological activity."
PAC,"The pulmonary artery catheter may be helpful in determining the etiology of shock, lactic acidosis, pulmonary edema, oliguric renal failure, pulmonary hypertension, and a number of cardiac abnormalities.","The PAC may be helpful in determining the etiology of shock, lactic acidosis, pulmonary edema, oliguric renal failure, pulmonary hypertension, and a number of cardiac abnormalities.","The powdered activated carbon may be helpful in determining the etiology of shock, lactic acidosis, pulmonary edema, oliguric renal failure, pulmonary hypertension, and a number of cardiac abnormalities.",The effect of the pretreatment of adsorption with powdered activated carbon on photocatalysis was studied.,The effect of the pretreatment of adsorption with PAC on photocatalysis was studied.,The effect of the pretreatment of adsorption with pulmonary artery catheter on photocatalysis was studied.
PAC,"However, although hemodynamic data from the pulmonary artery catheter is widely used diagnostically and therapeutically in the care of critically ill patients, the use of the catheter has not been shown to provide outcomes benefit.","However, although hemodynamic data from the PAC is widely used diagnostically and therapeutically in the care of critically ill patients, the use of the catheter has not been shown to provide outcomes benefit.","However, although hemodynamic data from the powdered activated carbon is widely used diagnostically and therapeutically in the care of critically ill patients, the use of the catheter has not been shown to provide outcomes benefit.",A comparative study between CNTs and powdered activated carbon for adsorption of THMs from water was also conducted.,A comparative study between CNTs and PAC for adsorption of THMs from water was also conducted.,A comparative study between CNTs and pulmonary artery catheter for adsorption of THMs from water was also conducted.
PCA,principal component analysis is extensively used in computer vision and image processing.,PCA is extensively used in computer vision and image processing.,patient-controlled analgesia is extensively used in computer vision and image processing.,"patient-controlled analgesia has emerged as an effective way for patients to manage their pain, allowing self-administration of small doses of analgesics to maintain a certain level of pain control.","PCA has emerged as an effective way for patients to manage their pain, allowing self-administration of small doses of analgesics to maintain a certain level of pain control.","principal component analysis has emerged as an effective way for patients to manage their pain, allowing self-administration of small doses of analgesics to maintain a certain level of pain control."
PCA,"Finally, principal component analysis was applied to the preprocessed chromatograms or diagnostic ratios to study the fate of the oil.","Finally, PCA was applied to the preprocessed chromatograms or diagnostic ratios to study the fate of the oil.","Finally, patient-controlled analgesia was applied to the preprocessed chromatograms or diagnostic ratios to study the fate of the oil.","BACKGROUND: Remifentanil has been suggested as an ideal opioid for patient-controlled analgesia in labour, but the safety profile has not been established.","BACKGROUND: Remifentanil has been suggested as an ideal opioid for PCA in labour, but the safety profile has not been established.","BACKGROUND: Remifentanil has been suggested as an ideal opioid for principal component analysis in labour, but the safety profile has not been established."
PCA,An approach was proposed to develop two-dimensional fingerprint (2D fingerprint) by means of principal component analysis of high-performance liquid chromatography with diode array detection (HPLC/DAD) data.,An approach was proposed to develop two-dimensional fingerprint (2D fingerprint) by means of PCA of high-performance liquid chromatography with diode array detection (HPLC/DAD) data.,An approach was proposed to develop two-dimensional fingerprint (2D fingerprint) by means of patient-controlled analgesia of high-performance liquid chromatography with diode array detection (HPLC/DAD) data.,The aim of this study was to evaluate the incidence of PONV in patients undergoing total abdominal hysterectomy under spinal anaesthesia with intravenous patient-controlled analgesia using morphine and to compare its incidence with and without antiemetic prophylaxis.,The aim of this study was to evaluate the incidence of PONV in patients undergoing total abdominal hysterectomy under spinal anaesthesia with intravenous PCA using morphine and to compare its incidence with and without antiemetic prophylaxis.,The aim of this study was to evaluate the incidence of PONV in patients undergoing total abdominal hysterectomy under spinal anaesthesia with intravenous principal component analysis using morphine and to compare its incidence with and without antiemetic prophylaxis.
PCA,"This technique was applied to various experimental scenarios utilizing different imaging environments, and the results were compared with those for the traditional principal component analysis preprocessing.","This technique was applied to various experimental scenarios utilizing different imaging environments, and the results were compared with those for the traditional PCA preprocessing.","This technique was applied to various experimental scenarios utilizing different imaging environments, and the results were compared with those for the traditional patient-controlled analgesia preprocessing.",We included 200 patients who were administered remifentanil either 0.05 microg x kg(-1) x min(-1) (n = 100) or 0.1 microg x kg(-1) x min(-1) (n = 100) plus demand bolus of 10 microg of remifentanil via a patient-controlled analgesia device.,We included 200 patients who were administered remifentanil either 0.05 microg x kg(-1) x min(-1) (n = 100) or 0.1 microg x kg(-1) x min(-1) (n = 100) plus demand bolus of 10 microg of remifentanil via a PCA device.,We included 200 patients who were administered remifentanil either 0.05 microg x kg(-1) x min(-1) (n = 100) or 0.1 microg x kg(-1) x min(-1) (n = 100) plus demand bolus of 10 microg of remifentanil via a principal component analysis device.
PCA,"Four column characterization protocols, using differing test probes, have been used to characterize 18 of these phases together with 17 alkyl phases (some of which contained novel polar endcapping, i.e. amino), which have been evaluated using principal component analysis.","Four column characterization protocols, using differing test probes, have been used to characterize 18 of these phases together with 17 alkyl phases (some of which contained novel polar endcapping, i.e. amino), which have been evaluated using PCA.","Four column characterization protocols, using differing test probes, have been used to characterize 18 of these phases together with 17 alkyl phases (some of which contained novel polar endcapping, i.e. amino), which have been evaluated using patient-controlled analgesia.","Increased pain intensity with increased demand for opioid medication, and/or a relative unresponsiveness to pain treatment was reported both when the analgesia was administered by means of conventional nurse injection regimes and patient-controlled analgesia.","Increased pain intensity with increased demand for opioid medication, and/or a relative unresponsiveness to pain treatment was reported both when the analgesia was administered by means of conventional nurse injection regimes and PCA.","Increased pain intensity with increased demand for opioid medication, and/or a relative unresponsiveness to pain treatment was reported both when the analgesia was administered by means of conventional nurse injection regimes and principal component analysis."
PCI,The technique of percutaneous coronary intervention has improved considerably over the last decades.,The technique of PCI has improved considerably over the last decades.,The technique of prophylactic cranial irradiation has improved considerably over the last decades.,This study was conducted to evaluate the effects of prophylactic cranial irradiation on survival and brain metastases for patients with limited stage small cell lung cancer in complete remission.,This study was conducted to evaluate the effects of PCI on survival and brain metastases for patients with limited stage small cell lung cancer in complete remission.,This study was conducted to evaluate the effects of percutaneous coronary intervention on survival and brain metastases for patients with limited stage small cell lung cancer in complete remission.
PCI,Little is known about the influence of stenting versus balloon angioplasty on long-term outcomes (particularly mortality) after primary percutaneous coronary intervention.,Little is known about the influence of stenting versus balloon angioplasty on long-term outcomes (particularly mortality) after primary PCI.,Little is known about the influence of stenting versus balloon angioplasty on long-term outcomes (particularly mortality) after primary prophylactic cranial irradiation.,"With improvements in the treatment of thoracic and systemic disease, there is renewed interest in prophylactic cranial irradiation.","With improvements in the treatment of thoracic and systemic disease, there is renewed interest in PCI.","With improvements in the treatment of thoracic and systemic disease, there is renewed interest in percutaneous coronary intervention."
PCI,Release of cardiac enzymes has been reported in patients with stable angina who undergo elective percutaneous coronary intervention and has been associated with adverse clinical outcomes.,Release of cardiac enzymes has been reported in patients with stable angina who undergo elective PCI and has been associated with adverse clinical outcomes.,Release of cardiac enzymes has been reported in patients with stable angina who undergo elective prophylactic cranial irradiation and has been associated with adverse clinical outcomes.,"At present, the role of prophylactic cranial irradiation in this group of patients is not clear.","At present, the role of PCI in this group of patients is not clear.","At present, the role of percutaneous coronary intervention in this group of patients is not clear."
PCI,"To assess the changes in electrical stability markers in patients with previous myocardial infarction after very late reopening of the infarct-related artery, we studied QT dispersion, corrected-QT dispersion, and late potentials before and 1, 3, and 6 months after an attempt at late percutaneous coronary intervention in 31 consecutive patients with single-vessel disease (infarct-related artery occlusion or subocclusion) diagnosed > or = 4 weeks after the ST-elevation myocardial infarction.","To assess the changes in electrical stability markers in patients with previous myocardial infarction after very late reopening of the infarct-related artery, we studied QT dispersion, corrected-QT dispersion, and late potentials before and 1, 3, and 6 months after an attempt at late PCI in 31 consecutive patients with single-vessel disease (infarct-related artery occlusion or subocclusion) diagnosed > or = 4 weeks after the ST-elevation myocardial infarction.","To assess the changes in electrical stability markers in patients with previous myocardial infarction after very late reopening of the infarct-related artery, we studied QT dispersion, corrected-QT dispersion, and late potentials before and 1, 3, and 6 months after an attempt at late prophylactic cranial irradiation in 31 consecutive patients with single-vessel disease (infarct-related artery occlusion or subocclusion) diagnosed > or = 4 weeks after the ST-elevation myocardial infarction.",prophylactic cranial irradiation is recommended for patients who achieve a complete response.,PCI is recommended for patients who achieve a complete response.,percutaneous coronary intervention is recommended for patients who achieve a complete response.
PCI,This study assessed the safety and efficacy of early discharge after percutaneous coronary intervention using 5Fr guiding catheters with a femoral approach in 100 patients undergoing elective coronary stenting.,This study assessed the safety and efficacy of early discharge after PCI using 5Fr guiding catheters with a femoral approach in 100 patients undergoing elective coronary stenting.,This study assessed the safety and efficacy of early discharge after prophylactic cranial irradiation using 5Fr guiding catheters with a femoral approach in 100 patients undergoing elective coronary stenting.,Other investigators have shown that prophylactic cranial irradiation for LA-NSCLC decreases the incidence of CNS failures.,Other investigators have shown that PCI for LA-NSCLC decreases the incidence of CNS failures.,Other investigators have shown that percutaneous coronary intervention for LA-NSCLC decreases the incidence of CNS failures.
PCR,Serum hepatitis B virus DNA was determined by polymerase chain reaction method in chronic hepatitis B patients.,Serum hepatitis B virus DNA was determined by PCR method in chronic hepatitis B patients.,Serum hepatitis B virus DNA was determined by protein catabolic rate method in chronic hepatitis B patients.,"Mean protein catabolic rate was 0.84 +/- 0.33 g/ kg/day, showing a net nitrogen balance (NB = DPI - PCR ) of +1.37 +/- 0.4 g/kg/day.","Mean PCR was 0.84 +/- 0.33 g/ kg/day, showing a net nitrogen balance (NB = DPI - PCR ) of +1.37 +/- 0.4 g/kg/day.","Mean polymerase chain reaction was 0.84 +/- 0.33 g/ kg/day, showing a net nitrogen balance (NB = DPI - PCR ) of +1.37 +/- 0.4 g/kg/day."
PCR,"As the polymerase chain reaction is the most sensitive technique for documenting viral respiratory infections, the PCR method was performed on the throat swab samples of asthmatic children with and without wheezing to investigate the presence of the adenovirus genome in the upper respiratory tract.","As the PCR is the most sensitive technique for documenting viral respiratory infections, the PCR method was performed on the throat swab samples of asthmatic children with and without wheezing to investigate the presence of the adenovirus genome in the upper respiratory tract.","As the protein catabolic rate is the most sensitive technique for documenting viral respiratory infections, the PCR method was performed on the throat swab samples of asthmatic children with and without wheezing to investigate the presence of the adenovirus genome in the upper respiratory tract.","Using mathematical models based on linear and logistic regressions as background, ANN were built and then prospectively compared with the ability of six experienced nephrologists to predict the Kt/V and the follow-up protein catabolic rate and to detect a Kt/V<1.30, a follow-up PCR <1.00 g/kg/day and the occurrence of hypotension.","Using mathematical models based on linear and logistic regressions as background, ANN were built and then prospectively compared with the ability of six experienced nephrologists to predict the Kt/V and the follow-up PCR and to detect a Kt/V<1.30, a follow-up PCR <1.00 g/kg/day and the occurrence of hypotension.","Using mathematical models based on linear and logistic regressions as background, ANN were built and then prospectively compared with the ability of six experienced nephrologists to predict the Kt/V and the follow-up polymerase chain reaction and to detect a Kt/V<1.30, a follow-up PCR <1.00 g/kg/day and the occurrence of hypotension."
PCR,Detection of hMPV RNA by polymerase chain reaction is the only established routine diagnostic method.,Detection of hMPV RNA by PCR is the only established routine diagnostic method.,Detection of hMPV RNA by protein catabolic rate is the only established routine diagnostic method.,"Multivariate analysis demonstrated that gender, older age, non-working status, low social support and low levels of hemoglobin (Hb), Kt/V or protein catabolic rate, had a negative effects, but these effects were of relatively small magnitude and appeared only in some scales.","Multivariate analysis demonstrated that gender, older age, non-working status, low social support and low levels of hemoglobin (Hb), Kt/V or PCR, had a negative effects, but these effects were of relatively small magnitude and appeared only in some scales.","Multivariate analysis demonstrated that gender, older age, non-working status, low social support and low levels of hemoglobin (Hb), Kt/V or polymerase chain reaction, had a negative effects, but these effects were of relatively small magnitude and appeared only in some scales."
PCR,polymerase chain reaction for cagA and cagE (both located in the right half of cag) and virB11 (located in the left half of cag) was performed.,PCR for cagA and cagE (both located in the right half of cag) and virB11 (located in the left half of cag) was performed.,protein catabolic rate for cagA and cagE (both located in the right half of cag) and virB11 (located in the left half of cag) was performed.,"IS was significantly and positively correlated with time on HD (p<0.01), blood urea nitrogen (p<0.01), beta2-microglobulin (p<0.03), and protein catabolic rate (p<0.01).","IS was significantly and positively correlated with time on HD (p<0.01), blood urea nitrogen (p<0.01), beta2-microglobulin (p<0.03), and PCR (p<0.01).","IS was significantly and positively correlated with time on HD (p<0.01), blood urea nitrogen (p<0.01), beta2-microglobulin (p<0.03), and polymerase chain reaction (p<0.01)."
PCR,For the first time the stages of viral infection development were elucidated under the conditions of prolonged clinostating and the presence of the WSMV was detected in wheat plants on the 18th day after inoculation employing the method of polymerase chain reaction.,For the first time the stages of viral infection development were elucidated under the conditions of prolonged clinostating and the presence of the WSMV was detected in wheat plants on the 18th day after inoculation employing the method of PCR.,For the first time the stages of viral infection development were elucidated under the conditions of prolonged clinostating and the presence of the WSMV was detected in wheat plants on the 18th day after inoculation employing the method of protein catabolic rate.,We also investigated the relationship between protein catabolic rate and phosphate and magnesium.,We also investigated the relationship between PCR and phosphate and magnesium.,We also investigated the relationship between polymerase chain reaction and phosphate and magnesium.
PDA,The prevalence of patent ductus arteriosus was lower in the group of infants that received poractant (17%) compared to the group that received beractant (45%) (p=0.02).,The prevalence of PDA was lower in the group of infants that received poractant (17%) compared to the group that received beractant (45%) (p=0.02).,The prevalence of Personal Digital Assistant was lower in the group of infants that received poractant (17%) compared to the group that received beractant (45%) (p=0.02).,This paper describes an effective method of monitoring and controlling a set of chained computer simulations by means of a lightweight steering client based on a small Personal Digital Assistant.,This paper describes an effective method of monitoring and controlling a set of chained computer simulations by means of a lightweight steering client based on a small PDA.,This paper describes an effective method of monitoring and controlling a set of chained computer simulations by means of a lightweight steering client based on a small patent ductus arteriosus.
PDA,Left to right shunting patent ductus arteriosus is the most common canine congenital heart defect.,Left to right shunting PDA is the most common canine congenital heart defect.,Left to right shunting Personal Digital Assistant is the most common canine congenital heart defect.,"We propose a model for clinician-led reporting based on secure transmission of encrypted data from a programmed Personal Digital Assistant to a secure database, leading to automated analysis of clinician-performance data.","We propose a model for clinician-led reporting based on secure transmission of encrypted data from a programmed PDA to a secure database, leading to automated analysis of clinician-performance data.","We propose a model for clinician-led reporting based on secure transmission of encrypted data from a programmed patent ductus arteriosus to a secure database, leading to automated analysis of clinician-performance data."
PDA,The authors presented three cases of patent ductus arteriosus diagnosed in adulthood as an solated defect in patients without clinical signs using echocardiography and MSCT.,The authors presented three cases of PDA diagnosed in adulthood as an solated defect in patients without clinical signs using echocardiography and MSCT.,The authors presented three cases of Personal Digital Assistant diagnosed in adulthood as an solated defect in patients without clinical signs using echocardiography and MSCT.,Use of the Personal Digital Assistant has been infused into the accelerated baccalaureate program at Duke University to help prepare nursing students for professional practice.,Use of the PDA has been infused into the accelerated baccalaureate program at Duke University to help prepare nursing students for professional practice.,Use of the patent ductus arteriosus has been infused into the accelerated baccalaureate program at Duke University to help prepare nursing students for professional practice.
PDA,OBJECTIVE: To re-evaluate the accuracy of standard echocardiographic markers of patent ductus arteriosus using LVO/SVC flow ratio.,OBJECTIVE: To re-evaluate the accuracy of standard echocardiographic markers of PDA using LVO/SVC flow ratio.,OBJECTIVE: To re-evaluate the accuracy of standard echocardiographic markers of Personal Digital Assistant using LVO/SVC flow ratio.,The other 6 hospitals used a Personal Digital Assistant with customized software ( PDA group).,The other 6 hospitals used a PDA with customized software ( PDA group).,The other 6 hospitals used a patent ductus arteriosus with customized software ( PDA group).
PDA,Two infants developed hoarseness unexpectedly the day after transcatheter coil closure of a slender patent ductus arteriosus.,Two infants developed hoarseness unexpectedly the day after transcatheter coil closure of a slender PDA.,Two infants developed hoarseness unexpectedly the day after transcatheter coil closure of a slender Personal Digital Assistant.,Personal Digital Assistant use amongst anaesthetists: an Australian survey.,PDA use amongst anaesthetists: an Australian survey.,patent ductus arteriosus use amongst anaesthetists: an Australian survey.
PEG,The expression efficiency of our method using CA microbeads is 2-10 times higher than that of the polyethylene glycol method.,The expression efficiency of our method using CA microbeads is 2-10 times higher than that of the PEG method.,The expression efficiency of our method using CA microbeads is 2-10 times higher than that of the percutaneous endoscopic gastrostomy method.,We report on a 60-year old man who became bedridden after a cerebral infarction and was put on a regimen of percutaneous endoscopic gastrostomy feedings.,We report on a 60-year old man who became bedridden after a cerebral infarction and was put on a regimen of PEG feedings.,We report on a 60-year old man who became bedridden after a cerebral infarction and was put on a regimen of polyethylene glycol feedings.
PEG,"In the presence of polyethylene glycol, budding cells of Saccharomyces cerevisiae in the early log phase were transformed by exogenous plasmid DNA without additional specific chemical or physical treatments.","In the presence of PEG, budding cells of Saccharomyces cerevisiae in the early log phase were transformed by exogenous plasmid DNA without additional specific chemical or physical treatments.","In the presence of percutaneous endoscopic gastrostomy, budding cells of Saccharomyces cerevisiae in the early log phase were transformed by exogenous plasmid DNA without additional specific chemical or physical treatments.",Enteral feeding through the percutaneous endoscopic gastrostomy tube is usually initiated about 12 to 24 hours after insertion of the tube.,Enteral feeding through the PEG tube is usually initiated about 12 to 24 hours after insertion of the tube.,Enteral feeding through the polyethylene glycol tube is usually initiated about 12 to 24 hours after insertion of the tube.
PEG,The effects of peptides and polyethylene glycol on the immobilization of protease using glutaraldehyde-activated Lewatit R258-K resin were investigated.,The effects of peptides and PEG on the immobilization of protease using glutaraldehyde-activated Lewatit R258-K resin were investigated.,The effects of peptides and percutaneous endoscopic gastrostomy on the immobilization of protease using glutaraldehyde-activated Lewatit R258-K resin were investigated.,A percutaneous endoscopic gastrostomy tube was inserted for enteral feedings and medication delivery.,A PEG tube was inserted for enteral feedings and medication delivery.,A polyethylene glycol tube was inserted for enteral feedings and medication delivery.
PEG,"The protoplasts of two strains of Micromonospora which were sensitive to kanamycin (KM(s)) and utilized raffinose (Raf+), and one strain of Streptomyces griseus which was resistant to KM (KM(r)) and did not utilize raffinose (Raf-), were prepared, mixed in the presence of polyethylene glycol and incubated on regeneration agar plates.","The protoplasts of two strains of Micromonospora which were sensitive to kanamycin (KM(s)) and utilized raffinose (Raf+), and one strain of Streptomyces griseus which was resistant to KM (KM(r)) and did not utilize raffinose (Raf-), were prepared, mixed in the presence of PEG and incubated on regeneration agar plates.","The protoplasts of two strains of Micromonospora which were sensitive to kanamycin (KM(s)) and utilized raffinose (Raf+), and one strain of Streptomyces griseus which was resistant to KM (KM(r)) and did not utilize raffinose (Raf-), were prepared, mixed in the presence of percutaneous endoscopic gastrostomy and incubated on regeneration agar plates.",Enteral nutrition via a percutaneous endoscopic gastrostomy tube is often part of management in patients with dysphagia due to neurological or oropharyngeal disease.,Enteral nutrition via a PEG tube is often part of management in patients with dysphagia due to neurological or oropharyngeal disease.,Enteral nutrition via a polyethylene glycol tube is often part of management in patients with dysphagia due to neurological or oropharyngeal disease.
PEG,Bioactive polyurethaneurea modified with polyethylene glycol and the endothelial cell-adhesive peptide YIGSR was synthesized and fabricated into microporous scaffolds.,Bioactive polyurethaneurea modified with PEG and the endothelial cell-adhesive peptide YIGSR was synthesized and fabricated into microporous scaffolds.,Bioactive polyurethaneurea modified with percutaneous endoscopic gastrostomy and the endothelial cell-adhesive peptide YIGSR was synthesized and fabricated into microporous scaffolds.,"To our knowledge, there is an absence of data evaluating the safety and efficacy of percutaneous endoscopic gastrostomy placement in ICU patients with previous abdominal surgery.","To our knowledge, there is an absence of data evaluating the safety and efficacy of PEG placement in ICU patients with previous abdominal surgery.","To our knowledge, there is an absence of data evaluating the safety and efficacy of polyethylene glycol placement in ICU patients with previous abdominal surgery."
PET,We used Positron emission tomography with [18F]fluoromisonidazole ([18F]FMISO) to study tumor hypoxia in six dogs with spontaneous sarcomas.,We used PET with [18F]fluoromisonidazole ([18F]FMISO) to study tumor hypoxia in six dogs with spontaneous sarcomas.,We used Peritoneal Equilibration Test with [18F]fluoromisonidazole ([18F]FMISO) to study tumor hypoxia in six dogs with spontaneous sarcomas.,Peritoneal permeability was determined by the standard Peritoneal Equilibration Test.,Peritoneal permeability was determined by the standard PET.,Peritoneal permeability was determined by the standard Positron emission tomography.
PET,Positron emission tomography with [18F]-FDG is now firmly established as a clinical tool in oncology.,PET with [18F]-FDG is now firmly established as a clinical tool in oncology.,Peritoneal Equilibration Test with [18F]-FDG is now firmly established as a clinical tool in oncology.,"METHODS: We have investigated the influence of functional polymorphisms of VEGF, ENOS, and IL-6, together with clinical and biological factors, on baseline Peritoneal Equilibration Test parameters in a homogeneous population of 152 unrelated Caucasian PD patients from Belgium and the North of France.","METHODS: We have investigated the influence of functional polymorphisms of VEGF, ENOS, and IL-6, together with clinical and biological factors, on baseline PET parameters in a homogeneous population of 152 unrelated Caucasian PD patients from Belgium and the North of France.","METHODS: We have investigated the influence of functional polymorphisms of VEGF, ENOS, and IL-6, together with clinical and biological factors, on baseline Positron emission tomography parameters in a homogeneous population of 152 unrelated Caucasian PD patients from Belgium and the North of France."
PET,"PURPOSE: In order to improve the objective localization of bilateral cortical abnormalities in Positron emission tomography image volumes, we developed a new three-dimensional image processing technique.","PURPOSE: In order to improve the objective localization of bilateral cortical abnormalities in PET image volumes, we developed a new three-dimensional image processing technique.","PURPOSE: In order to improve the objective localization of bilateral cortical abnormalities in Peritoneal Equilibration Test image volumes, we developed a new three-dimensional image processing technique.","After four weeks, a one-hour Peritoneal Equilibration Test was performed with 3.86% PD solution.","After four weeks, a one-hour PET was performed with 3.86% PD solution.","After four weeks, a one-hour Positron emission tomography was performed with 3.86% PD solution."
PET,"Positron emission tomography facilitates the evaluation of molecular aspects and metabolic alterations that are fundamental in detecting of malignancies, characterization of tumor stage and assessment of therapeutical response, and tumor recurrence.","PET facilitates the evaluation of molecular aspects and metabolic alterations that are fundamental in detecting of malignancies, characterization of tumor stage and assessment of therapeutical response, and tumor recurrence.","Peritoneal Equilibration Test facilitates the evaluation of molecular aspects and metabolic alterations that are fundamental in detecting of malignancies, characterization of tumor stage and assessment of therapeutical response, and tumor recurrence.","After four weeks, a one-hour Peritoneal Equilibration Test was performed with 3.86% PD solution.","After four weeks, a one-hour PET was performed with 3.86% PD solution.","After four weeks, a one-hour Positron emission tomography was performed with 3.86% PD solution."
PET,"METHODS: Using H2(15)O Positron emission tomography, imaging was carried out in 20 healthy young adults (age 19 to 28 years; four epsilon4 carriers and 16 non-epsilon4 carriers) during a non-verbal memory task.","METHODS: Using H2(15)O PET, imaging was carried out in 20 healthy young adults (age 19 to 28 years; four epsilon4 carriers and 16 non-epsilon4 carriers) during a non-verbal memory task.","METHODS: Using H2(15)O Peritoneal Equilibration Test, imaging was carried out in 20 healthy young adults (age 19 to 28 years; four epsilon4 carriers and 16 non-epsilon4 carriers) during a non-verbal memory task.","Among 10 cases with available Peritoneal Equilibration Test data, 8 showed high transporter characteristics, and the remaining 2 were high average.","Among 10 cases with available PET data, 8 showed high transporter characteristics, and the remaining 2 were high average.","Among 10 cases with available Positron emission tomography data, 8 showed high transporter characteristics, and the remaining 2 were high average."
PFO,"Transesophegeal echocardiogram revealed a patent foramen ovale, and Doppler ultrasound revealed a thrombus in the low right jugular vein.","Transesophegeal echocardiogram revealed a PFO, and Doppler ultrasound revealed a thrombus in the low right jugular vein.","Transesophegeal echocardiogram revealed a perfringolysin O, and Doppler ultrasound revealed a thrombus in the low right jugular vein.","perfringolysin O, a soluble toxin secreted by the pathogenic Clostridium perfringens, forms large homo-oligomeric pore complexes comprising up to 50 PFO molecules in cholesterol-containing membranes.","PFO, a soluble toxin secreted by the pathogenic Clostridium perfringens, forms large homo-oligomeric pore complexes comprising up to 50 PFO molecules in cholesterol-containing membranes.","patent foramen ovale, a soluble toxin secreted by the pathogenic Clostridium perfringens, forms large homo-oligomeric pore complexes comprising up to 50 PFO molecules in cholesterol-containing membranes."
PFO,Percutaneous transcatheter closure has been proposed as an alternative to surgical closure or long-term anticoagulation in patients with presumed paradoxical embolism and patent foramen ovale.,Percutaneous transcatheter closure has been proposed as an alternative to surgical closure or long-term anticoagulation in patients with presumed paradoxical embolism and PFO.,Percutaneous transcatheter closure has been proposed as an alternative to surgical closure or long-term anticoagulation in patients with presumed paradoxical embolism and perfringolysin O.,MATERIALS AND METHODS: The molecular models of cytolysins were constructed using InsightII with Homology module with X-ray data of perfringolysin O.,MATERIALS AND METHODS: The molecular models of cytolysins were constructed using InsightII with Homology module with X-ray data of PFO.,MATERIALS AND METHODS: The molecular models of cytolysins were constructed using InsightII with Homology module with X-ray data of patent foramen ovale.
PFO,OBJECTIVE: Purpose was to assess the stroke mechanism in patients with patent foramen ovale.,OBJECTIVE: Purpose was to assess the stroke mechanism in patients with PFO.,OBJECTIVE: Purpose was to assess the stroke mechanism in patients with perfringolysin O.,Current understanding of PLY molecular mechanism is guided by a model built on the basis of its homology with perfringolysin O for which there is an atomic structure.,Current understanding of PLY molecular mechanism is guided by a model built on the basis of its homology with PFO for which there is an atomic structure.,Current understanding of PLY molecular mechanism is guided by a model built on the basis of its homology with patent foramen ovale for which there is an atomic structure.
PFO,Cerebral infarction and patent foramen ovale in the elderly: is PFO the culprit or not?,Cerebral infarction and PFO in the elderly: is PFO the culprit or not?,Cerebral infarction and perfringolysin O in the elderly: is PFO the culprit or not?,"In order to begin to elucidate the molecular details of the translocation process, we examined whether perfringolysin O, a pore-forming protein related to SLO, could substitute for SLO in the translocation of SPN.","In order to begin to elucidate the molecular details of the translocation process, we examined whether PFO, a pore-forming protein related to SLO, could substitute for SLO in the translocation of SPN.","In order to begin to elucidate the molecular details of the translocation process, we examined whether patent foramen ovale, a pore-forming protein related to SLO, could substitute for SLO in the translocation of SPN."
PFO,"Although a patent foramen ovale is often found in younger patients with transient ischemic attacks or stroke, paradoxical embolization through PFO is rarely considered as a cause of acute limb ischemia.","Although a PFO is often found in younger patients with transient ischemic attacks or stroke, paradoxical embolization through PFO is rarely considered as a cause of acute limb ischemia.","Although a perfringolysin O is often found in younger patients with transient ischemic attacks or stroke, paradoxical embolization through PFO is rarely considered as a cause of acute limb ischemia.","In a homology model of PLY with the crystal structure of perfringolysin O, R232 is part of a well-exposed contorted loop on the edge of the concave and convex faces of domain 1.","In a homology model of PLY with the crystal structure of PFO, R232 is part of a well-exposed contorted loop on the edge of the concave and convex faces of domain 1.","In a homology model of PLY with the crystal structure of patent foramen ovale, R232 is part of a well-exposed contorted loop on the edge of the concave and convex faces of domain 1."
PIC,"A subset of 70 markers (37 from EST databases and 33 from repeat enriched libraries) was characterized with respect to polymorphism information content, number of alleles, repeat number, locus duplication within the genome and ability to amplify in other salmonid species.","A subset of 70 markers (37 from EST databases and 33 from repeat enriched libraries) was characterized with respect to PIC, number of alleles, repeat number, locus duplication within the genome and ability to amplify in other salmonid species.","A subset of 70 markers (37 from EST databases and 33 from repeat enriched libraries) was characterized with respect to phosphoinositidase C, number of alleles, repeat number, locus duplication within the genome and ability to amplify in other salmonid species.","In contrast to bradykinin, PGE2 did not stimulate phosphoinositidase C and the PGE2-evoked increase in [Ca2+]i was dependent on extracellular calcium.","In contrast to bradykinin, PGE2 did not stimulate PIC and the PGE2-evoked increase in [Ca2+]i was dependent on extracellular calcium.","In contrast to bradykinin, PGE2 did not stimulate polymorphism information content and the PGE2-evoked increase in [Ca2+]i was dependent on extracellular calcium."
PIC,"Average polymorphism information content value was 0.529, ranging from 0.03 to 0.877.","Average PIC value was 0.529, ranging from 0.03 to 0.877.","Average phosphoinositidase C value was 0.529, ranging from 0.03 to 0.877.","Furthermore, guanosine 5'-[gamma-thio]trisphosphate (GTP[S]) stimulation of phosphoinositidase C in membranes was 5-fold higher in neurones than in astrocytes.","Furthermore, guanosine 5'-[gamma-thio]trisphosphate (GTP[S]) stimulation of PIC in membranes was 5-fold higher in neurones than in astrocytes.","Furthermore, guanosine 5'-[gamma-thio]trisphosphate (GTP[S]) stimulation of polymorphism information content in membranes was 5-fold higher in neurones than in astrocytes."
PIC,The polymorphism information content of 28 loci ranged from 0.04 to 0.88 with an average of 0.42.,The PIC of 28 loci ranged from 0.04 to 0.88 with an average of 0.42.,The phosphoinositidase C of 28 loci ranged from 0.04 to 0.88 with an average of 0.42.,Although only very low levels ( phosphoinositidase C after PTX treatment.,Although only very low levels PIC after PTX treatment.,Although only very low levels ( polymorphism information content after PTX treatment.
PIC,DArT markers displayed fairly high polymorphism information content values and revealed genetic relationships among the samples consistent with the information available on these samples.,DArT markers displayed fairly high PIC values and revealed genetic relationships among the samples consistent with the information available on these samples.,DArT markers displayed fairly high phosphoinositidase C values and revealed genetic relationships among the samples consistent with the information available on these samples.,"The last few years have provided much evidence that although muscarinic m1, m3 and m5 subtypes couple predominantly via pertussis toxin-insensitive G-proteins (Gq/11) to activate phosphoinositidase C, interactions with other G-proteins (Gi, Go, Gs) can be readily observed in cells expressing recombinant muscarinic receptors even at relatively low levels.","The last few years have provided much evidence that although muscarinic m1, m3 and m5 subtypes couple predominantly via pertussis toxin-insensitive G-proteins (Gq/11) to activate PIC, interactions with other G-proteins (Gi, Go, Gs) can be readily observed in cells expressing recombinant muscarinic receptors even at relatively low levels.","The last few years have provided much evidence that although muscarinic m1, m3 and m5 subtypes couple predominantly via pertussis toxin-insensitive G-proteins (Gq/11) to activate polymorphism information content, interactions with other G-proteins (Gi, Go, Gs) can be readily observed in cells expressing recombinant muscarinic receptors even at relatively low levels."
PIC,"polymorphism information content calculated for each marker exceeded 0.5, except for the ETH3 locus in Hereford cattle ( PIC =0.475), and heterozygosity (H) ranged from 54.1% to as much as 85.2%.","PIC calculated for each marker exceeded 0.5, except for the ETH3 locus in Hereford cattle ( PIC =0.475), and heterozygosity (H) ranged from 54.1% to as much as 85.2%.","phosphoinositidase C calculated for each marker exceeded 0.5, except for the ETH3 locus in Hereford cattle ( PIC =0.475), and heterozygosity (H) ranged from 54.1% to as much as 85.2%.","The subcellular partitioning of the phosphoinositidase C isoforms involved in signal transduction, with the selective localization of the PIC beta 1 isoform in the nucleus, represents a crucial aspect of the complex mechanism of cell response to agonists.","The subcellular partitioning of the PIC isoforms involved in signal transduction, with the selective localization of the PIC beta 1 isoform in the nucleus, represents a crucial aspect of the complex mechanism of cell response to agonists.","The subcellular partitioning of the polymorphism information content isoforms involved in signal transduction, with the selective localization of the PIC beta 1 isoform in the nucleus, represents a crucial aspect of the complex mechanism of cell response to agonists."
PID,"OBJECTIVE: Among all women with pelvic inflammatory disease, prevention of adverse reproductive consequences appears to be similarly achieved by outpatient treatment and inpatient treatment.","OBJECTIVE: Among all women with PID, prevention of adverse reproductive consequences appears to be similarly achieved by outpatient treatment and inpatient treatment.","OBJECTIVE: Among all women with postinoculation day, prevention of adverse reproductive consequences appears to be similarly achieved by outpatient treatment and inpatient treatment.","PROCEDURE: Calves received an SC injection of MAP strain 19698 (n = 25), sterile saline (0.9% NaCl) solution (20), or a commercial paratuberculosis vaccine (3); the inoculation site tissue and associated draining lymph node were excised at postinoculation day 0 (n = 36), 7 (14), 14 (6), 21 (8), and 60 (32).","PROCEDURE: Calves received an SC injection of MAP strain 19698 (n = 25), sterile saline (0.9% NaCl) solution (20), or a commercial paratuberculosis vaccine (3); the inoculation site tissue and associated draining lymph node were excised at PID 0 (n = 36), 7 (14), 14 (6), 21 (8), and 60 (32).","PROCEDURE: Calves received an SC injection of MAP strain 19698 (n = 25), sterile saline (0.9% NaCl) solution (20), or a commercial paratuberculosis vaccine (3); the inoculation site tissue and associated draining lymph node were excised at pelvic inflammatory disease 0 (n = 36), 7 (14), 14 (6), 21 (8), and 60 (32)."
PID,"OBJECTIVES: To determine trends in hospital admission rates for pelvic inflammatory disease, ectopic pregnancy, and e PID idymo-orchitis in New South Wales.","OBJECTIVES: To determine trends in hospital admission rates for PID, ectopic pregnancy, and e PID idymo-orchitis in New South Wales.","OBJECTIVES: To determine trends in hospital admission rates for postinoculation day, ectopic pregnancy, and e PID idymo-orchitis in New South Wales.","While disease was not observed in the age-matched controls, two out of five non-immunised PCV2-infected piglets died on postinoculation day 21, and one was euthanized on PID 25 in moribund condition.","While disease was not observed in the age-matched controls, two out of five non-immunised PCV2-infected piglets died on PID 21, and one was euthanized on PID 25 in moribund condition.","While disease was not observed in the age-matched controls, two out of five non-immunised PCV2-infected piglets died on pelvic inflammatory disease 21, and one was euthanized on PID 25 in moribund condition."
PID,pelvic inflammatory disease is a polymicrobial infection typically occurring in sexually active females.,PID is a polymicrobial infection typically occurring in sexually active females.,postinoculation day is a polymicrobial infection typically occurring in sexually active females.,Diarrhea was observed in 32% of the pigs and virus shedding was demonstrated in 100% between postinoculation day 1 and 8.,Diarrhea was observed in 32% of the pigs and virus shedding was demonstrated in 100% between PID 1 and 8.,Diarrhea was observed in 32% of the pigs and virus shedding was demonstrated in 100% between pelvic inflammatory disease 1 and 8.
PID,"The diagnosis of pelvic inflammatory disease is at times difficult because of the vague symptoms and signs, but is crucial because even mild PID can have future reproductive consequences.","The diagnosis of PID is at times difficult because of the vague symptoms and signs, but is crucial because even mild PID can have future reproductive consequences.","The diagnosis of postinoculation day is at times difficult because of the vague symptoms and signs, but is crucial because even mild PID can have future reproductive consequences.",The infected pigs developed severe illness and became moribund on postinoculation day 7 or PID 10.,The infected pigs developed severe illness and became moribund on PID 7 or PID 10.,The infected pigs developed severe illness and became moribund on pelvic inflammatory disease 7 or PID 10.
PID,RESULTS: Screening women between 15 and 29 years of age using urine-based NAATs prevented 1247 cases of pelvic inflammatory disease and saved 177 US dollars per patient compared with no screening.,RESULTS: Screening women between 15 and 29 years of age using urine-based NAATs prevented 1247 cases of PID and saved 177 US dollars per patient compared with no screening.,RESULTS: Screening women between 15 and 29 years of age using urine-based NAATs prevented 1247 cases of postinoculation day and saved 177 US dollars per patient compared with no screening.,"Pigs were challenged with virulent Wa (P1A[8],G1) human rotavirus at postinoculation day 21 (two-dose VLP regimen) or 28 (three-dose VLP regimen).","Pigs were challenged with virulent Wa (P1A[8],G1) human rotavirus at PID 21 (two-dose VLP regimen) or 28 (three-dose VLP regimen).","Pigs were challenged with virulent Wa (P1A[8],G1) human rotavirus at pelvic inflammatory disease 21 (two-dose VLP regimen) or 28 (three-dose VLP regimen)."
PIH,OBJECTIVE: The aim of this study is to evaluate whether pregnancy-induced hypertension among nondiabetic patients is associated with glucose intolerance.,OBJECTIVE: The aim of this study is to evaluate whether PIH among nondiabetic patients is associated with glucose intolerance.,OBJECTIVE: The aim of this study is to evaluate whether pyridoxal isonicotinoyl hydrazone among nondiabetic patients is associated with glucose intolerance.,"This level of Fe excretion at 200 mg/kg was similar to the same dose of the orally effective chelators, pyridoxal isonicotinoyl hydrazone and deferiprone (L1).","This level of Fe excretion at 200 mg/kg was similar to the same dose of the orally effective chelators, PIH and deferiprone (L1).","This level of Fe excretion at 200 mg/kg was similar to the same dose of the orally effective chelators, pregnancy-induced hypertension and deferiprone (L1)."
PIH,Elevated pregestational BMI is an independent risk factor for development of pregnancy-induced hypertension.,Elevated pregestational BMI is an independent risk factor for development of PIH.,Elevated pregestational BMI is an independent risk factor for development of pyridoxal isonicotinoyl hydrazone.,"pyridoxal isonicotinoyl hydrazone and many of its analogs are effective iron chelators in vivo and in vitro, and are of interest for the treatment of secondary iron overload.","PIH and many of its analogs are effective iron chelators in vivo and in vitro, and are of interest for the treatment of secondary iron overload.","pregnancy-induced hypertension and many of its analogs are effective iron chelators in vivo and in vitro, and are of interest for the treatment of secondary iron overload."
PIH,"In patients with DE-IVF, 26% had pregnancy-induced hypertension develop, whereas this occurred in only 8% of the STD-IVF group ( P = .02).","In patients with DE-IVF, 26% had PIH develop, whereas this occurred in only 8% of the STD-IVF group ( P = .02).","In patients with DE-IVF, 26% had pyridoxal isonicotinoyl hydrazone develop, whereas this occurred in only 8% of the STD-IVF group ( P = .02).",One group of ligands that have been extensively investigated are those of the pyridoxal isonicotinoyl hydrazone class.,One group of ligands that have been extensively investigated are those of the PIH class.,One group of ligands that have been extensively investigated are those of the pregnancy-induced hypertension class.
PIH,OBJECTIVE: The objective of the present study was to evaluate the cardiovascular risk profile and the prevalence of metabolic syndrome among women with a history of pregnancy-induced hypertension.,OBJECTIVE: The objective of the present study was to evaluate the cardiovascular risk profile and the prevalence of metabolic syndrome among women with a history of PIH.,OBJECTIVE: The objective of the present study was to evaluate the cardiovascular risk profile and the prevalence of metabolic syndrome among women with a history of pyridoxal isonicotinoyl hydrazone.,Lipophilicity of analogs of pyridoxal isonicotinoyl hydrazone determines the efflux of iron complexes and toxicity in K562 cells.,Lipophilicity of analogs of PIH determines the efflux of iron complexes and toxicity in K562 cells.,Lipophilicity of analogs of pregnancy-induced hypertension determines the efflux of iron complexes and toxicity in K562 cells.
PIH,BACKGROUND: No previous studies have examined the effect of pregnancy-induced hypertension on early infant growth.,BACKGROUND: No previous studies have examined the effect of PIH on early infant growth.,BACKGROUND: No previous studies have examined the effect of pyridoxal isonicotinoyl hydrazone on early infant growth.,pyridoxal isonicotinoyl hydrazone and many of its analogs are effective at mobilizing iron in vivo and in vitro at doses that are not toxic.,PIH and many of its analogs are effective at mobilizing iron in vivo and in vitro at doses that are not toxic.,pregnancy-induced hypertension and many of its analogs are effective at mobilizing iron in vivo and in vitro at doses that are not toxic.
PIP,"INDICATIONS: Closed, open, and remote injuries of the extensor mechanism at the proximal interphalangeal joint with corresponding loss of function.","INDICATIONS: Closed, open, and remote injuries of the extensor mechanism at the PIP joint with corresponding loss of function.","INDICATIONS: Closed, open, and remote injuries of the extensor mechanism at the peak inspiratory pressure joint with corresponding loss of function.","Respiratory mechanics such as peak inspiratory pressure, respiratory resistance (Rr), and dynamic compliance (Cdyn) measurements were recorded by a Datex-Ohmeda respiratory device (Datex-Ohmeda, Finland) at four timepoints: 5 minutes after mechanical ventilation started (T1), after insufflation of the peritoneum (T2), in the 30-degree Trendelenburg position (T3), and after desufflation of the peritoneum (T4).","Respiratory mechanics such as PIP, respiratory resistance (Rr), and dynamic compliance (Cdyn) measurements were recorded by a Datex-Ohmeda respiratory device (Datex-Ohmeda, Finland) at four timepoints: 5 minutes after mechanical ventilation started (T1), after insufflation of the peritoneum (T2), in the 30-degree Trendelenburg position (T3), and after desufflation of the peritoneum (T4).","Respiratory mechanics such as proximal interphalangeal, respiratory resistance (Rr), and dynamic compliance (Cdyn) measurements were recorded by a Datex-Ohmeda respiratory device (Datex-Ohmeda, Finland) at four timepoints: 5 minutes after mechanical ventilation started (T1), after insufflation of the peritoneum (T2), in the 30-degree Trendelenburg position (T3), and after desufflation of the peritoneum (T4)."
PIP,PURPOSE: The purpose of this study was to quantify the stiffness of the human finger proximal interphalangeal joint and to study its relationship to different common clinical parameters.,PURPOSE: The purpose of this study was to quantify the stiffness of the human finger PIP joint and to study its relationship to different common clinical parameters.,PURPOSE: The purpose of this study was to quantify the stiffness of the human finger peak inspiratory pressure joint and to study its relationship to different common clinical parameters.,"The significative risk factors in the bivariate analysis for the presence complications were: birth weight of 1,500 g or less, 36 weeks of gestational age or less, total time of ventilation of seven days or more , IOF of 1 (100%), cycles of 60 per minute or more and peak inspiratory pressure of 30 cm of water or more in the first days of life (all with p<0.05).","The significative risk factors in the bivariate analysis for the presence complications were: birth weight of 1,500 g or less, 36 weeks of gestational age or less, total time of ventilation of seven days or more , IOF of 1 (100%), cycles of 60 per minute or more and PIP of 30 cm of water or more in the first days of life (all with p<0.05).","The significative risk factors in the bivariate analysis for the presence complications were: birth weight of 1,500 g or less, 36 weeks of gestational age or less, total time of ventilation of seven days or more , IOF of 1 (100%), cycles of 60 per minute or more and proximal interphalangeal of 30 cm of water or more in the first days of life (all with p<0.05)."
PIP,"The long-term results of finger joint replacement, particularly the proximal interphalangeal joint, have mostly been disappointing according to a review of the international literature and our own experiences.","The long-term results of finger joint replacement, particularly the PIP joint, have mostly been disappointing according to a review of the international literature and our own experiences.","The long-term results of finger joint replacement, particularly the peak inspiratory pressure joint, have mostly been disappointing according to a review of the international literature and our own experiences.","Dynamic compliance (Cdyn), peak inspiratory pressure, and respiratory resistance (Rr) values were recorded with a VenTrak respiratory monitor (Novometrix Inc.","Dynamic compliance (Cdyn), PIP, and respiratory resistance (Rr) values were recorded with a VenTrak respiratory monitor (Novometrix Inc.","Dynamic compliance (Cdyn), proximal interphalangeal, and respiratory resistance (Rr) values were recorded with a VenTrak respiratory monitor (Novometrix Inc."
PIP,"For proximal interphalangeal joint arthrodesis constructs loaded in 3-point bending, no significant effect of treatment, side, or end on maximal bending moment or stiffness was detected.","For PIP joint arthrodesis constructs loaded in 3-point bending, no significant effect of treatment, side, or end on maximal bending moment or stiffness was detected.","For peak inspiratory pressure joint arthrodesis constructs loaded in 3-point bending, no significant effect of treatment, side, or end on maximal bending moment or stiffness was detected.","MSAP and SVR were unchanged after Tezosentan treatment, and there was an increase in cardiac output and a decline in peak inspiratory pressure in the Tezosentan group compared with the control group.","MSAP and SVR were unchanged after Tezosentan treatment, and there was an increase in cardiac output and a decline in PIP in the Tezosentan group compared with the control group.","MSAP and SVR were unchanged after Tezosentan treatment, and there was an increase in cardiac output and a decline in proximal interphalangeal in the Tezosentan group compared with the control group."
PIP,BACKGROUND: The main bony procedures used in the treatment of second hammertoe are excisional arthroplasty and arthrodesis of the proximal interphalangeal joint.,BACKGROUND: The main bony procedures used in the treatment of second hammertoe are excisional arthroplasty and arthrodesis of the PIP joint.,BACKGROUND: The main bony procedures used in the treatment of second hammertoe are excisional arthroplasty and arthrodesis of the peak inspiratory pressure joint.,peak inspiratory pressure was selected at the lowest level that achieved target range blood gases.,PIP was selected at the lowest level that achieved target range blood gases.,proximal interphalangeal was selected at the lowest level that achieved target range blood gases.
PMD,The proton MRS profile of Pelizaeus-Merzbacher disease differs from the pattern commonly observed in demyelinating disorders and allows PMD to be distinguished from other leukodystrophies.,The proton MRS profile of PMD differs from the pattern commonly observed in demyelinating disorders and allows PMD to be distinguished from other leukodystrophies.,The proton MRS profile of progressive muscular dystrophy differs from the pattern commonly observed in demyelinating disorders and allows PMD to be distinguished from other leukodystrophies.,In patients with progressive muscular dystrophy invasive electrophysiologic studies can detect hidden intracardiac conduction disturbances.,In patients with PMD invasive electrophysiologic studies can detect hidden intracardiac conduction disturbances.,In patients with Pelizaeus-Merzbacher disease invasive electrophysiologic studies can detect hidden intracardiac conduction disturbances.
PMD,We describe a 28-year-old male patient with a mild course of Pelizaeus-Merzbacher disease who presented with developmental delay in his second year of life and was able to walk until 12 years of age.,We describe a 28-year-old male patient with a mild course of PMD who presented with developmental delay in his second year of life and was able to walk until 12 years of age.,We describe a 28-year-old male patient with a mild course of progressive muscular dystrophy who presented with developmental delay in his second year of life and was able to walk until 12 years of age.,There are currently 27 national hospitals with the wards for progressive muscular dystrophy in Japan.,There are currently 27 national hospitals with the wards for PMD in Japan.,There are currently 27 national hospitals with the wards for Pelizaeus-Merzbacher disease in Japan.
PMD,"Duplication of the proteolipid protein gene (PLP1) is the most frequent cause of Pelizaeus-Merzbacher disease, a severe X-linked myelination disorder.","Duplication of the proteolipid protein gene (PLP1) is the most frequent cause of PMD, a severe X-linked myelination disorder.","Duplication of the proteolipid protein gene (PLP1) is the most frequent cause of progressive muscular dystrophy, a severe X-linked myelination disorder.",We evaluated cranial CT findings of 160 patients with various type of progressive muscular dystrophy.,We evaluated cranial CT findings of 160 patients with various type of PMD.,We evaluated cranial CT findings of 160 patients with various type of Pelizaeus-Merzbacher disease.
PMD,"We describe five boys from different families with an atypically severe form of Pelizaeus-Merzbacher disease who have three, and in one case, five copies of the proteolipid protein (PLP1) gene.","We describe five boys from different families with an atypically severe form of PMD who have three, and in one case, five copies of the proteolipid protein (PLP1) gene.","We describe five boys from different families with an atypically severe form of progressive muscular dystrophy who have three, and in one case, five copies of the proteolipid protein (PLP1) gene.","Calpain is thought to be involved in muscular degradation in progressive muscular dystrophy, especially Duchenne and Becker muscular dystrophies.","Calpain is thought to be involved in muscular degradation in PMD, especially Duchenne and Becker muscular dystrophies.","Calpain is thought to be involved in muscular degradation in Pelizaeus-Merzbacher disease, especially Duchenne and Becker muscular dystrophies."
PMD,Pelizaeus-Merzbacher disease is a rare X-linked dysmyelinating disorder resulting from mutation of the proteolipid protein gene (PLP1).,PMD is a rare X-linked dysmyelinating disorder resulting from mutation of the proteolipid protein gene (PLP1).,progressive muscular dystrophy is a rare X-linked dysmyelinating disorder resulting from mutation of the proteolipid protein gene (PLP1).,"Non-Fukuyama type congenital muscular dystrophy (n-FCMD), a subtype of progressive muscular dystrophy, is a very rare autosomal recessive disorder.","Non-Fukuyama type congenital muscular dystrophy (n-FCMD), a subtype of PMD, is a very rare autosomal recessive disorder.","Non-Fukuyama type congenital muscular dystrophy (n-FCMD), a subtype of Pelizaeus-Merzbacher disease, is a very rare autosomal recessive disorder."
PMI,"These findings were independent of age, brain weight, postmortem interval, sample storage time, or cigarette smoking.","These findings were independent of age, brain weight, PMI, sample storage time, or cigarette smoking.","These findings were independent of age, brain weight, perioperative myocardial infarction, sample storage time, or cigarette smoking.",perioperative myocardial infarction is one of the most important predictors of short- and long-term morbidity and mortality associated with non-cardiac surgery.,PMI is one of the most important predictors of short- and long-term morbidity and mortality associated with non-cardiac surgery.,postmortem interval is one of the most important predictors of short- and long-term morbidity and mortality associated with non-cardiac surgery.
PMI,Forensic anthropologists often rely on the state of decomposition to estimate the postmortem interval in a human remains case.,Forensic anthropologists often rely on the state of decomposition to estimate the PMI in a human remains case.,Forensic anthropologists often rely on the state of decomposition to estimate the perioperative myocardial infarction in a human remains case.,OBJECTIVE: To study the value of assaying cardiac troponin I (cTnI) for the early diagnosis of perioperative myocardial infarction and various complications of cardiac surgery.,OBJECTIVE: To study the value of assaying cardiac troponin I (cTnI) for the early diagnosis of PMI and various complications of cardiac surgery.,OBJECTIVE: To study the value of assaying cardiac troponin I (cTnI) for the early diagnosis of postmortem interval and various complications of cardiac surgery.
PMI,The present study was conducted to investigate the differences in the vitreous humor biochemical concentrations for vitreous electrolytes and calcium in the same pair of eyes at identical postmortem interval.,The present study was conducted to investigate the differences in the vitreous humor biochemical concentrations for vitreous electrolytes and calcium in the same pair of eyes at identical PMI.,The present study was conducted to investigate the differences in the vitreous humor biochemical concentrations for vitreous electrolytes and calcium in the same pair of eyes at identical perioperative myocardial infarction.,"Furthermore, we evaluated the usefulness of serum cTnI measurement to detect perioperative myocardial infarction after coronary artery bypass surgery.","Furthermore, we evaluated the usefulness of serum cTnI measurement to detect PMI after coronary artery bypass surgery.","Furthermore, we evaluated the usefulness of serum cTnI measurement to detect postmortem interval after coronary artery bypass surgery."
PMI,Collections of cells from each organ reached levels indicative of non-viability as the postmortem interval progressed.,Collections of cells from each organ reached levels indicative of non-viability as the PMI progressed.,Collections of cells from each organ reached levels indicative of non-viability as the perioperative myocardial infarction progressed.,OBJECTIVE: The reliability of conventional scalar ECG for diagnosis of perioperative myocardial infarction in cardiac surgery has been questioned.,OBJECTIVE: The reliability of conventional scalar ECG for diagnosis of PMI in cardiac surgery has been questioned.,OBJECTIVE: The reliability of conventional scalar ECG for diagnosis of postmortem interval in cardiac surgery has been questioned.
PMI,"Interpreting this succession provides information to determine minimum and maximum limits of the postmortem interval, that is, the time between death and the discovery of the body.","Interpreting this succession provides information to determine minimum and maximum limits of the PMI, that is, the time between death and the discovery of the body.","Interpreting this succession provides information to determine minimum and maximum limits of the perioperative myocardial infarction, that is, the time between death and the discovery of the body.","The perioperative myocardial infarction rate and in-hospital mortality rate were significantly higher in patients with PVD than in patients without PVD (9.4% vs 3.0%; p=0.0108, 17% vs 2.7%; p=0.0003, respectively).","The PMI rate and in-hospital mortality rate were significantly higher in patients with PVD than in patients without PVD (9.4% vs 3.0%; p=0.0108, 17% vs 2.7%; p=0.0003, respectively).","The postmortem interval rate and in-hospital mortality rate were significantly higher in patients with PVD than in patients without PVD (9.4% vs 3.0%; p=0.0108, 17% vs 2.7%; p=0.0003, respectively)."
PND,"Prolonged exposure of postnatal day 7 rat pups to anesthetics, which act via N-methyl-D-aspartate antagonism and/or gamma-amino butyric acid enhancement, causes neurodegeneration and persistent behavioral deficits.","Prolonged exposure of PND 7 rat pups to anesthetics, which act via N-methyl-D-aspartate antagonism and/or gamma-amino butyric acid enhancement, causes neurodegeneration and persistent behavioral deficits.","Prolonged exposure of prenatal diagnosis 7 rat pups to anesthetics, which act via N-methyl-D-aspartate antagonism and/or gamma-amino butyric acid enhancement, causes neurodegeneration and persistent behavioral deficits.","Although prenatal diagnosis has been available for many years, it is not acceptable to many owing to issues relating to termination of pregnancy.","Although PND has been available for many years, it is not acceptable to many owing to issues relating to termination of pregnancy.","Although postnatal day has been available for many years, it is not acceptable to many owing to issues relating to termination of pregnancy."
PND,Female C57BL/6J mice received 0 or 3mg/kg heptachlor in peanut butter every 3 days for 2 weeks prior to breeding and throughout gestation and lactation until the offspring were weaned on postnatal day 21.,Female C57BL/6J mice received 0 or 3mg/kg heptachlor in peanut butter every 3 days for 2 weeks prior to breeding and throughout gestation and lactation until the offspring were weaned on PND 21.,Female C57BL/6J mice received 0 or 3mg/kg heptachlor in peanut butter every 3 days for 2 weeks prior to breeding and throughout gestation and lactation until the offspring were weaned on prenatal diagnosis 21.,prenatal diagnosis is offered routinely as part of pregnancy care to a large number of women at increased risk of fetal anomalies.,PND is offered routinely as part of pregnancy care to a large number of women at increased risk of fetal anomalies.,postnatal day is offered routinely as part of pregnancy care to a large number of women at increased risk of fetal anomalies.
PND,"In the present study, male Long-Evans rats orally administered the commercial PBDE mixture DE-71 or corn oil for 1 week, beginning at postnatal day 6, were tested on a visual discrimination task and two sustained attention tasks.","In the present study, male Long-Evans rats orally administered the commercial PBDE mixture DE-71 or corn oil for 1 week, beginning at PND 6, were tested on a visual discrimination task and two sustained attention tasks.","In the present study, male Long-Evans rats orally administered the commercial PBDE mixture DE-71 or corn oil for 1 week, beginning at prenatal diagnosis 6, were tested on a visual discrimination task and two sustained attention tasks.","Despite the severe abnormalities associated with trisomy 13, some couples elect not to undergo invasive prenatal diagnosis due to the 0.5%-1.0% risk of pregnancy loss.","Despite the severe abnormalities associated with trisomy 13, some couples elect not to undergo invasive PND due to the 0.5%-1.0% risk of pregnancy loss.","Despite the severe abnormalities associated with trisomy 13, some couples elect not to undergo invasive postnatal day due to the 0.5%-1.0% risk of pregnancy loss."
PND,Dosing of dams ended when litters were born; pups received daily gavage at the same dose as their dam from postnatal day 1 through PND 22.,Dosing of dams ended when litters were born; pups received daily gavage at the same dose as their dam from PND 1 through PND 22.,Dosing of dams ended when litters were born; pups received daily gavage at the same dose as their dam from prenatal diagnosis 1 through PND 22.,prenatal diagnosis is an important issue in the comprehensive care of haemophiliacs.,PND is an important issue in the comprehensive care of haemophiliacs.,postnatal day is an important issue in the comprehensive care of haemophiliacs.
PND,"There were no statistically significant differences in F1 birth weight, survival, and litter size at postnatal day 0, 5, and 20.","There were no statistically significant differences in F1 birth weight, survival, and litter size at PND 0, 5, and 20.","There were no statistically significant differences in F1 birth weight, survival, and litter size at prenatal diagnosis 0, 5, and 20.",Five couples were determined to require prenatal diagnosis.,Five couples were determined to require PND.,Five couples were determined to require postnatal day.
PPI,"Here, STOP knockout and NMDA NR1 hypomorphic mice were assessed in a behavioural measure that can be used to detect schizophrenic-like phenotypes: a change in sensorimotor gating, measured through prepulse inhibition.","Here, STOP knockout and NMDA NR1 hypomorphic mice were assessed in a behavioural measure that can be used to detect schizophrenic-like phenotypes: a change in sensorimotor gating, measured through PPI.","Here, STOP knockout and NMDA NR1 hypomorphic mice were assessed in a behavioural measure that can be used to detect schizophrenic-like phenotypes: a change in sensorimotor gating, measured through proton pump inhibitor.","In all other patients, there are two approximately equivalent options: (i) test and treat for Helicobacter pylori (H. pylori) using a validated noninvasive test and a trial of acid suppression if eradication is successful but symptoms do not resolve or (ii) an empiric trial of acid suppression with a proton pump inhibitor for 4-8 wk.","In all other patients, there are two approximately equivalent options: (i) test and treat for Helicobacter pylori (H. pylori) using a validated noninvasive test and a trial of acid suppression if eradication is successful but symptoms do not resolve or (ii) an empiric trial of acid suppression with a PPI for 4-8 wk.","In all other patients, there are two approximately equivalent options: (i) test and treat for Helicobacter pylori (H. pylori) using a validated noninvasive test and a trial of acid suppression if eradication is successful but symptoms do not resolve or (ii) an empiric trial of acid suppression with a prepulse inhibition for 4-8 wk."
PPI,"Using the acoustic startle reflex, prepulse inhibition is typically demonstrated by the interaction between two auditory stimuli presented in close temporal proximity.","Using the acoustic startle reflex, PPI is typically demonstrated by the interaction between two auditory stimuli presented in close temporal proximity.","Using the acoustic startle reflex, proton pump inhibitor is typically demonstrated by the interaction between two auditory stimuli presented in close temporal proximity.","After failure of a combination of proton pump inhibitor, amoxicillin, and clarithromycin, the use of empirical quadruple therapy ( PPI -bismuth-tetracycline-metronidazole), has been generally used as the optimal second-line therapy.","After failure of a combination of PPI, amoxicillin, and clarithromycin, the use of empirical quadruple therapy ( PPI -bismuth-tetracycline-metronidazole), has been generally used as the optimal second-line therapy.","After failure of a combination of prepulse inhibition, amoxicillin, and clarithromycin, the use of empirical quadruple therapy ( PPI -bismuth-tetracycline-metronidazole), has been generally used as the optimal second-line therapy."
PPI,"CCK-1 receptors play a role in prepulse inhibition by modulating mesolimbic dopamine transmission, a modulator of sensorimotor gating.","CCK-1 receptors play a role in PPI by modulating mesolimbic dopamine transmission, a modulator of sensorimotor gating.","CCK-1 receptors play a role in proton pump inhibitor by modulating mesolimbic dopamine transmission, a modulator of sensorimotor gating.","OBJECTIVE: To compare the inhibitory effect of a novel proton pump inhibitor, tenatoprazole 40 mg once daily, with esomeprazole 40 mg once daily on intragastric acidity.","OBJECTIVE: To compare the inhibitory effect of a novel PPI, tenatoprazole 40 mg once daily, with esomeprazole 40 mg once daily on intragastric acidity.","OBJECTIVE: To compare the inhibitory effect of a novel prepulse inhibition, tenatoprazole 40 mg once daily, with esomeprazole 40 mg once daily on intragastric acidity."
PPI,"Neural regions modulating prepulse inhibition of the startle response, an operational measure of sensorimotor gating, are well established from animal studies using surgical and pharmacological procedures.","Neural regions modulating PPI of the startle response, an operational measure of sensorimotor gating, are well established from animal studies using surgical and pharmacological procedures.","Neural regions modulating proton pump inhibitor of the startle response, an operational measure of sensorimotor gating, are well established from animal studies using surgical and pharmacological procedures.","The only good prognostic factor for successful eradication was Israeli origin, while European-American and Asian-African origin, recurrence of symptoms, a history of duodenal ulcer, and chronic proton pump inhibitor use did not favor successful eradication.","The only good prognostic factor for successful eradication was Israeli origin, while European-American and Asian-African origin, recurrence of symptoms, a history of duodenal ulcer, and chronic PPI use did not favor successful eradication.","The only good prognostic factor for successful eradication was Israeli origin, while European-American and Asian-African origin, recurrence of symptoms, a history of duodenal ulcer, and chronic prepulse inhibition use did not favor successful eradication."
PPI,prepulse inhibition is a measure of sensorimotor gating that is deficient in schizophrenia.,PPI is a measure of sensorimotor gating that is deficient in schizophrenia.,proton pump inhibitor is a measure of sensorimotor gating that is deficient in schizophrenia.,"A trial of a proton pump inhibitor is indicated to assess if asthma improves subjectively and objectively, but the dose must be high enough to prevent even silent esophageal acid exposure, and the duration must be long enough to allow for detection of even subtle trends in subjective and objective respiratory improvement.","A trial of a PPI is indicated to assess if asthma improves subjectively and objectively, but the dose must be high enough to prevent even silent esophageal acid exposure, and the duration must be long enough to allow for detection of even subtle trends in subjective and objective respiratory improvement.","A trial of a prepulse inhibition is indicated to assess if asthma improves subjectively and objectively, but the dose must be high enough to prevent even silent esophageal acid exposure, and the duration must be long enough to allow for detection of even subtle trends in subjective and objective respiratory improvement."
PRN,Local injection of kainic acid into the paramedian reticular nucleus of the medulla oblongata decreased both the spontaneous release of dopamine in the amygdala and spontaneous levels of locomotor activity in rats.,Local injection of kainic acid into the PRN of the medulla oblongata decreased both the spontaneous release of dopamine in the amygdala and spontaneous levels of locomotor activity in rats.,Local injection of kainic acid into the plaque reduction neutralization of the medulla oblongata decreased both the spontaneous release of dopamine in the amygdala and spontaneous levels of locomotor activity in rats.,Measles antibody was measured by plaque reduction neutralization and enzyme linked immunosorbent assay.,Measles antibody was measured by PRN and enzyme linked immunosorbent assay.,Measles antibody was measured by paramedian reticular nucleus and enzyme linked immunosorbent assay.
PRN,All the afore-mentioned activity measures induced by amphetamine were suppressed following electrolytic lesions of the paramedian reticular nucleus in rat medulla.,All the afore-mentioned activity measures induced by amphetamine were suppressed following electrolytic lesions of the PRN in rat medulla.,All the afore-mentioned activity measures induced by amphetamine were suppressed following electrolytic lesions of the plaque reduction neutralization in rat medulla.,"At 27 months of age, 98.4% of infants had protective antibody levels by plaque reduction neutralization test.","At 27 months of age, 98.4% of infants had protective antibody levels by PRN test.","At 27 months of age, 98.4% of infants had protective antibody levels by paramedian reticular nucleus test."
PRN,In other groups the paramedian reticular nucleus was intermittently stimulated to inhibit the sympathetic nervous system.,In other groups the PRN was intermittently stimulated to inhibit the sympathetic nervous system.,In other groups the plaque reduction neutralization was intermittently stimulated to inhibit the sympathetic nervous system.,"Of the 56 participants (77% were 2-dose recipients), all had antibodies detected by the plaque reduction neutralization antibody assay an average of 26-33 years after the first or second dose of measles vaccine; 92% had a PRN titer considered protective (>1 : 120).","Of the 56 participants (77% were 2-dose recipients), all had antibodies detected by the PRN antibody assay an average of 26-33 years after the first or second dose of measles vaccine; 92% had a PRN titer considered protective (>1 : 120).","Of the 56 participants (77% were 2-dose recipients), all had antibodies detected by the paramedian reticular nucleus antibody assay an average of 26-33 years after the first or second dose of measles vaccine; 92% had a PRN titer considered protective (>1 : 120)."
PRN,The effects of stimulation of the paramedian reticular nucleus in the rat medulla oblongata on both amphetamine-induced locomotor activity and striatal release of dopamine-like material were assessed.,The effects of stimulation of the PRN in the rat medulla oblongata on both amphetamine-induced locomotor activity and striatal release of dopamine-like material were assessed.,The effects of stimulation of the plaque reduction neutralization in the rat medulla oblongata on both amphetamine-induced locomotor activity and striatal release of dopamine-like material were assessed.,The assessment of immunogenicity of a diluted vaccinia vaccine for possible widespread use of a diluted vaccine in the event of a bioterrorist attack prompted us to focus on the development of a sensitive and specific plaque reduction neutralization assay to assess the antibody response of volunteers to a vaccinia (Dryvax) vaccine.,The assessment of immunogenicity of a diluted vaccinia vaccine for possible widespread use of a diluted vaccine in the event of a bioterrorist attack prompted us to focus on the development of a sensitive and specific PRN assay to assess the antibody response of volunteers to a vaccinia (Dryvax) vaccine.,The assessment of immunogenicity of a diluted vaccinia vaccine for possible widespread use of a diluted vaccine in the event of a bioterrorist attack prompted us to focus on the development of a sensitive and specific paramedian reticular nucleus assay to assess the antibody response of volunteers to a vaccinia (Dryvax) vaccine.
PRN,"Fastigiofugal fibers which originated from the rostral part of the fastigial nucleus innervated heavily the nucleus reticularis gigantocellularis (NRGc), nucleus reticularis magnocellularis (NRMc) and the ventral paramedian reticular nucleus.","Fastigiofugal fibers which originated from the rostral part of the fastigial nucleus innervated heavily the nucleus reticularis gigantocellularis (NRGc), nucleus reticularis magnocellularis (NRMc) and the ventral PRN.","Fastigiofugal fibers which originated from the rostral part of the fastigial nucleus innervated heavily the nucleus reticularis gigantocellularis (NRGc), nucleus reticularis magnocellularis (NRMc) and the ventral plaque reduction neutralization.","To assess how EIA results would agree with those by the gold standard method of plaque reduction neutralization we compared the results from the two methods in 43 pairs of maternal and umbilical cord sera, and sera from the corresponding infants when aged 11-14 months.","To assess how EIA results would agree with those by the gold standard method of PRN we compared the results from the two methods in 43 pairs of maternal and umbilical cord sera, and sera from the corresponding infants when aged 11-14 months.","To assess how EIA results would agree with those by the gold standard method of paramedian reticular nucleus we compared the results from the two methods in 43 pairs of maternal and umbilical cord sera, and sera from the corresponding infants when aged 11-14 months."
PSA,"PATIENTS AND METHODS: Between March 1999 and January 2004, 37 patients had salvage RT for prostate-specific antigen failure after RP, including eight who had had neoadjuvant hormone therapy.","PATIENTS AND METHODS: Between March 1999 and January 2004, 37 patients had salvage RT for PSA failure after RP, including eight who had had neoadjuvant hormone therapy.","PATIENTS AND METHODS: Between March 1999 and January 2004, 37 patients had salvage RT for polysialic acid failure after RP, including eight who had had neoadjuvant hormone therapy.",The polysialyltransferases [ST8SiaIV (PST1) and ST8SiaII] are responsible for the addition of polysialic acid to NCAM.,The polysialyltransferases [ST8SiaIV (PST1) and ST8SiaII] are responsible for the addition of PSA to NCAM.,The polysialyltransferases [ST8SiaIV (PST1) and ST8SiaII] are responsible for the addition of prostate-specific antigen to NCAM.
PSA,The effect of percentage free prostate-specific antigen level on the prostate cancer detection rate in a screening population with low PSA levels.,The effect of percentage free PSA level on the prostate cancer detection rate in a screening population with low PSA levels.,The effect of percentage free polysialic acid level on the prostate cancer detection rate in a screening population with low PSA levels.,"The polysaccharide is chemically identical to an autoantigen, polysialic acid, and is a poor immunogen, even when conjugated to protein carriers.","The polysaccharide is chemically identical to an autoantigen, PSA, and is a poor immunogen, even when conjugated to protein carriers.","The polysaccharide is chemically identical to an autoantigen, prostate-specific antigen, and is a poor immunogen, even when conjugated to protein carriers."
PSA,"Disease progression was defined as a rising prostate-specific antigen level, clinical progression, radiotherapy more than 12 months postoperatively, or initiation of systemic therapy.","Disease progression was defined as a rising PSA level, clinical progression, radiotherapy more than 12 months postoperatively, or initiation of systemic therapy.","Disease progression was defined as a rising polysialic acid level, clinical progression, radiotherapy more than 12 months postoperatively, or initiation of systemic therapy.","polysialic acid is a dynamically regulated carbohydrate modification of the neural cell adhesion molecule NCAM, which has been linked to cancer development and dissemination.","PSA is a dynamically regulated carbohydrate modification of the neural cell adhesion molecule NCAM, which has been linked to cancer development and dissemination.","prostate-specific antigen is a dynamically regulated carbohydrate modification of the neural cell adhesion molecule NCAM, which has been linked to cancer development and dissemination."
PSA,"This panel of peptides performed better than did prostate-specific antigen in distinguishing between the group with prostate cancer and the control group (area under the curve for the autoantibody signature, 0.93; 95 percent confidence interval, 0.88 to 0.97; area under the curve for PSA , 0.80; 95 percent confidence interval, 0.71 to 0.88).","This panel of peptides performed better than did PSA in distinguishing between the group with prostate cancer and the control group (area under the curve for the autoantibody signature, 0.93; 95 percent confidence interval, 0.88 to 0.97; area under the curve for PSA , 0.80; 95 percent confidence interval, 0.71 to 0.88).","This panel of peptides performed better than did polysialic acid in distinguishing between the group with prostate cancer and the control group (area under the curve for the autoantibody signature, 0.93; 95 percent confidence interval, 0.88 to 0.97; area under the curve for PSA , 0.80; 95 percent confidence interval, 0.71 to 0.88).","The magnitude of the repulsion also depends on the amount of polysialic acid on the membranes, and the PSA -dependent attenuation of cadherin adhesion increases with increasing PSA -NCAM:cadherin ratios.","The magnitude of the repulsion also depends on the amount of PSA on the membranes, and the PSA -dependent attenuation of cadherin adhesion increases with increasing PSA -NCAM:cadherin ratios.","The magnitude of the repulsion also depends on the amount of prostate-specific antigen on the membranes, and the PSA -dependent attenuation of cadherin adhesion increases with increasing PSA -NCAM:cadherin ratios."
PSA,prostate-specific antigen and the related kallikrein family of serine proteases are current or emerging biomarkers for prostate cancer detection and progression.,PSA and the related kallikrein family of serine proteases are current or emerging biomarkers for prostate cancer detection and progression.,polysialic acid and the related kallikrein family of serine proteases are current or emerging biomarkers for prostate cancer detection and progression.,"Here, we searched for the mechanisms of synaptogenic activity of NCAM, focusing on the role of polysialic acid, an unusual carbohydrate preferentially associated with NCAM.","Here, we searched for the mechanisms of synaptogenic activity of NCAM, focusing on the role of PSA, an unusual carbohydrate preferentially associated with NCAM.","Here, we searched for the mechanisms of synaptogenic activity of NCAM, focusing on the role of prostate-specific antigen, an unusual carbohydrate preferentially associated with NCAM."
PTH,"OBJECTIVE: To investigate the relative importance of high calcium intake and serum 25-hydroxyvitamin D for calcium homeostasis, as determined by serum intact parathyroid hormone.","OBJECTIVE: To investigate the relative importance of high calcium intake and serum 25-hydroxyvitamin D for calcium homeostasis, as determined by serum intact PTH.","OBJECTIVE: To investigate the relative importance of high calcium intake and serum 25-hydroxyvitamin D for calcium homeostasis, as determined by serum intact post-transfusion hepatitis.",BACKGROUND AND OBJECTIVE: Hepatitis after a transfusion of blood products is often uncritically called post-transfusion hepatitis.,BACKGROUND AND OBJECTIVE: Hepatitis after a transfusion of blood products is often uncritically called PTH.,BACKGROUND AND OBJECTIVE: Hepatitis after a transfusion of blood products is often uncritically called parathyroid hormone.
PTH,"Uni- and multivariate analyses were used to determine association of LEA with demographic characteristics such as diabetes, hypertension, smoking, myocardial infarction, stroke, dyslipidaemia, haematocrit, urea, creatinine, calcium, phosphorous, parathyroid hormone and albumin levels.","Uni- and multivariate analyses were used to determine association of LEA with demographic characteristics such as diabetes, hypertension, smoking, myocardial infarction, stroke, dyslipidaemia, haematocrit, urea, creatinine, calcium, phosphorous, PTH and albumin levels.","Uni- and multivariate analyses were used to determine association of LEA with demographic characteristics such as diabetes, hypertension, smoking, myocardial infarction, stroke, dyslipidaemia, haematocrit, urea, creatinine, calcium, phosphorous, post-transfusion hepatitis and albumin levels.","In recent years, an elevated serum ALT level in blood donors has been associated with an increased risk of post-transfusion hepatitis.","In recent years, an elevated serum ALT level in blood donors has been associated with an increased risk of PTH.","In recent years, an elevated serum ALT level in blood donors has been associated with an increased risk of parathyroid hormone."
PTH,No correlation of ocular calcification and parathyroid hormone level or calcium and phosphate product were observed. 39 (60%) patients had cataract.,No correlation of ocular calcification and PTH level or calcium and phosphate product were observed. 39 (60%) patients had cataract.,No correlation of ocular calcification and post-transfusion hepatitis level or calcium and phosphate product were observed. 39 (60%) patients had cataract.,This was followed by a decrease in the incidence of post-transfusion hepatitis from 13 to 2.5% and there have been no anti-HCV+ PTH cases since.,This was followed by a decrease in the incidence of PTH from 13 to 2.5% and there have been no anti-HCV+ PTH cases since.,This was followed by a decrease in the incidence of parathyroid hormone from 13 to 2.5% and there have been no anti-HCV+ PTH cases since.
PTH,Intact parathyroid hormone level was 124.6 +/- 174.9 pg/mL and less than twice normal in 69.5% of patients.,Intact PTH level was 124.6 +/- 174.9 pg/mL and less than twice normal in 69.5% of patients.,Intact post-transfusion hepatitis level was 124.6 +/- 174.9 pg/mL and less than twice normal in 69.5% of patients.,"The incidence of post-transfusion hepatitis C in 91 patients who had received 1-12 units transfusion was significantly lower than in 135 patients who had received more than 12 units transfusion (6.6 vs. 16.3%, p<0.05).","The incidence of PTH C in 91 patients who had received 1-12 units transfusion was significantly lower than in 135 patients who had received more than 12 units transfusion (6.6 vs. 16.3%, p<0.05).","The incidence of parathyroid hormone C in 91 patients who had received 1-12 units transfusion was significantly lower than in 135 patients who had received more than 12 units transfusion (6.6 vs. 16.3%, p<0.05)."
PTH,Two further agents with major evidences of efficacy include strontium ranelate and parathyroid hormone and its fragments.,Two further agents with major evidences of efficacy include strontium ranelate and PTH and its fragments.,Two further agents with major evidences of efficacy include strontium ranelate and post-transfusion hepatitis and its fragments.,A large number of strategies have been developed or proposed to reduce the incidence of post-transfusion hepatitis.,A large number of strategies have been developed or proposed to reduce the incidence of PTH.,A large number of strategies have been developed or proposed to reduce the incidence of parathyroid hormone.
PTSD,Therapeutic effects of two antidepressant agents in the treatment of posttraumatic stress disorder.,Therapeutic effects of two antidepressant agents in the treatment of PTSD.,Therapeutic effects of two antidepressant agents in the treatment of post-traumatic stress disorder.,"post-traumatic stress disorder was more frequent among asylum seekers (43.4%) than among refugees (11%), while schizophrenia was more frequent among refugees (62.2%) than among asylum seekers (15%).","PTSD was more frequent among asylum seekers (43.4%) than among refugees (11%), while schizophrenia was more frequent among refugees (62.2%) than among asylum seekers (15%).","posttraumatic stress disorder was more frequent among asylum seekers (43.4%) than among refugees (11%), while schizophrenia was more frequent among refugees (62.2%) than among asylum seekers (15%)."
PTSD,"posttraumatic stress disorder is a psychiatric disorder characterised by an acute emotional response to a traumatic event or situation involving severe environmental stress (natural disasters, wars, epidemics, rape, assaults, physical torture, catastrophic illness or accident), which may be identified in cognitive, affective or sensory motor activities.","PTSD is a psychiatric disorder characterised by an acute emotional response to a traumatic event or situation involving severe environmental stress (natural disasters, wars, epidemics, rape, assaults, physical torture, catastrophic illness or accident), which may be identified in cognitive, affective or sensory motor activities.","post-traumatic stress disorder is a psychiatric disorder characterised by an acute emotional response to a traumatic event or situation involving severe environmental stress (natural disasters, wars, epidemics, rape, assaults, physical torture, catastrophic illness or accident), which may be identified in cognitive, affective or sensory motor activities.","This research begins to clarify the cerebral basis and mechanisms for the trauma-related dissociation observed in dissociative (conversion) disorders, post-traumatic stress disorder and somatoform disorders.","This research begins to clarify the cerebral basis and mechanisms for the trauma-related dissociation observed in dissociative (conversion) disorders, PTSD and somatoform disorders.","This research begins to clarify the cerebral basis and mechanisms for the trauma-related dissociation observed in dissociative (conversion) disorders, posttraumatic stress disorder and somatoform disorders."
PTSD,"The purpose of this study is to determine the prevalence of subthreshold posttraumatic stress disorder and its association with specific traumas, other psychiatric diagnoses, healthcare use, and functional status among 669 veterans in four VA Medical Centers.","The purpose of this study is to determine the prevalence of subthreshold PTSD and its association with specific traumas, other psychiatric diagnoses, healthcare use, and functional status among 669 veterans in four VA Medical Centers.","The purpose of this study is to determine the prevalence of subthreshold post-traumatic stress disorder and its association with specific traumas, other psychiatric diagnoses, healthcare use, and functional status among 669 veterans in four VA Medical Centers.","Regression assessed the effects of site, demographic features, military service, and symptoms of post-traumatic stress disorder on health status, care-seeking, and satisfaction with health care among 490 patients.","Regression assessed the effects of site, demographic features, military service, and symptoms of PTSD on health status, care-seeking, and satisfaction with health care among 490 patients.","Regression assessed the effects of site, demographic features, military service, and symptoms of posttraumatic stress disorder on health status, care-seeking, and satisfaction with health care among 490 patients."
PTSD,"The present survey aimed at examining the prevalence of posttraumatic stress disorder, and other disorders and symptoms, all present in old age, as long-term consequences of politically motivated violence in a comparison design.","The present survey aimed at examining the prevalence of PTSD, and other disorders and symptoms, all present in old age, as long-term consequences of politically motivated violence in a comparison design.","The present survey aimed at examining the prevalence of post-traumatic stress disorder, and other disorders and symptoms, all present in old age, as long-term consequences of politically motivated violence in a comparison design.",OBJECTIVE: We examined the lifetime prevalence of violence in Mexico and how different characteristics of the violent event effect the probability of meeting criteria for lifetime post-traumatic stress disorder.,OBJECTIVE: We examined the lifetime prevalence of violence in Mexico and how different characteristics of the violent event effect the probability of meeting criteria for lifetime PTSD.,OBJECTIVE: We examined the lifetime prevalence of violence in Mexico and how different characteristics of the violent event effect the probability of meeting criteria for lifetime posttraumatic stress disorder.
PTSD,There are three different approaches in the pharmacological treatment of posttraumatic stress disorder in the published data.,There are three different approaches in the pharmacological treatment of PTSD in the published data.,There are three different approaches in the pharmacological treatment of post-traumatic stress disorder in the published data.,Repeated vivid recalls or flashbacks of traumatic memories and memory deficits are the cardinal features of post-traumatic stress disorder.,Repeated vivid recalls or flashbacks of traumatic memories and memory deficits are the cardinal features of PTSD.,Repeated vivid recalls or flashbacks of traumatic memories and memory deficits are the cardinal features of posttraumatic stress disorder.
PVC,"Nurses-defenders of environmental health, polyvinyl chloride.","Nurses-defenders of environmental health, PVC.","Nurses-defenders of environmental health, premature ventricular contractions.","METHODS AND RESULTS: Of the 48 cases of pediatric VT that have been followed for 2-30 years, 17% were diagnosed at the first school-based screening test (12-lead ECG at rest) and the remainder who had premature ventricular contractions on the resting 12-lead ECG required Holter ECG test and exercise stress ECG test to detect VT.","METHODS AND RESULTS: Of the 48 cases of pediatric VT that have been followed for 2-30 years, 17% were diagnosed at the first school-based screening test (12-lead ECG at rest) and the remainder who had PVC on the resting 12-lead ECG required Holter ECG test and exercise stress ECG test to detect VT.","METHODS AND RESULTS: Of the 48 cases of pediatric VT that have been followed for 2-30 years, 17% were diagnosed at the first school-based screening test (12-lead ECG at rest) and the remainder who had polyvinyl chloride on the resting 12-lead ECG required Holter ECG test and exercise stress ECG test to detect VT."
PVC,"Parenteral aseptic preparations of piperacillin/tazobactam are used frequently in hospitals, but there is limited published information on their stability in polyvinyl chloride and polyolefine laminate (non- PVC ).","Parenteral aseptic preparations of piperacillin/tazobactam are used frequently in hospitals, but there is limited published information on their stability in PVC and polyolefine laminate (non- PVC ).","Parenteral aseptic preparations of piperacillin/tazobactam are used frequently in hospitals, but there is limited published information on their stability in premature ventricular contractions and polyolefine laminate (non- PVC ).",A quantitative analysis is proposed of pattern recognition parameters for classification of normal QRS complexes and premature ventricular contractions.,A quantitative analysis is proposed of pattern recognition parameters for classification of normal QRS complexes and PVC.,A quantitative analysis is proposed of pattern recognition parameters for classification of normal QRS complexes and polyvinyl chloride.
PVC,"This investigation has identified conditions under which ReFacto, a recombinant human B-domain deleted FVIII, can be successfully delivered under dilute conditions when using large volume parenteral polyvinyl chloride bags without the addition of stabilizers or as an undiluted preparation delivered by ambulatory infusion pumps.","This investigation has identified conditions under which ReFacto, a recombinant human B-domain deleted FVIII, can be successfully delivered under dilute conditions when using large volume parenteral PVC bags without the addition of stabilizers or as an undiluted preparation delivered by ambulatory infusion pumps.","This investigation has identified conditions under which ReFacto, a recombinant human B-domain deleted FVIII, can be successfully delivered under dilute conditions when using large volume parenteral premature ventricular contractions bags without the addition of stabilizers or as an undiluted preparation delivered by ambulatory infusion pumps.",A procedure for testing for treatment effect in data similar to the data on premature ventricular contractions is presented.,A procedure for testing for treatment effect in data similar to the data on PVC is presented.,A procedure for testing for treatment effect in data similar to the data on polyvinyl chloride is presented.
PVC,We have previously found evidence of contaminants in 0.9% saline packaged in polyvinyl chloride for clinical use.,We have previously found evidence of contaminants in 0.9% saline packaged in PVC for clinical use.,We have previously found evidence of contaminants in 0.9% saline packaged in premature ventricular contractions for clinical use.,A 24 hour ambulatory ECG showed only 372 single premature ventricular contractions.,A 24 hour ambulatory ECG showed only 372 single PVC.,A 24 hour ambulatory ECG showed only 372 single polyvinyl chloride.
PVC,"Six paper samples--impregnated with NaHCO3, NaCl + fly ash, polyvinyl chloride, and PVC + NaHCO3--were combusted in a well-controlled incinerator at 512-760 degrees C and exhaust gases were analyzed for dioxins (PCDDs, PCDFs, and coplanar PCBs).","Six paper samples--impregnated with NaHCO3, NaCl + fly ash, PVC, and PVC + NaHCO3--were combusted in a well-controlled incinerator at 512-760 degrees C and exhaust gases were analyzed for dioxins (PCDDs, PCDFs, and coplanar PCBs).","Six paper samples--impregnated with NaHCO3, NaCl + fly ash, premature ventricular contractions, and PVC + NaHCO3--were combusted in a well-controlled incinerator at 512-760 degrees C and exhaust gases were analyzed for dioxins (PCDDs, PCDFs, and coplanar PCBs).","Quantitatively significant arrhythmia was recognized in 15 cases, blocked bigeminy (2:1) in 2 fetuses, 10 cases were accompanied by another arrhythmias: 4x SVT, 4x sinus bradycardia, 2x premature ventricular contractions.","Quantitatively significant arrhythmia was recognized in 15 cases, blocked bigeminy (2:1) in 2 fetuses, 10 cases were accompanied by another arrhythmias: 4x SVT, 4x sinus bradycardia, 2x PVC.","Quantitatively significant arrhythmia was recognized in 15 cases, blocked bigeminy (2:1) in 2 fetuses, 10 cases were accompanied by another arrhythmias: 4x SVT, 4x sinus bradycardia, 2x polyvinyl chloride."
RAP,right atrial pressure reflects volume and pressure hemodynamics of right cardiac chambers.,RAP reflects volume and pressure hemodynamics of right cardiac chambers.,receptor-associated protein reflects volume and pressure hemodynamics of right cardiac chambers.,Ligand binding to the LDLR family is inhibited by receptor-associated protein.,Ligand binding to the LDLR family is inhibited by RAP.,Ligand binding to the LDLR family is inhibited by right atrial pressure.
RAP,"In addition, during exogenous volume expansion, right atrial pressure increases more for equivalent volumes in pregnant animals, implying reduced atrial compliance.","In addition, during exogenous volume expansion, RAP increases more for equivalent volumes in pregnant animals, implying reduced atrial compliance.","In addition, during exogenous volume expansion, receptor-associated protein increases more for equivalent volumes in pregnant animals, implying reduced atrial compliance.","Treatment of cells with a glycosylation inhibitor tunicamycin significantly impaired LRP folding, although binding to receptor-associated protein, a specialized chaperone for LRP, was not affected.","Treatment of cells with a glycosylation inhibitor tunicamycin significantly impaired LRP folding, although binding to RAP, a specialized chaperone for LRP, was not affected.","Treatment of cells with a glycosylation inhibitor tunicamycin significantly impaired LRP folding, although binding to right atrial pressure, a specialized chaperone for LRP, was not affected."
RAP,A 6-mmHg increase in right atrial pressure caused an increase in atrial rate that reached a steady value of 15 min(-1) after 1-2 min.,A 6-mmHg increase in RAP caused an increase in atrial rate that reached a steady value of 15 min(-1) after 1-2 min.,A 6-mmHg increase in receptor-associated protein caused an increase in atrial rate that reached a steady value of 15 min(-1) after 1-2 min.,"Moreover, co-incubation of TGRLs with orlistat, a potent active-site inhibitor of various lipases, did not alter TGRL-induced effects, whereas co-incubation with receptor-associated protein, which inhibits interaction of TGRL particles with members of the LDL receptor family, reversed the TGRL-induced effects on glycogen synthesis and insulin signalling.","Moreover, co-incubation of TGRLs with orlistat, a potent active-site inhibitor of various lipases, did not alter TGRL-induced effects, whereas co-incubation with RAP, which inhibits interaction of TGRL particles with members of the LDL receptor family, reversed the TGRL-induced effects on glycogen synthesis and insulin signalling.","Moreover, co-incubation of TGRLs with orlistat, a potent active-site inhibitor of various lipases, did not alter TGRL-induced effects, whereas co-incubation with right atrial pressure, which inhibits interaction of TGRL particles with members of the LDL receptor family, reversed the TGRL-induced effects on glycogen synthesis and insulin signalling."
RAP,"BACKGROUND: Patients with advanced PPH develop RV dysfunction, characterized by a decreased cardiac output, increased right atrial pressure and/or elevated RV end-diastolic pressure, which progresses to heart failure and death.","BACKGROUND: Patients with advanced PPH develop RV dysfunction, characterized by a decreased cardiac output, increased RAP and/or elevated RV end-diastolic pressure, which progresses to heart failure and death.","BACKGROUND: Patients with advanced PPH develop RV dysfunction, characterized by a decreased cardiac output, increased receptor-associated protein and/or elevated RV end-diastolic pressure, which progresses to heart failure and death.","To determine the contribution of receptor-mediated endocytosis, we tested competition for uptake by octreotide and somatostatin and by various megalin/cubilin ligands [ receptor-associated protein, albumin, transferrin, insulin, polymixin B] or basic amino acids.","To determine the contribution of receptor-mediated endocytosis, we tested competition for uptake by octreotide and somatostatin and by various megalin/cubilin ligands RAP, albumin, transferrin, insulin, polymixin B] or basic amino acids.","To determine the contribution of receptor-mediated endocytosis, we tested competition for uptake by octreotide and somatostatin and by various megalin/cubilin ligands [ right atrial pressure, albumin, transferrin, insulin, polymixin B] or basic amino acids."
RAP,"In a univariate analysis, the following factors were significantly associated with death on the waiting list: PaO(2) or = 35 mm Hg (RR, 3.2; 95% CI, 1.1 to 9.5); cardiac index right atrial pressure > or = 15 mm Hg (RR, 7.6; 95% CI, 3.0 to 19.3).","In a univariate analysis, the following factors were significantly associated with death on the waiting list: PaO(2) or = 35 mm Hg (RR, 3.2; 95% CI, 1.1 to 9.5); cardiac index RAP > or = 15 mm Hg (RR, 7.6; 95% CI, 3.0 to 19.3).","In a univariate analysis, the following factors were significantly associated with death on the waiting list: PaO(2) or = 35 mm Hg (RR, 3.2; 95% CI, 1.1 to 9.5); cardiac index receptor-associated protein > or = 15 mm Hg (RR, 7.6; 95% CI, 3.0 to 19.3).","Uptake of (125)I-LDL was similar in monocytes and macrophages and was not affected by the LDL-receptor family antagonist receptor-associated protein or by the phagocytosis inhibitor cytochalasin D. In contrast, uptake depended on HSPG and on membrane cholesterol.","Uptake of (125)I-LDL was similar in monocytes and macrophages and was not affected by the LDL-receptor family antagonist RAP or by the phagocytosis inhibitor cytochalasin D. In contrast, uptake depended on HSPG and on membrane cholesterol.","Uptake of (125)I-LDL was similar in monocytes and macrophages and was not affected by the LDL-receptor family antagonist right atrial pressure or by the phagocytosis inhibitor cytochalasin D. In contrast, uptake depended on HSPG and on membrane cholesterol."
RBC,OBJECTIVES: To investigate whether macrophage-depleted rats may serve as a model for studying red blood cell aging.,OBJECTIVES: To investigate whether macrophage-depleted rats may serve as a model for studying RBC aging.,OBJECTIVES: To investigate whether macrophage-depleted rats may serve as a model for studying Ranitidine bismuth citrate aging.,"We included studies evaluating the efficacy of a proton pump inhibitor (P) or Ranitidine bismuth citrate plus two antibiotics of clarithromycin (C), amoxicillin (A), metronidazole (M), or P-based quadruple therapies for eradicating the infection.","We included studies evaluating the efficacy of a proton pump inhibitor (P) or RBC plus two antibiotics of clarithromycin (C), amoxicillin (A), metronidazole (M), or P-based quadruple therapies for eradicating the infection.","We included studies evaluating the efficacy of a proton pump inhibitor (P) or red blood cell plus two antibiotics of clarithromycin (C), amoxicillin (A), metronidazole (M), or P-based quadruple therapies for eradicating the infection."
RBC,"BACKGROUND: The FDA has approved a closed-system red blood cell glycerolization procedure with the ACP 215 (Haemonetics), which requires a centrifuge to prepare RBC s before and after glycerolization.","BACKGROUND: The FDA has approved a closed-system RBC glycerolization procedure with the ACP 215 (Haemonetics), which requires a centrifuge to prepare RBC s before and after glycerolization.","BACKGROUND: The FDA has approved a closed-system Ranitidine bismuth citrate glycerolization procedure with the ACP 215 (Haemonetics), which requires a centrifuge to prepare RBC s before and after glycerolization.","MATERIAL/METHODS: 70 consecutive patients with persistent H. pylori infection were enrolled and treated with Ranitidine bismuth citrate 400 mg b.d, esomeprazole or pantoprazole 40 mg/day, amoxycillin 1 g t.d, tinidazole 500 mg b.d. with (group A) or witlhout (group B) supplementation with 750 mg daily containing 16 billion bacteria Lactobacillus casei subsp. casei DG.","MATERIAL/METHODS: 70 consecutive patients with persistent H. pylori infection were enrolled and treated with RBC 400 mg b.d, esomeprazole or pantoprazole 40 mg/day, amoxycillin 1 g t.d, tinidazole 500 mg b.d. with (group A) or witlhout (group B) supplementation with 750 mg daily containing 16 billion bacteria Lactobacillus casei subsp. casei DG.","MATERIAL/METHODS: 70 consecutive patients with persistent H. pylori infection were enrolled and treated with red blood cell 400 mg b.d, esomeprazole or pantoprazole 40 mg/day, amoxycillin 1 g t.d, tinidazole 500 mg b.d. with (group A) or witlhout (group B) supplementation with 750 mg daily containing 16 billion bacteria Lactobacillus casei subsp. casei DG."
RBC,LC-MS/MS will enable accurate measurements of red blood cell folate in nutrition surveys and clinical trials.,LC-MS/MS will enable accurate measurements of RBC folate in nutrition surveys and clinical trials.,LC-MS/MS will enable accurate measurements of Ranitidine bismuth citrate folate in nutrition surveys and clinical trials.,"MATERIAL AND METHODS: This trial compares three regimens with Ranitidine bismuth citrate or omeprazole as first line therapy, evaluates the effect of one regimen for retreatment, compares practice at Norwegian centres, and evaluates the utility of internet-based collaboration.","MATERIAL AND METHODS: This trial compares three regimens with RBC or omeprazole as first line therapy, evaluates the effect of one regimen for retreatment, compares practice at Norwegian centres, and evaluates the utility of internet-based collaboration.","MATERIAL AND METHODS: This trial compares three regimens with red blood cell or omeprazole as first line therapy, evaluates the effect of one regimen for retreatment, compares practice at Norwegian centres, and evaluates the utility of internet-based collaboration."
RBC,Deletion of C. pneumoniae in red blood cell units was accomplished through leukoreduction by filtration.,Deletion of C. pneumoniae in RBC units was accomplished through leukoreduction by filtration.,Deletion of C. pneumoniae in Ranitidine bismuth citrate units was accomplished through leukoreduction by filtration.,"More recently, replacing the PPI and the bismuth compound by Ranitidine bismuth citrate has also achieved good results.","More recently, replacing the PPI and the bismuth compound by RBC has also achieved good results.","More recently, replacing the PPI and the bismuth compound by red blood cell has also achieved good results."
RBC,BACKGROUND: The development of the red blood cell storage lesion remains incompletely understood.,BACKGROUND: The development of the RBC storage lesion remains incompletely understood.,BACKGROUND: The development of the Ranitidine bismuth citrate storage lesion remains incompletely understood.,BACKGROUND: Regimens with Ranitidine bismuth citrate or omeprazole (O) are effective in eradicating Helicobacter pylori.,BACKGROUND: Regimens with RBC or omeprazole (O) are effective in eradicating Helicobacter pylori.,BACKGROUND: Regimens with red blood cell or omeprazole (O) are effective in eradicating Helicobacter pylori.
RCA,"Among single-vessel involvements, the IRA was either the circumflex artery (Cx) or right coronary artery.","Among single-vessel involvements, the IRA was either the circumflex artery (Cx) or RCA.","Among single-vessel involvements, the IRA was either the circumflex artery (Cx) or Ricinus communis agglutinin.",Among the factors limiting domestic production of castor oil is the presence of the toxin ricin and its less toxic homologue Ricinus communis agglutinin in seeds.,Among the factors limiting domestic production of castor oil is the presence of the toxin ricin and its less toxic homologue RCA in seeds.,Among the factors limiting domestic production of castor oil is the presence of the toxin ricin and its less toxic homologue right coronary artery in seeds.
RCA,Injection into the right coronary artery demonstrated a double RCA running very closely together in the atrioventricular groove.,Injection into the RCA demonstrated a double RCA running very closely together in the atrioventricular groove.,Injection into the Ricinus communis agglutinin demonstrated a double RCA running very closely together in the atrioventricular groove.,Histochemistry with biotin-labeled Ricinus communis agglutinin and vimentin and immunohistochemistry with antibody of white blood cell common antigen CD45 and antibody of macrophage F(4/80) were used.,Histochemistry with biotin-labeled RCA and vimentin and immunohistochemistry with antibody of white blood cell common antigen CD45 and antibody of macrophage F(4/80) were used.,Histochemistry with biotin-labeled right coronary artery and vimentin and immunohistochemistry with antibody of white blood cell common antigen CD45 and antibody of macrophage F(4/80) were used.
RCA,"In patients with left dominant pattern, the mean diameter of the right coronary artery was significantly smaller (p<0.001) as compared to dominant right or co-dominant pattern.","In patients with left dominant pattern, the mean diameter of the RCA was significantly smaller (p<0.001) as compared to dominant right or co-dominant pattern.","In patients with left dominant pattern, the mean diameter of the Ricinus communis agglutinin was significantly smaller (p<0.001) as compared to dominant right or co-dominant pattern.",A practicable and efficient procedure for preparation of Ricinus communis agglutinin affinity adsorbents has been developed.,A practicable and efficient procedure for preparation of RCA affinity adsorbents has been developed.,A practicable and efficient procedure for preparation of right coronary artery affinity adsorbents has been developed.
RCA,"An anomalous right coronary artery was the second most common anomaly, seen in twenty-two (22%) of the patients.","An anomalous RCA was the second most common anomaly, seen in twenty-two (22%) of the patients.","An anomalous Ricinus communis agglutinin was the second most common anomaly, seen in twenty-two (22%) of the patients.",Ricinus communis agglutinin bound intensely to the anterior and weakly to the equatorial acrosomal regions.,RCA bound intensely to the anterior and weakly to the equatorial acrosomal regions.,right coronary artery bound intensely to the anterior and weakly to the equatorial acrosomal regions.
RCA,"While coronary artery dissection caused by a guiding catheter, which is one of the most commonly occurring complications during diagnostic cardiac catheterization or coronary intervention, has various forms, extensive antegrade and retrograde dissections of the right coronary artery are rarely observed during these procedures.","While coronary artery dissection caused by a guiding catheter, which is one of the most commonly occurring complications during diagnostic cardiac catheterization or coronary intervention, has various forms, extensive antegrade and retrograde dissections of the RCA are rarely observed during these procedures.","While coronary artery dissection caused by a guiding catheter, which is one of the most commonly occurring complications during diagnostic cardiac catheterization or coronary intervention, has various forms, extensive antegrade and retrograde dissections of the Ricinus communis agglutinin are rarely observed during these procedures.","Distribution of the galactose beta1,4-N-acetylglucosamine (Gal beta1,4GlcNAc)-R epitope was also detected by staining with Ricinus communis agglutinin 120.","Distribution of the galactose beta1,4-N-acetylglucosamine (Gal beta1,4GlcNAc)-R epitope was also detected by staining with RCA 120.","Distribution of the galactose beta1,4-N-acetylglucosamine (Gal beta1,4GlcNAc)-R epitope was also detected by staining with right coronary artery 120."
ROS,"Second, paraquat increased intracellular levels of reactive oxygen species, but decreased the levels of glutathione.","Second, paraquat increased intracellular levels of ROS, but decreased the levels of glutathione.","Second, paraquat increased intracellular levels of rod outer segments, but decreased the levels of glutathione.",The potency and selectivity of various classes of PDE inhibitors on purified rod and cone PDE6 and on intact rod outer segments were characterized.,The potency and selectivity of various classes of PDE inhibitors on purified rod and cone PDE6 and on intact ROS were characterized.,The potency and selectivity of various classes of PDE inhibitors on purified rod and cone PDE6 and on intact reactive oxygen species were characterized.
ROS,"A biological membrane is the front line of defense for cells against various environmental stresses such as heat and reactive oxygen species and is expected to play an important role in the antioxidant system with antioxidant enzymes, similarly to its chaperone-like function in cooperation with heat shock proteins.","A biological membrane is the front line of defense for cells against various environmental stresses such as heat and ROS and is expected to play an important role in the antioxidant system with antioxidant enzymes, similarly to its chaperone-like function in cooperation with heat shock proteins.","A biological membrane is the front line of defense for cells against various environmental stresses such as heat and rod outer segments and is expected to play an important role in the antioxidant system with antioxidant enzymes, similarly to its chaperone-like function in cooperation with heat shock proteins.","Retinas with transgenic opsin levels equivalent to one endogenous allele (G0.5) appeared normal for a period of about 3-4 months, but at later ages there were disorganized, shortened rod outer segments, and a loss of photoreceptor nuclei.","Retinas with transgenic opsin levels equivalent to one endogenous allele (G0.5) appeared normal for a period of about 3-4 months, but at later ages there were disorganized, shortened ROS, and a loss of photoreceptor nuclei.","Retinas with transgenic opsin levels equivalent to one endogenous allele (G0.5) appeared normal for a period of about 3-4 months, but at later ages there were disorganized, shortened reactive oxygen species, and a loss of photoreceptor nuclei."
ROS,We found that the red tide dinoflagellate Karenia mikimotoi (Gymnodinium mikimotoi) generates reactive oxygen species.,We found that the red tide dinoflagellate Karenia mikimotoi (Gymnodinium mikimotoi) generates ROS.,We found that the red tide dinoflagellate Karenia mikimotoi (Gymnodinium mikimotoi) generates rod outer segments.,Rhodopsin (Rho) resides within internal membrane structures called disc membranes that are found in the rod outer segments of photoreceptors in the retina.,Rhodopsin (Rho) resides within internal membrane structures called disc membranes that are found in the ROS of photoreceptors in the retina.,Rhodopsin (Rho) resides within internal membrane structures called disc membranes that are found in the reactive oxygen species of photoreceptors in the retina.
ROS,UMPC16 accelerated reactive oxygen species generation in medium with Ba2+ ion in a dose- and time-dependent manner.,UMPC16 accelerated ROS generation in medium with Ba2+ ion in a dose- and time-dependent manner.,UMPC16 accelerated rod outer segments generation in medium with Ba2+ ion in a dose- and time-dependent manner.,Degradative capacity was also analysed using FITC labeled rod outer segments.,Degradative capacity was also analysed using FITC labeled ROS.,Degradative capacity was also analysed using FITC labeled reactive oxygen species.
ROS,The rare sugar D-allose produced from D-psicose using an immobilized L-rhamnose isomerase bioreactor was shown to have weak scavenging activity toward reactive oxygen species and potent inhibitory effect on production of ROS from stimulated neutrophils.,The rare sugar D-allose produced from D-psicose using an immobilized L-rhamnose isomerase bioreactor was shown to have weak scavenging activity toward ROS and potent inhibitory effect on production of ROS from stimulated neutrophils.,The rare sugar D-allose produced from D-psicose using an immobilized L-rhamnose isomerase bioreactor was shown to have weak scavenging activity toward rod outer segments and potent inhibitory effect on production of ROS from stimulated neutrophils.,"Detergent-resistant membranes isolated from rod outer segments have been previously shown to contain the photoreceptor G-protein, transducin.","Detergent-resistant membranes isolated from ROS have been previously shown to contain the photoreceptor G-protein, transducin.","Detergent-resistant membranes isolated from reactive oxygen species have been previously shown to contain the photoreceptor G-protein, transducin."
RSV,The virus is part of the family paramyxoviridae and is comparatively closely related to respiratory syncytial virus.,The virus is part of the family paramyxoviridae and is comparatively closely related to RSV.,The virus is part of the family paramyxoviridae and is comparatively closely related to Rous sarcoma virus.,"A DNA fragment, in which a neomycin-resistant gene was flanked between partial LTR sequences derived from the Rous sarcoma virus, was constructed.","A DNA fragment, in which a neomycin-resistant gene was flanked between partial LTR sequences derived from the RSV, was constructed.","A DNA fragment, in which a neomycin-resistant gene was flanked between partial LTR sequences derived from the respiratory syncytial virus, was constructed."
RSV,"respiratory syncytial virus is a major cause of respiratory illness in infants, immunocompromised patients, and the elderly.","RSV is a major cause of respiratory illness in infants, immunocompromised patients, and the elderly.","Rous sarcoma virus is a major cause of respiratory illness in infants, immunocompromised patients, and the elderly.","We replaced the endogenous PPT from RSV P(A)Z, a replication-competent shuttle vector based on Rous sarcoma virus, with alternate retroviral PPTs and the duck hepatitis B virus'PPT.'Viruses in which the endogenous RSV PPT was replaced with alternate PPTs had lower relative titers than the wild-type virus. 2-LTR circle junction analysis showed that the alternate PPTs caused significant decreases in the fraction of viral DNAs with complete (consensus) ends and significant increases in the insertion of part or all of the PPT at the 2-LTR circle junctions.","We replaced the endogenous PPT from RSV P(A)Z, a replication-competent shuttle vector based on RSV, with alternate retroviral PPTs and the duck hepatitis B virus'PPT.'Viruses in which the endogenous RSV PPT was replaced with alternate PPTs had lower relative titers than the wild-type virus. 2-LTR circle junction analysis showed that the alternate PPTs caused significant decreases in the fraction of viral DNAs with complete (consensus) ends and significant increases in the insertion of part or all of the PPT at the 2-LTR circle junctions.","We replaced the endogenous PPT from RSV P(A)Z, a replication-competent shuttle vector based on respiratory syncytial virus, with alternate retroviral PPTs and the duck hepatitis B virus'PPT.'Viruses in which the endogenous RSV PPT was replaced with alternate PPTs had lower relative titers than the wild-type virus. 2-LTR circle junction analysis showed that the alternate PPTs caused significant decreases in the fraction of viral DNAs with complete (consensus) ends and significant increases in the insertion of part or all of the PPT at the 2-LTR circle junctions."
RSV,The respiratory syncytial virus fusion (F) protein is a type I integral membrane protein that is uniformly distributed on the surface of infected nonpolarized cells and localizes to the apical plasma membrane of polarized epithelial cells.,The RSV fusion (F) protein is a type I integral membrane protein that is uniformly distributed on the surface of infected nonpolarized cells and localizes to the apical plasma membrane of polarized epithelial cells.,The Rous sarcoma virus fusion (F) protein is a type I integral membrane protein that is uniformly distributed on the surface of infected nonpolarized cells and localizes to the apical plasma membrane of polarized epithelial cells.,"The functionally exchangeable L domains of HIV-1 and Rous sarcoma virus Gag bind Tsg101 and Nedd4, respectively.","The functionally exchangeable L domains of HIV-1 and RSV Gag bind Tsg101 and Nedd4, respectively.","The functionally exchangeable L domains of HIV-1 and respiratory syncytial virus Gag bind Tsg101 and Nedd4, respectively."
RSV,BACKGROUND: respiratory syncytial virus is the leading infectious cause of respiratory failure and wheezing in infants and young children.,BACKGROUND: RSV is the leading infectious cause of respiratory failure and wheezing in infants and young children.,BACKGROUND: Rous sarcoma virus is the leading infectious cause of respiratory failure and wheezing in infants and young children.,"One exception was the 11-amino-acid p2b sequence of Rous sarcoma virus Gag, which could fully restore HIV-1 budding, while a PPPPY sequence exchange alone did not.","One exception was the 11-amino-acid p2b sequence of RSV Gag, which could fully restore HIV-1 budding, while a PPPPY sequence exchange alone did not.","One exception was the 11-amino-acid p2b sequence of respiratory syncytial virus Gag, which could fully restore HIV-1 budding, while a PPPPY sequence exchange alone did not."
RSV,"Respiratory viruses were detected in 221 children [ respiratory syncytial virus, 193 (34.6 %); influenza virus, 13 (2.3 %); parainfluenza viruses, 15 (2.7 %)].","Respiratory viruses were detected in 221 children RSV, 193 (34.6 %); influenza virus, 13 (2.3 %); parainfluenza viruses, 15 (2.7 %)].","Respiratory viruses were detected in 221 children [ Rous sarcoma virus, 193 (34.6 %); influenza virus, 13 (2.3 %); parainfluenza viruses, 15 (2.7 %)].",The Rous sarcoma virus Gag polyprotein undergoes transient nuclear trafficking as an intrinsic part of the virus assembly pathway.,The RSV Gag polyprotein undergoes transient nuclear trafficking as an intrinsic part of the virus assembly pathway.,The respiratory syncytial virus Gag polyprotein undergoes transient nuclear trafficking as an intrinsic part of the virus assembly pathway.
SAB,"MAIN OUTCOME MEASURE(S): Gravidity, parity, and spontaneous abortion rate.","MAIN OUTCOME MEASURE(S): Gravidity, parity, and SAB rate.","MAIN OUTCOME MEASURE(S): Gravidity, parity, and Staphylococcus aureus bacteremia rate.",Staphylococcus aureus bacteremia is common and increasing worldwide.,SAB is common and increasing worldwide.,spontaneous abortion is common and increasing worldwide.
SAB,"OBJECTIVE: To examine the relationship between physical violence, controlling behavior, and spontaneous abortion.","OBJECTIVE: To examine the relationship between physical violence, controlling behavior, and SAB.","OBJECTIVE: To examine the relationship between physical violence, controlling behavior, and Staphylococcus aureus bacteremia.","To assess the long-term outcome and influence of clinical management of patients with Staphylococcus aureus bacteremia, 229 patients with blood cultures positive for Staphylococcus aureus between January 1997 and December 2000 were retrospectively identified and followed up.","To assess the long-term outcome and influence of clinical management of patients with SAB, 229 patients with blood cultures positive for Staphylococcus aureus between January 1997 and December 2000 were retrospectively identified and followed up.","To assess the long-term outcome and influence of clinical management of patients with spontaneous abortion, 229 patients with blood cultures positive for Staphylococcus aureus between January 1997 and December 2000 were retrospectively identified and followed up."
SAB,METHODS: Twenty-six women with three or more RSA and 23 with two or more IVF failures (14 with no history of spontaneous abortion and nine with more than one SAB ) comprised the two study groups.,METHODS: Twenty-six women with three or more RSA and 23 with two or more IVF failures (14 with no history of SAB and nine with more than one SAB ) comprised the two study groups.,METHODS: Twenty-six women with three or more RSA and 23 with two or more IVF failures (14 with no history of Staphylococcus aureus bacteremia and nine with more than one SAB ) comprised the two study groups.,"Staphylococcus aureus bacteremia is still associated with a high mortality, and knowledge on risk factors and the clinical and the therapeutic aspects of SAB is still limited.","SAB is still associated with a high mortality, and knowledge on risk factors and the clinical and the therapeutic aspects of SAB is still limited.","spontaneous abortion is still associated with a high mortality, and knowledge on risk factors and the clinical and the therapeutic aspects of SAB is still limited."
SAB,OBJECTIVE: This study was undertaken to determine differences in neonatal outcomes between successful pregnancies conceived immediately after a spontaneous abortion and successful pregnancies conceived after two menstrual cycles or at least 100 days from the spontaneous abortion .,OBJECTIVE: This study was undertaken to determine differences in neonatal outcomes between successful pregnancies conceived immediately after a SAB and successful pregnancies conceived after two menstrual cycles or at least 100 days from the .,OBJECTIVE: This study was undertaken to determine differences in neonatal outcomes between successful pregnancies conceived immediately after a Staphylococcus aureus bacteremia and successful pregnancies conceived after two menstrual cycles or at least 100 days from the Staphylococcus aureus bacteremia .,OBJECTIVES: To identify institution-specific risk factors for MRSA bacteremia and develop an objective mechanism to estimate the probability of methicillin resistance in a given patient with Staphylococcus aureus bacteremia.,OBJECTIVES: To identify institution-specific risk factors for MRSA bacteremia and develop an objective mechanism to estimate the probability of methicillin resistance in a given patient with SAB.,OBJECTIVES: To identify institution-specific risk factors for MRSA bacteremia and develop an objective mechanism to estimate the probability of methicillin resistance in a given patient with spontaneous abortion.
SAB,OBJECTIVE: To determine the significance of biochemical pregnancy losses and clinical spontaneous abortion on outcomes of future IVF cycles.,OBJECTIVE: To determine the significance of biochemical pregnancy losses and clinical SAB on outcomes of future IVF cycles.,OBJECTIVE: To determine the significance of biochemical pregnancy losses and clinical Staphylococcus aureus bacteremia on outcomes of future IVF cycles.,BACKGROUND: Complications of Staphylococcus aureus bacteremia are often difficult to identify.,BACKGROUND: Complications of SAB are often difficult to identify.,BACKGROUND: Complications of spontaneous abortion are often difficult to identify.
SBP,"In the nontreated hypertensive group (n = 72), casual blood pressure (145 +/- 14/92 +/- 9 mmHg) was higher than morning (138 +/- 16/89 +/- 11 mmHg) and evening (134 +/- 16/83 +/- 11 mmHg) home blood pressure, but no difference was seen between morning and evening systolic blood pressure.","In the nontreated hypertensive group (n = 72), casual blood pressure (145 +/- 14/92 +/- 9 mmHg) was higher than morning (138 +/- 16/89 +/- 11 mmHg) and evening (134 +/- 16/83 +/- 11 mmHg) home blood pressure, but no difference was seen between morning and evening SBP.","In the nontreated hypertensive group (n = 72), casual blood pressure (145 +/- 14/92 +/- 9 mmHg) was higher than morning (138 +/- 16/89 +/- 11 mmHg) and evening (134 +/- 16/83 +/- 11 mmHg) home blood pressure, but no difference was seen between morning and evening spontaneous bacterial peritonitis.",OBJECTIVE: To determine the efficacy of reagent strip for bedside diagnosis of spontaneous bacterial peritonitis.,OBJECTIVE: To determine the efficacy of reagent strip for bedside diagnosis of SBP.,OBJECTIVE: To determine the efficacy of reagent strip for bedside diagnosis of systolic blood pressure.
SBP,Changes in systolic blood pressure and responses to acetylcholine and phenylephrine were determined.,Changes in SBP and responses to acetylcholine and phenylephrine were determined.,Changes in spontaneous bacterial peritonitis and responses to acetylcholine and phenylephrine were determined.,spontaneous bacterial peritonitis is a bacterial infection of ascitic fluid in patients with decompensated cirrhosis.,SBP is a bacterial infection of ascitic fluid in patients with decompensated cirrhosis.,systolic blood pressure is a bacterial infection of ascitic fluid in patients with decompensated cirrhosis.
SBP,"Furthermore, we observed that in clinical trials in hypertensive or high-risk patients gradients in systolic blood pressure accounted for most differences in outcome.","Furthermore, we observed that in clinical trials in hypertensive or high-risk patients gradients in SBP accounted for most differences in outcome.","Furthermore, we observed that in clinical trials in hypertensive or high-risk patients gradients in spontaneous bacterial peritonitis accounted for most differences in outcome.","BACKGROUND: spontaneous bacterial peritonitis is a serious complication of cirrhosis with ascites, having high recurrence despite antibiotic prophylaxis.","BACKGROUND: SBP is a serious complication of cirrhosis with ascites, having high recurrence despite antibiotic prophylaxis.","BACKGROUND: systolic blood pressure is a serious complication of cirrhosis with ascites, having high recurrence despite antibiotic prophylaxis."
SBP,"Although the pattern was similar to the DBP response, alpha(1A)-AR Cys347 allelic carriers had only a moderately increased systolic blood pressure response at the 2 time points.","Although the pattern was similar to the DBP response, alpha(1A)-AR Cys347 allelic carriers had only a moderately increased SBP response at the 2 time points.","Although the pattern was similar to the DBP response, alpha(1A)-AR Cys347 allelic carriers had only a moderately increased spontaneous bacterial peritonitis response at the 2 time points.",spontaneous bacterial peritonitis is frequent and insidious complication of liver cirrhosis regardless of its aetiology.,SBP is frequent and insidious complication of liver cirrhosis regardless of its aetiology.,systolic blood pressure is frequent and insidious complication of liver cirrhosis regardless of its aetiology.
SBP,"Mean systolic blood pressure in treated and untreated SHR was 145 +/- 7 mmHg and 142 +/- 8 mmHg, respectively.","Mean SBP in treated and untreated SHR was 145 +/- 7 mmHg and 142 +/- 8 mmHg, respectively.","Mean spontaneous bacterial peritonitis in treated and untreated SHR was 145 +/- 7 mmHg and 142 +/- 8 mmHg, respectively.","BACKGROUND/AIM: spontaneous bacterial peritonitis, defined by an ascites neutrophil count >250/mul, is a severe complication of cirrhosis and demands prompt diagnosis.","BACKGROUND/AIM: SBP, defined by an ascites neutrophil count >250/mul, is a severe complication of cirrhosis and demands prompt diagnosis.","BACKGROUND/AIM: systolic blood pressure, defined by an ascites neutrophil count >250/mul, is a severe complication of cirrhosis and demands prompt diagnosis."
SLE,Various abnormalities have been described in B cells from patients with systemic autoimmune diseases such as systemic lupus erythematosus and lupus-prone mice.,Various abnormalities have been described in B cells from patients with systemic autoimmune diseases such as SLE and lupus-prone mice.,Various abnormalities have been described in B cells from patients with systemic autoimmune diseases such as Louis encephalitis and lupus-prone mice.,Louis encephalitis virus.,SLE virus.,systemic lupus erythematosus virus.
SLE,"Polymorphisms of Fcgr2b in mice have been shown to be associated with autoimmune diseases including systemic lupus erythematosus and targeted disruption of Fcgr2b renders mice susceptible to induced or spontaneous autoimmunity, depending on the genetic background.","Polymorphisms of Fcgr2b in mice have been shown to be associated with autoimmune diseases including SLE and targeted disruption of Fcgr2b renders mice susceptible to induced or spontaneous autoimmunity, depending on the genetic background.","Polymorphisms of Fcgr2b in mice have been shown to be associated with autoimmune diseases including Louis encephalitis and targeted disruption of Fcgr2b renders mice susceptible to induced or spontaneous autoimmunity, depending on the genetic background.",Louis encephalitis virus from a mature male killer whale (Orcinus orca).,SLE virus from a mature male killer whale (Orcinus orca).,systemic lupus erythematosus virus from a mature male killer whale (Orcinus orca).
SLE,"Because of the consensus that T cells play a central role in the pathogenesis of systemic lupus erythematosus, we explored the molecular basis of the defective function of SLE T cells for expression of signal transduction molecules, as well as surface structures such as adhesion molecules, by extensively testing peripheral blood T cells from SLE patients.","Because of the consensus that T cells play a central role in the pathogenesis of SLE, we explored the molecular basis of the defective function of SLE T cells for expression of signal transduction molecules, as well as surface structures such as adhesion molecules, by extensively testing peripheral blood T cells from SLE patients.","Because of the consensus that T cells play a central role in the pathogenesis of Louis encephalitis, we explored the molecular basis of the defective function of SLE T cells for expression of signal transduction molecules, as well as surface structures such as adhesion molecules, by extensively testing peripheral blood T cells from SLE patients.",Louis encephalitis within these counties.,SLE within these counties.,systemic lupus erythematosus within these counties.
SLE,OBJECTIVE: The effectiveness of aggressive management of traditional risk factors for accelerated atherosclerosis in systemic lupus erythematosus has been advocated but not proven.,OBJECTIVE: The effectiveness of aggressive management of traditional risk factors for accelerated atherosclerosis in SLE has been advocated but not proven.,OBJECTIVE: The effectiveness of aggressive management of traditional risk factors for accelerated atherosclerosis in Louis encephalitis has been advocated but not proven.,Louis encephalitis virus.,SLE virus.,systemic lupus erythematosus virus.
SLE,OBJECTIVE: To determine the safety and efficacy of B lymphocyte depletion therapy in patients with refractory childhood-onset systemic lupus erythematosus.,OBJECTIVE: To determine the safety and efficacy of B lymphocyte depletion therapy in patients with refractory childhood-onset SLE.,OBJECTIVE: To determine the safety and efficacy of B lymphocyte depletion therapy in patients with refractory childhood-onset Louis encephalitis.,Louis encephalitis virus.,SLE virus.,systemic lupus erythematosus virus.
SMA,"spinal muscular atrophy is a common autosomal recessive disorder, caused by homozygous deletion of the survival motor neuron gene 1 (SMN1).","SMA is a common autosomal recessive disorder, caused by homozygous deletion of the survival motor neuron gene 1 (SMN1).","superior mesenteric artery is a common autosomal recessive disorder, caused by homozygous deletion of the survival motor neuron gene 1 (SMN1).",Imaging studies suggested the possibility of superior mesenteric artery syndrome.,Imaging studies suggested the possibility of SMA syndrome.,Imaging studies suggested the possibility of spinal muscular atrophy syndrome.
SMA,BACKGROUND: spinal muscular atrophy is an autosomal recessive disease characterized by degeneration of anterior horn cells of the spinal cord.,BACKGROUND: SMA is an autosomal recessive disease characterized by degeneration of anterior horn cells of the spinal cord.,BACKGROUND: superior mesenteric artery is an autosomal recessive disease characterized by degeneration of anterior horn cells of the spinal cord.,"Dysplasia of the renal and cervical arteries are well known, but dysplasia of the superior mesenteric artery is less frequent and has specific presentation.","Dysplasia of the renal and cervical arteries are well known, but dysplasia of the SMA is less frequent and has specific presentation.","Dysplasia of the renal and cervical arteries are well known, but dysplasia of the spinal muscular atrophy is less frequent and has specific presentation."
SMA,The hereditary neurodegenerative disease spinal muscular atrophy with childhood onset is one of the most common genetic causes of infant mortality.,The hereditary neurodegenerative disease SMA with childhood onset is one of the most common genetic causes of infant mortality.,The hereditary neurodegenerative disease superior mesenteric artery with childhood onset is one of the most common genetic causes of infant mortality.,"superior mesenteric artery aneurysms are especially rare, comprising only 5-8% of all visceral arterial aneurysms.","SMA aneurysms are especially rare, comprising only 5-8% of all visceral arterial aneurysms.","spinal muscular atrophy aneurysms are especially rare, comprising only 5-8% of all visceral arterial aneurysms."
SMA,"Ventilatory insufficiency is virtually inevitable in Duchenne muscular dystrophy and type 1 spinal muscular atrophy, but more variable in limb-girdle, congenital, and facioscapulohumeral muscular dystrophy.","Ventilatory insufficiency is virtually inevitable in Duchenne muscular dystrophy and type 1 SMA, but more variable in limb-girdle, congenital, and facioscapulohumeral muscular dystrophy.","Ventilatory insufficiency is virtually inevitable in Duchenne muscular dystrophy and type 1 superior mesenteric artery, but more variable in limb-girdle, congenital, and facioscapulohumeral muscular dystrophy.","The superior mesenteric artery was explored, and O2 saturation was measured by pulse oximetry 5 cm proximal to the ileocecal valve at the 0th hour.","The SMA was explored, and O2 saturation was measured by pulse oximetry 5 cm proximal to the ileocecal valve at the 0th hour.","The spinal muscular atrophy was explored, and O2 saturation was measured by pulse oximetry 5 cm proximal to the ileocecal valve at the 0th hour."
SMA,BACKGROUND: spinal muscular atrophy represents the second most common fatal autosomal recessive disorder after cystic fibrosis.,BACKGROUND: SMA represents the second most common fatal autosomal recessive disorder after cystic fibrosis.,BACKGROUND: superior mesenteric artery represents the second most common fatal autosomal recessive disorder after cystic fibrosis.,"A cause of this concerns unsuccessful locoregional control, which may originate from a positive surgical margin near the superior mesenteric artery.","A cause of this concerns unsuccessful locoregional control, which may originate from a positive surgical margin near the SMA.","A cause of this concerns unsuccessful locoregional control, which may originate from a positive surgical margin near the spinal muscular atrophy."
STD,"Sexual activity, sexually transmitted disease prevention, birth control measures, drug use and any consequences discussed or depicted were recorded.","Sexual activity, STD prevention, birth control measures, drug use and any consequences discussed or depicted were recorded.","Sexual activity, Saturation transfer difference prevention, birth control measures, drug use and any consequences discussed or depicted were recorded.",A Saturation transfer difference NMR study indicated that the binding is mostly through hydrophobic residues.,A STD NMR study indicated that the binding is mostly through hydrophobic residues.,A sexually transmitted disease NMR study indicated that the binding is mostly through hydrophobic residues.
STD,The cost-effectiveness of interventions designed to encourage public sexually transmitted disease clinic patients to return for rescreening has not been well-evaluated.,The cost-effectiveness of interventions designed to encourage public STD clinic patients to return for rescreening has not been well-evaluated.,The cost-effectiveness of interventions designed to encourage public Saturation transfer difference clinic patients to return for rescreening has not been well-evaluated.,"Here, we present a new method based on Saturation transfer difference NMR to characterize at an atomic level binding interactions of cell surface proteins in living cells.","Here, we present a new method based on STD NMR to characterize at an atomic level binding interactions of cell surface proteins in living cells.","Here, we present a new method based on sexually transmitted disease NMR to characterize at an atomic level binding interactions of cell surface proteins in living cells."
STD,"The study found that maternal gestational age (p = 0.04), S. mutans level (p = 0.02), caries score (p = 0.02), sexually transmitted disease infection experience (p = 0.01), and family income (p = 0.03) had significant effects on the acquisition of S. mutans.","The study found that maternal gestational age (p = 0.04), S. mutans level (p = 0.02), caries score (p = 0.02), STD infection experience (p = 0.01), and family income (p = 0.03) had significant effects on the acquisition of S. mutans.","The study found that maternal gestational age (p = 0.04), S. mutans level (p = 0.02), caries score (p = 0.02), Saturation transfer difference infection experience (p = 0.01), and family income (p = 0.03) had significant effects on the acquisition of S. mutans.","Here, we employed Saturation transfer difference NMR experiments to study the binding of ManNAc and related ligands to the ManNAc kinase.","Here, we employed STD NMR experiments to study the binding of ManNAc and related ligands to the ManNAc kinase.","Here, we employed sexually transmitted disease NMR experiments to study the binding of ManNAc and related ligands to the ManNAc kinase."
STD,Women seeking sexually transmitted disease services are at high risk of human papillomavirus infections.,Women seeking STD services are at high risk of human papillomavirus infections.,Women seeking Saturation transfer difference services are at high risk of human papillomavirus infections.,"Additionally, Saturation transfer difference NMR experiments confirmed binding and qualitatively identified protons from the small molecule at the small molecule-S100B interface.","Additionally, STD NMR experiments confirmed binding and qualitatively identified protons from the small molecule at the small molecule-S100B interface.","Additionally, sexually transmitted disease NMR experiments confirmed binding and qualitatively identified protons from the small molecule at the small molecule-S100B interface."
STD,We conducted a literature search to review studies that presented quantitative data on sexually transmitted disease screening in non-traditional settings in the United States.,We conducted a literature search to review studies that presented quantitative data on STD screening in non-traditional settings in the United States.,We conducted a literature search to review studies that presented quantitative data on Saturation transfer difference screening in non-traditional settings in the United States.,"To identify proteins that bind anesthetics, we used nuclear magnetic resonance Saturation transfer difference spectroscopy.","To identify proteins that bind anesthetics, we used nuclear magnetic resonance STD spectroscopy.","To identify proteins that bind anesthetics, we used nuclear magnetic resonance sexually transmitted disease spectroscopy."
TBI,The purpose of this study was to characterize the effects of secondary ischemia following Traumatic brain injury on the ability to restore ion homeostasis.,The purpose of this study was to characterize the effects of secondary ischemia following TBI on the ability to restore ion homeostasis.,The purpose of this study was to characterize the effects of secondary ischemia following total body irradiation on the ability to restore ion homeostasis.,"This paper presents the design, implementation, and testing of an integrated system for improving dose homogeneity in total body irradiation.","This paper presents the design, implementation, and testing of an integrated system for improving dose homogeneity in TBI.","This paper presents the design, implementation, and testing of an integrated system for improving dose homogeneity in Traumatic brain injury."
TBI,OBJECT: Atorvastatin administered after Traumatic brain injury induced by controlled cortical impact promotes functional improvement in male rats.,OBJECT: Atorvastatin administered after TBI induced by controlled cortical impact promotes functional improvement in male rats.,OBJECT: Atorvastatin administered after total body irradiation induced by controlled cortical impact promotes functional improvement in male rats.,The main problem in total body irradiation is obtaining a homogenous dose distribution inside the whole irradiated body and ensuring appropriate dose reduction in the lungs.,The main problem in TBI is obtaining a homogenous dose distribution inside the whole irradiated body and ensuring appropriate dose reduction in the lungs.,The main problem in Traumatic brain injury is obtaining a homogenous dose distribution inside the whole irradiated body and ensuring appropriate dose reduction in the lungs.
TBI,"Therefore the authors measured the main parameters of cerebral acid-base homeostasis, as well as their interrelations, shortly after severe Traumatic brain injury in humans.","Therefore the authors measured the main parameters of cerebral acid-base homeostasis, as well as their interrelations, shortly after severe TBI in humans.","Therefore the authors measured the main parameters of cerebral acid-base homeostasis, as well as their interrelations, shortly after severe total body irradiation in humans.",The conditioning regimen was based on cyclophosphamide associated with either total body irradiation (37 patients) or with busulfan (63 patients).,The conditioning regimen was based on cyclophosphamide associated with either TBI (37 patients) or with busulfan (63 patients).,The conditioning regimen was based on cyclophosphamide associated with either Traumatic brain injury (37 patients) or with busulfan (63 patients).
TBI,To test this hypothesis we studied ICP spikes in pediatric subjects with severe Traumatic brain injury.,To test this hypothesis we studied ICP spikes in pediatric subjects with severe TBI.,To test this hypothesis we studied ICP spikes in pediatric subjects with severe total body irradiation.,"C3H mice subjected to total body irradiation at a dose of 7 Gy (lethal dose 83% at 30 days) showed time-dependent decreases in RBC, WBC and platelet counts, with the nadir occurring at 12 to 15 days.","C3H mice subjected to TBI at a dose of 7 Gy (lethal dose 83% at 30 days) showed time-dependent decreases in RBC, WBC and platelet counts, with the nadir occurring at 12 to 15 days.","C3H mice subjected to Traumatic brain injury at a dose of 7 Gy (lethal dose 83% at 30 days) showed time-dependent decreases in RBC, WBC and platelet counts, with the nadir occurring at 12 to 15 days."
TBI,"However, the actions of exogenous ubiquitin after Traumatic brain injury are unknown.","However, the actions of exogenous ubiquitin after TBI are unknown.","However, the actions of exogenous ubiquitin after total body irradiation are unknown.","In all, 16 survivors, diagnosed at a median of 2.8 years, who had received intensive chemotherapy and surgical treatments, were identified; 11 had received myeloablative consolidation therapy, eight with total body irradiation.","In all, 16 survivors, diagnosed at a median of 2.8 years, who had received intensive chemotherapy and surgical treatments, were identified; 11 had received myeloablative consolidation therapy, eight with TBI.","In all, 16 survivors, diagnosed at a median of 2.8 years, who had received intensive chemotherapy and surgical treatments, were identified; 11 had received myeloablative consolidation therapy, eight with Traumatic brain injury."
TEE,"In the 571 patients who underwent transesophageal echocardiography in the ACUTE trial, we assessed the relative predictive value of baseline data derived by history, transthoracic echocardiography, and TEE for prediction of thrombus and adjudicated embolism (thromboembolism) as a composite end point.","In the 571 patients who underwent TEE in the ACUTE trial, we assessed the relative predictive value of baseline data derived by history, transthoracic echocardiography, and TEE for prediction of thrombus and adjudicated embolism (thromboembolism) as a composite end point.","In the 571 patients who underwent total energy expenditure in the ACUTE trial, we assessed the relative predictive value of baseline data derived by history, transthoracic echocardiography, and TEE for prediction of thrombus and adjudicated embolism (thromboembolism) as a composite end point.","Also, the doubly labelled water method, which is the method of choice for measuring total energy expenditure in free-living individuals, includes calculation of TBW as the dilution space of the tracer.","Also, the doubly labelled water method, which is the method of choice for measuring TEE in free-living individuals, includes calculation of TBW as the dilution space of the tracer.","Also, the doubly labelled water method, which is the method of choice for measuring transesophageal echocardiography in free-living individuals, includes calculation of TBW as the dilution space of the tracer."
TEE,transesophageal echocardiography has emerged as a potential tool in assessing adequacy of acute hemodynamic resuscitation.,TEE has emerged as a potential tool in assessing adequacy of acute hemodynamic resuscitation.,total energy expenditure has emerged as a potential tool in assessing adequacy of acute hemodynamic resuscitation.,An experimental technique gave a range of energy requirements for the study individual of total energy expenditure of 788 kcal/day TEE (experimental) TEE (model),An experimental technique gave a range of energy requirements for the study individual of TEE of 788 kcal/day TEE (experimental) TEE (model),An experimental technique gave a range of energy requirements for the study individual of transesophageal echocardiography of 788 kcal/day TEE (experimental) TEE (model)
TEE,transesophageal echocardiography has become a mainstay of cardiac surgery in the diagnosis of intracardiac and vascular lesions adjacent to the esophagus.,TEE has become a mainstay of cardiac surgery in the diagnosis of intracardiac and vascular lesions adjacent to the esophagus.,total energy expenditure has become a mainstay of cardiac surgery in the diagnosis of intracardiac and vascular lesions adjacent to the esophagus.,We compared estimated EI with measured total energy expenditure in 21 Japanese women aged 20-22 y.,We compared estimated EI with measured TEE in 21 Japanese women aged 20-22 y.,We compared estimated EI with measured transesophageal echocardiography in 21 Japanese women aged 20-22 y.
TEE,IMPLICATIONS: A liver mass was detected during intraoperative transesophageal echocardiography examination in a patient undergoing cardiac valve surgery.,IMPLICATIONS: A liver mass was detected during intraoperative TEE examination in a patient undergoing cardiac valve surgery.,IMPLICATIONS: A liver mass was detected during intraoperative total energy expenditure examination in a patient undergoing cardiac valve surgery.,Doubly labelled water technique and heart rate monitoring calibrated against IC techniques shows that total energy expenditure was not different than in healthy children.,Doubly labelled water technique and heart rate monitoring calibrated against IC techniques shows that TEE was not different than in healthy children.,Doubly labelled water technique and heart rate monitoring calibrated against IC techniques shows that transesophageal echocardiography was not different than in healthy children.
TEE,"transesophageal echocardiography findings after the induction of anesthesia were: general hypokinesis, mitral regurgitation 1+, left ventricular outflow tract pressure gradient of 11 mmHg and no blood flow in the left anterior descending coronary artery.","TEE findings after the induction of anesthesia were: general hypokinesis, mitral regurgitation 1+, left ventricular outflow tract pressure gradient of 11 mmHg and no blood flow in the left anterior descending coronary artery.","total energy expenditure findings after the induction of anesthesia were: general hypokinesis, mitral regurgitation 1+, left ventricular outflow tract pressure gradient of 11 mmHg and no blood flow in the left anterior descending coronary artery.","PAEE and total energy expenditure are closely related to fatness, physical function, and metabolic risk in older individuals.","PAEE and TEE are closely related to fatness, physical function, and metabolic risk in older individuals.","PAEE and transesophageal echocardiography are closely related to fatness, physical function, and metabolic risk in older individuals."
TIPS,BACKGROUND&AIMS: Several trials showed that uncovered Transjugular intrahepatic portosystemic shunt is superior to paracentesis for the control of refractory ascites.,BACKGROUND&AIMS: Several trials showed that uncovered TIPS is superior to paracentesis for the control of refractory ascites.,BACKGROUND&AIMS: Several trials showed that uncovered transjugular intrahepatic portosystemic shunting is superior to paracentesis for the control of refractory ascites.,To test this hypothesis we investigated fasting peripheral plasma glucagon levels before and after portal decompression by transjugular intrahepatic portosystemic shunting.,To test this hypothesis we investigated fasting peripheral plasma glucagon levels before and after portal decompression by TIPS.,To test this hypothesis we investigated fasting peripheral plasma glucagon levels before and after portal decompression by Transjugular intrahepatic portosystemic shunt.
TIPS,"Transjugular intrahepatic portosystemic shunt was indicated for variceal bleeding and ascites unresponsive to medical therapy, and resulted in an adequate control of these PHT complications.","TIPS was indicated for variceal bleeding and ascites unresponsive to medical therapy, and resulted in an adequate control of these PHT complications.","transjugular intrahepatic portosystemic shunting was indicated for variceal bleeding and ascites unresponsive to medical therapy, and resulted in an adequate control of these PHT complications.",Therapeutic failures are rescued by transjugular intrahepatic portosystemic shunting.,Therapeutic failures are rescued by TIPS.,Therapeutic failures are rescued by Transjugular intrahepatic portosystemic shunt.
TIPS,"Therapeutic options for a refractory hepatic hydrothorax include therapeutic thoracentesis, talc slurry through a chest tube, peritoneovenous and pleurovenous shunting, thoracoscopic talc poudrage, Transjugular intrahepatic portosystemic shunt, thoracosopic diaphragmatic defect repair followed by talc poudrage, and lastly, liver transplant.","Therapeutic options for a refractory hepatic hydrothorax include therapeutic thoracentesis, talc slurry through a chest tube, peritoneovenous and pleurovenous shunting, thoracoscopic talc poudrage, TIPS, thoracosopic diaphragmatic defect repair followed by talc poudrage, and lastly, liver transplant.","Therapeutic options for a refractory hepatic hydrothorax include therapeutic thoracentesis, talc slurry through a chest tube, peritoneovenous and pleurovenous shunting, thoracoscopic talc poudrage, transjugular intrahepatic portosystemic shunting, thoracosopic diaphragmatic defect repair followed by talc poudrage, and lastly, liver transplant.",This indicates the need for emergency transjugular intrahepatic portosystemic shunting which has been regarded as rescue treatment of choice when standard treatment fails.,This indicates the need for emergency TIPS which has been regarded as rescue treatment of choice when standard treatment fails.,This indicates the need for emergency Transjugular intrahepatic portosystemic shunt which has been regarded as rescue treatment of choice when standard treatment fails.
TIPS,Chronic albumin infusions to achieve diuresis in patients with ascites who are not candidates for Transjugular intrahepatic portosystemic shunt.,Chronic albumin infusions to achieve diuresis in patients with ascites who are not candidates for TIPS.,Chronic albumin infusions to achieve diuresis in patients with ascites who are not candidates for transjugular intrahepatic portosystemic shunting.,"During the past decade, transjugular intrahepatic portosystemic shunting has become accepted as an alternative to the surgical shunt procedure for controlling the complications of portal hypertension, yet few data exist regarding infectious complications.","During the past decade, TIPS has become accepted as an alternative to the surgical shunt procedure for controlling the complications of portal hypertension, yet few data exist regarding infectious complications.","During the past decade, Transjugular intrahepatic portosystemic shunt has become accepted as an alternative to the surgical shunt procedure for controlling the complications of portal hypertension, yet few data exist regarding infectious complications."
TIPS,"While Transjugular intrahepatic portosystemic shunt is a common therapy for cirrhotic patients with diuretic-resistant or diuretic-refractory ascites, some patients are unsuitable for the procedure for technical or medical reasons.","While TIPS is a common therapy for cirrhotic patients with diuretic-resistant or diuretic-refractory ascites, some patients are unsuitable for the procedure for technical or medical reasons.","While transjugular intrahepatic portosystemic shunting is a common therapy for cirrhotic patients with diuretic-resistant or diuretic-refractory ascites, some patients are unsuitable for the procedure for technical or medical reasons.",[A case of successful management of refractory ascites by transjugular intrahepatic portosystemic shunting in Budd-Chiari syndrome associated with alcoholic liver fibrosis],[A case of successful management of refractory ascites by TIPS in Budd-Chiari syndrome associated with alcoholic liver fibrosis],[A case of successful management of refractory ascites by Transjugular intrahepatic portosystemic shunt in Budd-Chiari syndrome associated with alcoholic liver fibrosis]
TPA,"Malignant transformation of mouse skin by tumor promoters and chemical carcinogens, such as the phorbol ester 12-O-tetradecanoylphorbol-13-acetate, is a multistage process leading to the formation of squamous cell carcinomas.","Malignant transformation of mouse skin by tumor promoters and chemical carcinogens, such as the TPA, is a multistage process leading to the formation of squamous cell carcinomas.","Malignant transformation of mouse skin by tumor promoters and chemical carcinogens, such as the tumor promoter 12-O-tetradecanoylphorbol-13-acetate, is a multistage process leading to the formation of squamous cell carcinomas.",The goal of this study was to determine the ability of RDP58 to inhibit skin inflammation following exposure to the well-characterized protein kinase C activator and tumor promoter 12-O-tetradecanoylphorbol-13-acetate.,The goal of this study was to determine the ability of RDP58 to inhibit skin inflammation following exposure to the well-characterized protein kinase C activator and TPA.,The goal of this study was to determine the ability of RDP58 to inhibit skin inflammation following exposure to the well-characterized protein kinase C activator and phorbol ester 12-O-tetradecanoylphorbol-13-acetate.
TPA,The present study tested the hypothesis that lindane and the phorbol ester 12-O-tetradecanoylphorbol-13-acetate inhibit gap junction communication in rat myometrial and liver WBr-F344 cells by the common mechanism of increasing phosphorylation of the gap junction protein connexin43.,The present study tested the hypothesis that lindane and the TPA inhibit gap junction communication in rat myometrial and liver WBr-F344 cells by the common mechanism of increasing phosphorylation of the gap junction protein connexin43.,The present study tested the hypothesis that lindane and the tumor promoter 12-O-tetradecanoylphorbol-13-acetate inhibit gap junction communication in rat myometrial and liver WBr-F344 cells by the common mechanism of increasing phosphorylation of the gap junction protein connexin43.,"Likewise, the tumor promoter 12-O-tetradecanoylphorbol-13-acetate strongly upregulates Egr-1 biosynthesis.","Likewise, the TPA strongly upregulates Egr-1 biosynthesis.","Likewise, the phorbol ester 12-O-tetradecanoylphorbol-13-acetate strongly upregulates Egr-1 biosynthesis."
TPA,"Here, we show that phorbol ester 12-O-tetradecanoylphorbol-13-acetate down-regulates Smad6 mRNA expression and up-regulates Smad7 mRNA expression in IMR-90, a human lung fibroblast cell line.","Here, we show that TPA down-regulates Smad6 mRNA expression and up-regulates Smad7 mRNA expression in IMR-90, a human lung fibroblast cell line.","Here, we show that tumor promoter 12-O-tetradecanoylphorbol-13-acetate down-regulates Smad6 mRNA expression and up-regulates Smad7 mRNA expression in IMR-90, a human lung fibroblast cell line.","Herein, we show that p53 translocation to mitochondria precedes its translocation to nucleus in JB6 skin epidermal cells treated with the tumor promoter 12-O-tetradecanoylphorbol-13-acetate.","Herein, we show that p53 translocation to mitochondria precedes its translocation to nucleus in JB6 skin epidermal cells treated with the TPA.","Herein, we show that p53 translocation to mitochondria precedes its translocation to nucleus in JB6 skin epidermal cells treated with the phorbol ester 12-O-tetradecanoylphorbol-13-acetate."
TPA,"In this system, tumor promotion is a critical step in the generation of tumors and is usually achieved by treatment with the phorbol ester 12-O-tetradecanoylphorbol-13-acetate.","In this system, tumor promotion is a critical step in the generation of tumors and is usually achieved by treatment with the TPA.","In this system, tumor promotion is a critical step in the generation of tumors and is usually achieved by treatment with the tumor promoter 12-O-tetradecanoylphorbol-13-acetate.","In our present study, topical application of [6]-gingerol inhibited COX-2 expression in mouse skin stimulated with a prototype tumor promoter 12-O-tetradecanoylphorbol-13-acetate.","In our present study, topical application of [6]-gingerol inhibited COX-2 expression in mouse skin stimulated with a prototype TPA.","In our present study, topical application of [6]-gingerol inhibited COX-2 expression in mouse skin stimulated with a prototype phorbol ester 12-O-tetradecanoylphorbol-13-acetate."
TPA,"Human myelogenous leukaemia K562 cells were induced to undergo megakaryocytic differentiation by treatment with phorbol ester 12-O-tetradecanoylphorbol-13-acetate (20 nM, 24-72 h).","Human myelogenous leukaemia K562 cells were induced to undergo megakaryocytic differentiation by treatment with TPA (20 nM, 24-72 h).","Human myelogenous leukaemia K562 cells were induced to undergo megakaryocytic differentiation by treatment with tumor promoter 12-O-tetradecanoylphorbol-13-acetate (20 nM, 24-72 h).",The present study extends our previous studies in the MnSOD KO mice and shows that apoptosis in mouse epidermis occurred prior to cell proliferation (6 versus 24 hours) when treated with tumor promoter 12-O-tetradecanoylphorbol-13-acetate.,The present study extends our previous studies in the MnSOD KO mice and shows that apoptosis in mouse epidermis occurred prior to cell proliferation (6 versus 24 hours) when treated with TPA.,The present study extends our previous studies in the MnSOD KO mice and shows that apoptosis in mouse epidermis occurred prior to cell proliferation (6 versus 24 hours) when treated with phorbol ester 12-O-tetradecanoylphorbol-13-acetate.
TSH,"The term'subclinical thyroid diseases'describes conditions characterized by low or elevated thyroid-stimulating hormone, normal levels of circulating thyroid hormones (thyroxine and triiodothyronine), and few or no definite clinical signs or symptoms of thyroid dysfunction.","The term'subclinical thyroid diseases'describes conditions characterized by low or elevated TSH, normal levels of circulating thyroid hormones (thyroxine and triiodothyronine), and few or no definite clinical signs or symptoms of thyroid dysfunction.","The term'subclinical thyroid diseases'describes conditions characterized by low or elevated thyrotropin, normal levels of circulating thyroid hormones (thyroxine and triiodothyronine), and few or no definite clinical signs or symptoms of thyroid dysfunction.",Serum levels of thyrotropin and thyroid peroxidase antibodies (anti-TPO) were measured by specific sensitive immunoassays.,Serum levels of TSH and thyroid peroxidase antibodies (anti-TPO) were measured by specific sensitive immunoassays.,Serum levels of thyroid-stimulating hormone and thyroid peroxidase antibodies (anti-TPO) were measured by specific sensitive immunoassays.
TSH,"Past, presence and future of thyroid-stimulating hormone superactive analogs.","Past, presence and future of TSH superactive analogs.","Past, presence and future of thyrotropin superactive analogs.","The proposita had a positive thyrotropin newborn screening test (350 mU/L, confirmed) with normal thyroxine (T4) and no clinical signs of hypothyroidism.","The proposita had a positive TSH newborn screening test (350 mU/L, confirmed) with normal thyroxine (T4) and no clinical signs of hypothyroidism.","The proposita had a positive thyroid-stimulating hormone newborn screening test (350 mU/L, confirmed) with normal thyroxine (T4) and no clinical signs of hypothyroidism."
TSH,"Thyroid hormone testing for thyroid-stimulating hormone, antithyroglobulin (AbTg), and antithyroperoxidase (AbTPO) autoantibodies and thyroid ultrasonography were performed in all subjects to exclude the presence of clinical or subclinical thyroid disease.","Thyroid hormone testing for TSH, antithyroglobulin (AbTg), and antithyroperoxidase (AbTPO) autoantibodies and thyroid ultrasonography were performed in all subjects to exclude the presence of clinical or subclinical thyroid disease.","Thyroid hormone testing for thyrotropin, antithyroglobulin (AbTg), and antithyroperoxidase (AbTPO) autoantibodies and thyroid ultrasonography were performed in all subjects to exclude the presence of clinical or subclinical thyroid disease.","Exact mechanism of this upregulation remains unknown, though one of possible explanations is the activation of the thyrotropin receptor.","Exact mechanism of this upregulation remains unknown, though one of possible explanations is the activation of the TSH receptor.","Exact mechanism of this upregulation remains unknown, though one of possible explanations is the activation of the thyroid-stimulating hormone receptor."
TSH,PURPOSE: To evaluate the prevalence of latent and manifest hyperthyroidism in a non-selected group of patients admitted for contrast enhanced CT studies blood samples were tested for the levels of thyroid-stimulating hormone.,PURPOSE: To evaluate the prevalence of latent and manifest hyperthyroidism in a non-selected group of patients admitted for contrast enhanced CT studies blood samples were tested for the levels of TSH.,PURPOSE: To evaluate the prevalence of latent and manifest hyperthyroidism in a non-selected group of patients admitted for contrast enhanced CT studies blood samples were tested for the levels of thyrotropin.,"A normal thyrotropin level of 1-2 mU/L is considered the determinant of optimal daily levothyroxine sodium dose in patients with primary hypothyroidism, whereas normal thyroxine and triiodothyronine levels in the mid or upper normal range may denote optimal replacement in patients with central hypothyroidism.","A normal TSH level of 1-2 mU/L is considered the determinant of optimal daily levothyroxine sodium dose in patients with primary hypothyroidism, whereas normal thyroxine and triiodothyronine levels in the mid or upper normal range may denote optimal replacement in patients with central hypothyroidism.","A normal thyroid-stimulating hormone level of 1-2 mU/L is considered the determinant of optimal daily levothyroxine sodium dose in patients with primary hypothyroidism, whereas normal thyroxine and triiodothyronine levels in the mid or upper normal range may denote optimal replacement in patients with central hypothyroidism."
TSH,"The extent of initial surgery, indications for radioiodine ablation therapy, and the degree of thyroid-stimulating hormone suppression are all issues that are still being debated.","The extent of initial surgery, indications for radioiodine ablation therapy, and the degree of TSH suppression are all issues that are still being debated.","The extent of initial surgery, indications for radioiodine ablation therapy, and the degree of thyrotropin suppression are all issues that are still being debated.",On admission all children showed signs of euthyroid sick syndrome: low total triiodothyronine (TT3) and high reverse triiodothyronine (rT3) without compensatory elevated thyrotropin.,On admission all children showed signs of euthyroid sick syndrome: low total triiodothyronine (TT3) and high reverse triiodothyronine (rT3) without compensatory elevated TSH.,On admission all children showed signs of euthyroid sick syndrome: low total triiodothyronine (TT3) and high reverse triiodothyronine (rT3) without compensatory elevated thyroid-stimulating hormone.
TTP,thrombotic thrombocytopenic purpura is a rare but life-threatening syndrome characterized by platelet aggregation causing occlusive microangiopathy.,TTP is a rare but life-threatening syndrome characterized by platelet aggregation causing occlusive microangiopathy.,Time to progression is a rare but life-threatening syndrome characterized by platelet aggregation causing occlusive microangiopathy.,"In Phase III clinical studies of MAB therapy with bicalutamide being conducted in Japan for patients in Stages C and D, however, the patient group treated with MAB therapy demonstrated more favorable results compared to the group treated with LH-RH agonist alone, particularly in terms of Time to progression of the patients in Stage C. These are relatively new findings on the usefulness and adaptability of MAB therapy.","In Phase III clinical studies of MAB therapy with bicalutamide being conducted in Japan for patients in Stages C and D, however, the patient group treated with MAB therapy demonstrated more favorable results compared to the group treated with LH-RH agonist alone, particularly in terms of TTP of the patients in Stage C. These are relatively new findings on the usefulness and adaptability of MAB therapy.","In Phase III clinical studies of MAB therapy with bicalutamide being conducted in Japan for patients in Stages C and D, however, the patient group treated with MAB therapy demonstrated more favorable results compared to the group treated with LH-RH agonist alone, particularly in terms of thrombotic thrombocytopenic purpura of the patients in Stage C. These are relatively new findings on the usefulness and adaptability of MAB therapy."
TTP,"The identification, characterization, and clinical observation of ADAMTS13 (a disintegrin and metalloprotease with thrombospondin-1-like domains) have provided important insights into the pathogenesis of thrombotic thrombocytopenic purpura.","The identification, characterization, and clinical observation of ADAMTS13 (a disintegrin and metalloprotease with thrombospondin-1-like domains) have provided important insights into the pathogenesis of TTP.","The identification, characterization, and clinical observation of ADAMTS13 (a disintegrin and metalloprotease with thrombospondin-1-like domains) have provided important insights into the pathogenesis of Time to progression.","The primary aim of this study is to review a historical cohort, with large patient numbers and long follow-up, and provide estimates of Time to progression and survival after progression.","The primary aim of this study is to review a historical cohort, with large patient numbers and long follow-up, and provide estimates of TTP and survival after progression.","The primary aim of this study is to review a historical cohort, with large patient numbers and long follow-up, and provide estimates of thrombotic thrombocytopenic purpura and survival after progression."
TTP,We describe a 69-year-old man with refractory relapsing thrombotic thrombocytopenic purpura successfully treated with rituximab.,We describe a 69-year-old man with refractory relapsing TTP successfully treated with rituximab.,We describe a 69-year-old man with refractory relapsing Time to progression successfully treated with rituximab.,"PATIENTS AND METHODS: Previously untreated patients with advanced NSCLC in the phase III TRIBUTE study who were randomly assigned to carboplatin and paclitaxel with erlotinib or placebo were assessed for survival, response, and Time to progression.","PATIENTS AND METHODS: Previously untreated patients with advanced NSCLC in the phase III TRIBUTE study who were randomly assigned to carboplatin and paclitaxel with erlotinib or placebo were assessed for survival, response, and TTP.","PATIENTS AND METHODS: Previously untreated patients with advanced NSCLC in the phase III TRIBUTE study who were randomly assigned to carboplatin and paclitaxel with erlotinib or placebo were assessed for survival, response, and thrombotic thrombocytopenic purpura."
TTP,Plasma exchange is the treatment of choice for patients with thrombotic thrombocytopenic purpura and results in remission in >80% of the cases.,Plasma exchange is the treatment of choice for patients with TTP and results in remission in >80% of the cases.,Plasma exchange is the treatment of choice for patients with Time to progression and results in remission in >80% of the cases.,RT-PCR PSA was assessed and related to Time to progression.,RT-PCR PSA was assessed and related to TTP.,RT-PCR PSA was assessed and related to thrombotic thrombocytopenic purpura.
TTP,"Congenital or acquired deficiency of ADAMTS13 activity leads to the accumulation of hyperactive large VWF multimers, inducing a life-threatening disease, thrombotic thrombocytopenic purpura.","Congenital or acquired deficiency of ADAMTS13 activity leads to the accumulation of hyperactive large VWF multimers, inducing a life-threatening disease, TTP.","Congenital or acquired deficiency of ADAMTS13 activity leads to the accumulation of hyperactive large VWF multimers, inducing a life-threatening disease, Time to progression.",Serum levels of MMP-9 and MMP-13 did not correlate with the Time to progression.,Serum levels of MMP-9 and MMP-13 did not correlate with the TTP.,Serum levels of MMP-9 and MMP-13 did not correlate with the thrombotic thrombocytopenic purpura.
VAC,OBJECTIVE: To study the mechanism through which VAC uum-assisted closure induces an increase in blood flow and reduces oedema on skin wounds.,OBJECTIVE: To study the mechanism through which VAC uum-assisted closure VAC induces an increase in blood flow and reduces oedema on skin wounds.,OBJECTIVE: To study the mechanism through which VAC uum-assisted closure induces an increase in blood flow and reduces oedema on skin wounds.,"The large capacity of VAC cinia virus for added DNA, cytoplasmic expression and broad host range make it a popular choice for gene delivery, despite the burdensome need for multiple plaque purifications to isolate recombinants.","The large capacity of VAC cinia virus VAC for added DNA, cytoplasmic expression and broad host range make it a popular choice for gene delivery, despite the burdensome need for multiple plaque purifications to isolate recombinants.","The large capacity of VAC cinia virus for added DNA, cytoplasmic expression and broad host range make it a popular choice for gene delivery, despite the burdensome need for multiple plaque purifications to isolate recombinants."
VAC,Mechanisms and clinical applications of the VAC uum-assisted closure Device: a review.,Mechanisms and clinical applications of the VAC uum-assisted closure VAC Device: a review.,Mechanisms and clinical applications of the VAC uum-assisted closure Device: a review.,"Early events in VAC cinia virus morphogenesis, particularly the formation of viral membranes and their association with viroplasm, are poorly understood.","Early events in VAC cinia virus VAC morphogenesis, particularly the formation of viral membranes and their association with viroplasm, are poorly understood.","Early events in VAC cinia virus morphogenesis, particularly the formation of viral membranes and their association with viroplasm, are poorly understood."
VAC,"The use of sub-atmospheric pressure dressings, available commercially as the VAC uum-assisted closure device, has been shown to be an effective way to accelerate healing of various wounds.","The use of sub-atmospheric pressure dressings, available commercially as the VAC uum-assisted closure VAC device, has been shown to be an effective way to accelerate healing of various wounds.","The use of sub-atmospheric pressure dressings, available commercially as the VAC uum-assisted closure device, has been shown to be an effective way to accelerate healing of various wounds.","The ability to manipulate the VAC cinia virus genome, as a plasmid in bacteria, would greatly facilitate genetic studies and provide a powerful alternative method of making recombinant viruses.","The ability to manipulate the VAC cinia virus VAC genome, as a plasmid in bacteria, would greatly facilitate genetic studies and provide a powerful alternative method of making recombinant viruses.","The ability to manipulate the VAC cinia virus genome, as a plasmid in bacteria, would greatly facilitate genetic studies and provide a powerful alternative method of making recombinant viruses."
VAC,"In accordance with literature on treatment of groin infections after vascular prosthesis, VAC uum-assisted closure therapy was started.","In accordance with literature on treatment of groin infections after vascular prosthesis, VAC uum-assisted closure VAC therapy was started.","In accordance with literature on treatment of groin infections after vascular prosthesis, VAC uum-assisted closure therapy was started.","A homolog of the VAC cinia virus interferon resistance gene E3L has been discovered in orf virus strain NZ-2, a parapoxvirus that infects sheep, goats and humans.","A homolog of the VAC cinia virus VAC interferon resistance gene E3L has been discovered in orf virus strain NZ-2, a parapoxvirus that infects sheep, goats and humans.","A homolog of the VAC cinia virus interferon resistance gene E3L has been discovered in orf virus strain NZ-2, a parapoxvirus that infects sheep, goats and humans."
VAC,"This study investigates whether VAC uum-assisted closure therapy, alginate or hydrocolloid dressing are most effective in the treatment of pressure ulcers.","This study investigates whether VAC uum-assisted closure VAC therapy, alginate or hydrocolloid dressing are most effective in the treatment of pressure ulcers.","This study investigates whether VAC uum-assisted closure therapy, alginate or hydrocolloid dressing are most effective in the treatment of pressure ulcers.","Comparison of the amino acid sequence of these ORFs to the amino acid sequence of VAC cinia virus proteins revealed that two complete MCVI ORFs, termed N1L and L1L, showed high degree of homology with VAC F9 and F10 genes, respectively.","Comparison of the amino acid sequence of these ORFs to the amino acid sequence of VAC cinia virus VAC proteins revealed that two complete MCVI ORFs, termed N1L and L1L, showed high degree of homology with VAC F9 and F10 genes, respectively.","Comparison of the amino acid sequence of these ORFs to the amino acid sequence of VAC cinia virus proteins revealed that two complete MCVI ORFs, termed N1L and L1L, showed high degree of homology with VAC F9 and F10 genes, respectively."
VAD,"Thousands of adult cardiac failure patients may benefit from the availability of an effective, long-term ventricular assist device.","Thousands of adult cardiac failure patients may benefit from the availability of an effective, long-term VAD.","Thousands of adult cardiac failure patients may benefit from the availability of an effective, long-term vitamin A deficiency.",Studies using genetics and vitamin A deficiency have shown that vitamin A and retinoids play essential roles in spermatogenesis at the pre-meiotic stage.,Studies using genetics and VAD have shown that vitamin A and retinoids play essential roles in spermatogenesis at the pre-meiotic stage.,Studies using genetics and ventricular assist device have shown that vitamin A and retinoids play essential roles in spermatogenesis at the pre-meiotic stage.
VAD,"Transfer for definitive care, in terms of bridge to transplant, may require ventricular assist device placement at the primary institution or at the transplant center.","Transfer for definitive care, in terms of bridge to transplant, may require VAD placement at the primary institution or at the transplant center.","Transfer for definitive care, in terms of bridge to transplant, may require vitamin A deficiency placement at the primary institution or at the transplant center.","BACKGROUND: In areas where vitamin A deficiency is prevalent, vitamin A repletion reduces child mortality by 23% on average.","BACKGROUND: In areas where VAD is prevalent, vitamin A repletion reduces child mortality by 23% on average.","BACKGROUND: In areas where ventricular assist device is prevalent, vitamin A repletion reduces child mortality by 23% on average."
VAD,The impact of preoperative ventricular assist device support on the development of CAV has not been studied.,The impact of preoperative VAD support on the development of CAV has not been studied.,The impact of preoperative vitamin A deficiency support on the development of CAV has not been studied.,The aim of this study was to elucidate the level of anaemia and vitamin A deficiency in peri-urban breast-feeding women and their young infants.,The aim of this study was to elucidate the level of anaemia and VAD in peri-urban breast-feeding women and their young infants.,The aim of this study was to elucidate the level of anaemia and ventricular assist device in peri-urban breast-feeding women and their young infants.
VAD,Specific patient sub-sets that received a survival benefit in the current era with induction included younger patients of black race with >/=4 HLA mismatches and long-term (>6 months) support on a ventricular assist device.,Specific patient sub-sets that received a survival benefit in the current era with induction included younger patients of black race with >/=4 HLA mismatches and long-term (>6 months) support on a VAD.,Specific patient sub-sets that received a survival benefit in the current era with induction included younger patients of black race with >/=4 HLA mismatches and long-term (>6 months) support on a vitamin A deficiency.,OBJECTIVE: To evaluate the effects of a 60% vitamin A deficiency on the two postnatal stages of lung development: alveolarization and microvascular maturation.,OBJECTIVE: To evaluate the effects of a 60% VAD on the two postnatal stages of lung development: alveolarization and microvascular maturation.,OBJECTIVE: To evaluate the effects of a 60% ventricular assist device on the two postnatal stages of lung development: alveolarization and microvascular maturation.
VAD,"We report and describe the design and the first clinical implantation of the DeBakey ventricular assist device Child, a pediatric intracorporeal left ventricular assist device , in a 6-year-old girl.","We report and describe the design and the first clinical implantation of the DeBakey VAD Child, a pediatric intracorporeal left , in a 6-year-old girl.","We report and describe the design and the first clinical implantation of the DeBakey vitamin A deficiency Child, a pediatric intracorporeal left vitamin A deficiency , in a 6-year-old girl.",Anemia has also been related to vitamin A deficiency and growth retardation.,Anemia has also been related to VAD and growth retardation.,Anemia has also been related to ventricular assist device and growth retardation.
VATS,[ Video-assisted thoracic surgery for lung cancer],VATS for lung cancer],[ video-assisted thoracoscopic surgery for lung cancer],This software will meet the increasing needs of them in video-assisted thoracoscopic surgery which prefer lesser dissections of the vessels and bronchus of hilum.,This software will meet the increasing needs of them in VATS which prefer lesser dissections of the vessels and bronchus of hilum.,This software will meet the increasing needs of them in Video-assisted thoracic surgery which prefer lesser dissections of the vessels and bronchus of hilum.
VATS,Video-assisted thoracic surgery is gaining popularity as a technique for performing lobectomy in lung cancer.,VATS is gaining popularity as a technique for performing lobectomy in lung cancer.,video-assisted thoracoscopic surgery is gaining popularity as a technique for performing lobectomy in lung cancer.,"To clarify the feasibility of lung resections, especially those with video-assisted thoracoscopic surgery, for elderly patients with primary non-small cell lung cancer, 14 patients aged 80 to 83 years who had undergone surgical treatment at Tohoku University Hospital from 1997 to 2004 were retrospectively reviewed.","To clarify the feasibility of lung resections, especially those with VATS, for elderly patients with primary non-small cell lung cancer, 14 patients aged 80 to 83 years who had undergone surgical treatment at Tohoku University Hospital from 1997 to 2004 were retrospectively reviewed.","To clarify the feasibility of lung resections, especially those with Video-assisted thoracic surgery, for elderly patients with primary non-small cell lung cancer, 14 patients aged 80 to 83 years who had undergone surgical treatment at Tohoku University Hospital from 1997 to 2004 were retrospectively reviewed."
VATS,Video-assisted thoracic surgery lung resection is a new alternative surgical approach to thoracotomy for patients with early lung cancer.,VATS lung resection is a new alternative surgical approach to thoracotomy for patients with early lung cancer.,video-assisted thoracoscopic surgery lung resection is a new alternative surgical approach to thoracotomy for patients with early lung cancer.,"Advances in video-surgery digital technology, new instruments, and advanced surgical techniques have increased the importance of video-assisted thoracoscopic surgery in the diagnosis and treatment of the acutely injured patient.","Advances in video-surgery digital technology, new instruments, and advanced surgical techniques have increased the importance of VATS in the diagnosis and treatment of the acutely injured patient.","Advances in video-surgery digital technology, new instruments, and advanced surgical techniques have increased the importance of Video-assisted thoracic surgery in the diagnosis and treatment of the acutely injured patient."
VATS,"We successfully resolved (in one patient) and alleviated (in a second patient) empyema-related systemic infection by Video-assisted thoracic surgery, and were thus able to resect their lung tumours 14 and 21 days later, respectively.","We successfully resolved (in one patient) and alleviated (in a second patient) empyema-related systemic infection by VATS, and were thus able to resect their lung tumours 14 and 21 days later, respectively.","We successfully resolved (in one patient) and alleviated (in a second patient) empyema-related systemic infection by video-assisted thoracoscopic surgery, and were thus able to resect their lung tumours 14 and 21 days later, respectively.","The diagnostic methods were all negative procedures; video-assisted thoracoscopic surgery in two patients, a specimen obtained by bronchoscopy in one and a specimen taken by percutaneous aspiration in one.","The diagnostic methods were all negative procedures; VATS in two patients, a specimen obtained by bronchoscopy in one and a specimen taken by percutaneous aspiration in one.","The diagnostic methods were all negative procedures; Video-assisted thoracic surgery in two patients, a specimen obtained by bronchoscopy in one and a specimen taken by percutaneous aspiration in one."
VATS,PURPOSE: To evaluate the feasibility and potential use of intraoperative computed tomography (IOP CT) as guidance for Video-assisted thoracic surgery.,PURPOSE: To evaluate the feasibility and potential use of intraoperative computed tomography (IOP CT) as guidance for VATS.,PURPOSE: To evaluate the feasibility and potential use of intraoperative computed tomography (IOP CT) as guidance for video-assisted thoracoscopic surgery.,We reviewed empyema management at our center since video-assisted thoracoscopic surgery was introduced.,We reviewed empyema management at our center since VATS was introduced.,We reviewed empyema management at our center since Video-assisted thoracic surgery was introduced.
VBAC,Vaginal birth after cesarean attempt in twin pregnancies: is it safe?,VBAC attempt in twin pregnancies: is it safe?,vaginal birth after cesarean section attempt in twin pregnancies: is it safe?,Vaginal birth after LM was managed in accordance with the standard management of vaginal birth after cesarean section in our hospital.,Vaginal birth after LM was managed in accordance with the standard management of VBAC in our hospital.,Vaginal birth after LM was managed in accordance with the standard management of Vaginal birth after cesarean in our hospital.
VBAC,"OBJECTIVE: The purpose of this study was to compare the rate of Vaginal birth after cesarean attempt, VBAC failure, and major maternal adverse outcomes in women with a previous cesarean with twin or singleton pregnancies.","OBJECTIVE: The purpose of this study was to compare the rate of VBAC attempt, VBAC failure, and major maternal adverse outcomes in women with a previous cesarean with twin or singleton pregnancies.","OBJECTIVE: The purpose of this study was to compare the rate of vaginal birth after cesarean section attempt, VBAC failure, and major maternal adverse outcomes in women with a previous cesarean with twin or singleton pregnancies.",The objective of this study was to define the variables associated with vaginal birth after cesarean section and to develop a scoring system for the prediction of successful VBAC .,The objective of this study was to define the variables associated with VBAC and to develop a scoring system for the prediction of successful VBAC .,The objective of this study was to define the variables associated with Vaginal birth after cesarean and to develop a scoring system for the prediction of successful VBAC .
VBAC,OBJECTIVE: This study was undertaken to determine opinions of obstetrician-gynecologists regarding Vaginal birth after cesarean section and elective cesarean section.,OBJECTIVE: This study was undertaken to determine opinions of obstetrician-gynecologists regarding VBAC section and elective cesarean section.,OBJECTIVE: This study was undertaken to determine opinions of obstetrician-gynecologists regarding vaginal birth after cesarean section section and elective cesarean section.,"RESULTS: The overall vaginal birth after cesarean section was 46.5% and VBAC success rate was 63.5%, the incidence of dehiscence was 2.82%, and there were no uterine ruptures.","RESULTS: The overall VBAC was 46.5% and VBAC success rate was 63.5%, the incidence of dehiscence was 2.82%, and there were no uterine ruptures.","RESULTS: The overall Vaginal birth after cesarean was 46.5% and VBAC success rate was 63.5%, the incidence of dehiscence was 2.82%, and there were no uterine ruptures."
VBAC,OBJECTIVE: We sought to compare Vaginal birth after cesarean success and uterine rupture rates between preterm and term gestations in women with a history of one prior cesarean delivery.,OBJECTIVE: We sought to compare VBAC success and uterine rupture rates between preterm and term gestations in women with a history of one prior cesarean delivery.,OBJECTIVE: We sought to compare vaginal birth after cesarean section success and uterine rupture rates between preterm and term gestations in women with a history of one prior cesarean delivery.,Two patients in the most unfavorable zone had failed vaginal birth after cesarean section attempts.,Two patients in the most unfavorable zone had failed VBAC attempts.,Two patients in the most unfavorable zone had failed Vaginal birth after cesarean attempts.
VBAC,"OBJECTIVE: Some women wish to avoid a repeat cesarean delivery and believe that a midwife-supported Vaginal birth after cesarean in a nonhospital setting represents their best chance to do so; there is a small, persistent demand for out-of-hospital VBAC s.","OBJECTIVE: Some women wish to avoid a repeat cesarean delivery and believe that a midwife-supported VBAC in a nonhospital setting represents their best chance to do so; there is a small, persistent demand for out-of-hospital VBAC s.","OBJECTIVE: Some women wish to avoid a repeat cesarean delivery and believe that a midwife-supported vaginal birth after cesarean section in a nonhospital setting represents their best chance to do so; there is a small, persistent demand for out-of-hospital VBAC s.","OBJECTIVE: To determine the rate, delivery outcome and safety of attempted vaginal birth after cesarean section in grand multiparous women (para 6 or more).","OBJECTIVE: To determine the rate, delivery outcome and safety of attempted VBAC in grand multiparous women (para 6 or more).","OBJECTIVE: To determine the rate, delivery outcome and safety of attempted Vaginal birth after cesarean in grand multiparous women (para 6 or more)."
