layer,head,ac_answer_logprob_diff_mean,ac_primary_lp_mean,ac_alt_lp_mean,ac_kl_div_mean,ac_normalized_mean,ac_ie_mean,ac_ie_median,ca_answer_logprob_diff_mean,ca_primary_lp_mean,ca_alt_lp_mean,ca_kl_div_mean,ca_normalized_mean,ca_ie_mean,ca_ie_median,aa_ie_mean,aa_ie_median,cc_ie_mean,cc_ie_median,ac_answer_logprob_diff_median,ca_answer_logprob_diff_median,bidirectional_ie_mean,bidirectional_ie_median,p_ac_ie_gt_zero,p_ca_ie_lt_zero,p_bidirectional_ie_gt_zero,bidirectional_ie_bootstrap_ci_2_5,bidirectional_ie_bootstrap_ci_97_5,bootstrap_resamples
0,0,-0.2568315241887019,-1.5798219651442307,-1.3229904409555289,0.00210553562522172,-0.0027604449591606636,-0.008148287259615385,-0.005859375,2.6430484713040867,-0.9465657865084134,-3.5896142578124994,0.0007809126363210402,-0.00020938671103682747,-9.587214543269206e-05,0.0,-0.0018585674579326924,-0.0016601562500000002,-0.0021991436298076923,-0.0012939453125,-0.156640625,2.399462890625,-0.008052415114182693,-0.00859375,0.36923076923076925,0.49230769230769234,0.36923076923076925,-0.012520381047175483,-0.0037101276104266876,5000
0,1,-0.25015409029447117,-1.5770087139423075,-1.3268546236478367,0.0024025204474351722,-0.0004070282044213565,-0.0014708533653846158,-0.0008300781250000001,2.6444203538161055,-0.9459030386117787,-3.5903233924278846,0.0008126610742741214,0.0012105429468794757,0.0012760103665865384,0.0010009765625,-0.0006284743088942305,-0.00078125,-0.004505896935096154,-0.0015625,-0.140625,2.390576171875,-0.0027468637319711534,-0.0014160156250000002,0.46923076923076923,0.45384615384615384,0.46923076923076923,-0.007221149151141827,0.0016119126539963884,5000
0,2,-0.2496559495192308,-1.5762950721153848,-1.326639122596154,0.005661611093113657,-0.0021017027981516056,-0.0009727125901442304,-0.0009765625,2.643614783653846,-0.944867412860577,-3.588482196514423,0.000971323439600126,7.86702474773427e-05,0.00047044020432692287,0.0,-0.0010403207632211538,-0.00078125,-0.004548245943509616,-0.0025634765625,-0.15664062499999998,2.3986572265625,-0.0014431527944711539,-0.00625,0.46923076923076923,0.47692307692307695,0.4153846153846154,-0.010896310659555288,0.008436046893780033,5000
0,3,-0.2341224083533654,-1.5695049579326923,-1.335382549579327,0.01086343876944727,0.005669793428964945,0.014560828575721154,0.0001708984375,2.646723445012019,-0.9447136042668269,-3.591437049278846,0.0016328637734309356,-0.0020610527929723504,0.0035791015625000005,0.0009521484375,-0.0013028658353365385,-0.001171875,-0.004393028846153846,-0.0021484375,-0.15585937500000002,2.3873046875000004,0.010981727013221153,-0.00078125,0.5,0.45384615384615384,0.4461538461538462,-0.0031961012620192325,0.028937194824218727,5000
0,4,-0.25226393479567305,-1.5770582932692307,-1.3247943584735578,0.0012816595665692137,-0.0006427585254547907,-0.0035806978665865385,-0.0015625,2.643060302734375,-0.947268348106971,-3.590328650841346,0.0007437931920773724,8.681091378547572e-05,-8.404071514423088e-05,0.0017578125,-0.0006854717548076925,0.0,-0.0044806377704326925,-0.0022216796875000003,-0.15,2.3961425781249996,-0.0034966571514423064,-0.003515625,0.4,0.46923076923076923,0.4230769230769231,-0.0073127840482271654,0.0002493262657752372,5000
0,5,-0.2511822040264423,-1.576708984375,-1.3255267803485578,0.0014206061173114052,-0.0002783659758648689,-0.0024989670973557697,-0.0025390624999999997,2.641477238581731,-0.9471153846153846,-3.5885926231971155,0.000718702061913548,0.0007647838744657055,-0.0016671048677884613,-0.00234375,-0.00026263897235576946,0.00078125,-0.003929255558894231,-0.0015625,-0.17578125,2.3888671875,-0.0008318622295673076,-0.001708984375,0.4230769230769231,0.5461538461538461,0.45384615384615384,-0.0046638160118689905,0.0030737915039062464,5000
0,6,-0.24825364332932692,-1.5755055588942306,-1.3272519155649039,0.0029732374658893233,-0.00011503506190048872,0.0004295935997596159,0.0,2.6436606069711535,-0.9457087590144231,-3.5893693659855765,0.0009486536951366311,-0.001646279531727989,0.0005162635216346156,-0.00078125,-0.0008010629507211539,-0.0017578125,-0.004319974459134615,-0.002392578125,-0.15234375,2.381396484375,-8.666992187499983e-05,-0.0016601562500000002,0.49230769230769234,0.5384615384615384,0.45384615384615384,-0.00639422607421875,0.006267366849459127,5000
0,7,-0.2523073167067308,-1.5778342848557692,-1.3255269681490387,0.0017501436442005623,-0.0007466849341710711,-0.0036240797776442304,-0.0009765625,2.6426198167067305,-0.9468096454326922,-3.5894294621394227,0.0007946249288111028,0.0002661492282347919,-0.0005245267427884615,-0.00078125,-0.0024864783653846152,-0.003125,-0.003429706280048077,-0.00380859375,-0.156640625,2.393115234375,-0.003099553034855769,-0.000390625,0.43846153846153846,0.5076923076923077,0.4846153846153846,-0.00739721444936899,0.0012764845628004799,5000
0,8,-0.2501976600060097,-1.5761868990384615,-1.325989239032452,0.0013695077670217045,-0.0005354301324443316,-0.001514423076923077,-0.0015625,2.6432111065204325,-0.9468459848257211,-3.590057091346154,0.000751339845365611,0.0002707362665364161,6.676307091346166e-05,-0.001513671875,-0.0010532789963942307,-0.0015625,-0.004033109224759615,-0.00390625,-0.157421875,2.3900634765625,-0.0015811861478365384,-0.0007080078125000001,0.43846153846153846,0.5384615384615384,0.47692307692307695,-0.005666116567758415,0.0024185931865985492,5000
0,9,-0.2531038724459135,-1.5785021033653848,-1.3253982309194712,0.001366652631665972,-0.0007584348263386746,-0.004420635516826922,-0.003662109375,2.642052659254808,-0.9468426983173078,-3.5888953575721154,0.0007540154046010121,0.0012856171372802301,-0.0010916841947115384,-0.00078125,-0.0009943096454326924,-0.00078125,-0.0018442007211538459,-0.00172119140625,-0.1546875,2.383740234375,-0.003328951322115385,-0.0015625,0.3384615384615385,0.5384615384615384,0.45384615384615384,-0.006731891338641827,0.0001669827974759583,5000
0,10,-0.2524237530048077,-1.577225811298077,-1.3248020582932691,0.0013755080903209119,-0.0006454088740346506,-0.003740516075721154,-0.0015625,2.6411249248798074,-0.9475157752403846,-3.5886407001201923,0.0007353597676837781,-0.0007024013958550185,-0.002019418569711538,-0.0021484375,-0.00016939603365384646,0.0,-0.004331524188701923,-0.0037109375,-0.16171875,2.399365234375,-0.001721097506009615,0.0016601562500000002,0.4153846153846154,0.5615384615384615,0.5384615384615384,-0.004996959979717547,0.0014108276367187497,5000
0,11,-0.26016169621394225,-1.5831648137019232,-1.3230031174879808,0.0026283444146181054,-0.003068492737120662,-0.011478459284855769,-0.00419921875,2.641311316856971,-0.9464512282151442,-3.5877625450721156,0.0008693210970854248,0.00017745139508795144,-0.0018330265925480765,-0.00078125,-0.0008279184194711537,-0.00078125,-0.002823861929086538,-0.002978515625,-0.14375,2.38798828125,-0.009645432692307693,-0.0013671875,0.4230769230769231,0.5230769230769231,0.47692307692307695,-0.01646440946138822,-0.003032029371995192,5000
0,12,-0.25035184420072115,-1.576378455528846,-1.3260266113281247,0.0014820616666907222,0.0010029970235797252,-0.0016686072716346149,-0.001171875,2.6423172701322115,-0.9462546950120192,-3.5885719651442303,0.0007360034667623455,-0.001105067968218722,-0.0008270733173076923,0.000390625,-0.0008192795973557694,-0.000390625,-0.004950796274038462,-0.002392578125,-0.15546875,2.391796875,-0.000841533954326923,0.001318359375,0.4230769230769231,0.46153846153846156,0.5153846153846153,-0.00474951171875,0.003393404447115384,5000
0,13,-0.2506257512019231,-1.5764227764423078,-1.3257970252403846,0.0013371025920182846,0.0003823937264318913,-0.0019425142728365387,0.000341796875,2.6428316556490383,-0.9459893329326924,-3.5888209885817304,0.0007166219488640066,-0.0010432513901378424,-0.0003126878004807692,-0.00126953125,-0.0006316669170673077,0.000146484375,-0.002171630859375,-0.0011718750000000002,-0.1640625,2.4000732421875,-0.001629826472355769,0.001953125,0.5076923076923077,0.5307692307692308,0.5538461538461539,-0.0053409893329326935,0.0020183574969951904,5000
0,14,-0.2518842022235577,-1.5764963942307693,-1.3246121920072116,0.0013557016379586045,-0.001975118090972793,-0.003200965294471154,-0.003125,2.6435378793569706,-0.9461770395132211,-3.5897149188701922,0.0007455270241596447,-0.0008757893108487771,0.0003935359074519229,0.001953125,-0.00026029146634615376,0.0015625,-0.0031453763521634612,-0.0015625,-0.147265625,2.3927734375,-0.0035945012019230767,-0.0031982421875000003,0.36153846153846153,0.4230769230769231,0.4,-0.007105734018179087,-8.319091796875148e-05,5000
0,15,-0.25191199669471154,-1.5777884615384616,-1.32587646484375,0.0013985576301824279,-0.0010726050029984929,-0.003228759765625,-0.00186767578125,2.6449179311899043,-0.9448927659254808,-3.5898106971153845,0.00073717490354611,-0.0008371643753061954,0.0017735877403846155,0.0015625,-0.0019130295973557694,-0.00078125,-0.003511587289663462,-0.0024169921874999997,-0.15390625000000002,2.3965087890624996,-0.005002347506009615,-0.0040283203125,0.4230769230769231,0.4461538461538462,0.4153846153846154,-0.00887445068359375,-0.001119591346153848,5000
0,16,-0.2506497896634615,-1.5763634314903847,-1.325713641826923,0.0013750764030840321,0.0012398119394054254,-0.0019665527343749995,0.0,2.6426937161959136,-0.946837158203125,-3.5895308743990384,0.0007475217622609297,0.0001487810438951177,-0.0004506272536057687,0.00078125,-0.0004585148737980767,0.0,-0.004051795372596153,-0.0015625,-0.14609375,2.4005126953125,-0.0015159254807692308,-0.0015625,0.49230769230769234,0.46153846153846156,0.4846153846153846,-0.005442047119140624,0.0024496835561899034,5000
0,17,-0.25201387845552886,-1.577334735576923,-1.325320857121394,0.0014695967769810026,-0.0006146940794076,-0.003330641526442308,-0.0015625,2.642888840895433,-0.947440936748798,-3.5903297776442304,0.0007329261493455636,-0.0007700138504348535,-0.00025550255408653827,-0.00078125,-0.0015888859675480765,0.0,-0.004532001201923076,-0.002734375,-0.15234375,2.3947265625,-0.003075138972355769,-0.00419921875,0.46153846153846156,0.5153846153846153,0.43846153846153846,-0.006847696157602163,0.000919989952674278,5000
0,18,-0.2506706355168269,-1.5765587439903843,-1.3258881084735576,0.0012768804033324865,0.0002949327624265828,-0.0019873985877403846,-0.0016601562500000002,2.6425763408954324,-0.9459524301382212,-3.5885287710336535,0.0006861043328728223,5.224823270044477e-05,-0.0005680025540865385,-0.00029296875000000004,-0.001115253155048077,-2.44140625e-05,-0.004645526592548077,-0.0016601562500000002,-0.15,2.3920166015625,-0.0014193960336538465,0.0005859375000000001,0.45384615384615384,0.5076923076923077,0.5076923076923077,-0.005113196739783655,0.00222728083683894,5000
0,19,-0.25274620643028844,-1.577606670673077,-1.3248604642427884,0.0014493967360909,-0.0013380914532757685,-0.0040629695012019225,-0.0020751953125,2.6431435922475965,-0.9473285381610577,-3.590472130408654,0.0007089255254988581,0.0005705186731396497,-7.512019230767736e-07,-0.00078125,-0.0015956467848557694,-0.0008300781250000001,-0.0038113168569711546,-0.0014770507812500002,-0.15390625,2.39521484375,-0.004062218299278847,-0.00390625,0.4307692307692308,0.5076923076923077,0.38461538461538464,-0.007709345890925482,-0.00041924344576322025,5000
0,20,-0.25127366286057695,-1.577021484375,-1.325747821514423,0.0013639542680008434,-0.00011442693724142571,-0.0025904259314903843,-0.0015625,2.6439862530048077,-0.9469238281250001,-3.590910081129808,0.0007320338309295255,-0.0010135734428512741,0.0008419095552884614,-0.0005859375000000001,-0.001441650390625,-0.0026123046875,-0.0033187161959134614,-0.0017333984375,-0.147265625,2.3908203125,-0.0034323354867788454,-0.00341796875,0.4230769230769231,0.5076923076923077,0.3769230769230769,-0.006981985238882213,0.00013120445838341334,5000
0,21,-0.2523363318810096,-1.5778252704326923,-1.3254889385516826,0.0014236380720371081,-0.0002104410462348958,-0.003653094951923077,-0.0017211914062500002,2.6416494516225963,-0.9472166090745193,-3.5888660606971152,0.0007039458958584725,0.0022150353494192255,-0.001494891826923077,-0.0011962890625,-0.0011218261718749997,-0.001171875,-0.004295184795673077,-0.00244140625,-0.16249999999999998,2.38466796875,-0.002158203125,0.00078125,0.4153846153846154,0.5461538461538461,0.5076923076923077,-0.005446979229266828,0.001043128380408647,5000
0,22,-0.25131216195913464,-1.5766240985576925,-1.3253119365985577,0.0013977822585211055,-5.635844766668844e-05,-0.0026289250300480767,-0.0015625,2.642249568058894,-0.9467340557391827,-3.588983623798077,0.0007308644841820185,-0.00010440267267762986,-0.0008947753906250001,-0.000390625,-0.000501896784855769,0.0005859375000000001,-0.0035310246394230768,-0.002734375,-0.14921875,2.40478515625,-0.0017341496394230774,0.00030517578125,0.45384615384615384,0.5,0.5153846153846153,-0.004870147705078125,0.0015282170222355753,5000
0,23,-0.25419752854567307,-1.5779447115384615,-1.3237471829927883,0.001579341809449067,-0.0016717289562899447,-0.005514291616586539,-0.0035400390625,2.6442340557391826,-0.9460341233473559,-3.5902681790865385,0.0007764495129464453,-0.0003068150640389284,0.0010897122896634615,0.0013671875,-0.0006078162560096156,-0.0015625,-0.004719050480769231,-0.002734375,-0.15625,2.3892333984375,-0.00660400390625,-0.00390625,0.36923076923076925,0.4076923076923077,0.36923076923076925,-0.011465709979717548,-0.0022432250976562535,5000
0,24,-0.24219642052283655,-1.5693306790865384,-1.3271342585637018,0.016787418027038394,0.002343588683165151,0.00648681640625,0.001025390625,2.6460498985877403,-0.9453785118689904,-3.5914284104567304,0.0015851607993561851,-0.0036002480433069625,0.002905555138221154,0.0007568359375,-0.0009563739483173077,0.0,-0.0033549616887019232,-0.0017578125,-0.159375,2.3970947265625,0.003581261268028843,-0.0019287109375,0.5076923076923077,0.46153846153846156,0.46923076923076923,-0.014611025296724766,0.02156380286583533,5000
0,25,-0.25174241286057697,-1.5781933593749997,-1.3264509465144232,0.0014018974027716958,-0.0009421085388143993,-0.0030591759314903847,-0.0021484375,2.644532095102164,-0.9455723219651442,-3.590104417067308,0.0007148232463026685,-0.0017241661480341304,0.0013877516526442305,4.8828125e-05,-0.0008273550180288462,-0.0012451171875,-0.003931321364182693,-0.0015625,-0.161328125,2.392138671875,-0.0044469275841346155,-0.00546875,0.3923076923076923,0.46923076923076923,0.36923076923076925,-0.008003920335036057,-0.0009059706467848609,5000
0,26,-0.25094285231370195,-1.5769981971153846,-1.3260553448016825,0.002054288457742068,9.495590092116088e-05,-0.0022596153846153842,-0.0029296875,2.6412080265925484,-0.9474582143930289,-3.5886662409855767,0.0008715891013461351,-0.0004661181532627273,-0.0019363168569711538,-0.0015625,-0.00029475285456730756,-0.0001953125,-0.003113450270432692,-0.0030029296875,-0.142578125,2.3998046874999996,-0.00032329852764423063,0.00078125,0.38461538461538464,0.5461538461538461,0.5076923076923077,-0.005067868746243991,0.004549004187950721,5000
0,27,-0.25129403921274035,-1.5768517127403847,-1.3255576735276442,0.0014383724295516371,-5.482834479844784e-05,-0.0026108022836538462,-0.00021972656249999998,2.6441194974459137,-0.9464931077223558,-3.590612605168269,0.0007614964079173068,-0.0006481243702987514,0.000975153996394231,0.000732421875,-0.0020050518329326923,-0.00078125,-0.003358342097355769,-0.0015625,-0.153125,2.3980468750000004,-0.0035859562800480776,-0.00234375,0.45384615384615384,0.47692307692307695,0.45384615384615384,-0.007530437762920674,0.0004808091383713916,5000
0,28,-0.25176701472355767,-1.5769643930288462,-1.3251973783052884,0.001500109160822936,-0.00015666545609409205,-0.003083777794471154,-0.0015625,2.6433440692608174,-0.9468873009314904,-3.5902313701923076,0.0006887518228993778,0.0006735286613083546,0.00019972581129807697,0.0,-0.0010771296574519232,-0.0005615234375,-0.004251802884615384,-0.001953125,-0.15234375,2.38583984375,-0.00328350360576923,-0.002734375,0.43846153846153846,0.49230769230769234,0.4461538461538462,-0.006730898343599759,1.1183518629806655e-05,5000
0,29,-0.25272986778846157,-1.5776697716346155,-1.3249399038461538,0.0012448614726713035,-0.0012625785155011037,-0.004046630859375,-0.00234375,2.6429710975060097,-0.9467318021334135,-3.589702899639423,0.0006375851898156764,0.0006937045653786349,-0.00017324594350961556,-0.00069580078125,-0.001150559645432692,-0.0015625,-0.004052828275240385,-0.0022949218749999997,-0.148828125,2.39794921875,-0.0038733849158653845,-0.0027099609375,0.4307692307692308,0.5153846153846153,0.4230769230769231,-0.007780487060546875,8.990948016824126e-07,5000
0,30,-0.2501675180288462,-1.5770147235576923,-1.326847205528846,0.001428346345587169,0.0006908612344321614,-0.0014842810997596151,-0.00078125,2.6424378380408653,-0.9469371619591347,-3.589375,0.0008119468651906248,0.0012660058874826915,-0.0007065054086538461,-0.0015625,-0.0008979679987980772,-0.00078125,-0.003754225510817307,-0.00234375,-0.159375,2.388427734375,-0.0007777756911057695,0.000341796875,0.46923076923076923,0.5615384615384615,0.5230769230769231,-0.004153400127704327,0.002502016507662257,5000
0,31,-0.2511895282451923,-1.5774173677884615,-1.3262278395432694,0.0013763602109478695,-0.0006140200809886192,-0.002506291316105769,-0.0013671875,2.641149057241587,-0.9468253267728366,-3.5879743840144234,0.0007543162502929617,-2.544955852753657e-05,-0.0019952862079326925,-0.001953125,-0.0014991173377403844,-0.0013916015625,-0.004471623347355768,-0.00234375,-0.15546875,2.3848632812500004,-0.0005110051081730761,-0.0001708984375,0.46923076923076923,0.5384615384615384,0.4846153846153846,-0.004134753887469952,0.0032496901292067295,5000
1,0,-0.2524374624399038,-1.5780874399038463,-1.3256499774639423,0.001385843235964426,-0.0014668859292663585,-0.003754225510817308,-0.003125,2.6410389122596154,-0.9474447866586537,-3.5884836989182696,0.0007269491691615233,0.0011169870190292698,-0.0021054311899038466,-0.0018554687500000001,9.061373197115396e-05,-0.0015625,-0.0034103628305288468,-0.00205078125,-0.1515625,2.385546875,-0.0016487943209134617,0.0,0.3769230769230769,0.5615384615384615,0.4846153846153846,-0.005631955660306489,0.002468428391676679,5000
1,1,-0.25236065204326924,-1.5773640324519231,-1.3250033804086538,0.0016471287685372255,-0.0004717579086330705,-0.003677415114182692,-0.002880859375,2.6417879544771634,-0.9472392390324519,-3.5890271935096156,0.0007667328344500339,9.059750365892125e-05,-0.0013563889723557693,-0.0015625,-0.0013539475661057691,-0.000390625,-0.0030397385817307696,-0.0015625,-0.16015625,2.405029296875,-0.002321026141826924,-0.0011962890625,0.4307692307692308,0.5461538461538461,0.47692307692307695,-0.006483987661508414,0.001887704702524033,5000
1,2,-0.2521778282752404,-1.5772798978365385,-1.3251020695612983,0.0013562481959223049,-0.0006225621364480443,-0.0034945913461538465,-0.0015625,2.6425203763521634,-0.9469271146334135,-3.589447490985577,0.0007572006159190963,-0.0005759745724619018,-0.0006239670973557692,0.0,-0.0007543945312499994,-0.0015380859375000002,-0.0031778658353365384,-0.00234375,-0.15078124999999998,2.38671875,-0.002870624248798077,-0.00245361328125,0.4307692307692308,0.47692307692307695,0.4,-0.006459951547475962,0.0009382253793569704,5000
1,3,-0.2529347581129807,-1.5785118689903845,-1.325577110877404,0.0013043712904357643,-0.0009815218271149826,-0.004251521183894232,-0.00303955078125,2.642033503605769,-0.9468517127403846,-3.588885216346154,0.0007141651350066155,0.0004438088253911467,-0.0011108398437500002,0.0,-0.0002319335937499998,0.0,-0.003076829176682692,-0.00146484375,-0.1609375,2.3892822265625,-0.0031406813401442316,-0.003955078125,0.4153846153846154,0.47692307692307695,0.43846153846153846,-0.0069291240985576924,0.0007152897761418243,5000
1,4,-0.2517246657151442,-1.574930138221154,-1.3232054725060098,0.002058107686188827,-0.0007282166600992501,-0.003041428786057692,-0.000390625,2.6418701171875,-0.9470410156250001,-3.5889111328125005,0.0007710773516832831,0.00057577982447934,-0.001274226262019231,-0.00078125,-0.0017386568509615385,-0.0025146484375,-0.0044333120492788475,-0.0029052734374999997,-0.1609375,2.40087890625,-0.001767202524038461,0.00068359375,0.4846153846153846,0.5538461538461539,0.5153846153846153,-0.007700974684495191,0.0037685265174278817,5000
1,5,-0.2532234074519231,-1.5780836838942307,-1.3248602764423076,0.0015654682070511655,-0.0012374389934269147,-0.0045401705228365384,-0.003125,2.6422644981971155,-0.9470639272836539,-3.5893284254807694,0.0007130984777990501,0.0005114438280242256,-0.0008798452524038462,-0.00029296875,-0.000643592247596154,-0.0004638671875,-0.0034903658353365383,-0.0015625,-0.150390625,2.37724609375,-0.0036603252704326926,-0.003125,0.4,0.5,0.4230769230769231,-0.00718572059044471,-0.00027486243614783905,5000
1,6,-0.25308565579927883,-1.5783556189903847,-1.3252699631911058,0.0013929317998832512,-0.0013857537461448661,-0.004402418870192307,-0.0029296875,2.641627009465144,-0.9466786545973557,-3.5883056640625,0.0006954044103467339,-0.0003712969497224738,-0.0015173339843750002,-0.001953125,-0.0007576810396634617,-0.000390625,-0.004082312950721154,-0.003173828125,-0.15468749999999998,2.4009765625,-0.002885084885817308,-0.000390625,0.4230769230769231,0.5769230769230769,0.46923076923076923,-0.006569603553185096,0.0007110454852764378,5000
1,7,-0.25244638296274036,-1.5777704326923077,-1.3253240497295673,0.001383557489284078,0.00012594090289410213,-0.003763146033653846,-0.002734375,2.642359713040866,-0.9467208158052886,-3.589080528846154,0.0007218072739642379,-0.0004867680746956873,-0.0007846304086538461,0.0,-0.0017369666466346152,-0.0015625,-0.004407301682692308,-0.00126953125,-0.15859374999999998,2.387158203125,-0.0029785156249999994,-0.00318603515625,0.36923076923076925,0.46153846153846156,0.4,-0.006645939753605768,0.0008102745643028843,5000
1,8,-0.2516736778846154,-1.5766962139423075,-1.3250225360576924,0.0013469159294577746,-0.0015297025200166502,-0.002990440955528846,-0.0027832031249999997,2.642228158804087,-0.9469605431189905,-3.5891887019230775,0.0007248724612891089,0.0014964134033962433,-0.0009161846454326921,-0.001171875,0.0002358774038461539,-0.0001953125,-0.004144944411057693,-0.0037109375,-0.153125,2.378955078125,-0.002074256310096154,-0.00078125,0.4,0.5384615384615384,0.4461538461538462,-0.005808023306039663,0.0015103008563701922,5000
1,9,-0.2520858999399039,-1.5779882812500001,-1.325902381310096,0.0013064702716084828,-0.00016669735279691833,-0.0034026630108173073,-0.002197265625,2.6433037860576927,-0.9465835336538463,-3.5898873197115386,0.0007523621554631949,0.0005407159258140817,0.0001594426081730771,0.000732421875,0.00022705078124999996,0.000146484375,-0.004627122145432693,-0.002197265625,-0.14375,2.393701171875,-0.0035621056189903844,-0.000390625,0.4076923076923077,0.45384615384615384,0.49230769230769234,-0.007277209942157453,-9.744262695313624e-05,5000
1,10,-0.250898907001202,-1.5763348858173079,-1.3254359788161056,0.00148267073440295,-0.00012461257049927157,-0.002215670072115385,-0.0022949218749999997,2.6434181565504806,-0.9457168344350961,-3.589134990985577,0.00075822863589739,-0.0001205207396827371,0.0002738131009615386,-0.000390625,-0.0007413423978365381,-0.0005859375,-0.004735201322115384,-0.0039794921875,-0.1578125,2.3895263671875,-0.0024894831730769224,-0.002978515625,0.4307692307692308,0.5076923076923077,0.45384615384615384,-0.006603327824519233,0.0014921781099759596,5000
1,11,-0.25304931640625,-1.5777366286057692,-1.3246873121995193,0.0015822492559213158,-0.0013832845324002515,-0.004366079477163462,-0.00234375,2.6421726637620195,-0.9461386343149039,-3.588311298076923,0.00075068133315028,-0.00020018929902871924,-0.0009716796874999998,-0.00078125,-0.0017718036358173078,-0.00078125,-0.003105750450721154,-0.0033203125000000003,-0.15390625,2.385498046875,-0.0033943997896634616,-0.002734375,0.38461538461538464,0.5153846153846153,0.45384615384615384,-0.007000190147986778,0.00023463557316706724,5000
1,12,-0.2524828162560096,-1.5784412560096153,-1.3259584397536057,0.0013936926581743375,-0.0005868883914481708,-0.003799579326923077,-0.003173828125,2.6404511906550483,-0.946379864032452,-3.5868310546875,0.0007203974554260171,0.0014839854600192377,-0.002693152794471154,-0.0014160156250000002,-0.0005018028846153844,-0.0013671875,-0.0028588867187499993,-0.0009765625,-0.154296875,2.3943359375,-0.0011064265324519228,-0.001788330078125,0.4,0.5461538461538461,0.43846153846153846,-0.0050870736929086524,0.0029813866248497587,5000
1,13,-0.2567125525841346,-1.579122596153846,-1.3224100435697115,0.004545760868823983,-0.0030040165272744584,-0.008029315655048075,-0.00386962890625,2.64452871469351,-0.9465616548978366,-3.591090369591346,0.0008709064433652284,-0.0004745916069799514,0.0013843712439903847,0.000390625,-0.00042123647836538465,-0.00234375,-0.0032891376201923074,-0.0033203125000000003,-0.178125,2.391064453125,-0.009413686899038463,-0.003515625,0.4230769230769231,0.46923076923076923,0.43846153846153846,-0.019069460355318514,8.994234525239293e-05,5000
1,14,-0.2522616811899039,-1.5774293870192306,-1.325167705829327,0.0013104720206017443,-0.0016649399385577715,-0.0035784442608173084,-0.002197265625,2.6419883375901447,-0.9466640061598558,-3.58865234375,0.0007200960967091287,-0.00026455655888487067,-0.0011560058593749999,-0.001953125,-0.002508826622596154,-0.0015625,-0.002240084134615385,-0.000634765625,-0.16171875000000002,2.385595703125,-0.0024224384014423076,-0.000439453125,0.4230769230769231,0.5538461538461539,0.46923076923076923,-0.0058569688063401446,0.0009037992037259589,5000
1,15,-0.2521166053185096,-1.5765166766826924,-1.3244000713641826,0.0035961087267258646,-0.003087820510962038,-0.003433368389423077,-0.004296875,2.640760591947115,-0.9470500300480771,-3.587810621995192,0.0007514931551513138,0.001851762552742693,-0.0023837515024038463,-0.002880859375,-0.0007408728966346155,-0.00048828125,-0.0048381159855769235,-0.003515625,-0.15781250000000002,2.377490234375,-0.001049616887019231,0.0001708984375,0.4153846153846154,0.5615384615384615,0.5,-0.007112863393930288,0.004981600247896633,5000
1,16,-0.25212571364182695,-1.5771559495192307,-1.3250302358774038,0.0013812692054210086,-0.001927493067909096,-0.003442476712740385,-0.003125,2.6424713604266827,-0.9464307579627403,-3.5889021183894227,0.0007347624574067117,-1.755109153452219e-05,-0.0006729830228365385,-0.0003662109375,0.0002822641225961539,-0.0001220703125,-0.003603609525240385,-0.003125,-0.1515625,2.388720703125,-0.002769493689903846,-0.00029296875,0.4230769230769231,0.5076923076923077,0.4846153846153846,-0.006883955735426683,0.0013553372896634608,5000
1,17,-0.253890380859375,-1.5770395132211539,-1.3231491323617788,0.002025853971712575,-0.0018671021567796544,-0.005207143930288461,-0.0055908203125,2.6433198429987983,-0.9464393967848558,-3.5897592397836537,0.0007189837013508492,0.00048531409735424054,0.0001754995492788463,-0.00078125,-0.002243182842548077,-0.0024658203125000003,-0.0021224271334134618,0.0,-0.16796875,2.385693359375,-0.005382643479567308,-0.002197265625,0.34615384615384615,0.5230769230769231,0.46153846153846156,-0.009766169621394233,-0.0010857285719651447,5000
1,18,-0.2408594689002404,-1.5687462439903845,-1.327886775090144,0.008557663012427146,0.0014225859871032198,0.007823768028846155,0.0009765625,2.648294396033654,-0.9450255408653846,-3.593319936899038,0.001244805452968959,-0.0020463727667508302,0.005150052584134616,0.0011718750000000002,0.0004987980769230771,0.0005859375000000001,-0.003636568509615385,-0.004296875,-0.150390625,2.389697265625,0.0026737154447115372,-0.00302734375,0.5153846153846153,0.47692307692307695,0.46153846153846156,-0.01035316115159255,0.01619298377403845,5000
1,19,-0.25220609224759616,-1.5775225360576923,-1.3253164438100962,0.0014314483756370858,-0.0021178912126723795,-0.003522855318509615,-0.0017822265625000002,2.6427308067908655,-0.9460657677283654,-3.5887965745192307,0.0006934727677457654,-7.737394718171756e-05,-0.000413536658653846,0.00078125,-0.0007393704927884619,-0.000390625,-0.003922682542067308,-0.00390625,-0.15859374999999998,2.4015625,-0.0031093186598557684,-0.0018798828125,0.4230769230769231,0.45384615384615384,0.43846153846153846,-0.006648646428034856,0.00044172551081730774,5000
1,20,-0.26330528846153844,-1.5829657451923078,-1.3196604567307693,0.0033568955302314173,-0.0052607163276749665,-0.014622051532451925,-0.00537109375,2.6465609036959137,-0.9471331317608173,-3.5936940354567306,0.000818589434537878,0.0005561100226839381,0.0034165602463942313,-0.0001953125,0.0004436786358173076,-0.00078125,-0.003823523888221154,-0.00341796875,-0.16171875,2.388037109375,-0.018038611778846154,-0.0073486328125,0.36923076923076925,0.5,0.38461538461538464,-0.02667815692608173,-0.009935422457181499,5000
1,21,-0.2527155949519231,-1.5773475060096154,-1.3246319110576923,0.0015476342678811433,-0.0016136230157318358,-0.004032358022836539,-0.004296875,2.6392435396634615,-0.9487965745192309,-3.5880401141826925,0.0007165131990278063,0.0035175610432319183,-0.003900803786057692,-0.0037841796875,-0.001141169621394231,-0.000390625,-0.0034765625,-0.003515625,-0.1625,2.3947265625,-0.00013155423677884564,-0.0016601562500000002,0.3923076923076923,0.6230769230769231,0.47692307692307695,-0.004695392315204329,0.004485814021183894,5000
1,22,-0.25180438701923075,-1.5770725661057694,-1.3252681790865384,0.0013585357994892692,-0.0007154500539677552,-0.0031211500901442307,-0.0033203125000000003,2.6414188326322114,-0.9470952899639424,-3.5885141225961537,0.0006904863149081177,0.0006917290340257243,-0.0017255108173076922,-0.0015625,-0.0007058481069711536,0.0,-0.003949350210336538,-0.003125,-0.15078125,2.3873046875,-0.0013956392728365391,-0.0001953125,0.36153846153846153,0.5461538461538461,0.49230769230769234,-0.005044346736027644,0.0023893972543569627,5000
1,23,-0.2530587064302885,-1.5774752103365384,-1.32441650390625,0.0014404097780188418,-0.0010936678988238556,-0.004375469501201924,-0.001953125,2.6410168457031253,-0.9473729529747597,-3.5883897986778845,0.0006991790359364048,0.0023011810003192314,-0.002127497746394231,-0.0030761718750000003,-0.000403301532451923,0.0,-0.0041261643629807694,-0.0009765625,-0.16562500000000002,2.3953125,-0.002247971754807692,0.0011718750000000002,0.4153846153846154,0.5846153846153846,0.5076923076923077,-0.006484112079326923,0.0019252765362079319,5000
1,24,-0.2554647122896635,-1.5788942307692306,-1.3234295184795672,0.005325420261765756,-0.0023217281013048928,-0.006781475360576924,-0.003125,2.6426928710937503,-0.9475103290264424,-3.5902032001201927,0.0009766911444649886,0.0008213519027144746,-0.0004514723557692308,-0.0009765625,1.6526442307692223e-05,-0.00078125,-0.0028715632512019236,-0.00234375,-0.13710937499999998,2.3970703125000004,-0.006330003004807692,-0.0013671875,0.43846153846153846,0.5076923076923077,0.4846153846153846,-0.015448331392728365,0.002922898512620187,5000
1,25,-0.24658024714543267,-1.5737590144230769,-1.327178767277644,0.0017035761447711415,0.00015601431071043584,0.0021029897836538462,0.0025390624999999997,2.6425328650841347,-0.946238544170673,-3.5887714092548078,0.0007416146137001086,0.000637697041464752,-0.0006114783653846152,0.00078125,-0.0009759051983173075,-0.001025390625,-0.0031630295973557694,0.000146484375,-0.15,2.3948974609375,0.002714468149038462,0.001611328125,0.5538461538461539,0.4846153846153846,0.5461538461538461,-0.001995328463040865,0.007192486102764422,5000
1,26,-0.25076256385216344,-1.5752599158653846,-1.324497352013221,0.006546828048214071,-0.0032306266094743554,-0.0020793269230769233,-0.00166015625,2.642550048828125,-0.9459806002103366,-3.588530649038461,0.0009703916751831948,0.0004650361786522455,-0.0005942946213942304,-0.0015625,-0.001449913611778846,0.0,-0.002593806340144231,-0.002734375,-0.17734375000000002,2.387255859375,-0.0014850323016826928,-0.0023681640625,0.45384615384615384,0.5153846153846153,0.4461538461538462,-0.014165367713341346,0.011400982196514423,5000
1,27,-0.25340979942908654,-1.576776592548077,-1.3233667931189905,0.0018081145915927624,-0.0027329912038989946,-0.004726562500000001,-0.004589843749999999,2.6418320875901444,-0.9476852651742789,-3.589517352764423,0.0007570800718573458,0.00031220958691799547,-0.001312255859375,-0.0015625,-0.0019030761718749998,-0.00078125,-0.004865253155048077,-0.0021728515625,-0.15625,2.389208984375,-0.003414306640625,-0.003125,0.36153846153846153,0.5538461538461539,0.4230769230769231,-0.007902681790865384,0.0012211632361778827,5000
1,28,-0.25952364408052886,-1.5816165865384615,-1.3220929424579329,0.0037231474837785042,-0.003725589502492774,-0.010840407151442308,-0.00419921875,2.6432465069110576,-0.945978252704327,-3.589224759615385,0.0007896972194791727,-0.0005473997187941328,0.00010216346153846149,-0.0012939453125,-0.0012791090745192311,-0.0015625,-0.003623798076923077,-0.0015625,-0.150390625,2.3908203125,-0.010942570612980769,-0.006103515625,0.38461538461538464,0.5307692307692308,0.43846153846153846,-0.01841217041015625,-0.003947721041165868,5000
1,29,-0.25137113131009614,-1.5763874699519231,-1.3250163386418268,0.001342552489699088,-0.001193867609844397,-0.0026878943810096155,-0.003173828125,2.6412197641225963,-0.946158916766827,-3.5873786808894232,0.0007738885804791957,0.0013893579670656033,-0.0019245793269230768,-0.0022216796875,-0.0011265211838942311,-0.002001953125,-0.0027830153245192303,-0.0020263671875,-0.15625,2.40576171875,-0.0007633150540865385,-0.000390625,0.38461538461538464,0.5538461538461539,0.49230769230769234,-0.004377352201021634,0.0029329035832331724,5000
1,30,-0.24918363131009613,-1.5729296875,-1.323746056189904,0.0031414574121437656,-0.0009134444455707163,-0.0005003943810096148,0.000341796875,2.643457500751202,-0.9458994704026442,-3.5893569711538467,0.0008457301871454001,-0.00017571011324766882,0.00031315730168269195,0.000341796875,-0.0006211500901442308,0.0,-0.0035690542367788456,-0.001953125,-0.147265625,2.401123046875,-0.0008135516826923078,0.0005859375000000001,0.5076923076923077,0.49230769230769234,0.5076923076923077,-0.007850351186899036,0.006297741229717549,5000
1,31,-0.24626126802884618,-1.5746844951923078,-1.3284232271634617,0.002436719632709805,0.0016415365154415047,0.002421968900240385,0.000390625,2.643572246844952,-0.9460228553185096,-3.589595102163462,0.0007589921829363526,-0.0005928989361518244,0.00042790339543269244,0.00078125,-0.0012750713641826927,-0.0015625,-0.0033274489182692304,-0.001953125,-0.15546875,2.378369140625,0.001994065504807692,0.0007080078125,0.5,0.45384615384615384,0.5076923076923077,-0.00434314199594351,0.008515061598557692,5000
2,0,-0.25358633188100965,-1.5777959735576923,-1.3242096416766826,0.0014765801156234929,-0.001141308332919593,-0.004903094951923077,-0.0037109375,2.6432481032151443,-0.9466245680588943,-3.5898726712740383,0.0007617802051622734,-0.0008243564387267954,0.00010375976562499978,-0.000244140625,-0.0012073692908653845,0.0,-0.0030889423076923073,-0.0015625,-0.15703125,2.389208984375,-0.005006854717548077,-0.0015625,0.3769230769230769,0.5,0.4461538461538462,-0.008581848144531253,-0.0015526874248798109,5000
2,1,-0.2521111591045673,-1.576015625,-1.3239044658954324,0.0012977275169595314,-0.0013956473306055847,-0.0034279221754807687,-0.0009765625,2.6413297213040865,-0.9479179499699519,-3.5892476712740384,0.0007556430576239156,-0.000504998670061152,-0.0018146221454326927,-0.0015625,-0.0011037034254807693,-0.001953125,-0.004283822866586538,-0.002734375,-0.159375,2.3947509765625004,-0.0016133000300480773,-0.0007568359375,0.4307692307692308,0.5384615384615384,0.46923076923076923,-0.0055797447791466346,0.0026308147723858076,5000
2,2,-0.23997323843149032,-1.5744260817307691,-1.3344528432992788,0.010031028859867747,0.0008629418675819569,0.008709998497596152,-0.002764892578125,2.6425920222355765,-0.9471277794471153,-3.5897198016826923,0.0009144827308632424,0.0009390529566306997,-0.0005523212139423076,-0.0015625,-0.00010591947115384611,-0.000927734375,-0.0034344951923076924,-0.00390625,-0.169921875,2.3825439453125,0.009262319711538462,0.003125,0.4461538461538462,0.5307692307692308,0.5153846153846153,-0.00714227060171274,0.029898296649639423,5000
2,3,-0.25309654822716343,-1.578311298076923,-1.3252147498497595,0.001438922748814705,-0.001747107173083663,-0.004413311298076923,-0.0028320312500000003,2.640857215294471,-0.9473023399939905,-3.5881595552884615,0.0007455628814250898,0.00025227428622676964,-0.002287128155048077,-0.0015625,-0.001111872746394231,-0.0015625,-0.003268479567307692,-0.0015625,-0.15078124999999998,2.390478515625,-0.002126183143028846,-0.00234375,0.38461538461538464,0.5307692307692308,0.4307692307692308,-0.005535076434795675,0.0014691490760216318,5000
2,4,-0.2531550480769231,-1.5773054387019227,-1.324150390625,0.0015369307947650174,-0.00035510773858009136,-0.004471811147836538,-0.0057861328125,2.6416742412860574,-0.9471016751802885,-3.588775916466346,0.0007564891200240167,0.00010645055384464422,-0.0014701021634615384,-0.00234375,-0.0015789325420673076,-0.0015625,-0.0038933856670673077,-0.00234375,-0.16171875,2.38837890625,-0.0030017089843750004,-0.0033203125000000003,0.3923076923076923,0.5538461538461539,0.43846153846153846,-0.007213975172776443,0.0011810913085937495,5000
2,5,-0.25215576171875,-1.5779589843750002,-1.32580322265625,0.0030279341618221767,-0.00248740185109746,-0.003472524789663463,-0.00068359375,2.6431015249399037,-0.9460101787860576,-3.589111703725961,0.0007115110264073514,-0.00042406871903088376,-4.2818509615384854e-05,0.0001953125,-0.00026996319110576936,0.0005859375000000001,-0.004979717548076924,-0.0017578125,-0.14765625,2.3982421875,-0.0034297062800480753,-0.00234375,0.47692307692307695,0.4846153846153846,0.43846153846153846,-0.010213510366586536,0.0030303626427283653,5000
2,6,-0.25238760141225963,-1.5775518329326923,-1.3251642315204326,0.001508191232996529,-0.000727193070716964,-0.0037043644831730774,-0.002734375,2.643700984074519,-0.9465221228966346,-3.590223106971154,0.0007691139407903828,0.0007463038991192724,0.0005566406250000001,0.0015625,0.0010745943509615386,0.0010009765625,-0.0036750676081730767,-0.00224609375,-0.1515625,2.3844970703125,-0.004261005108173077,-0.005859375,0.38461538461538464,0.46923076923076923,0.36923076923076925,-0.008005173903245191,-0.00035283015324519404,5000
2,7,-0.24927433894230772,-1.5745808293269232,-1.3253064903846152,0.002104384060380391,-0.0013873471183799113,-0.0005911020132211535,-0.001287841796875,2.640937312199519,-0.947134728064904,-3.588072040264423,0.0007282542516625062,0.00043025737341257535,-0.0022070312500000002,-0.0017578125,-0.0013907564603365384,-0.0025634765625,-0.004663837139423076,-0.00234375,-0.19921875,2.39189453125,0.0016159292367788462,0.001123046875,0.46153846153846156,0.5538461538461539,0.5153846153846153,-0.003939711350661058,0.007355626032902643,5000
2,8,-0.24818162184495193,-1.5713979867788461,-1.3232163649338942,0.0043954679545184375,0.00022206184415011435,0.0005016150841346153,-0.00380859375,2.6441632549579324,-0.9464677546574519,-3.590631009615385,0.000956568355626712,-0.00024276585968394253,0.0010189115084134619,0.00078125,-0.0009498009314903842,-0.0012939453125,-0.005412691556490384,-0.00234375,-0.16796875,2.3963867187499996,-0.0005172964242788462,-0.0036865234375,0.45384615384615384,0.4461538461538462,0.47692307692307695,-0.009335083007812498,0.008846461369441103,5000
2,9,-0.25086425781250005,-1.5756242487980772,-1.3247599909855767,0.0014990975400334095,-0.00018219950124475498,-0.0021810208834134614,-0.001953125,2.6414952674278847,-0.9467206280048078,-3.5882158954326924,0.0007065503854153912,0.00044024106587553524,-0.0016490760216346155,-0.0024658203125,-0.0003370079627403848,-0.00078125,-0.0034053861177884615,-0.0011718750000000002,-0.1515625,2.3929687499999996,-0.0005319448617788457,-0.00087890625,0.4230769230769231,0.5692307692307692,0.45384615384615384,-0.004593721829927884,0.0035172259990985544,5000
2,10,-0.2538441819411058,-1.5784592848557693,-1.3246151029146636,0.001384665366202248,-0.0012648189290159753,-0.00516094501201923,-0.003125,2.642571927584134,-0.9466524564302885,-3.5892243840144236,0.0007353262880067623,0.0005025401719056822,-0.0005724158653846156,-0.0015625,-0.0011735652043269231,-0.00234375,-0.00439208984375,-0.0017578125,-0.151953125,2.3853515625,-0.004588529146634616,-0.003076171875,0.4076923076923077,0.5615384615384615,0.4153846153846154,-0.008102956918569711,-0.0012637423001802906,5000
2,11,-0.25189246544471156,-1.5769403545673075,-1.325047889122596,0.001386224598558846,-0.001082292806418361,-0.003209228515625,-0.0009033203125,2.6428411395733176,-0.9466273850661057,-3.589468524639423,0.0006939201039439732,-0.0002908913315604801,-0.00030320387620192313,-0.000244140625,-0.0011453012319711537,0.0,-0.004580453725961538,-0.00234375,-0.16171875,2.397998046875,-0.002906024639423077,-0.0023437500000000003,0.4461538461538462,0.5076923076923077,0.46923076923076923,-0.006072127122145433,0.00024982628455528724,5000
2,12,-0.2529386080228365,-1.5779064002403849,-1.3249677922175482,0.0012438242600855943,-0.0008765322249851747,-0.00425537109375,-0.0033203125000000003,2.6414043719951925,-0.9475390625,-3.5889434344951923,0.00075793647072821,0.0011294682564672736,-0.0017399714543269232,-0.00081787109375,-0.0011756310096153846,-0.000830078125,-0.004208420973557692,-0.00234375,-0.1546875,2.3953125,-0.0025153996394230763,-0.00087890625,0.3769230769230769,0.5153846153846153,0.46923076923076923,-0.005849055363581731,0.0008347449669471128,5000
2,13,-0.25301804762620195,-1.5776825420673077,-1.3246644944411057,0.0014164639574727757,-0.002191356021961047,-0.004334810697115385,-0.0033203125000000003,2.6433429424579327,-0.946732928936298,-3.590075871394231,0.0007225878332618119,0.00012234035648474615,0.00019859900841346143,0.0015625,-0.0003771972656249996,-0.0015625,-0.004372182992788462,-0.00224609375,-0.153125,2.3896484375,-0.004533409705528846,-0.00244140625,0.35384615384615387,0.47692307692307695,0.4076923076923077,-0.00802398681640625,-0.0009898118239182747,5000
2,14,-0.2534415377103365,-1.5781475360576922,-1.3247059983473561,0.001409391797032521,-0.0007617290633225076,-0.00475830078125,-0.002783203125,2.6426075157752402,-0.9463580791766827,-3.5889655949519232,0.0007701310569750925,-7.97229563137326e-05,-0.0005368276742788461,0.0,-0.0011135629507211535,-0.0001708984375,-0.00421978290264423,-0.0046875,-0.159375,2.4032226562499996,-0.004221473106971154,-0.00067138671875,0.38461538461538464,0.4846153846153846,0.49230769230769234,-0.007969545804537258,-0.0005703007624699548,5000
2,15,-0.25172090970552885,-1.5769583834134617,-1.3252374737079327,0.001381783076218456,-0.0018364473648960536,-0.003037672776442308,-0.00157470703125,2.6420050518329328,-0.9464621206430289,-3.5884671724759616,0.0007258665231006256,-0.0003294223268333054,-0.0011392916165865387,-0.0015625,-0.0005511944110576919,-0.0015625,-0.004113018329326924,-0.0030456542968750003,-0.159375,2.3947509765625004,-0.001898381159855769,-0.0017578125,0.4076923076923077,0.5461538461538461,0.46923076923076923,-0.005528679480919471,0.0018332942082331704,5000
2,16,-0.2528848970853365,-1.5773677884615385,-1.3244828913762017,0.001796546470896077,-0.0008461042894492819,-0.00420166015625,-0.00146484375,2.6421871243990385,-0.946531700721154,-3.5887188251201922,0.0007917717458868058,-0.0001427357815842509,-0.0009572190504807691,-0.0015625,-0.0009952486478365381,-0.0013671875,-0.0039131986177884616,-0.003125,-0.17109375,2.390087890625,-0.003244441105769231,0.000341796875,0.43846153846153846,0.5153846153846153,0.5,-0.007926532451923075,0.0012823721078725947,5000
2,17,-0.2517045710637019,-1.5763596754807692,-1.3246551044170674,0.002199107728652913,-0.0004205131423261228,-0.003021334134615385,-0.00419921875,2.642370042067308,-0.9461868990384615,-3.588556941105769,0.000794581616470582,-0.00024701518368566646,-0.0007743013822115385,-0.0015625,-0.002261681189903846,-0.0009765625,-0.0033729905348557697,-0.0025390625,-0.190625,2.39892578125,-0.002247032752403847,-0.001953125,0.4461538461538462,0.5615384615384615,0.4846153846153846,-0.007122812124399035,0.0026188917893629807,5000
2,18,-0.2522980205829327,-1.5782023737980768,-1.3259043532151442,0.0012719700905277319,-0.0015457891852633445,-0.0036147836538461533,-0.0030761718750000003,2.6418006310096156,-0.9468873948317308,-3.5886880258413463,0.0007184357848817678,0.0008178745117247989,-0.0013437124399038462,-0.001953125,-0.001349158653846154,-0.00234375,-0.004573786808894231,-0.002197265625,-0.1515625,2.404736328125,-0.0022710712139423083,-0.001513671875,0.3769230769230769,0.5846153846153846,0.46153846153846156,-0.005863166222205529,0.001393226036658653,5000
2,19,-0.25586698091947113,-1.579645432692308,-1.3237784517728366,0.0019388992839644741,-0.0023689023100799678,-0.007183743990384615,-0.0046875,2.6429844313401443,-0.9461982609675481,-3.589182692307692,0.000768977988119671,-0.0005952889841884953,-0.00015991210937499974,0.0,5.333533653846155e-05,0.0005126953125,-0.004143254206730769,-0.0005432128906249999,-0.15234375,2.397509765625,-0.007023831881009615,-0.004199218750000001,0.34615384615384615,0.47692307692307695,0.43846153846153846,-0.011696448692908656,-0.002357931283804089,5000
2,20,-0.2537195763221154,-1.5775450721153845,-1.3238254957932694,0.0012837004112672271,-0.0022213490470552066,-0.005036339393028846,-0.00341796875,2.641285682091346,-0.9473970853365384,-3.5886827674278847,0.0007422490599056624,-5.875021524791462e-06,-0.001858661358173077,-0.00078125,-0.0010213529146634618,-0.0017578125,-0.0047190504807692315,-0.0029296875,-0.15859375,2.383056640625,-0.0031776780348557686,-0.00146484375,0.3769230769230769,0.5153846153846153,0.46923076923076923,-0.006340064415564904,-8.181058443510768e-06,5000
2,21,-0.25225341796875,-1.577410606971154,-1.3251571890024039,0.0012308640206474466,-0.0008218372777812157,-0.0035701810396634617,-0.002734375,2.6425850736177887,-0.9465656926081731,-3.5891507662259614,0.0007441915847112638,-0.001258307781069025,-0.0005592698317307689,-0.0009765625,-0.0016378079927884613,-0.0009765625,-0.003991229717548077,-0.003125,-0.1515625,2.3896484375,-0.003010911207932692,-0.001953125,0.4153846153846154,0.5153846153846153,0.46923076923076923,-0.006438100961538461,0.000487088716947115,5000
2,22,-0.2525902381310096,-1.5780160757211539,-1.3254258375901442,0.00132939072395271,-0.001033107571789325,-0.003907001201923077,-0.0029541015625000003,2.641923828125,-0.9472100360576923,-3.5891338641826924,0.0007550426026105719,0.00029806553264846746,-0.0012205153245192313,-0.000390625,-0.0022987717848557696,-0.0015625,-0.003143873948317308,-0.000732421875,-0.15781250000000002,2.3943359375,-0.002686485877403846,-0.0011718750000000002,0.3923076923076923,0.5076923076923077,0.46153846153846156,-0.006499558668870192,0.0011285024789663462,5000
2,23,-0.2523585862379807,-1.577312950721154,-1.324954364483173,0.0012987278262457432,-0.0015305628112576928,-0.00367534930889423,-0.004217529296875,2.6425909893329322,-0.9467926494891826,-3.5893836388221154,0.0007334378335591909,-0.00017557519625220437,-0.0005533541165865382,-0.0011718750000000002,-0.00014798677884615404,-0.00078125,-0.004233961838942308,-0.0015625,-0.15078124999999998,2.389111328125,-0.0031219951923076917,-0.003125,0.4230769230769231,0.5076923076923077,0.4076923076923077,-0.006427858792818509,0.00017160738431490314,5000
2,24,-0.25143611027644225,-1.576288311298077,-1.3248522010216348,0.0013550772520196206,-0.00025635730964261474,-0.002752873347355769,-0.0016357421875,2.643038142277644,-0.9466446627103365,-3.589682804987981,0.0007327180886802667,1.856385599162445e-05,-0.00010620117187499992,0.0,0.0008452899639423075,8.544921875e-05,-0.003918363131009615,-0.0017578125,-0.146875,2.386865234375,-0.0026466721754807698,-0.002734375,0.4076923076923077,0.4846153846153846,0.4230769230769231,-0.006143089881310096,0.0008511540339543272,5000
2,25,-0.25198101337139417,-1.577158954326923,-1.3251779409555289,0.0012930207712565926,-0.0009503064650690641,-0.0032977764423076923,-0.0015625,2.6435077373798075,-0.9468915264423076,-3.590399263822116,0.0007739255173822407,-0.0018145929314263406,0.0003633939302884615,0.0009277343750000001,-0.0004388897235576924,0.0,-0.004895489032451923,-0.002490234375,-0.1515625,2.3869140625,-0.0036611703725961536,-0.0012939453125000002,0.4461538461538462,0.4461538461538462,0.4153846153846154,-0.007282484788161058,-3.9536696213946685e-05,5000
2,26,-0.2520356633112981,-1.5770237379807694,-1.324988074669471,0.0013393271888728284,-0.0007535853760450598,-0.0033524263822115384,-0.00234375,2.6441128305288455,-0.9461087740384616,-3.5902216045673074,0.0007281174715005372,-0.00139502926509204,0.0009684870793269229,0.0015625,-0.0022998046875000004,-0.0021484375,-0.002392578125,-0.001605224609375,-0.15703125,2.396435546875,-0.004320913461538462,-0.00234375,0.4,0.4307692307692308,0.4153846153846154,-0.007375563401442308,-0.0013553278996394232,5000
2,27,-0.2524266639122596,-1.5779987980769232,-1.3255721341646638,0.0014146249334962796,-0.0017257635992866253,-0.0037434269831730775,-0.002734375,2.6412841796875,-0.9469403545673077,-3.5882245342548083,0.0007686405077659529,-9.98407364962035e-05,-0.0018601637620192304,-0.001171875,-0.0005216158353365388,-0.0015625,-0.0037899076021634614,-0.0015625,-0.155078125,2.388916015625,-0.001883263221153846,-0.0001953125,0.4076923076923077,0.5307692307692308,0.49230769230769234,-0.005663665771484375,0.0019951218825120056,5000
2,28,-0.25234149639423076,-1.577294170673077,-1.3249526742788462,0.0012485122810880038,-0.0004052397259438771,-0.003658259465144231,-0.003125,2.642677283653846,-0.9469069260817308,-3.589584209735577,0.0007358946920298793,-3.6703756463737486e-05,-0.0004670597956730769,0.0,-8.32895132211541e-05,-0.00078125,-0.004701491135817307,-0.004296875,-0.16015625,2.383984375,-0.003191199669471154,-0.001318359375,0.36923076923076925,0.47692307692307695,0.46923076923076923,-0.006930133526141825,0.0004710129957932688,5000
2,29,-0.2523577411358173,-1.5785081129807692,-1.326150371844952,0.0013797073123795916,-0.0011586344856577486,-0.003674504206730769,-0.002734375,2.643188758263221,-0.9469306828425481,-3.590119441105769,0.000772129736482819,-0.00029938047906394587,4.4414813701922925e-05,0.001611328125,-0.00047475961538461544,-0.00068359375,-0.003914794921875,-0.0027832031249999997,-0.15078124999999998,2.398583984375,-0.003718919020432692,-0.0019775390625,0.36923076923076925,0.4230769230769231,0.43846153846153846,-0.007435927170973556,-4.011418269230926e-05,5000
2,30,-0.2542450420673077,-1.5784390024038462,-1.3241939603365385,0.0013830257908431743,-0.0015463366142566633,-0.0055618051382211545,-0.00361328125,2.641966928335336,-0.9470181978665866,-3.5889851262019232,0.0007932250429828927,-0.0002605426816857246,-0.0011774151141826926,0.0,-0.0010866135817307688,0.0,-0.003418250450721153,0.0,-0.150390625,2.4004882812500004,-0.004384390024038462,-0.003125,0.38461538461538464,0.49230769230769234,0.3923076923076923,-0.007990135779747597,-0.0007382789024939967,5000
2,31,-0.25209472656250004,-1.576171875,-1.3240771484375,0.0014355747389614773,-0.001956468847951227,-0.0034114896334134616,-0.0015625,2.6420800781250007,-0.9477647986778847,-3.5898448768028848,0.0007074989612755737,-0.0005525373009401911,-0.0010642653245192312,-0.00078125,-0.001244929387019231,-0.0015625,-0.003418438251201923,-0.00234375,-0.1640625,2.38935546875,-0.0023472243088942307,-0.0011718750000000002,0.3923076923076923,0.5153846153846153,0.43846153846153846,-0.0063193359375,0.0018318387545072097,5000
3,0,-0.25271287184495195,-1.5767067307692308,-1.3239938589242788,0.0012140680292321623,-0.0017135173658286908,-0.004029634915865384,-0.002734375,2.6420628943810094,-0.9467257925180288,-3.5887886868990386,0.0007185177557237648,0.00023228636624884566,-0.0010814490685096153,-0.000439453125,-0.0009109262319711539,0.0,-0.0043376277043269225,-0.00234375,-0.1609375,2.39150390625,-0.002948185847355769,-0.0015625,0.3769230769230769,0.5153846153846153,0.4230769230769231,-0.006518655630258413,0.0008797560471754742,5000
3,1,-0.25334838867187504,-1.5769208233173078,-1.3235724346454327,0.0013764487286346623,-0.0014040950900647228,-0.004665151742788462,-0.00283203125,2.6439393028846156,-0.9464937650240385,-3.590433067908654,0.0007430575763417828,-0.0005857597013093715,0.0007949594350961538,0.001513671875,-0.0006604942908653848,-0.00078125,-0.0046885329026442315,-0.0025390624999999997,-0.14687499999999998,2.39228515625,-0.005460111177884616,-0.0046875,0.4,0.46153846153846156,0.43846153846153846,-0.009443558913010816,-0.0014883845402644238,5000
3,2,-0.25270057091346154,-1.5778012319711539,-1.3251006610576925,0.0013122862544069555,-0.0008716943899529109,-0.004017333984375001,-0.002734375,2.6426230093149035,-0.9454629281850961,-3.5880859375,0.0007578978519029773,0.0008533237683515125,-0.0005213341346153845,-0.0005859375000000001,-0.0010152493990384615,-7.32421875e-05,-0.0056808706430288465,-0.0052734375,-0.144140625,2.3943359375,-0.0034959998497596147,-0.0015625,0.4461538461538462,0.5153846153846153,0.4461538461538462,-0.007152996356670674,0.00013038283128004663,5000
3,3,-0.2531290377103365,-1.577413611778846,-1.3242845740685096,0.0012991687377793342,-0.0012910178078520244,-0.00444580078125,-0.002783203125,2.6418190354567312,-0.9470143479567308,-3.5888333834134616,0.0007306494750209395,-0.0005012788008003229,-0.0013253079927884614,-0.000537109375,-0.00031644381009615375,0.0,-0.004360445462740385,-0.0025390624999999997,-0.15390625000000002,2.3996337890625004,-0.0031204927884615386,-0.002862548828125,0.3769230769230769,0.5076923076923077,0.4230769230769231,-0.0066832204965444715,0.00035130192683292827,5000
3,4,-0.2540562086838942,-1.5717442908653847,-1.3176880821814903,0.00792578763760429,-0.004650288451992349,-0.005372971754807693,-0.00302734375,2.644276029146635,-0.9467279522235577,-3.5910039813701924,0.0011556300639151828,-0.0007942973658955892,0.001131685697115384,0.00078125,-5.0424429086538345e-05,0.001123046875,-0.004024282602163461,-0.0021484375,-0.17578125,2.38994140625,-0.00650465745192308,-0.005322265624999999,0.43846153846153846,0.46153846153846156,0.4461538461538462,-0.020901564378004802,0.008386526254507198,5000
3,5,-0.2564773324819712,-1.5793599759615384,-1.3228826434795673,0.0016221321426334052,-0.0029212130451912316,-0.007794095552884617,-0.005810546875,2.6420375413161055,-0.946754901592548,-3.588792442908654,0.000831000604767787,0.0005174759559287235,-0.0011068021334134613,-4.8828125e-05,-0.0004399226262019232,-0.000390625,-0.003869910606971154,-0.002880859375,-0.15703125,2.40107421875,-0.006687293419471154,-0.00595703125,0.3384615384615385,0.5,0.4076923076923077,-0.010692063551682692,-0.002610252967247597,5000
3,6,-0.2515938626802885,-1.577099609375,-1.3255057466947116,0.0015207845733273132,-0.0014435128974165327,-0.0029106257512019227,-0.000244140625,2.643335712139423,-0.9463912259615385,-3.589726938100961,0.0007670160017283441,-0.0010115041926328915,0.0001913686899038462,0.0,-0.0008082932692307697,-0.0015625,-0.0034935584435096152,-0.0015625,-0.14375,2.390185546875,-0.0031019944411057694,-0.00078125,0.46923076923076923,0.49230769230769234,0.4461538461538462,-0.007074648343599761,0.0007878605769230736,5000
3,7,-0.24196927584134617,-1.5721551983173077,-1.3301859224759613,0.008697872083627134,0.0023547196674833233,0.006713961087740385,0.00078125,2.6422445913461536,-0.9468400691105769,-3.589084660456731,0.0010974179117533523,-0.00030048301255369034,-0.0008997521033653847,0.0017578125,-0.0008378718449519233,-0.00087890625,-0.005035400390625,-0.003125,-0.16015625,2.402197265625,0.00761371319110577,0.0008544921875,0.5230769230769231,0.4461538461538462,0.5076923076923077,-0.005543062650240386,0.021869034987229554,5000
3,8,-0.2524795297475962,-1.5776299579326927,-1.3251504281850963,0.001328661905812196,-0.0016060940740660026,-0.0037962928185096153,-0.0015625,2.641822321965144,-0.9470775428185096,-3.5888998647836536,0.0007607515620539584,0.001697061227327708,-0.001322021484375,-0.0015625,-0.0006555175781249997,-0.000146484375,-0.002308819110576923,-0.001708984375,-0.15390625000000002,2.389697265625,-0.0024742713341346155,0.0001220703125,0.4153846153846154,0.5461538461538461,0.5,-0.0059092759352463945,0.0009737713153545669,5000
3,9,-0.25447265625,-1.5768021334134612,-1.3223294771634615,0.00144196199113356,-0.0013215212042085591,-0.005789419320913461,-0.0029296875,2.6423375525841344,-0.9467933067908654,-3.589130859375,0.0007811206282151785,-0.0007376106716744619,-0.0008067908653846158,-0.00078125,-0.0015163010817307691,-0.0001953125,-0.0025255408653846157,-0.00078125,-0.15078124999999998,2.3936279296875,-0.004982628455528847,-0.0015625,0.4,0.5307692307692308,0.4461538461538462,-0.008502619816706731,-0.0013436326246995204,5000
3,10,-0.2523994328425481,-1.5760494290865383,-1.3236499962439905,0.0015406266266069352,-0.0016336293489945944,-0.003716195913461538,-0.00302734375,2.6425545560396637,-0.9461819223257211,-3.588736478365385,0.0007749635051233005,-0.0010138312595993164,-0.0005897874098557693,0.0,-0.00033597506009615404,0.0,-0.004440166766826924,-0.0009765625,-0.15078125,2.400830078125,-0.0031264085036057693,-0.002587890625,0.3769230769230769,0.49230769230769234,0.46153846153846156,-0.0067272737943209135,0.00035767540564903585,5000
3,11,-0.25552565354567314,-1.5784014423076926,-1.3228757887620193,0.0041097244148750964,-0.0016122887362189373,-0.006842416616586539,-0.0046875,2.643594501201923,-0.9456719501201923,-3.5892664513221155,0.0007777454446226843,-0.00047186341014582913,0.000450157752403846,0.001123046875,-0.0026170935997596153,-0.0015625,-0.003410926231971154,-0.0029052734375,-0.18671875,2.394482421875,-0.007292574368990386,-0.004687500000000001,0.4153846153846154,0.4230769230769231,0.43846153846153846,-0.013692025991586535,-0.0014970656174879823,5000
3,12,-0.2551231971153846,-1.5775435697115383,-1.3224203725961536,0.0017769496869899397,-0.003247795926961354,-0.0064399601862980774,-0.004248046875,2.6416442871093744,-0.9471241173377404,-3.5887684044471153,0.0007566689936114639,0.0009086712011083115,-0.0015000563401442308,-0.00103759765625,-0.0016180889423076925,-0.00078125,-0.004630220853365384,-0.0029052734375,-0.159375,2.4005126953125,-0.0049399038461538465,-0.0015625,0.4076923076923077,0.5461538461538461,0.43846153846153846,-0.009211254413311299,-0.0008925663874699521,5000
3,13,-0.2563946063701923,-1.5793517127403844,-1.3229571063701921,0.0021742313920650735,-0.002278168148266361,-0.007711369441105768,-0.0044921875,2.6432667893629804,-0.9462407977764424,-3.589507587139423,0.000753840827675789,5.979125270324109e-06,0.00012244591346153872,0.0,-0.001742225060096154,-0.0015625,-0.004814547025240385,-0.0035888671875,-0.15078125,2.39794921875,-0.007833815354567309,-0.003125,0.38461538461538464,0.49230769230769234,0.43846153846153846,-0.01311419208233173,-0.002829751821664663,5000
3,14,-0.2447672213040865,-1.572567608173077,-1.3278003868689905,0.004250787434914391,0.0017282930797859637,0.003916015624999999,-0.001953125,2.644159311147837,-0.946286151592548,-3.5904454627403846,0.0009654586943012342,-0.0015830110753056513,0.0010149676983173077,0.000390625,-0.001241267277644231,-0.0015625,-0.00525738055889423,-0.0019042968750000002,-0.15390625,2.408154296875,0.002901047926682692,-0.00205078125,0.4461538461538462,0.46923076923076923,0.46153846153846156,-0.005957465538611778,0.012261624849759612,5000
3,15,-0.25847430889423073,-1.5798602764423078,-1.321385967548077,0.003200186727707523,-0.004421519848625329,-0.009791071965144232,-0.00751953125,2.6446206430288464,-0.9461910306490384,-3.5908116736778846,0.0008718518090128751,-0.0005611528203494331,0.0014762995793269225,3.662109375e-05,-0.0007503568209134614,-0.0009521484375,-0.005260948768028847,-0.003271484375,-0.153125,2.3839355468749996,-0.011267371544471156,-0.0075927734375,0.35384615384615387,0.49230769230769234,0.36153846153846153,-0.018811422494741586,-0.0037392132098858226,5000
3,16,-0.2543873948317308,-1.5787484975961539,-1.3243611027644229,0.0013913272971351938,-0.0015568684405338471,-0.00570415790264423,-0.0029296875,2.64261483999399,-0.9465220289963944,-3.589136868990385,0.0007650659421935218,0.00022149910821444083,-0.0005295034555288463,-0.00078125,-0.0009408804086538463,-0.0001953125,-0.003482290414663462,-0.00189208984375,-0.15546875,2.388427734375,-0.0051746544471153845,-0.0037109375,0.35384615384615387,0.5153846153846153,0.3923076923076923,-0.00899486130934495,-0.001278252234825721,5000
3,17,-0.2529757925180289,-1.5773046874999999,-1.324328894981971,0.0016751265177939604,-0.0013293446328917766,-0.004292555588942307,-0.0014160156250000002,2.642169471153846,-0.9462270883413462,-3.5883965594951923,0.0007351654320236181,-0.0005271580990508116,-0.0009748722956730767,-0.0015625,-0.002104116586538461,-0.000390625,-0.004931922325721154,-0.003515625,-0.1515625,2.38740234375,-0.0033176832932692306,0.0001953125,0.43846153846153846,0.5461538461538461,0.5,-0.00757983867938702,0.0007027353140024014,5000
3,18,-0.2531299767127404,-1.5778485576923078,-1.3247185809795674,0.0016634956409829129,-0.0006968644568902816,-0.004446739783653847,-0.003125,2.6428603891225957,-0.9469281475360578,-3.589788536658654,0.0007386533442579464,0.0011832527715040962,-0.00028395432692307666,0.000390625,-0.0005865948016826925,-0.0015625,-0.004702711838942307,-0.0044921875,-0.16875,2.402734375,-0.004162785456730769,-0.0044921875,0.4153846153846154,0.49230769230769234,0.4076923076923077,-0.00802330369215745,-0.00013360595703125345,5000
3,19,-0.25234008789062495,-1.5771514423076924,-1.3248113544170674,0.0014566415160897645,-0.001535617789806672,-0.0036568509615384614,-0.004296875,2.6426425405649034,-0.9469777268629808,-3.5896202674278848,0.0007108580978810577,-0.0005779705427735101,-0.0005018028846153845,0.0,-0.0019764122596153846,-0.0017333984375,-0.004622802734375,-0.0014160156250000002,-0.15,2.40380859375,-0.003155048076923077,-0.0044921875,0.3923076923076923,0.4846153846153846,0.4153846153846154,-0.006955040564903847,0.00078518676757812,5000
3,20,-0.25344707782451925,-1.577814002403846,-1.324366924579327,0.0014035422268277515,-0.0013966363366786146,-0.004763840895432692,-0.00234375,2.641864013671875,-0.9466880446213941,-3.5885520582932693,0.0007973781426567737,0.00051686470361669,-0.001280329777644231,-0.0015625,-0.002423659104567308,-0.00302734375,-0.004961782602163462,-0.003515625,-0.15546875,2.400439453125,-0.003483511117788461,-0.0001708984375,0.4153846153846154,0.5461538461538461,0.49230769230769234,-0.007139636699969952,0.00012761746920072112,5000
3,21,-0.2532500751201923,-1.5780401141826923,-1.3247900390624998,0.002113650928077334,-0.0023625446169420992,-0.004566838191105769,-0.0029296875,2.6420520958533653,-0.946486065204327,-3.588538161057692,0.0007238421541261975,0.0010025473347792808,-0.001092247596153846,-0.0009765625,-0.0017516150841346148,-0.001611328125,-0.0036353478064903846,-0.0038330078125,-0.15781250000000002,2.39111328125,-0.0034745905949519233,-0.00390625,0.4153846153846154,0.5153846153846153,0.4153846153846154,-0.0074585688664362965,0.0005212425818810097,5000
3,22,-0.25530348557692306,-1.5787605168269232,-1.3234570312499998,0.0022448672872441306,-0.0029310777813179225,-0.0066202486478365375,-0.00537109375,2.642307974008413,-0.9462974196213942,-3.5886053936298077,0.0008057244505068809,0.0005093242588778623,-0.0008363694411057693,-0.00078125,-0.00020028921274038456,-0.00078125,-0.003956862229567307,-0.003125,-0.15859375,2.3836425781250004,-0.005783879206730769,-0.0038330078125,0.3384615384615385,0.5153846153846153,0.4153846153846154,-0.010434586745042067,-0.0010809983473557764,5000
3,23,-0.25098275991586544,-1.5756918569711538,-1.3247090970552884,0.002005131918458107,-0.00035055177870703754,-0.002299522986778846,-0.00224609375,2.641274883563702,-0.9474649752103366,-3.588739858774039,0.0007818411030885166,0.00034969730523879414,-0.001869459885817308,-0.001708984375,-0.0010241699218750003,-0.001953125,-0.0035283015324519226,-0.0022705078125,-0.15585937500000002,2.397021484375,-0.0004300631009615375,-4.8828125e-05,0.43846153846153846,0.5538461538461539,0.49230769230769234,-0.0063806504469651444,0.006174562894381001,5000
3,24,-0.25430748572716344,-1.5767330228365386,-1.3224255371093747,0.0015375156505850985,-0.0026176033032995916,-0.005624248798076923,-0.004296875,2.6434804124098563,-0.9464932955228366,-3.5899737079326925,0.0007653959478765495,-0.00029636115721107974,0.00033606896033653867,-0.000146484375,-0.0007404033954326922,-0.00078125,-0.005846698467548077,-0.003125,-0.16015625,2.393017578125,-0.005960317758413462,-0.0044921875,0.36153846153846153,0.5,0.3923076923076923,-0.01015649883563702,-0.0018261460524338967,5000
3,25,-0.25242910531850965,-1.5771011117788463,-1.3246720064603366,0.00141558099169422,-0.0008927683970132856,-0.0037458683894230765,-0.0016601562500000002,2.642657940204327,-0.9466002478966346,-3.589258188100962,0.0007136805718745871,0.00012429142084738242,-0.0004864032451923075,0.0,-0.0007626577524038462,-0.00078125,-0.004392371544471154,-0.0046875,-0.15,2.405029296875,-0.0032594651442307693,-0.0041015625,0.4153846153846154,0.46923076923076923,0.4230769230769231,-0.0067995276817908665,0.000291116567758409,5000
3,26,-0.25247577373798075,-1.5784217247596153,-1.3259459510216345,0.0012963796176847567,-0.0013530010554925352,-0.003792536808894231,-0.0015625,2.642834190955529,-0.9461475548377404,-3.5889817457932693,0.0007447635940564019,-0.0007284743486283355,-0.00031015249399038463,-0.0009765625,-0.0021221454326923075,-0.00078125,-0.004449556790865384,-0.0031494140625,-0.150390625,2.395703125,-0.0034823843149038463,-0.00234375,0.4,0.5076923076923077,0.4153846153846154,-0.0074278188852163465,0.0005970811110276394,5000
3,27,-0.25332519531250003,-1.5774977463942308,-1.3241725510817308,0.0012874572149248113,-0.0010690494504206444,-0.004641958383413461,-0.003125,2.642451265775241,-0.9465316068209135,-3.588982872596154,0.0007430298253884863,-0.0002912275957134228,-0.0006930776742788457,0.0,-0.0004572002704326922,0.0,-0.004126258263221154,-0.003271484375,-0.159375,2.395703125,-0.003948880709134616,-0.00234375,0.4076923076923077,0.4846153846153846,0.4230769230769231,-0.007479194054236778,-0.00031057504507211607,5000
3,28,-0.25389685997596156,-1.5775458233173079,-1.3236489633413464,0.0015699925178703793,-0.0035322786404249793,-0.005213623046874999,-0.0046875,2.6420058030348557,-0.9466724571814904,-3.588678260216346,0.0007566547843952109,-0.0003521782610262646,-0.0011385404146634615,0.0,-0.002159048227163462,-0.001123046875,-0.0036299954927884615,-0.0039306640625,-0.15625,2.390576171875,-0.004075082632211539,-0.003125,0.36153846153846153,0.4846153846153846,0.4461538461538462,-0.007488511305588943,-0.0005201556865985588,5000
3,29,-0.25273709810697115,-1.5773963341346153,-1.3246592360276443,0.0014266755367241188,-0.0008849612410936788,-0.004053861177884616,-0.00234375,2.64270028921274,-0.9467088904747596,-3.5894091796875003,0.0007898612019103752,0.00022673450427393153,-0.000444054236778846,-0.0021484375,-0.0010851111778846154,-0.0015625,-0.0032795597956730774,-0.00140380859375,-0.15234375,2.40029296875,-0.0036098069411057694,-0.000732421875,0.4153846153846154,0.5769230769230769,0.4846153846153846,-0.007201843261718753,-5.687537560096209e-05,5000
3,30,-0.2544403545673077,-1.5776006610576925,-1.3231603064903845,0.0017801583715708889,-0.0007391361564557567,-0.005757117638221154,-0.0052734375,2.6427093036358174,-0.9462912222055289,-3.589000525841346,0.0007347015994173586,-0.0002851907133643606,-0.0004350398137019234,-0.00078125,-0.0020611102764423075,-0.0005859375000000001,-0.004324481670673077,-0.002734375,-0.157421875,2.38935546875,-0.00532207782451923,-0.00390625,0.36923076923076925,0.5307692307692308,0.4153846153846154,-0.009550440861628607,-0.0012640639085036063,5000
3,31,-0.25392446664663465,-1.5778170072115385,-1.323892540564904,0.001401513860438295,-0.00245839919887941,-0.005241229717548077,-0.003515625,2.6430930739182696,-0.9466485126201922,-3.589741586538462,0.0007306750379928392,-0.00013953557100621745,-5.126953124999981e-05,0.0,-0.0021255258413461543,-0.002587890625,-0.0035306490384615376,-0.002459716796875,-0.16015625,2.3805175781249996,-0.005189960186298077,-0.005419921875,0.34615384615384615,0.4846153846153846,0.4153846153846154,-0.008701404278094954,-0.0017741440993088973,5000
4,0,-0.25292611929086534,-1.5772198016826924,-1.3242936823918268,0.0013713966305057906,-0.0017829507697995261,-0.004242882361778846,-0.0046875,2.6422744516225958,-0.9468988506610577,-3.589173302283654,0.0007247402233269391,0.0005733480429349417,-0.0008698918269230769,-0.000634765625,-0.001321739783653846,-0.00078125,-0.0047051532451923075,-0.0015625,-0.15703125,2.39296875,-0.0033729905348557697,-0.003125,0.4,0.5153846153846153,0.43846153846153846,-0.007059901310847355,0.00026295119065504246,5000
4,1,-0.2516523625300481,-1.575838341346154,-1.324185978816106,0.0013680843563407753,-0.000451556992349277,-0.0029691256009615388,-0.00068359375,2.64314687875601,-0.9464902907151442,-3.5896371694711537,0.0007954672890478937,-0.0007620639541250213,2.535306490384658e-06,-0.000390625,-0.0010375037560096155,0.0,-0.004582989032451923,-0.002911376953125,-0.15390625,2.393994140625,-0.002971660907451923,-0.00244140625,0.46923076923076923,0.5076923076923077,0.4,-0.006331268310546876,0.00043302565354566786,5000
4,2,-0.25225107046274037,-1.577667518028846,-1.3254164475661057,0.0013586074900741327,-0.0007739977136037233,-0.003567833533653846,-0.00380859375,2.6425131460336537,-0.9472186748798077,-3.589731820913461,0.0007563548907231832,0.0001735721062041689,-0.0006311974158653849,-0.0015625,-0.000908954326923077,-0.0015625,-0.004814077524038462,-0.003125,-0.1546875,2.394189453125,-0.002936636117788461,-0.0015625,0.4153846153846154,0.5461538461538461,0.46153846153846156,-0.007070204514723558,0.0011669452373798028,5000
4,3,-0.25264404296875,-1.5772611177884615,-1.3246170748197117,0.0012961892226844005,-0.0006677480969781084,-0.003960806039663462,-0.002880859375,2.6414642803485577,-0.9461859600360578,-3.5876502403846153,0.0007518180069760921,0.0015638605965252943,-0.0016800631009615387,-0.00048828125,-0.00040902944711538453,-0.001318359375,-0.004084754356971154,-0.0017578125,-0.15546875,2.391650390625,-0.0022807429387019223,-0.0029296875,0.36923076923076925,0.5,0.4307692307692308,-0.005884737454927886,0.0015403747558593744,5000
4,4,-0.2551336200420673,-1.5795139723557692,-1.324380352313702,0.0014684806683921768,-0.002499310294562775,-0.0064503831129807685,-0.00390625,2.640721247746394,-0.9468854229266828,-3.5876066706730776,0.0007594626268423593,-0.00033628554415918285,-0.002423095703125,-0.0009765625,-0.0013928222656249998,-0.0015625,-0.004543926532451923,-0.001953125,-0.1546875,2.389892578125,-0.004027287409855769,-0.0011718750000000002,0.36153846153846153,0.5153846153846153,0.46153846153846156,-0.008070272592397837,-9.469839242788693e-06,5000
4,5,-0.23913874699519233,-1.5713859675480768,-1.3322472205528846,0.003735155496788765,0.0034828979451373906,0.00954448993389423,0.0015625,2.643066500150241,-0.9468647648737981,-3.5899312650240387,0.0008306890965827935,-0.00011342113238308156,-7.784329927884645e-05,-0.0012939453125,-0.0012796724759615383,-0.0009277343750000001,-0.004326359675480769,-0.003125,-0.1375,2.39638671875,0.009622333233173078,0.0031494140625,0.5307692307692308,0.5153846153846153,0.5461538461538461,0.0025687913161057687,0.017360208364633412,5000
4,6,-0.25742027869591344,-1.579063251201923,-1.3216429725060095,0.002653286231338152,-0.0024973263512747795,-0.008737041766826924,-0.0056640625,2.6437308443509617,-0.9459277343750001,-3.5896585787259614,0.0008168574292409769,-0.0003109441930835305,0.0005865009014423075,0.000634765625,-0.0012730055588942308,-0.0015625,-0.003886061448317308,-0.00263671875,-0.1765625,2.386669921875,-0.00932354266826923,-0.00703125,0.34615384615384615,0.46923076923076923,0.3923076923076923,-0.01456769268329327,-0.004370074932391827,5000
4,7,-0.2600857309194712,-1.5806204927884617,-1.3205347618689904,0.0025450757417811213,-0.00442681657157334,-0.011402493990384616,-0.00693359375,2.6415501990685093,-0.9468703988882211,-3.5884205979567305,0.000757702479790305,0.00016617288753212746,-0.0015941443810096156,-0.0015625,-0.0005089393028846154,-0.00078125,-0.0048493840144230764,-0.0037109375,-0.16171875,2.393994140625,-0.009808349609375,-0.0056640625,0.34615384615384615,0.5615384615384615,0.38461538461538464,-0.015004859337439908,-0.004590451754056493,5000
4,8,-0.25484008789062496,-1.576581280048077,-1.321741192157452,0.0023384724293851037,-0.001716068381338295,-0.006156850961538463,-0.0033447265625,2.6457394643930288,-0.9462696251502404,-3.5920090895432693,0.000790914730255002,-0.0012882094934042307,0.0025951209435096153,0.000390625,-0.0005588942307692306,-0.0015625,-0.004655010516826923,-0.002734375,-0.15664062499999998,2.400634765625,-0.008751971905048077,-0.00634765625,0.3923076923076923,0.47692307692307695,0.43846153846153846,-0.014315018873948317,-0.00288112933819111,5000
4,9,-0.25008103590745195,-1.5738446514423077,-1.3237636155348558,0.0021098260070578434,-0.0017515438390046044,-0.001397798978365385,-0.002734375,2.642582726111779,-0.9459531813401442,-3.5885359074519223,0.0008220704532617132,0.00042249878874276413,-0.0005616173377403845,0.000537109375,-0.0009415377103365385,-0.0015625,-0.004899526742788461,-0.004150390625,-0.184375,2.3948730468750004,-0.0008361816406249993,-0.00576171875,0.3923076923076923,0.47692307692307695,0.4076923076923077,-0.006304837740384616,0.004777278019831722,5000
4,10,-0.2509961876502404,-1.5764272836538462,-1.3254310960036058,0.0016983971680568234,-0.0006803867703638283,-0.002312950721153846,-0.0015625,2.6418799767127403,-0.946244647686298,-3.588124624399039,0.0007647017980522378,0.000967477801354032,-0.0012643667367788463,-0.002734375,0.00015409029447115407,-0.0002197265625,-0.0050628192608173075,-0.0021484375,-0.14765625,2.3954101562499996,-0.0010485839843749995,0.0009521484375,0.4461538461538462,0.5461538461538461,0.5307692307692308,-0.0050928156926081745,0.002842965932992786,5000
4,11,-0.2522207406850961,-1.5781077223557693,-1.3258869816706729,0.003178157762679013,-0.0014464603309222147,-0.0035375037560096165,-0.00234375,2.6423966158353367,-0.9472739821213942,-3.5896705979567303,0.0008509464224239635,0.0010883215012384008,-0.0007477276141826924,-0.00078125,-0.001993596003605769,-0.0015625,-0.004145977313701922,-0.00390625,-0.15234375,2.404296875,-0.0027897761418269225,-8.544921874999997e-05,0.38461538461538464,0.5153846153846153,0.5,-0.009324307955228366,0.0037864497258112873,5000
4,12,-0.25852567232572116,-1.5803996394230768,-1.3218739670973556,0.0023259227950801487,-0.0032899127181949704,-0.009842435396634614,-0.0068359375,2.643128662109375,-0.9464149827223558,-3.5895436448317306,0.000771166181951349,0.00044780514513605634,-1.5681340144230972e-05,0.0009765625,-0.0008485764723557694,-0.001220703125,-0.002435960036057692,-0.0015625,-0.17031249999999998,2.387548828125,-0.009826754056490385,-0.0052978515625,0.38461538461538464,0.46923076923076923,0.4,-0.015541564941406249,-0.004291647104116589,5000
4,13,-0.2910744065504807,-1.5938746995192306,-1.30280029296875,0.0111725027180148,-0.015311163703805005,-0.042391169621394234,-0.019726562500000003,2.643176645132212,-0.9458704552283653,-3.5890471003605766,0.0008929146154363077,-0.0008305852781153697,3.230168269230783e-05,-0.0001953125,-0.0011129056490384614,-0.0015625,-0.003995173527644231,-0.0038818359375,-0.244140625,2.397802734375,-0.04242347130408653,-0.020800781249999997,0.26153846153846155,0.5,0.2692307692307692,-0.05614039494441106,-0.029734708345853372,5000
4,14,-0.25570443960336536,-1.578954326923077,-1.3232498873197116,0.001500277319973529,-0.0030829146295037703,-0.007021202674278845,-0.005908203125,2.642677377554086,-0.9465684157151443,-3.5892457932692308,0.0007428696081147242,2.5562170620637326e-05,-0.00046696589543269236,-0.00087890625,-0.0011263333834134618,-0.0005859375000000001,-0.0041397798978365374,-0.0026611328125,-0.16640624999999998,2.39638671875,-0.006554236778846153,-0.0048828125,0.3384615384615385,0.5153846153846153,0.38461538461538464,-0.010451824481670672,-0.002582535963792071,5000
4,15,-0.2518390362079327,-1.5777020733173077,-1.3258630371093751,0.001462576795592515,8.348503993120772e-05,-0.003155799278846154,-0.0013427734375,2.6426200045072115,-0.9457836914062501,-3.588403695913461,0.0007667769756960223,-0.0008817767274367744,-0.0005243389423076921,0.0,-0.0008601262019230769,-0.000390625,-0.0035653921274038463,-0.001953125,-0.16953125000000002,2.388720703125,-0.0026314603365384616,-0.00087890625,0.4307692307692308,0.49230769230769234,0.5,-0.006439211331881009,0.0012510634202223558,5000
4,16,-0.25472928560697117,-1.578270733173077,-1.323541447566106,0.0013502599932341272,-0.0019711140277220737,-0.006046048677884616,-0.00234375,2.6424076021634613,-0.9468783804086538,-3.5892859825721155,0.0007566068186725837,0.00023298990166527303,-0.0007367412860576924,-0.000390625,-0.0011872746394230769,-0.00030517578125,-0.003822397085336539,-0.002978515625,-0.15000000000000002,2.387353515625,-0.005309307391826922,-0.002734375,0.43846153846153846,0.5,0.46153846153846156,-0.009152134821965145,-0.001541339580829329,5000
4,17,-0.25285024789663463,-1.5775893930288463,-1.3247391451322115,0.0013946378652074914,-0.001682573429209778,-0.004167010967548077,-0.003125,2.64107168344351,-0.9464347017728365,-3.587506385216346,0.0007302626643301953,0.0025186547947585506,-0.0020726600060096156,-0.0015625,-0.0005804912860576922,0.0,-0.004564772385817307,-0.00234375,-0.153125,2.39287109375,-0.002094350961538462,0.0001953125,0.3923076923076923,0.5615384615384615,0.5,-0.006051908052884613,0.0018696054311899035,5000
4,18,-0.2527211350661057,-1.57740234375,-1.3246812086838942,0.0013597802568898988,-0.0013522683504116238,-0.004037898137019231,-0.003125,2.641239201472356,-0.9472512582632211,-3.588490459735577,0.0007588550036981407,7.456724896805745e-06,-0.0019051419771634614,-0.0015625,-4.9015925480769275e-05,0.00078125,-0.004579420823317307,-0.0028564453125,-0.15078125,2.39521484375,-0.0021327561598557697,-0.001123046875,0.3923076923076923,0.5384615384615384,0.47692307692307695,-0.006180509127103366,0.0020289705716646563,5000
4,19,-0.2511493389423077,-1.577140174278846,-1.3259908353365386,0.0013116971360196538,-0.0010890882947925536,-0.002466102013221154,-0.001513671875,2.6425039438100963,-0.9463155423677884,-3.5888194861778846,0.0007466681001319665,0.0002844473189897776,-0.0006403996394230771,0.0,-0.0007743013822115388,-0.00087890625,-0.0037083082932692305,-0.0029296875,-0.1546875,2.39833984375,-0.0018257023737980774,-0.0015625,0.4461538461538462,0.49230769230769234,0.4307692307692308,-0.005347334641676683,0.0017316753680889417,5000
4,20,-0.25288574218749993,-1.5772798978365385,-1.3243941556490384,0.0013172045716832973,-0.0012628697754253366,-0.004202505258413461,-0.00400390625,2.6431665978064904,-0.9470369779146636,-3.5902035757211537,0.0007267668102864858,-0.0002940731426911891,2.225435697115389e-05,-0.0015625,-0.001758563701923077,-0.0013671875,-0.004189640925480769,-0.00390625,-0.165625,2.38935546875,-0.0042247596153846155,-0.0021484375,0.3923076923076923,0.5384615384615384,0.4461538461538462,-0.007663391113281249,-0.0006966317983774052,5000
4,21,-0.25285419170673074,-1.5770545372596154,-1.3242003455528846,0.0014146450507171323,-0.0013232748363627485,-0.00417095477764423,-0.003125,2.640976280799279,-0.9466634427584134,-3.5876397235576922,0.0007513416835200348,0.000288102727007709,-0.0021680626502403847,-0.0011718750000000002,-0.0004886568509615382,-0.00078125,-0.005162823016826924,-0.0030517578125,-0.159375,2.39794921875,-0.0020028921274038466,4.8828125e-05,0.3923076923076923,0.5230769230769231,0.5,-0.006109947791466346,0.0019186260516826912,5000
4,22,-0.25663949819711535,-1.578721454326923,-1.3220819561298076,0.0015347417638923008,-0.002846125883717409,-0.007956261268028848,-0.0046875,2.6431065955528843,-0.9468111478365384,-3.589917743389423,0.0007343864847888501,0.0005515639925713709,-3.7747896634615265e-05,-0.0005859375000000001,-0.0008392803485576923,-0.00078125,-0.004983661358173077,-0.0015991210937500002,-0.15781250000000002,2.3962890625,-0.00791851337139423,-0.00531005859375,0.36153846153846153,0.5230769230769231,0.36923076923076925,-0.011753563514122595,-0.003876943734975963,5000
4,23,-0.25158766526442305,-1.5755987079326923,-1.3240110426682692,0.0016798460927772588,-0.0012545968766800016,-0.0029044283353365377,-0.0015625,2.6423028094951926,-0.9467615685096153,-3.5890643780048075,0.0007164002929957503,0.0008460974475997614,-0.0008415339543269227,-0.0021484375,-0.0011795748197115387,-0.0015625,-0.0043092698317307694,-0.0029296875,-0.15000000000000002,2.38994140625,-0.0020628943810096145,-0.0003173828125,0.43846153846153846,0.5692307692307692,0.49230769230769234,-0.006046494704026442,0.0019966806265024014,5000
4,24,-0.2516748985877404,-1.5767916165865388,-1.325116717998798,0.0014149665400395226,-6.95940586894207e-05,-0.0029916616586538464,-0.003125,2.6420628943810094,-0.9470063664362981,-3.589069260817308,0.0007887237920453866,0.00014720976829959807,-0.0010814490685096155,0.0,-0.0018432617187500004,-0.0009277343750000001,-0.004581392728365385,-0.00234375,-0.16328125,2.3963378906250004,-0.0019102125901442307,-0.00234375,0.43846153846153846,0.47692307692307695,0.45384615384615384,-0.005897749680739182,0.0020816908616286055,5000
4,25,-0.2522046837439904,-1.5776314603365387,-1.325426776592548,0.001392566507327078,-0.0002293341296576302,-0.0035214468149038464,-0.00093994140625,2.6415134840745194,-0.94664306640625,-3.5881565504807695,0.0007610817540885965,-0.0005258926242643838,-0.001630859375,-0.001025390625,-0.0002980393629807694,0.0005859375000000001,-0.004421105018028847,-0.00234375,-0.16875,2.39189453125,-0.0018905874399038464,0.0,0.4461538461538462,0.5153846153846153,0.49230769230769234,-0.005693598820612981,0.0019797738882211514,5000
4,26,-0.24964374248798074,-1.5748482572115383,-1.3252045147235576,0.0016801925558926967,-0.0005951767938158767,-0.0009605055588942304,-0.001220703125,2.6417706768329325,-0.9467096416766827,-3.5884803185096152,0.0007583454103730049,0.000769509179879805,-0.0013736666165865385,-0.00072021484375,-0.00031991811899038475,-0.0013671875,-0.003947284405048077,-0.00205078125,-0.142578125,2.38798828125,0.00041316105769230747,0.0015625,0.4461538461538462,0.5153846153846153,0.5307692307692308,-0.0037536644568810095,0.004416949932391827,5000
4,27,-0.2527767240084135,-1.5774729567307693,-1.3246962327223557,0.0013438729567105494,-0.0003689041078462137,-0.0040934870793269225,-0.003173828125,2.642732684795673,-0.9456090369591347,-3.5883417217548077,0.0007350782581319911,-0.0004237282904910929,-0.00041165865384615373,-0.00078125,-0.0014396784855769233,-0.0015625,-0.004772385817307692,-0.0029296875,-0.15781250000000002,2.383251953125,-0.00368182842548077,-0.0005859375000000001,0.35384615384615387,0.5307692307692308,0.47692307692307695,-0.007500784067007212,-3.9663461538464236e-05,5000
4,28,-0.2522735126201923,-1.5764783653846157,-1.324204852764423,0.0013200248545320737,-0.0015851087184540421,-0.0035902756911057694,-0.003125,2.642121112530048,-0.946829082782452,-3.5889501953124996,0.0007742975494163879,-0.00032493189523066394,-0.0010232309194711537,0.000537109375,-0.001401085486778846,-0.000390625,-0.005267521784855769,-0.003564453125,-0.15781250000000002,2.39541015625,-0.0025670447716346157,-0.00234375,0.4153846153846154,0.4846153846153846,0.4230769230769231,-0.0060432574932391845,0.0007957106370192253,5000
4,29,-0.2527793532151443,-1.5778643329326922,-1.3250849797175481,0.0012938718796763945,-0.0012971845522827738,-0.004096116286057692,-0.0021484375,2.640533447265625,-0.9476167179987981,-3.588150165264423,0.0007337339307749593,0.0012246868703781819,-0.002610896183894231,-0.0015625,7.296048677884621e-05,0.000390625,-0.005085637019230769,-0.0029296875,-0.15,2.3890380859375,-0.0014852201021634613,-0.0014404296875,0.4153846153846154,0.5461538461538461,0.46153846153846156,-0.004750617394080531,0.0016916832557091334,5000
4,30,-0.252276611328125,-1.5765963040865385,-1.3243196927584135,0.0013194574469981748,-0.0014974644133814287,-0.003593374399038462,0.0,2.6413138521634614,-0.946284930889423,-3.5875987830528846,0.0007623628883852118,4.665685193013132e-05,-0.0018304912860576924,-0.000390625,-0.001426062950721154,-0.00087890625,-0.004583458533653846,-0.002587890625,-0.16328125,2.38984375,-0.0017628831129807693,-0.00234375,0.46153846153846156,0.5076923076923077,0.45384615384615384,-0.005646975003756009,0.002120830829326923,5000
4,31,-0.2530986140324519,-1.5770372596153848,-1.323938645582933,0.0014228308928690846,-0.0022683434213620077,-0.004415377103365384,-0.001171875,2.6409742149939905,-0.9468300217848556,-3.587804236778846,0.0007710392101825061,0.0018381401431170135,-0.0021701284555288454,0.0,-0.0008289513221153845,-0.00087890625,-0.004764967698317308,-0.00390625,-0.15703125,2.3875,-0.0022452486478365384,-0.00048828125,0.46923076923076923,0.4846153846153846,0.47692307692307695,-0.006462646484375,0.001990598238431489,5000
5,0,-0.254189453125,-1.5783653846153847,-1.3241759314903847,0.0013078751143871256,-0.00040095655374217137,-0.005506216195913461,-0.00390625,2.6419582895132216,-0.9468901179387019,-3.588848407451923,0.0008166882924781174,-0.0008387993639293362,-0.0011860539362980767,-0.0011718750000000002,-0.00045100285456730737,-0.0015625,-0.003948880709134615,-0.0015625,-0.15703125,2.38798828125,-0.004320162259615384,-0.001953125,0.35384615384615387,0.5384615384615384,0.4076923076923077,-0.007759523831881009,-0.0009322650615985631,5000
5,1,-0.2532512958233173,-1.5776104266826922,-1.324359130859375,0.0013028438038102522,-0.0017350154409608428,-0.00456805889423077,-0.0041015625,2.6424322979266828,-0.9472766113281249,-3.589708909254808,0.0007197450308207631,-0.0001543987005167155,-0.0007120455228365384,-0.0005859375000000001,-0.00020348182091346157,0.0001953125,-0.0042953725961538455,-0.003515625,-0.15468749999999998,2.39228515625,-0.0038560133713942306,-0.0046875,0.4,0.5076923076923077,0.4153846153846154,-0.007474398099459136,-4.699237530048549e-05,5000
5,2,-0.2521288123497596,-1.5765497295673077,-1.324420917217548,0.0012601788442919255,-0.0006556694584172952,-0.0034455754206730764,-0.003125,2.642395958533654,-0.9469850510817307,-3.589381009615385,0.0007670198678824563,0.00011913791899149352,-0.0007483849158653847,-0.0015625,-0.0006748610276442308,0.0,-0.00436992938701923,-0.003369140625,-0.16015625,2.3873046875000004,-0.002697190504807692,0.0,0.4461538461538462,0.5153846153846153,0.49230769230769234,-0.0064536038912259616,0.0010269587590144183,5000
5,3,-0.25348294771634616,-1.5782106370192308,-1.3247276893028845,0.0014755829565943435,-0.001246430665745301,-0.004799710787259616,-0.0021484375,2.64310800405649,-0.9467665452223558,-3.589874549278846,0.0007548129420690493,-0.0006643785698281173,-3.6339393028846196e-05,0.0,-0.0010927170973557693,-0.0005859375000000001,-0.005177001953125,-0.002557373046875,-0.16328125,2.390966796875,-0.004763371394230769,-0.00361328125,0.38461538461538464,0.47692307692307695,0.43846153846153846,-0.009020303579477163,-0.0005632652869591362,5000
5,4,-0.2511701847956731,-1.5769951923076924,-1.3258250075120193,0.001435417066510049,-0.0007716364476303334,-0.0024869478665865384,0.0,2.6428496844951925,-0.9467724609375,-3.5896221454326924,0.000753372608794032,-3.142677058154862e-06,-0.0002946589543269228,-0.0001953125,-0.00036104642427884596,-0.0013671875,-0.0055526029146634615,-0.0039306640625,-0.16015625,2.392529296875,-0.0021922889122596156,-0.0014404296875,0.4846153846153846,0.5,0.46923076923076923,-0.006460308368389421,0.0018818218524639422,5000
5,5,-0.252294921875,-1.5775736177884614,-1.3252786959134613,0.0014326032901115103,-0.0006916875703728378,-0.003611684945913462,-0.0048828125,2.643349139873798,-0.9468281437800482,-3.5901772836538464,0.0007591404361357226,-0.0008534729452386185,0.00020479642427884628,0.0,-0.0007609675480769231,-0.00107421875,-0.00441265399639423,-0.00322265625,-0.15625,2.3919921874999996,-0.0038164813701923074,-0.003857421875,0.36153846153846153,0.46923076923076923,0.3923076923076923,-0.007634237436147836,-1.2052095853374795e-05,5000
5,6,-0.2542991286057692,-1.5786283052884615,-1.3243291766826921,0.001369636634509253,-0.001701666835579942,-0.005615891676682691,-0.003271484375,2.6423775540865377,-0.9463581730769232,-3.5887357271634617,0.0007641251399813393,2.0928613319071704e-05,-0.0007667893629807687,-0.00146484375,-0.0012164776141826922,-0.0015625,-0.003073448768028846,-0.0015625,-0.16015625,2.386474609375,-0.004849102313701922,-0.0041015625,0.3923076923076923,0.5461538461538461,0.4,-0.008419346736027645,-0.0010962477463942316,5000
5,7,-0.25457266000600964,-1.5786906550480768,-1.3241179950420672,0.0014255650123074879,-0.002182959417072821,-0.005889423076923078,-0.002880859375,2.6417021296574523,-0.9470613919771634,-3.588763521634616,0.0007722637786391467,-6.180715867001648e-05,-0.0014422137920673073,-0.001708984375,0.0003967285156249999,0.00048828125,-0.004163442758413462,-0.003515625,-0.1609375,2.390087890625,-0.004447209284855769,-0.00234375,0.3769230769230769,0.5769230769230769,0.45384615384615384,-0.00848859112079327,-0.00051081730769231,5000
5,8,-0.2517128342848558,-1.5765354567307694,-1.3248226224459134,0.0013872067747865728,-0.001137751216613919,-0.0030295973557692302,-0.0013671875,2.642913536658654,-0.946153094951923,-3.5890666316105775,0.0007659494918558517,0.0008857098174379952,-0.00023080679086538467,-9.765625e-05,-0.0011818284254807691,-4.8828125e-05,-0.0040416541466346155,-0.001513671875,-0.16484375,2.4022460937499996,-0.0027987905649038466,-0.0011718750000000002,0.43846153846153846,0.5,0.46923076923076923,-0.006222646859975962,0.0006748704176682683,5000
5,9,-0.2525609412560096,-1.5772393329326924,-1.3246783916766827,0.0013736277937630935,-0.00028321748799804,-0.0038777043269230763,-0.0021484375,2.6414532001201922,-0.9464224008413461,-3.5878756009615387,0.0007304505690657667,0.0012665951921661345,-0.0016911433293269231,-0.00078125,-0.0013659667968749997,-0.0015625,-0.0037066180889423076,-0.000738525390625,-0.15468749999999998,2.389453125,-0.0021865609975961534,-0.0022216796875,0.4,0.5230769230769231,0.43846153846153846,-0.005722308819110576,0.0014665433443509606,5000
5,10,-0.25248131385216344,-1.5773054387019227,-1.3248241248497596,0.0012987207207315154,-0.001701602542971393,-0.0037980769230769227,-0.003125,2.642211256760817,-0.9460812612680288,-3.588292518028846,0.0007259193253430611,-0.0006033927563239928,-0.0009330866887019234,-0.00068359375,0.00017493614783653863,0.0,-0.0035123384915865387,-0.0015625,-0.15859375,2.3949218749999996,-0.0028649902343749994,-0.0033203125000000003,0.4,0.5076923076923077,0.4307692307692308,-0.006449707031249999,0.0008003094012920645,5000
5,11,-0.25186861478365385,-1.5772400841346155,-1.3253714693509617,0.0012732850098604812,0.0006040030140630456,-0.0031853778545673076,-0.0015625,2.6419373497596155,-0.9465932992788462,-3.588530649038461,0.0007701044937511038,9.112176398970653e-06,-0.0012069936899038458,-0.000537109375,-0.0010598520132211538,-0.0013671875,-0.004294809194711539,-0.0018554687500000001,-0.159375,2.39794921875,-0.001978384164663462,-0.00078125,0.4230769230769231,0.5076923076923077,0.47692307692307695,-0.005380310058593751,0.001386624849759614,5000
5,12,-0.25399385892427884,-1.5782173978365384,-1.3242235389122594,0.0014235172034505212,-0.001706697713286456,-0.005310621995192307,-0.0046875,2.6424599045973554,-0.945531005859375,-3.5879909104567305,0.0007434312500487716,-0.0005209805770009147,-0.0006844388521634616,0.000390625,-0.001175067608173077,-0.0017822265625,-0.0032549579326923077,-0.00234375,-0.1515625,2.3837646484375,-0.0046261831430288464,-0.00322265625,0.35384615384615387,0.47692307692307695,0.4153846153846154,-0.00832665311373197,-0.0008552574744591405,5000
5,13,-0.24949106069711532,-1.5745733173076923,-1.325082256610577,0.0017431491103446128,-0.0001982568438046495,-0.0008078237680288465,-3.662109375e-05,2.642453143780048,-0.9468906813401442,-3.5893438251201926,0.0007919355754612986,-0.00037247020628031777,-0.0006911996694711537,-0.00032958984375,-0.0003636756310096151,0.0,-0.0034075458233173072,-0.001904296875,-0.14765625,2.387158203125,-0.00011662409855769193,0.0007080078125000001,0.4846153846153846,0.5076923076923077,0.5076923076923077,-0.004348851130558895,0.004145082913912257,5000
5,14,-0.24753943810096152,-1.577097355769231,-1.3295579176682695,0.002500534905959353,0.000735126234110493,0.001143798828125,0.0,2.643538912259615,-0.9466060697115386,-3.5901449819711537,0.0007461126610655108,0.0004523060646043697,0.00039456881009615366,-0.00078125,-0.0016688889723557694,-0.00234375,-0.005033897986778846,-0.00224609375,-0.15,2.390576171875,0.0007492300180288465,0.0001953125,0.49230769230769234,0.5230769230769231,0.5,-0.005819885253906249,0.00751213895357571,5000
5,15,-0.24908118614783653,-1.5763423978365385,-1.327261211688702,0.0015434418929289526,-0.0004658244953911166,-0.0003979492187500001,-0.00234375,2.6420312499999996,-0.9461380709134615,-3.588169320913462,0.000765915582872225,0.0006600862151695634,-0.001113093449519231,-0.00068359375,-0.0004248046875000001,-4.8828125e-05,-0.004023061899038462,-0.00322265625,-0.163671875,2.390087890625,0.0007151442307692309,0.002734375,0.45384615384615384,0.5153846153846153,0.5538461538461539,-0.004645146296574519,0.006170015775240374,5000
5,16,-0.25326171875,-1.5763281249999999,-1.3230664062499997,0.001787455512577298,-0.0025174268784770772,-0.004578481820913461,-0.0035644531250000003,2.6427904334435097,-0.9459054800180289,-3.588695913461538,0.0007584114414708864,-3.668290310967274e-06,-0.0003539100060096155,-0.0015625,-0.0033115797776442305,-0.00322265625,-0.004367487980769231,-0.0026306152343749997,-0.153125,2.388916015625,-0.004224571814903847,-0.0015625,0.4307692307692308,0.5384615384615384,0.46923076923076923,-0.008985123854417066,0.00042465209960937064,5000
5,17,-0.2515347994290865,-1.5749068509615383,-1.3233720515324519,0.0037847550950234356,-0.0019052514986872672,-0.0028515625000000004,-0.004296875,2.6452261117788463,-0.9462417367788462,-3.5914678485576923,0.0009202751175375943,-0.0007481586213903286,0.0020817683293269233,0.00078125,-0.0021571702223557696,-0.0011718750000000002,-0.003103872445913462,-0.0014404296875,-0.14453125,2.388818359375,-0.004933330829326923,-0.00390625,0.3923076923076923,0.47692307692307695,0.43846153846153846,-0.01280609365609976,0.0033889934833232944,5000
5,18,-0.2550153057391827,-1.5775323016826923,-1.3225169959435095,0.0016289853560976376,-0.0020290593896691005,-0.006332068810096154,-0.00537109375,2.6427829214242786,-0.9460609788161057,-3.5888439002403847,0.0007488039242779067,-6.121110132691071e-05,-0.0003614220252403848,0.0,-0.0007740196814903848,-0.00078125,-0.004316594050480769,-0.00234375,-0.16171875,2.39560546875,-0.005970646784855769,-0.003546142578125,0.3769230769230769,0.49230769230769234,0.4,-0.010502565824068515,-0.001249420166015627,5000
5,19,-0.27268085186298086,-1.5899939903846154,-1.3173131385216343,0.005833570799811446,-0.006820881177764092,-0.02399761493389423,-0.013671875,2.639346642127404,-0.9469754732572115,-3.5863221153846156,0.0009757060132559038,-0.00020269262256472113,-0.0037977013221153853,-0.00440673828125,0.0001032902644230767,0.000390625,-0.003211388221153846,-0.0015625,-0.18984375,2.3880859375,-0.020199913611778846,-0.01171875,0.3,0.6153846153846154,0.36923076923076925,-0.028757429856520425,-0.012239520733173082,5000
5,20,-0.2531331693209134,-1.5770522836538463,-1.3239191143329325,0.0013369293558309894,-0.0014551582365284663,-0.004449932391826923,-0.00390625,2.6425420673076925,-0.9458646334134614,-3.588406700721154,0.0007303336691501765,-0.0009277979768964217,-0.000602276141826923,-0.0002197265625,0.00043344350961538466,0.0012451171875,-0.004344388521634616,-0.0009765625,-0.16484375,2.390576171875,-0.0038476562500000004,-0.004345703124999999,0.3769230769230769,0.5076923076923077,0.38461538461538464,-0.007373629056490383,-0.0003075467623197129,5000
5,21,-0.252943115234375,-1.5774166165865384,-1.3244735013521636,0.0013683908298734546,-0.0008104505731495503,-0.004259878305288462,-0.003759765625,2.64190673828125,-0.9467489858774036,-3.588655724158654,0.0007351539013526299,-0.0004882976307957972,-0.0012376051682692305,-0.0009765625,-0.0010648287259615388,-2.44140625e-05,-0.004681959885817308,-0.0023193359375,-0.16171875,2.39794921875,-0.0030222731370192313,-0.0017578125,0.38461538461538464,0.5153846153846153,0.46153846153846156,-0.006784522423377403,0.0007824073204627395,5000
5,22,-0.2531292255108173,-1.576662409855769,-1.3235331843449518,0.0013274629645820884,-0.0013921293226569112,-0.004445988581730769,-0.00357666015625,2.642328819861779,-0.9464564866286058,-3.5887853064903843,0.0006865065497988914,0.0005540807640494432,-0.0008155235877403848,-0.00140380859375,-0.0007026554987980771,-0.00078125,-0.003909536508413461,-0.00361328125,-0.15234375,2.390673828125,-0.0036304649939903847,-0.00234375,0.4076923076923077,0.5076923076923077,0.4153846153846154,-0.0074278893103966355,0.0004478853665865374,5000
5,23,-0.2537777944711538,-1.578212139423077,-1.3244343449519231,0.0013127813040337483,-0.0020166286586359994,-0.005094557542067307,-0.0059326171875,2.6432364595853373,-0.9461663348858173,-3.5894027944711535,0.0007365069886083406,-0.0006630547783821215,9.211613581730782e-05,-0.00146484375,-0.0011730957031250001,-0.0015625,-0.004144287109375,-0.0024780273437499997,-0.1625,2.3890625,-0.005186673677884617,-0.0046875,0.34615384615384615,0.5307692307692308,0.34615384615384615,-0.00891840538611779,-0.0012236281174879825,5000
5,24,-0.2538078425480769,-1.5777080829326924,-1.3239002403846152,0.001365429472337035,-0.0019909027736118527,-0.005124605618990385,-0.004296875,2.6423463792067308,-0.9464963942307693,-3.5888427734375,0.0007750678664446122,-0.0006218069510999933,-0.0007979642427884614,0.0,-0.0011861478365384614,-0.0011718750000000002,-0.005204045222355769,-0.0046875,-0.16796875,2.396435546875,-0.004326641376201923,-0.004296875,0.4,0.49230769230769234,0.4153846153846154,-0.007902517465444712,-0.0007282761793870192,5000
5,25,-0.25378324068509617,-1.5781873497596153,-1.324404109074519,0.0013766260885976279,-0.0024938323409986456,-0.005100003756009615,-0.003125,2.642925931490384,-0.9459130859375001,-3.5888390174278846,0.0007249039796030244,0.0006835351091917679,-0.0002184119591346154,-0.00078125,-0.0021649639423076917,-0.0015625,-0.00493389423076923,-0.0046875,-0.1640625,2.3970703125000004,-0.004881591796875,-0.002294921875,0.3923076923076923,0.5307692307692308,0.46153846153846156,-0.008665733924278845,-0.0011742178109975967,5000
5,26,-0.2529025503305289,-1.5780408653846152,-1.3251383150540867,0.0013973107020812828,-0.0008298625579833518,-0.004219313401442307,-0.003369140625,2.6431538273737982,-0.9465156437800482,-3.5896694711538464,0.0007232662312269371,9.111420743513664e-05,9.483924278846282e-06,0.0,-0.0008114858774038462,-0.00126953125,-0.0036176006610576924,-0.0021484375,-0.16328125,2.3923583984375,-0.0042287973257211535,-0.003515625,0.3923076923076923,0.49230769230769234,0.4076923076923077,-0.00791942889873798,-0.000495528001051684,5000
5,27,-0.2529549466646635,-1.5775923978365385,-1.3246374511718748,0.0013487657345312718,-0.001470939647454859,-0.0042717097355769226,-0.002490234375,2.6410846416766827,-0.9466640061598558,-3.587748647836538,0.0007199013325938483,0.0007671913377576837,-0.0020597017728365384,-0.00234375,-0.0009441669170673075,-0.00078125,-0.0035615422175480776,-0.0027832031249999997,-0.15625,2.387548828125,-0.0022120079627403846,-0.000390625,0.4,0.5846153846153846,0.4846153846153846,-0.005720959003155048,0.0013579923189603366,5000
5,28,-0.25382352388822116,-1.5786358173076922,-1.3248122934194713,0.0015406096567317908,-0.002314464163197479,-0.0051402869591346155,-0.003125,2.642425255408654,-0.9461782602163461,-3.588603515625,0.0007346552613818116,-0.0002736640695044908,-0.0007190880408653847,-0.0013671875,-0.0016585599459134615,-0.0015625,-0.003597412109375,-0.0023681640625,-0.159375,2.38671875,-0.00442119891826923,-0.00400390625,0.4153846153846154,0.5461538461538461,0.3769230769230769,-0.008299053485576923,-0.00021985802283653913,5000
5,29,-0.2514208984375,-1.5763416466346154,-1.3249207481971153,0.0014432940690225055,-0.0018181555620332328,-0.002737661508413462,-0.001708984375,2.6409143066406244,-0.9463809908353364,-3.5872952974759613,0.0007788163107816478,-6.941032745990213e-05,-0.002230036808894231,-0.001220703125,-0.00023446890024038448,-4.8828125e-05,-0.0049335186298076926,-0.001904296875,-0.146875,2.3904052734375,-0.0005076246995192304,-0.00234375,0.4076923076923077,0.5307692307692308,0.49230769230769234,-0.0041542170597956745,0.0030733102651742767,5000
5,30,-0.2528605769230769,-1.5775736177884614,-1.3247130408653847,0.0013919151267359669,-0.000570357877012388,-0.004177339993990384,-0.00390625,2.6423492901141827,-0.9464258751502405,-3.588775165264423,0.000728095097816032,0.00041021331500851904,-0.0007950533353365385,-0.0001953125,-0.0010946890024038465,0.0005859375000000001,-0.005029672475961538,-0.0015625,-0.1640625,2.398779296875,-0.0033822866586538463,-0.001953125,0.4,0.5,0.4461538461538462,-0.00710223623422476,0.0002479013296274006,5000
5,31,-0.25267503004807695,-1.5769726562499997,-1.324297626201923,0.0014486861356014782,-0.0018375711247334342,-0.003991793118990385,-0.00107421875,2.6410389122596154,-0.9468272986778846,-3.5878662109375,0.0007220900443868053,0.0012160813433974053,-0.002105431189903846,-0.00081787109375,-0.0011083045372596151,-0.0001953125,-0.003039644681490385,-0.0016845703125,-0.15625,2.389892578125,-0.0018863619290865395,0.000390625,0.4461538461538462,0.5384615384615384,0.5,-0.005698772723858174,0.0019361853966346134,5000
6,0,-0.2532600285456731,-1.577176231971154,-1.323916203425481,0.0013725677332533258,-0.0012874288993910343,-0.004576791616586539,-0.002587890625,2.6414330115685094,-0.9468493652343749,-3.588282376802885,0.0007737352242419619,0.00035637396314411096,-0.0017113318810096155,-0.00078125,-0.0010650165264423077,-0.00234375,-0.003241154597355769,-0.001953125,-0.1625,2.392333984375,-0.0028654597355769235,-0.0015869140625,0.4,0.5384615384615384,0.43846153846153846,-0.006450803316556488,0.0007010920597956716,5000
6,1,-0.2530646221454327,-1.5773858173076925,-1.3243211951622598,0.0013613348218619724,-0.0009668559206028427,-0.0043813852163461535,-0.003125,2.642851750300481,-0.9469093674879807,-3.5897611177884614,0.0007780051956250949,-0.00019414506798307574,-0.00029259314903846165,0.0,-0.002133695162259615,-0.0015625,-0.0026518366887019235,-0.0012939453125,-0.17109375,2.39482421875,-0.004088792067307692,-0.0017578125,0.38461538461538464,0.49230769230769234,0.46153846153846156,-0.0076755934495192305,-0.00040334378756009685,5000
6,2,-0.2528061147836539,-1.5786162860576924,-1.3258101712740382,0.0013259502178189267,-0.0016844149391264567,-0.004122877854567307,-0.00390625,2.6425879845252402,-0.9467626014122597,-3.5893505859375,0.0007033224670841879,-0.00033392580961265415,-0.0005563589242788461,-0.0015625,0.0007185246394230769,0.0,-0.0038911320612980767,-0.001171875,-0.1546875,2.39228515625,-0.0035665189302884616,-0.00390625,0.36153846153846153,0.5461538461538461,0.4461538461538462,-0.00729119873046875,0.000310269869290865,5000
6,3,-0.25354041466346156,-1.5785960036057691,-1.3250555889423077,0.001336730008802421,-0.0009875840322992662,-0.004857177734375,-0.00390625,2.6418743426983173,-0.9465571476862981,-3.5884314903846155,0.0007511009595415879,1.6960767799906292e-05,-0.001270000751201923,-0.001904296875,-0.0014422137920673077,-0.00146484375,-0.004342792217548077,-0.002520751953125,-0.1609375,2.38525390625,-0.0035871769831730773,-0.003466796875,0.36923076923076925,0.5692307692307692,0.4461538461538462,-0.007153590275691105,4.987041766826933e-05,5000
6,4,-0.25420663686899037,-1.5785396634615385,-1.3243330265925481,0.0014814404752349264,-0.0018416222318027684,-0.005523399939903847,-0.00234375,2.6415701998197116,-0.9467399714543269,-3.5883101712740384,0.0007144845246924383,-0.00046015600378745947,-0.0015741436298076924,-0.001171875,-0.001337139423076923,-0.0013671875,-0.003826716496394231,-0.0025390624999999997,-0.1546875,2.3841796874999996,-0.003949256310096154,-0.0016845703125,0.36923076923076925,0.5230769230769231,0.46923076923076923,-0.0076229201096754805,-0.0003151432917668298,5000
6,5,-0.25775418795072114,-1.580431941105769,-1.322677753155048,0.0020555413824104554,-0.0025796481637523658,-0.009070951021634617,-0.0044921875,2.6412946965144233,-0.9470271183894231,-3.5883218149038463,0.0007857463735834956,-6.614969850998373e-05,-0.001849646935096154,-0.002734375,-0.000609130859375,-0.0015625,-0.0032086651141826927,-0.0013671875,-0.16015625,2.384228515625,-0.007221304086538462,-0.0037353515625,0.2923076923076923,0.5846153846153846,0.4153846153846154,-0.01220159442608173,-0.0021384793795072147,5000
6,6,-0.2530544809194712,-1.5766564002403847,-1.3236019193209136,0.001430330101565747,-0.0005841300431139394,-0.004371243990384615,-0.002734375,2.6438435246394234,-0.9459949669471153,-3.5898384915865384,0.0007779411697024903,0.00022519290344906793,0.0006991811899038463,0.0,-0.0018530273437500002,-0.001708984375,-0.0038362004206730768,-0.0027832031249999997,-0.16015625,2.38798828125,-0.005070425180288462,-0.003369140625,0.3923076923076923,0.4846153846153846,0.43846153846153846,-0.009446617713341347,-0.0006184668907752431,5000
6,7,-0.25264338566706734,-1.5770267427884614,-1.3243833571213943,0.0016276300587376156,-0.0016501247341916708,-0.003960148737980769,-0.003125,2.642401592548077,-0.9464306640625001,-3.588832256610577,0.0007472739152874001,6.254348962867878e-06,-0.0007427509014423075,-0.0013671875,-0.0017612868088942308,-0.0015625,-0.004157151442307692,-0.003125,-0.15703125,2.393798828125,-0.0032173978365384616,-0.0015625,0.4153846153846154,0.5384615384615384,0.47692307692307695,-0.006931685227614182,0.0005422691932091316,5000
6,8,-0.24848886343149035,-1.5754927884615384,-1.3270039250300483,0.0020539325211886223,-1.793540392405191e-05,0.00019437349759615394,0.0,2.640504901592548,-0.9471261831430289,-3.587631084735577,0.0008000544395145917,0.0014019571843432819,-0.002639441856971154,-0.0025878906250000003,-0.0021520996093749994,-0.0018798828125,-0.004139873798076924,-0.003125,-0.143359375,2.38828125,0.002833815354567308,0.0025390624999999997,0.49230769230769234,0.5461538461538461,0.5538461538461539,-0.002044236403245192,0.007785437950721152,5000
6,9,-0.2534906475360576,-1.5774474158653846,-1.323956768329327,0.0015270682929853195,-0.001745473336394031,-0.004807410606971154,-0.002734375,2.6425389685997596,-0.9461535644531249,-3.5886925330528845,0.0007522495237207138,-0.0007410256156979557,-0.0006053748497596154,-0.000390625,-0.0004620830829326923,-0.00078125,-0.005592228816105769,-0.00390625,-0.14765625,2.399658203125,-0.004202035757211538,-0.00087890625,0.4,0.5076923076923077,0.4461538461538462,-0.0076511300893930285,-0.0007863534780649046,5000
6,10,-0.2518096454326923,-1.5776832932692308,-1.3258736478365385,0.0013889154659203604,-0.0008576034287117007,-0.003126408503605769,-0.00234375,2.6434107384314904,-0.9462906588040865,-3.589701397235577,0.0007151958197358259,-0.0005628561986370997,0.00026639498197115373,0.001531982421875,-0.0003200120192307695,-0.0001953125,-0.005002629206730769,-0.003070068359375,-0.1625,2.393603515625,-0.0033928034855769235,-0.001953125,0.4076923076923077,0.43846153846153846,0.45384615384615384,-0.006954747126652644,6.644146259014181e-05,5000
6,11,-0.2535595703125,-1.5783360877403847,-1.3247765174278847,0.0015053011318464041,-0.0015413675961891936,-0.004876333383413461,-0.0029296875,2.641305870643029,-0.9470640211838943,-3.5883698918269236,0.0007267917311934055,0.0006091911479818237,-0.0018384728064903845,-0.0015625,-0.0005060283954326922,0.0,-0.003724459134615385,-0.003125,-0.143359375,2.383349609375,-0.0030378605769230765,-0.00078125,0.38461538461538464,0.5384615384615384,0.46923076923076923,-0.006940711388221153,0.0007746558556189868,5000
6,12,-0.2520104041466346,-1.576923828125,-1.3249134239783655,0.0013831264422838841,-3.2200946743156484e-05,-0.0033271672175480774,-0.00224609375,2.6427025428185096,-0.9463948880709134,-3.5890974308894235,0.0007271088105341762,-0.0007578680593699722,-0.0004418006310096153,0.0,-8.826622596153745e-06,0.0,-0.0039093487079326925,-0.003125,-0.171875,2.385986328125,-0.0028853665865384613,-0.002734375,0.43846153846153846,0.46153846153846156,0.4461538461538462,-0.00696038114107572,0.0011122506948617785,5000
6,13,-0.25289879432091344,-1.578449519230769,-1.3255507249098557,0.0017589444672254408,4.887043475932726e-05,-0.0042155573918269225,-0.0015625,2.6408375901442307,-0.947495868389423,-3.588333458533654,0.0007435634606765824,1.4865948264303715e-05,-0.002306753305288462,-0.0015625,-0.001443810096153846,-0.0015625,-0.00502422626201923,-0.00234375,-0.15234375,2.3794921875,-0.0019088040865384618,0.0005859375000000001,0.4461538461538462,0.5538461538461539,0.5153846153846153,-0.006304182786207933,0.002585129957932688,5000
6,14,-0.25151198167067307,-1.5766924579326922,-1.3251804762620192,0.0014111154209493432,-0.00034875493570932437,-0.0028287447415865385,-0.00234375,2.641481276292067,-0.9460209773137019,-3.5875022536057695,0.0007872150211690487,0.0006121842696440949,-0.001663067157451923,-0.003125,-0.001817814753605769,-0.0015625,-0.0029810509314903842,-0.0015625,-0.16484375,2.39072265625,-0.0011656775841346156,-0.0013671875,0.4076923076923077,0.5692307692307692,0.47692307692307695,-0.005097318209134615,0.0028388648399939867,5000
6,15,-0.24890587439903844,-1.5761110276442307,-1.3272051532451923,0.0017192583650043533,0.0003733313069419843,-0.000222637469951923,-0.0008300781250000001,2.6425418795072115,-0.9461059570312501,-3.5886478365384615,0.0007948181843080417,-0.0009044837699690228,-0.0006024639423076924,0.0,-0.0026358736478365383,-0.00234375,-0.003940805288461538,-0.00302734375,-0.171875,2.3819824218749996,0.00037982647235576967,0.001708984375,0.46923076923076923,0.4846153846153846,0.5076923076923077,-0.0047684279221754805,0.0058073120117187425,5000
6,16,-0.2542677659254808,-1.5780303485576925,-1.3237625826322115,0.0014814628043141114,-0.0025300088826948623,-0.005584528996394231,-0.0041015625,2.642785362830529,-0.9469111515925481,-3.589696514423077,0.0007187743348379726,-0.00028116554578253055,-0.0003589806189903847,-0.0009765625,-4.9485426682692404e-05,0.0005859375000000001,-0.004387864332932693,-0.0017578125,-0.15546875,2.3851806640625,-0.005225548377403846,-0.002490234375,0.38461538461538464,0.5384615384615384,0.4307692307692308,-0.008607011061448315,-0.002050330528846158,5000
6,17,-0.25200608473557695,-1.5765677584134616,-1.3245616736778847,0.0013322835844723146,-0.0006222784202865761,-0.0033228478064903843,-0.001806640625,2.6428257399338944,-0.9461590106670673,-3.588984750600962,0.0007401812882812363,-0.000410686256695706,-0.000318603515625,0.0,-0.0010760967548076926,-0.0015625,-0.0035558143028846145,-0.002978515625,-0.15625,2.39111328125,-0.003004244290865385,-0.00078125,0.4,0.49230769230769234,0.46153846153846156,-0.00639836707481971,0.0005272428072415805,5000
6,18,-0.2520429875300481,-1.5774338942307693,-1.3253909067007215,0.0017913428381384066,-0.00042560809165821754,-0.0033597506009615387,-0.0015625,2.642241492638221,-0.9463669057992787,-3.5886083984375006,0.00078508086335147,-0.00030869284774430033,-0.0009028508112980769,-0.00078125,-0.0005546687199519229,-0.000537109375,-0.002762826772836538,-0.001953125,-0.1609375,2.395947265625,-0.002456899789663461,-0.0015625,0.4461538461538462,0.5230769230769231,0.4461538461538462,-0.006519291804387018,0.0017061462402343677,5000
6,19,-0.25119976337139427,-1.5767608173076924,-1.325561053936298,0.0014211860292938322,-0.00042178934607653174,-0.002516526442307693,-0.0014160156250000002,2.6413858736478364,-0.9471714430588942,-3.588557316706731,0.0007846138467887513,6.81475835963956e-05,-0.0017584698016826922,-0.00068359375,0.00031080979567307696,-0.000390625,-0.005362267127403847,-0.0033203125,-0.15859375,2.384228515625,-0.0007580566406249998,0.0010009765625,0.4307692307692308,0.5153846153846153,0.5153846153846153,-0.004042304405799279,0.0025312546950120177,5000
6,20,-0.2576146521935096,-1.5796018629807695,-1.3219872107872597,0.0018187116322867407,-0.002752748986114464,-0.008931415264423077,-0.00546875,2.6420454289362985,-0.9461404184194713,-3.5881858473557697,0.0008167127424470135,0.00017819851312423046,-0.0010989145132211538,-0.00244140625,-0.0011460524338942307,-0.0017578125,-0.0038954514723557694,-0.0030761718750000003,-0.158203125,2.391796875,-0.007832500751201923,-0.006640625000000001,0.33076923076923076,0.5538461538461539,0.4,-0.012774151141826923,-0.0029936030461237984,5000
6,21,-0.27034996619591345,-1.586220703125,-1.3158707369290865,0.0036437250217685947,-0.0060793350187696915,-0.021666729266826924,-0.011816406250000001,2.642394831730769,-0.9472596153846153,-3.5896544471153846,0.0007925758304297861,-0.0005209529355992465,-0.0007495117187500001,-0.0005859375000000001,-0.0003586050180288463,-0.00078125,-0.005803128756009615,-0.0048828125,-0.2,2.3880859374999996,-0.020917217548076922,-0.009240722656249999,0.2846153846153846,0.5076923076923077,0.3153846153846154,-0.02840468186598558,-0.013506117600661068,5000
6,22,-0.24241793118990387,-1.5712807992788458,-1.328862868088942,0.0029859587174091633,0.0027573666054010837,0.00626530573918269,0.0019287109374999999,2.6425379356971157,-0.9461662409855769,-3.588704176682693,0.0007733069055262826,-0.0010362142821171633,-0.0006064077524038464,0.001123046875,-0.001293475811298077,-0.0015625,-0.004255558894230769,-0.0025390624999999997,-0.15078125,2.3970703125000004,0.006871713491586539,0.00087890625,0.5384615384615384,0.46153846153846156,0.5153846153846153,0.0010841158353365383,0.012988318810096145,5000
6,23,-0.253192138671875,-1.5774774639423077,-1.3242853252704327,0.0013763634624031885,-0.0016348189070247187,-0.004508901742788461,-0.0017578125,2.642318866436298,-0.9466219388521635,-3.5889408052884613,0.0007881570362154554,-0.000505194453518451,-0.0008254770132211538,-0.00078125,-0.0014928260216346152,-0.00062255859375,-0.004090388371394231,-0.0022216796875,-0.15546875,2.393359375,-0.0036834247295673074,-0.001953125,0.3769230769230769,0.5076923076923077,0.4461538461538462,-0.007187457744891827,-0.00023731173001803314,5000
6,24,-0.2521875939002403,-1.5776382211538462,-1.3254506272536057,0.001328368099127924,-0.0023190002728723266,-0.0035043569711538463,-0.003271484375,2.640978722205529,-0.9473378342848557,-3.588316556490385,0.000768012790388331,0.0014828345847101578,-0.0021656212439903847,-0.0015625,-0.0020502178485576924,-0.001953125,-0.0033966533954326926,-0.0016845703125,-0.1609375,2.3934326171875,-0.0013387357271634614,-0.00068359375,0.36153846153846153,0.5461538461538461,0.46923076923076923,-0.005173527644230768,0.002793403038611779,5000
6,25,-0.2531203988882212,-1.5778590745192311,-1.3247386756310093,0.0013639987630991043,-0.0011522608267841923,-0.004437161959134616,-0.0015625,2.642486384465144,-0.9462955416165866,-3.588781926081731,0.0007498402732293275,5.6002271098233045e-05,-0.0006579589843749999,-0.00087890625,-0.0014270019531250002,-0.0015625,-0.003553654597355769,-0.0029296875,-0.15078124999999998,2.3889892578125,-0.003779202974759615,-0.002801513671875,0.4307692307692308,0.5307692307692308,0.4076923076923077,-0.007354468712439903,-0.0001411179762620192,5000
6,26,-0.2545511568509615,-1.578182091346154,-1.3236309344951922,0.0013317293285969277,-0.003559150647563636,-0.005867919921874998,-0.0046875,2.6421901292067305,-0.9468652343749999,-3.58905536358173,0.0007604855388981587,-4.706996101491979e-05,-0.0009542142427884615,-0.0015625,-0.0013414588341346153,-0.0015625,-0.0035934682992788455,-0.0021240234375,-0.16015625,2.3916015625,-0.004913705679086538,-0.0015625,0.35384615384615387,0.5461538461538461,0.45384615384615384,-0.00862610098031851,-0.0011910564716045694,5000
6,27,-0.25357356144831733,-1.5782489483173077,-1.3246753868689902,0.0012984187446662997,-0.0016332021247868513,-0.004890324519230769,-0.003125,2.6415729229266827,-0.9458136455829327,-3.5873865685096153,0.0007189741055070385,0.0009571093494838442,-0.0015714205228365384,0.0,-0.00026780348557692307,0.00078125,-0.0033373084435096155,-0.00263671875,-0.15625,2.39423828125,-0.003318903996394231,-0.0031982421875,0.3769230769230769,0.49230769230769234,0.43846153846153846,-0.007039541391225959,0.00046484374999999917,5000
6,28,-0.2526250751201923,-1.5773106971153845,-1.3246856219951926,0.001359610810710957,-0.0007808065157066723,-0.003941838191105769,-0.0015625,2.6427943772536056,-0.9459432279146635,-3.5887376051682693,0.0007551372523046877,-9.494296393352495e-05,-0.0003499661959134619,0.00078125,-0.000381610576923077,-0.00018310546875,-0.003922682542067308,-0.0026306152343749997,-0.159375,2.3893066406249996,-0.0035918719951923074,-0.00107421875,0.45384615384615384,0.47692307692307695,0.45384615384615384,-0.007239196777343749,0.0001544776329627364,5000
6,29,-0.2520777306189904,-1.5766346153846154,-1.324556884765625,0.0016357020110866864,-0.0015852684036762796,-0.003394493689903846,-0.00352783203125,2.640831768329327,-0.946696026141827,-3.5875277944711534,0.0007629367184231199,0.0005550376465582329,-0.0023125751201923074,-0.0021484375,-0.0019744403545673074,-0.001611328125,-0.0036429537259615387,-0.0030761718750000003,-0.152734375,2.3861328125,-0.0010819185697115382,0.0007080078125000001,0.38461538461538464,0.5769230769230769,0.5076923076923077,-0.005097684420072113,0.0028308762770432668,5000
6,30,-0.2539583646334135,-1.5787349759615386,-1.3247766113281252,0.001288735418030195,-0.0018827235875953192,-0.005275127704326922,-0.003125,2.6425246957632207,-0.9467113318810095,-3.5892360276442306,0.0007522709519063661,0.00029572486003354983,-0.000619647686298077,0.0,-0.0008802208533653847,-0.00078125,-0.003334115835336538,-0.00234375,-0.1546875,2.39296875,-0.004655480018028847,-0.0025390624999999997,0.38461538461538464,0.49230769230769234,0.4230769230769231,-0.008472036508413463,-0.0007603243314302916,5000
6,31,-0.25213651216947114,-1.5776697716346155,-1.325533259465144,0.0012911394057184547,-0.00045375725043812813,-0.0034532752403846154,-0.0018554687500000001,2.6429924128605773,-0.9469200721153846,-3.5899124849759616,0.0007372764129091428,0.000639824923502991,-0.00015193058894230765,0.000537109375,-0.0015816556490384616,-0.0005859375000000001,-0.0032758037860576928,-0.00078125,-0.15703125,2.392822265625,-0.0033013446514423084,-0.0011718750000000002,0.43846153846153846,0.47692307692307695,0.46923076923076923,-0.0070914024939903834,0.00040921490009014297,5000
7,0,-0.25356877253605775,-1.5790437199519232,-1.3254749474158651,0.0016516773027871402,-0.0016918181309362576,-0.004885535606971154,-0.0030761718750000003,2.641732835036057,-0.9470535982572116,-3.588786433293269,0.0007386306338634721,-0.0003148068421032279,-0.0014115084134615388,-0.00107421875,-0.0008336463341346155,-0.0009765625,-0.002668081430288462,-0.0009765625,-0.15390625,2.3926513671875,-0.0034740271935096156,-0.00330810546875,0.4307692307692308,0.5307692307692308,0.4307692307692308,-0.0077861422025240394,0.0009307837853064832,5000
7,1,-0.26573711688701923,-1.5837868088942308,-1.3180496920072116,0.0026564667216646435,-0.006003374272294176,-0.017053879957932692,-0.009765625,2.6422908841646633,-0.9468489896334135,-3.5891398737980773,0.0007862628922627087,-0.00037341724814608194,-0.0008534592848557693,-0.001171875,-0.0009466083233173076,-0.001123046875,-0.004036395733173077,-0.0037109375,-0.165625,2.3929687499999996,-0.01620042067307692,-0.010400390625,0.24615384615384617,0.5307692307692308,0.3,-0.02182139000525841,-0.010658304067758414,5000
7,2,-0.2571336951622596,-1.579345703125,-1.3222120079627404,0.0021442840544847615,-0.0038033313691481076,-0.008450458233173077,-0.003125,2.642230130709135,-0.9463373272235577,-3.588567457932692,0.0008119180671115472,-0.0004319691213475134,-0.0009142127403846151,-0.0015625,-0.0010751577524038467,-0.00234375,-0.003381911057692308,-0.00205078125,-0.15703125,2.39130859375,-0.0075362454927884615,-0.003125,0.4076923076923077,0.5461538461538461,0.45384615384615384,-0.013117948091947116,-0.002131281926081731,5000
7,3,-0.2505780498798077,-1.5777283653846155,-1.3271503155048077,0.0012900747337845565,0.00027720634720992314,-0.0018948129507211538,-0.0006103515625,2.6420065542367785,-0.9467975323016827,-3.588804086538462,0.0007080690011307552,0.0007066801265480963,-0.0011377892127403845,-0.003125,-0.00013634314903846162,0.0,-0.0035494290865384615,-0.0015625,-0.1609375,2.388671875,-0.0007570237379807693,0.001025390625,0.4307692307692308,0.5846153846153846,0.5230769230769231,-0.00393774179311899,0.0025384803185096146,5000
7,4,-0.25159320537860574,-1.576883263221154,-1.3252900578425482,0.0015362475732176328,-0.0006512610712779993,-0.0029099684495192306,-0.00234375,2.64292245718149,-0.9464870981069711,-3.5894095552884613,0.0007519648629339829,-0.0014236466272249042,-0.00022188626802884616,0.0,-0.0005014272836538463,0.00078125,-0.0057602163461538455,-0.005078124999999999,-0.145703125,2.398095703125,-0.0026880821814903844,-0.00389404296875,0.43846153846153846,0.4846153846153846,0.4153846153846154,-0.006768993671123797,0.0014118253267728256,5000
7,5,-0.25068349984975963,-1.5763746995192307,-1.3256911996694711,0.002060204303259543,-0.0004005364190031983,-0.0020002629206730778,-0.0046875,2.641846548227164,-0.9469132173978365,-3.5887597656249994,0.0008040042190228578,-0.00039428728469991707,-0.0012977952223557692,-0.000390625,-0.0006219951923076922,-0.0005615234375,-0.004394437349759615,-0.00341796875,-0.15781250000000002,2.38984375,-0.0007024676983173072,-0.0005859375000000001,0.4230769230769231,0.5153846153846153,0.4846153846153846,-0.005994081937349759,0.004946497990534854,5000
7,6,-0.25265615609975955,-1.5775833834134616,-1.3249272273137018,0.0014536253383200053,-0.0013434799404805928,-0.003972919170673078,-0.004199218750000001,2.6414019305889425,-0.9474307016225961,-3.5888326322115387,0.0007151545915615643,0.00045802017686370614,-0.001742412860576923,-0.0015625,-0.0015876652644230766,-0.000537109375,-0.004012263371394232,-0.00323486328125,-0.15546875,2.396533203125,-0.0022305063100961533,-0.0046875,0.3769230769230769,0.5230769230769231,0.4153846153846154,-0.0056654710036057685,0.001212641789362981,5000
7,7,-0.2467771559495192,-1.574892578125,-1.3281154221754807,0.0018947645630512852,0.0011809306469874133,0.0019060809795673074,0.003173828125,2.6420316256009615,-0.9478098707932692,-3.5898414963942304,0.0007532505046820746,7.572884711455982e-05,-0.0011127178485576923,-0.0015625,-0.0002003831129807692,0.0,-0.004271146334134615,-0.003515625,-0.144140625,2.3988037109375,0.0030187988281250005,0.003125,0.5692307692307692,0.5615384615384615,0.5692307692307692,-0.0015838928222656245,0.00747361872746393,5000
7,8,-0.25009784405048074,-1.5780243389423074,-1.327926494891827,0.0015265755687753559,-0.0001819300214602984,-0.0014146071213942306,-0.001025390625,2.642546856219952,-0.9466140512319713,-3.5891609074519235,0.000852315556441868,0.00022489066244970387,-0.0005974872295673078,-4.8828125e-05,-0.001802696814903846,-0.0015625,-0.0036467097355769224,-0.00234375,-0.151953125,2.3947021484375,-0.0008171198918269238,0.0,0.46153846153846156,0.5,0.49230769230769234,-0.005143791785606971,0.003489537165715143,5000
7,9,-0.2527665827824519,-1.5770365084134617,-1.3242699256310095,0.0014738119011017464,-0.0007214531100526662,-0.004083345853365385,-0.003125,2.641726637620192,-0.9464036207932692,-3.588130258413462,0.0007760608690034602,-0.0002726524283604452,-0.0014177058293269231,0.0,-0.0010892427884615387,-0.001220703125,-0.0033697040264423083,-0.003125,-0.15625,2.40048828125,-0.0026656400240384617,-0.0037109375,0.3923076923076923,0.47692307692307695,0.43846153846153846,-0.006721012995793269,0.0013615581805889426,5000
7,10,-0.25484900841346153,-1.5780731670673076,-1.3232241586538462,0.001525870404539695,-0.0027598900000068358,-0.006165771484374999,-0.0044921875,2.6428811410757214,-0.9465201509915864,-3.5894012920673077,0.0007572255496562707,-0.0011882920222065294,-0.0002632023737980771,0.00029296875000000004,-0.0007563664362980772,-0.00078125,-0.004508901742788462,-0.0032958984375,-0.15703125,2.39921875,-0.005902569110576923,-0.00421142578125,0.3384615384615385,0.45384615384615384,0.38461538461538464,-0.010074716421274037,-0.0017496549166165871,5000
7,11,-0.2552168156550481,-1.5777907151442307,-1.3225738994891827,0.001584154966569527,-0.0018089422543804568,-0.006533578725961539,-0.005712890625,2.642567983774039,-0.9462124399038462,-3.588780423677884,0.0007230326132376914,0.0006893648275448916,-0.0005763596754807695,-0.001318359375,-0.00047776442307692293,-0.00078125,-0.003614595853365385,-0.002197265625,-0.1640625,2.387841796875,-0.00595721905048077,-0.0037109375,0.34615384615384615,0.5307692307692308,0.4230769230769231,-0.010030012864332933,-0.0018561471792367824,5000
7,12,-0.2516266338641827,-1.5765609975961539,-1.3249343637319713,0.0013708419151734954,-0.000821916078946163,-0.002943396935096154,-0.0015625,2.6418901179387015,-0.947030029296875,-3.5889201472355765,0.000736851204577322,0.0001775053322916092,-0.001254225510817308,-0.001611328125,-0.0003067720853365383,-0.00087890625,-0.0035233248197115382,-0.002734375,-0.15781250000000002,2.40078125,-0.0016891714242788466,-0.00029296875,0.4230769230769231,0.5384615384615384,0.49230769230769234,-0.0054764521672175485,0.0021634192833533653,5000
7,13,-0.2534853891225962,-1.5781054687500002,-1.3246200796274037,0.0013267032357619274,-0.0014800586335943892,-0.004802152193509616,-0.00264892578125,2.642863393930288,-0.9471136944110576,-3.589977088341346,0.000692790490894753,-0.0002613028186629364,-0.00028094951923076896,0.000341796875,-0.0003282752403846155,0.0,-0.0042693622295673075,-0.004296875,-0.15078124999999998,2.3858398437500004,-0.004521202674278846,-0.002978515625,0.4153846153846154,0.49230769230769234,0.4076923076923077,-0.007979074331430287,-0.0011192486102764444,5000
7,14,-0.2539593975360577,-1.5782789963942307,-1.324319598858173,0.0014251561528737207,-0.0006681568900805127,-0.005276160606971154,-0.0039306640625,2.641733961838942,-0.9468398813100962,-3.5885738431490384,0.0007590617329158788,-0.0003466829943899055,-0.001410381610576923,-0.0015625,-0.0006964580829326925,0.000390625,-0.0045267427884615385,-0.003125,-0.15859375,2.3929687499999996,-0.0038657789963942313,-0.0046875,0.38461538461538464,0.5384615384615384,0.36923076923076925,-0.007635584904597357,-0.00012566903921274245,5000
7,15,-0.2534990985576923,-1.577530048076923,-1.3240309495192308,0.0013808628136325848,-0.0019071085087731673,-0.004815861628605768,-0.003125,2.6423051570012017,-0.9470578237680288,-3.5893629807692307,0.0007280171614853661,-0.00021374022797145158,-0.0008391864483173081,-0.00078125,-0.0008327073317307694,-0.00078125,-0.003461820162259615,-0.0022949218749999997,-0.152734375,2.385693359375,-0.003976675180288462,-0.0037109375,0.36923076923076925,0.5230769230769231,0.4307692307692308,-0.007797830434945912,0.00015852003831129713,5000
7,16,-0.25168165940504805,-1.5763904747596151,-1.3247088153545672,0.0014417169841180325,-0.00018401256886093343,-0.0029984224759615386,-0.002734375,2.6430942007211544,-0.9466083233173077,-3.589702524038462,0.000736013599116063,-0.0010593437682763188,-5.014272836538443e-05,-0.000390625,-0.0009876427283653847,-0.0017578125,-0.004073298527644231,-0.002001953125,-0.15625,2.40302734375,-0.0029482797475961536,-0.004443359375,0.4076923076923077,0.5,0.4153846153846154,-0.0071033559945913455,0.0013594876802884587,5000
7,17,-0.25405066856971154,-1.5781355168269229,-1.3240848482572114,0.0014554455898966021,-0.0013221477415964254,-0.005367431640625001,-0.0029296875,2.642262432391828,-0.9467174353966346,-3.5889798677884617,0.0007257793357161358,-0.00010804464235853003,-0.0008819110576923075,-0.00078125,-0.0004834923377403849,-0.0021484375,-0.003395526592548077,-0.0025390624999999997,-0.1546875,2.394580078125,-0.004485520582932692,-0.00068359375,0.35384615384615387,0.5076923076923077,0.4846153846153846,-0.008149263822115387,-0.0007186443622295721,5000
7,18,-0.25243905874399036,-1.5784765625,-1.3260375037560097,0.001463045803960756,-0.0007700523896130313,-0.003755821814903846,-0.00234375,2.641819880558894,-0.9462555401141829,-3.5880754206730767,0.0007702222727090362,-0.00038875094842174586,-0.001324462890625,-0.0011718750000000002,-0.00047691932091346157,7.32421875e-05,-0.0036405123197115388,-0.002099609375,-0.15546875,2.39658203125,-0.002431358924278846,-0.0001953125,0.4153846153846154,0.5230769230769231,0.4846153846153846,-0.006132648174579327,0.0013324913611778828,5000
7,19,-0.2537293419471154,-1.5786966646634613,-1.3249673227163463,0.0014737238142915434,-0.0014757638567481119,-0.005046105018028846,-0.003955078125,2.6410845477764426,-0.9469127478966347,-3.587997295673077,0.0007169931988135105,-0.0009192900083447725,-0.0020597956730769233,-0.0015625,-0.0010960036057692311,0.0,-0.0034046349158653845,-0.0025390624999999997,-0.15859374999999998,2.385107421875,-0.002986309344951923,-0.0008300781250000001,0.3923076923076923,0.5384615384615384,0.47692307692307695,-0.00679505098783053,0.0007068903996394205,5000
7,20,-0.25467491736778847,-1.5776652644230769,-1.3229903470552884,0.0014287090131734502,-0.0015942762392989233,-0.005991680438701923,-0.00390625,2.6430859375,-0.946404747596154,-3.5894906850961537,0.0007419008807601314,-0.0012433108602640873,-5.8405949519230583e-05,0.001318359375,0.00046875,0.00078125,-0.003315147986778846,-0.003125,-0.15390625000000002,2.3927734375,-0.005933274489182693,-0.00546875,0.35384615384615387,0.4461538461538462,0.36153846153846153,-0.00955603262094351,-0.0020513892540564922,5000
7,21,-0.25296471228966344,-1.5769260817307693,-1.3239613694411059,0.0014897993308385022,-0.001174942215342024,-0.004281475360576923,-0.002734375,2.6422428072415864,-0.946596210186298,-3.5888390174278846,0.0007761883439531259,-0.00030720028099831434,-0.0009015362079326924,-0.0009521484375,0.0005839655949519231,0.0,-0.004159029447115385,-0.0030517578125,-0.153125,2.393115234375,-0.0033799391526442312,-0.00322265625,0.4076923076923077,0.5153846153846153,0.4307692307692308,-0.007635951115534857,0.000823671781099756,5000
7,22,-0.2521519118088942,-1.5772310697115384,-1.3250791579026442,0.0014639659401916917,-0.0010825361455920333,-0.0034686748798076917,-0.00234375,2.6424514535757213,-0.9468859863281249,-3.5893374399038462,0.0007872526087065014,0.0003592941968316255,-0.0006928898737980772,-0.00078125,-3.718449519230782e-05,0.0,-0.002440748948317308,-0.0015625,-0.159375,2.380078125,-0.0027757850060096153,9.765625e-05,0.4230769230769231,0.5307692307692308,0.5,-0.006283606896033653,0.0008194955679086477,5000
7,23,-0.25560283954326923,-1.5807744891826925,-1.3251716496394228,0.0016216283375005104,-0.0016423703273404362,-0.006919602614182693,-0.0052734375,2.6418084247295677,-0.946593017578125,-3.588401442307693,0.000779335871851995,0.000480436055175239,-0.001335918719951923,-0.0015625,-0.002197547325721154,-0.002734375,-0.004521014873798076,-0.00391845703125,-0.15468749999999998,2.385693359375,-0.005583683894230771,-0.00546875,0.35384615384615387,0.5461538461538461,0.3923076923076923,-0.009782078669621394,-0.001557408259465146,5000
7,24,-0.25392859825721154,-1.579103816105769,-1.3251752178485579,0.0012803158041495733,-0.000713016606339533,-0.005245361328125,-0.0035644531250000003,2.6430614295372594,-0.947023456280048,-3.590084885817308,0.000765207239428766,0.0008467833850922849,-8.291391225961547e-05,-0.00087890625,-0.00044950045072115384,0.000390625,-0.004260160006009615,-0.0037353515625,-0.1578125,2.39501953125,-0.005162447415865384,-0.005419921875,0.38461538461538464,0.5230769230769231,0.4,-0.008402047964242787,-0.0019105764535757245,5000
7,25,-0.25347139798677887,-1.5780506310096152,-1.3245792330228368,0.0013690437859027152,-0.0007168117629988418,-0.0047881610576923075,-0.003125,2.6430170147235574,-0.9455053710937499,-3.588522385817308,0.0007344127104308394,-0.00032255848408976363,-0.00012732872596153826,-0.00107421875,-0.0008685772235576921,0.0005615234375,-0.004000525841346154,-0.003125,-0.159375,2.387158203125,-0.004660832331730769,-0.001318359375,0.38461538461538464,0.5307692307692308,0.46923076923076923,-0.008361886831430286,-0.0010487201397235601,5000
7,26,-0.2527663949819711,-1.5782001201923077,-1.3254337252103365,0.001360186841083389,-0.0026758157093104127,-0.004083158052884615,-0.004248046875,2.641493483323317,-0.9471851524939904,-3.588678635817308,0.0007896422150564291,-0.00037730702437644017,-0.0016508601262019233,-0.00087890625,-0.001146334134615385,0.00029296875,-0.003746150090144231,-0.0033203125000000003,-0.16015625,2.39619140625,-0.0024322979266826923,-0.0016601562500000002,0.3923076923076923,0.5384615384615384,0.4461538461538462,-0.005821800818810098,0.0010350200946514416,5000
7,27,-0.253680419921875,-1.5776585036057693,-1.3239780836838944,0.0014606684908205138,-0.0014057145042344966,-0.004997182992788461,-0.003515625,2.6416475736177887,-0.9478232046274039,-3.5894707782451927,0.0007715090066884714,-0.00022121679912777298,-0.0014967698317307693,-0.0011718750000000002,1.8780048076914003e-07,0.0006591796875,-0.0034219125600961544,-0.0018310546875,-0.15625,2.392626953125,-0.0035004131610576928,-0.0033935546874999997,0.4,0.5307692307692308,0.43846153846153846,-0.007251676119290864,0.0002800762469951924,5000
7,28,-0.2519438288762019,-1.5770147235576923,-1.3250708946814904,0.001484202852927894,-0.0005834451233278153,-0.003260591947115384,-0.002734375,2.6431959885817307,-0.9462909405048077,-3.5894869290865383,0.0007739038711123967,-0.0010717013861734077,5.164513221153835e-05,0.00078125,-0.0010209773137019231,-0.0017578125,-0.003637977013221154,-0.0021484375,-0.15546875,2.4058593750000004,-0.003312237079326924,-0.001678466796875,0.4307692307692308,0.4461538461538462,0.4461538461538462,-0.006939554067758412,0.0003000230055588885,5000
7,29,-0.25534874549278846,-1.5779191706730769,-1.3225704251802886,0.0018418889485386724,-0.0017375392478804596,-0.0066655085637019225,-0.003662109375,2.6424322979266828,-0.9461930025540867,-3.588625300480769,0.0007465638624907868,0.00013398161766082207,-0.0007120455228365383,0.0,-0.0010291466346153846,-0.001025390625,-0.0052601975661057685,-0.003125,-0.16249999999999998,2.398193359375,-0.005953463040865386,-0.0046875,0.4,0.49230769230769234,0.43846153846153846,-0.010330244797926684,-0.0015401212252103445,5000
7,30,-0.2540933931790865,-1.578251201923077,-1.3241578087439903,0.0014106034645162155,-0.002291532062095824,-0.00541015625,-0.00234375,2.6425138033353366,-0.9469490872896635,-3.5894628906250006,0.0007389682322265108,-0.0005996007895835801,-0.0006305401141826923,-0.0013671875,-0.0015558330829326926,-0.0015625,-0.004913799579326923,-0.003125,-0.15703125,2.3972412109374996,-0.004779616135817308,-0.0015625,0.4076923076923077,0.5230769230769231,0.43846153846153846,-0.009091048020582932,-0.0004548457219050516,5000
7,31,-0.253245849609375,-1.5771334134615385,-1.3238875638521632,0.0014349293135177087,-0.001992290290245114,-0.004562612680288462,-0.0046875,2.6420146296574525,-0.9469498384915866,-3.588964468149038,0.0007724828886716573,-0.0010690298227798729,-0.0011297137920673074,-0.00078125,-0.0004052734374999999,-0.0015625,-0.0035840782752403844,-0.0018066406249999999,-0.1625,2.385498046875,-0.0034328988882211535,-0.0011718750000000002,0.38461538461538464,0.5230769230769231,0.46923076923076923,-0.007135303203876202,0.0003802278958834126,5000
8,0,-0.2522016789362981,-1.577791466346154,-1.325589787409856,0.0013906888677906724,-0.0019533912255963347,-0.0035184420072115383,-0.0023681640625,2.6430467810997595,-0.9458478252704328,-3.5888946063701925,0.0007363795572243624,-0.00010882088677703507,-9.756234975961537e-05,-0.001171875,-0.000856276292067308,0.000341796875,-0.00513531024639423,-0.003125,-0.1515625,2.397216796875,-0.0034208796574519236,-0.0020751953125,0.4153846153846154,0.5384615384615384,0.45384615384615384,-0.007615365835336537,0.0005092585637019206,5000
8,1,-0.2525584059495192,-1.5779942908653848,-1.3254358849158654,0.0013318007014500488,-0.0009217267046074548,-0.003875169020432692,-0.0015625,2.643936673677885,-0.9456971153846154,-3.5896337890625,0.0007129330263040322,-0.0010861569734486073,0.0007923302283653848,0.0017578125,-0.0005774864783653846,0.0,-0.0038323505108173073,-0.003009033203125,-0.15703125,2.394873046875,-0.004667499248798078,-0.0044921875,0.4,0.3923076923076923,0.4153846153846154,-0.008390169583834135,-0.0008911344088040879,5000
8,2,-0.2542098294771634,-1.578671123798077,-1.3244612943209135,0.0013972722051373177,-0.0024449527418946597,-0.0055265925480769236,-0.004296875,2.6426929649939903,-0.9465453162560096,-3.58923828125,0.0007301637008478942,-0.0009078992966322342,-0.00045137845552884604,-0.0005859375,-0.0011955378605769233,0.0,-0.004606464092548077,-0.003125,-0.1546875,2.3882080078125,-0.005075214092548077,-0.0034912109375,0.36153846153846153,0.5,0.4307692307692308,-0.008661827674278847,-0.0015918602576622631,5000
8,3,-0.25184626652644226,-1.5766376201923078,-1.3247913536658653,0.0014489464224043843,-0.0006285239234733239,-0.00316302959735577,-0.0015625,2.642741323617788,-0.9464015549879808,-3.589142878605769,0.0007376226775235361,-0.0006047121285072118,-0.00040301983173076945,-0.00078125,-0.0004156963641826922,0.0,-0.004470872145432693,-0.0025390624999999997,-0.1578125,2.3943847656250004,-0.002760009765625001,-0.00107421875,0.4307692307692308,0.5230769230769231,0.45384615384615384,-0.006502819354717548,0.0007934006911057628,5000
8,4,-0.25175189678485577,-1.576721003605769,-1.3249691068209135,0.0015083249548344091,-0.0003933616032126983,-0.0030686598557692307,-0.003515625,2.6418994140625003,-0.9465576171875,-3.58845703125,0.0007636125156274027,0.0004398531849893803,-0.0012449293870192306,-0.0015625,-0.00011530949519230807,0.0015625,-0.004675011268028846,-0.00390625,-0.15703125,2.390966796875,-0.0018237304687500004,-0.0015625,0.4461538461538462,0.5307692307692308,0.4846153846153846,-0.005926922137920674,0.0022157545823317305,5000
8,5,-0.25672607421875,-1.5813972355769228,-1.3246711613581732,0.002110169701467847,-0.002510099782870932,-0.008042837289663462,-0.0076171875,2.640604623647836,-0.9470091834435095,-3.5876138070913464,0.0007783436356305899,0.0003348926751539474,-0.002539719801682692,-0.0015625,0.00023512620192307678,0.0,-0.005464336688701922,-0.0033203125000000003,-0.15078124999999998,2.3931640625,-0.005503117487980769,-0.0065673828125,0.3230769230769231,0.5461538461538461,0.4,-0.010199340820312501,-0.000769524207481971,5000
8,6,-0.24162522536057687,-1.571669921875,-1.3300446965144233,0.001859726432046529,0.0022120138675441534,0.007058011568509616,0.0052734375,2.6424824406550487,-0.9471671236478366,-3.589649564302885,0.0007991257439028665,-0.0007533931469925305,-0.0006619027944711533,-0.0008300781250000001,-0.0007620943509615384,0.00078125,-0.004388052133413462,-0.0035888671875,-0.14921875,2.3854248046875,0.0077199143629807674,0.0076171875,0.6153846153846154,0.5076923076923077,0.6076923076923076,0.002004490778996395,0.013424119215745187,5000
8,7,-0.2547240271935096,-1.5774887319711537,-1.3227647047776443,0.0015107128216770198,-0.002042880501977702,-0.006040790264423077,-0.005078124999999999,2.642235858623798,-0.9471947303185096,-3.5894305889423075,0.0007691186058373487,-0.00027430003627057113,-0.0009084848257211539,0.0,-0.0019460824819711542,-0.0011718750000000002,-0.004047475961538461,-0.0015625,-0.15703125,2.397705078125,-0.005132305438701923,-0.005017089843749999,0.34615384615384615,0.4846153846153846,0.38461538461538464,-0.008791623629056491,-0.0013954209547776446,5000
8,8,-0.25165226862980766,-1.5768329326923076,-1.3251806640625,0.0015032002019289704,-9.057351528602526e-05,-0.0029690317007211543,-0.0028320312500000003,2.6430245267427885,-0.9463095327524039,-3.5893340594951915,0.0007616550227750713,-5.049981666787038e-05,-0.00011981670673076894,-0.0005859375000000001,-0.0010475510817307692,-0.0009765625,-0.00510967548076923,-0.00546875,-0.15781250000000002,2.3966796875,-0.0028492149939903853,-0.0028076171875,0.36153846153846153,0.5153846153846153,0.4230769230769231,-0.006670032207782453,0.0010715355506310093,5000
8,9,-0.2520905949519231,-1.5760546875,-1.323964092548077,0.0014198816094253164,-0.0011579123385201831,-0.0034073580228365383,-0.003125,2.642004018930289,-0.9467891751802886,-3.5887931941105773,0.0007420839563283388,0.00013492753679150192,-0.0011403245192307693,-0.0015625,-0.00042489858774038446,0.0,-0.003828406700721154,-0.002099609375,-0.153125,2.38427734375,-0.0022670335036057694,-0.0017578125,0.4230769230769231,0.5615384615384615,0.46923076923076923,-0.006116865891676683,0.001703871506911057,5000
8,10,-0.2522118201622596,-1.576965144230769,-1.3247533240685094,0.0014231465100341515,-0.0007223827091117095,-0.003528583233173077,-0.0029052734374999997,2.6414306640625,-0.9469242037259614,-3.5883548677884614,0.000715525147938063,0.00043796097755693995,-0.0017136793870192312,-0.00234375,-0.0004699707031250001,-0.00068359375,-0.0036939415564903842,-0.003515625,-0.15234375,2.3904296875,-0.0018149038461538463,-0.0014892578125,0.4153846153846154,0.5538461538461539,0.43846153846153846,-0.005378547081580529,0.0020148174579326904,5000
8,11,-0.253404541015625,-1.577684044471154,-1.324279503455529,0.001361123735243622,-0.0017869030068869698,-0.004721304086538461,-0.003125,2.6425242262620188,-0.9462392953725961,-3.588763521634615,0.0007388462874714633,-0.000389104052799538,-0.0006201171874999996,0.0,-0.001288780799278846,-0.00107421875,-0.005147986778846154,-0.0031982421875,-0.15234375,2.4007080078125,-0.0041011868990384615,-0.0031005859375,0.4230769230769231,0.4846153846153846,0.4076923076923077,-0.00845771202674279,0.00025804255558894203,5000
8,12,-0.250572509765625,-1.5763739483173078,-1.3258014385516825,0.0013174700278160906,0.00031619849699461073,-0.0018892728365384611,-0.00014648437500000002,2.6420654296875,-0.9465940504807693,-3.588659480168269,0.0007517546888073953,-0.00014795588112230453,-0.0010789137620192308,-0.0016601562500000002,0.00019315279447115389,0.0,-0.003717041015625,-0.00234375,-0.153125,2.38330078125,-0.000810359074519231,0.0009277343750000001,0.5,0.5538461538461539,0.5153846153846153,-0.0043927847055288466,0.0027682072566105765,5000
8,13,-0.25050105168269227,-1.577284405048077,-1.3267833533653846,0.0015137323683011633,0.0001325145580522951,-0.0018178147536057692,-0.0017578125,2.6437900954026445,-0.9465261606069711,-3.5903162560096153,0.00078215826899223,-0.0010998679856118242,0.0006457519531249999,0.0005615234375,0.00020949143629807706,-0.0015625,-0.003966815655048077,-0.002734375,-0.143359375,2.3993164062499996,-0.0024635667067307698,-0.002734375,0.4230769230769231,0.46923076923076923,0.43846153846153846,-0.006923274113581729,0.002096782977764423,5000
8,14,-0.25248497596153846,-1.577551081730769,-1.325066105769231,0.0014222667429439394,-0.0007421696629711392,-0.0038017390324519237,-0.003125,2.6434169358473554,-0.9460023850661058,-3.5894193209134615,0.0007380402172223267,-0.0006094407170826112,0.0002725923978365387,0.001025390625,-0.0009625713641826926,-0.00078125,-0.004283541165865385,-0.003125,-0.16015625,2.3886474609375,-0.004074331430288462,-0.0012451171875,0.4230769230769231,0.47692307692307695,0.46923076923076923,-0.007930734487680287,-0.00032132662259615414,5000
8,15,-0.25061025766225964,-1.5769275841346155,-1.3263173264723558,0.0013973850953064458,-0.00018762885581736756,-0.0019270207331730771,-0.0032958984375,2.6417841045673076,-0.9462890625,-3.588073167067308,0.0007781356812801051,-0.000648893184230959,-0.0013602388822115386,-0.0015625,-0.0003571965144230769,-0.0015625,-0.004279691256009616,-0.0015625,-0.16328125,2.38544921875,-0.0005667818509615386,-0.000390625,0.4076923076923077,0.5307692307692308,0.49230769230769234,-0.004504864032451924,0.0033989163912259528,5000
8,16,-0.26057870718149034,-1.5829319411057692,-1.3223532339242787,0.0020879240123400276,-0.0038720977886284504,-0.011895470252403846,-0.009112548828125,2.6433793757512016,-0.9473669433593749,-3.5907463191105773,0.0007314202234596242,-0.00033827810379617284,0.0002350323016826923,-0.0005859375000000001,-0.00026921198918269224,-0.0011718750000000002,-0.0032593712439903844,-0.0014404296875,-0.16953125,2.3947021484375,-0.012130502554086538,-0.0096435546875,0.3153846153846154,0.5076923076923077,0.35384615384615387,-0.01746197744516226,-0.006689164381760818,5000
8,17,-0.25167236328125,-1.5765459735576923,-1.3248736102764422,0.0013689794745230738,-0.0009540503324251766,-0.0029891263521634615,-0.0033203125,2.642033973106971,-0.9460252967247597,-3.588059269831731,0.00073421876673967,-0.00017940823085603957,-0.001110370342548077,0.0,0.00018385667067307698,0.000390625,-0.004283071664663462,-0.0027587890625,-0.153125,2.390380859375,-0.0018787560096153839,-0.0001953125,0.3923076923076923,0.4846153846153846,0.47692307692307695,-0.005680882380558893,0.0018351252629206722,5000
8,18,-0.2532264122596154,-1.5770673076923079,-1.3238408954326923,0.001336498466835268,-0.0018434318802832421,-0.0045431753305288465,-0.003125,2.643216271033654,-0.9469538762019231,-3.590170147235577,0.0007740794588390678,-0.0007582618436538049,7.192758413461509e-05,0.0001953125,-0.0005818997896634618,-0.00078125,-0.003161808894230769,-0.002099609375,-0.1578125,2.391650390625,-0.0046151029146634616,-0.00390625,0.4307692307692308,0.46153846153846156,0.4307692307692308,-0.008553624079777642,-0.0006310518704927891,5000
8,19,-0.24533475435697116,-1.572088341346154,-1.3267535869891827,0.0020403298074967184,0.001471722551760379,0.0033484825721153844,0.002490234375,2.6412877478966346,-0.9466509540264423,-3.5879387019230773,0.0007919140666343223,0.0003484257178726041,-0.0018565955528846154,-0.0015625,-0.000817589393028846,-0.0015625,-0.005409311147836538,-0.0043212890625,-0.15390625000000002,2.390478515625,0.005205078125000001,0.0029052734375,0.5769230769230769,0.5615384615384615,0.5846153846153846,0.0003501516488882218,0.010247349665715135,5000
8,20,-0.2510195688100961,-1.5762169471153846,-1.3251973783052884,0.0013298942103001391,-0.0009771444742005045,-0.0023363318810096147,0.0,2.642888653094952,-0.9462587327223557,-3.5891473858173075,0.0007607833128867427,-0.0008127131111801461,-0.00025569035456730763,0.00048828125,-0.0010521521935096154,-0.0008300781250000001,-0.0029323167067307693,-0.00078125,-0.153125,2.4043701171875,-0.0020806415264423075,0.0015625,0.4846153846153846,0.47692307692307695,0.5461538461538461,-0.005672760009765626,0.0012790339543269137,5000
8,21,-0.2525037560096154,-1.57744140625,-1.3249376502403847,0.001311322725219346,-0.0013429032600027304,-0.003820519080528845,-0.00484619140625,2.6424349271334133,-0.9477318396935096,-3.5901667668269233,0.0007437272517263778,-0.00040929554992546167,-0.000709416316105769,-0.00078125,-0.0016029710036057692,-0.0005859375000000001,-0.0038462477463942313,-0.0029296875,-0.15468749999999998,2.3922363281249996,-0.0031111027644230766,-0.00234375,0.4,0.5384615384615384,0.46923076923076923,-0.006542381873497596,0.0002572772686298066,5000
8,22,-0.25162071814903847,-1.5773392427884616,-1.3257185246394232,0.0014967449225245222,-0.0013257850421752456,-0.0029374812199519235,-0.001953125,2.643785588191106,-0.9463894418569712,-3.590175030048077,0.0007315796356283322,-0.0003775481343925204,0.0006412447415865385,0.0016601562500000002,0.0004633976862980768,0.0015625,-0.002187969501201923,-0.0010986328125,-0.152734375,2.39423828125,-0.0035787259615384613,-0.00089111328125,0.4461538461538462,0.46153846153846156,0.49230769230769234,-0.007719674917367787,0.0005799748347355766,5000
8,23,-0.25544837364783657,-1.5786328125,-1.3231844388521634,0.0015977101648229353,-0.002809133821449319,-0.00676513671875,-0.005078124999999999,2.6436235163762016,-0.946907207782452,-3.590530724158654,0.0007593805800213665,-0.00024145290108304197,0.0004791729266826921,0.00078125,-0.0007182429387019233,-0.00020751953125000002,-0.004379507211538462,-0.003125,-0.153125,2.400048828125,-0.0072443096454326925,-0.00625,0.35384615384615387,0.47692307692307695,0.34615384615384615,-0.010577866774338944,-0.004020885760967549,5000
8,24,-0.2528145658052885,-1.5767044771634615,-1.3238899113581728,0.0015685046781535128,-0.0009610882728463394,-0.004131328876201923,-0.002392578125,2.6424717360276446,-0.946070556640625,-3.588542292668269,0.0008016955110357066,-7.453030952583787e-05,-0.0006726074218749996,0.000439453125,0.0004919433593750001,0.000732421875,-0.0036561936598557693,-0.00302734375,-0.1640625,2.393994140625,-0.003458721454326923,-0.003125,0.4076923076923077,0.47692307692307695,0.43846153846153846,-0.00729236309344952,0.0004585665189302868,5000
8,25,-0.2528956956129808,-1.577920673076923,-1.3250249774639424,0.0014220973181302337,-0.0001373770158005224,-0.00421245868389423,-0.004150390625,2.641558743990385,-0.9469268329326923,-3.588485576923077,0.0007466878679340762,0.0012340246084255773,-0.0015855994591346153,-0.003125,-0.0016201547475961542,-0.0015625,-0.004612473707932692,-0.003173828125,-0.165625,2.396484375,-0.0026268592247596155,-0.0029296875,0.4,0.5692307692307692,0.4461538461538462,-0.006166668231670673,0.0010214444673978303,5000
8,26,-0.25200495793269234,-1.576583533653846,-1.324578575721154,0.0013957655388064543,-0.0006067780526924428,-0.0033217210036057686,-0.00234375,2.6444214806189903,-0.9463297213040865,-3.5907512019230774,0.0007599520595169897,-0.0007025138654348598,0.0012771371694711537,0.000146484375,-0.0009205979567307694,-0.00042724609375,-0.004991455078125,-0.00390625,-0.159375,2.3943359375,-0.004598858173076923,-0.0046875,0.43846153846153846,0.45384615384615384,0.4,-0.008306927020733173,-0.0008015042818509688,5000
8,27,-0.25386127178485574,-1.578720703125,-1.324859431340144,0.0014191363463955952,-0.00047056802181160757,-0.005178034855769231,-0.0030517578125,2.6425253530649035,-0.9459643554687499,-3.588489708533654,0.0007450908650847942,-0.000813885955712371,-0.0006189903846153847,-0.0005126953125,-0.0006746732271634615,-0.0014892578125,-0.003783146784855769,-0.00242919921875,-0.1625,2.3873046875000004,-0.004559044471153846,-0.00157470703125,0.38461538461538464,0.5076923076923077,0.4153846153846154,-0.008576077974759616,-0.0006129197340745232,5000
8,28,-0.2513835261418269,-1.5766924579326922,-1.3253089317908653,0.001394724590087345,-0.0003083878949668291,-0.0027002892127403846,-0.00146484375,2.642546668419471,-0.9462649301382212,-3.588811598557692,0.0007239438229880576,-0.00031874567529318704,-0.000597675030048077,0.0010498046875000002,-0.0006749549278846154,-0.00078125,-0.005255502554086538,-0.0029296875,-0.14921875,2.394189453125,-0.002102614182692308,-0.0022949218749999997,0.4153846153846154,0.45384615384615384,0.45384615384615384,-0.005884094238281249,0.0016510854867788404,5000
8,29,-0.25164654071514425,-1.5765354567307694,-1.3248889160156252,0.0014058389371147814,-0.0012172155267292008,-0.002963303786057692,-0.002545166015625,2.6445325646033657,-0.9468297400841347,-3.5913623046875003,0.0007879733187598242,-0.0009556010351331913,0.0013882211538461537,0.0015380859375000002,-6.225585937499996e-05,-0.00078125,-0.004691443810096154,-0.003125,-0.159375,2.397314453125,-0.004351524939903845,-0.00234375,0.4076923076923077,0.45384615384615384,0.45384615384615384,-0.008324570875901445,-0.0003748873197115437,5000
8,30,-0.2587933819110577,-1.5814731069711538,-1.3226797250600961,0.002228591049769346,-0.0022213588408311817,-0.010110144981971153,-0.00703125,2.6420748197115387,-0.9462830528846153,-3.588357872596154,0.0007877508765538286,-0.0006984350495985935,-0.0010695237379807693,-0.0015625,-0.0009636981670673074,-0.000390625,-0.004320819561298077,-0.0029296875,-0.153125,2.396533203125,-0.009040621243990386,-0.009179687499999999,0.35384615384615387,0.5538461538461539,0.36153846153846153,-0.01388142981896034,-0.00436274132361779,5000
8,31,-0.2528539100060096,-1.5762845552884615,-1.323430645282452,0.001971952176089435,-0.0026895513133306926,-0.004170673076923076,-0.005859375,2.642641977163461,-0.9462372295673077,-3.5888792067307693,0.0007692158817455808,-0.00031973587648232343,-0.0005023662860576923,-0.00068359375,-0.0012825833834134615,-0.0015625,-0.003343036358173077,-0.0015625,-0.16562500000000002,2.3905029296875,-0.0036683067908653845,-0.0074462890625,0.34615384615384615,0.5076923076923077,0.38461538461538464,-0.008309997558593749,0.001066910963792067,5000
9,0,-0.2513839956430289,-1.5779619891826924,-1.3265779935396635,0.001538648410128284,0.00027273625780323594,-0.0027007587139423073,-0.0021484375,2.644275465745192,-0.9464937650240385,-3.5907692307692307,0.0007535101577752986,-0.0007569292709443076,0.0011311222956730768,-0.000341796875,-0.0013268103966346157,-0.0015625,-0.003306509164663462,-0.0015625,-0.15234375,2.3935546875,-0.003831881009615385,-0.0015625,0.4153846153846154,0.5076923076923077,0.4307692307692308,-0.007953937237079326,0.00012896728515624274,5000
9,1,-0.2542098294771635,-1.5768314302884616,-1.3226216008112979,0.001623538905580772,-0.0012595632245941285,-0.005526592548076922,-0.0046630859375,2.6422124774639424,-0.9462622070312499,-3.5884746844951922,0.0007947002271341612,0.000842442288635086,-0.0009318659855769231,-0.0003662109375,-0.0007212477463942309,4.8828125e-05,-0.0032212477463942303,-0.00234375,-0.14921875,2.400244140625,-0.0045947265625,-0.0015625,0.36923076923076925,0.5076923076923077,0.45384615384615384,-0.008690293532151443,-0.0006162719726562519,5000
9,2,-0.25215839092548076,-1.5762537560096155,-1.3240953650841347,0.0014109483717883974,-0.0008680215521365642,-0.0034751539963942305,-0.0025390624999999997,2.6421794245793273,-0.9471726637620193,-3.5893520883413457,0.0007283089149705537,-0.0008395812725745021,-0.0009649188701923078,-0.000439453125,-0.0021657151442307687,-0.0015625,-0.0035602276141826926,-0.0028564453125,-0.153125,2.399365234375,-0.0025102351262019235,-0.0015625,0.4230769230769231,0.5076923076923077,0.45384615384615384,-0.005947364220252403,0.0010964519794170603,5000
9,3,-0.2530298790564904,-1.577443659855769,-1.324413780799279,0.0014311979755796014,-0.0014827452316163096,-0.0043466421274038465,-0.0046875,2.64324453500601,-0.9472580190805289,-3.5905025540865387,0.0007388781406659444,-0.0009691121842113846,0.00010019155649038455,0.000390625,-0.0014208045372596156,-0.00029296875,-0.0033850097656249996,-0.00390625,-0.14921875,2.386083984375,-0.004446833683894231,-0.0030761718750000003,0.4230769230769231,0.47692307692307695,0.4076923076923077,-0.008163635253906251,-0.0008564500075120222,5000
9,4,-0.25332050030048076,-1.5777749399038463,-1.3244544396033653,0.0013701421040909008,-0.00178478783313545,-0.0046372633713942304,-0.003125,2.642957857572115,-0.9459040715144231,-3.588861929086539,0.0007348528893818773,-0.0006731721630636302,-0.00018648587740384623,0.0,-0.0014674729567307689,-0.0008300781250000001,-0.0040196814903846155,-0.0032958984375,-0.15390625,2.38896484375,-0.0044507774939903854,-0.004541015625,0.4,0.4846153846153846,0.4153846153846154,-0.007872765174278847,-0.00099061232346755,5000
9,5,-0.2549186823918269,-1.5789272836538462,-1.3240086012620194,0.0015321154473757128,-0.0018781485751620272,-0.006235445462740384,-0.003466796875,2.641895188551683,-0.946929931640625,-3.588825120192308,0.0007561629593519139,-0.0010914745542833157,-0.0012491548978365383,-0.001513671875,-0.0017935884915865384,-0.0015625,-0.005093712439903846,-0.0044189453125,-0.15390625,2.39453125,-0.004986290564903846,-0.00322265625,0.36153846153846153,0.5538461538461539,0.4076923076923077,-0.009025709885817308,-0.0009562847430889458,5000
9,6,-0.25250563401442305,-1.5765459735576923,-1.3240403395432692,0.0013356527319976954,-0.0017327086003792792,-0.003822397085336539,-0.0031066894531250003,2.641301926832933,-0.9469676795372596,-3.588269606370192,0.0007043251298562783,-0.0006369985145188322,-0.0018424166165865385,-0.001611328125,-0.0009267953725961536,0.0,-0.0036091496394230773,-0.0030517578125,-0.15234375,2.386962890625,-0.0019799804687500003,-0.0011718750000000002,0.3923076923076923,0.5384615384615384,0.49230769230769234,-0.005490203857421876,0.0014674471341646618,5000
9,7,-0.25357806865985577,-1.5778816105769229,-1.3243035419170675,0.0013417332700402889,-0.002006051060418349,-0.00489483173076923,-0.0043701171875,2.641322397085337,-0.9472630896935097,-3.5885854867788463,0.000712907981749017,0.0001471512237555069,-0.001821946364182692,-0.0001953125,-0.0013379845252403848,-0.0010498046875000002,-0.00466289813701923,-0.0046875,-0.16484375,2.394482421875,-0.003072885366586538,-0.0026123046875,0.33076923076923076,0.5,0.4307692307692308,-0.00703716571514423,0.0010309307391826905,5000
9,8,-0.2510222919170673,-1.576912560096154,-1.3258902681790867,0.0014470359920420257,-0.00067579648268322,-0.0023390549879807694,-0.0009765625,2.6420092773437496,-0.9468706805889422,-3.588879957932692,0.0007913264749331863,0.00018579262565464653,-0.0011350661057692305,-0.0015625,0.0001253568209134615,0.0009765625,-0.0036742225060096153,-0.002197265625,-0.1578125,2.4009521484375,-0.0012039888822115384,-0.00218505859375,0.45384615384615384,0.5538461538461539,0.46923076923076923,-0.005059983473557693,0.002459810697115384,5000
9,9,-0.25155029296875,-1.5764610877403846,-1.3249107947716345,0.0015609437781354003,-0.000662624528010212,-0.0028670560396634615,-0.0013671875,2.6416675743689906,-0.9458594689002404,-3.5875270432692306,0.0008012491768949428,-7.092700154194818e-05,-0.001476769080528846,-0.0015625,-0.001510291466346154,-0.0015380859375,-0.0038608022836538465,-0.0024658203125,-0.1609375,2.391552734375,-0.0013902869591346154,0.0011718750000000002,0.4461538461538462,0.5538461538461539,0.5076923076923077,-0.005100715050330528,0.0023048729529747546,5000
9,10,-0.24959744966947114,-1.5759359975961538,-1.3263385479266827,0.0017713210691064842,0.00012195424360227827,-0.0009142127403846153,-0.0008789062499999999,2.6417698317307696,-0.9471341646634616,-3.588903996394231,0.0007507737595639982,-0.001131059267117011,-0.00137451171875,-0.0015625,-0.001009521484375,0.0005859375000000001,-0.0038379845252403838,-0.001953125,-0.15625,2.387109375,0.00046029897836538447,0.00054931640625,0.47692307692307695,0.5461538461538461,0.5153846153846153,-0.004240938626802883,0.005221388596754806,5000
9,11,-0.24294292743389423,-1.5717533052884614,-1.3288103778545672,0.0016466954420359863,0.002097134948212063,0.005740309495192307,0.0029296875,2.643915264423077,-0.9467138671875,-3.590629131610577,0.0007639412341229304,-0.0005481974523782829,0.0007709209735576922,0.00078125,-0.0019629845252403847,-0.0005859375000000001,-0.0037643667367788466,-0.003125,-0.1515625,2.393310546875,0.004969388521634616,0.0046875,0.5538461538461539,0.46153846153846156,0.5769230769230769,0.00011027644230769167,0.009926537146935092,5000
9,12,-0.25168419471153847,-1.5776975661057693,-1.3260133713942308,0.0012793469501233632,-0.0008759082549416992,-0.0030009577824519225,-0.0022949218749999997,2.6437407977764424,-0.9464004281850963,-3.5901412259615384,0.0007176743802184458,-0.0007085790706931277,0.0005964543269230769,0.001171875,-0.00039992112379807717,0.0,-0.0032614370492788456,-0.0025390624999999997,-0.15234375,2.3885498046875,-0.003597412109375001,-0.003125,0.4153846153846154,0.46153846153846156,0.4153846153846154,-0.007016571044921875,-0.000159583458533656,5000
9,13,-0.2532367412860577,-1.5772866586538463,-1.3240499173677884,0.0015150881229021491,-0.002361108367241712,-0.004553504356971155,-0.004046630859375,2.6426629169170672,-0.9458865121694712,-3.588549429086539,0.0006900266936941726,0.0003045474593990913,-0.000481426532451923,0.0008300781250000001,-9.202223557692324e-05,0.000732421875,-0.004278376652644231,-0.00234375,-0.14765625,2.3897216796875,-0.00407207782451923,-0.0024780273437499997,0.4,0.46153846153846156,0.45384615384615384,-0.008003565861628608,-0.0001873849722055309,5000
9,14,-0.2526726825420673,-1.576180138221154,-1.3235074556790862,0.0013928623332188958,-0.0011443197954099436,-0.00398944561298077,-0.0021728515624999997,2.641397423377404,-0.9461589167668268,-3.5875563401442307,0.0007387383590730278,-6.010251505586721e-05,-0.0017469200721153847,-0.00078125,-0.0015235314002403845,-0.000244140625,-0.003943810096153846,-0.003125,-0.15390625000000002,2.3917480468749996,-0.0022425255408653855,-0.0011718750000000002,0.4230769230769231,0.5153846153846153,0.47692307692307695,-0.005900916466346154,0.0014398850661057666,5000
9,15,-0.2517489858774038,-1.5767638221153846,-1.3250148362379808,0.0013538468235654642,-0.000989463800902744,-0.0030657489483173076,-0.001318359375,2.641179762620192,-0.9465662560096153,-3.5877460186298076,0.0007949463008326072,-0.0006385307990240774,-0.001964580829326923,-0.00234375,-0.0007646296574519229,0.0,-0.004566368689903846,-0.00302734375,-0.15390625000000002,2.392578125,-0.0011011681189903846,0.00048828125,0.4461538461538462,0.5307692307692308,0.5076923076923077,-0.00446710674579327,0.0021818965031550445,5000
9,16,-0.25285738431490384,-1.5781024639423078,-1.3252450796274038,0.0014067277053158554,-0.0006882735671913944,-0.004174147385817307,-0.002392578125,2.6412580754206734,-0.9470663686899039,-3.588324444110577,0.0007969807895645806,0.00013845161713968895,-0.0018862680288461535,-0.0015625,-0.001507380558894231,-0.001123046875,-0.003730750450721154,-0.0027099609375,-0.16015625,2.399462890625,-0.002287879356971154,-0.0025878906250000003,0.4153846153846154,0.5538461538461539,0.46153846153846156,-0.006336684006911058,0.0017176560621995187,5000
9,17,-0.252882080078125,-1.5788123497596154,-1.3259302696814903,0.0015037248470402605,-0.002412729512706269,-0.004198843149038461,-0.0046875,2.642796536959134,-0.94586669921875,-3.5886632361778843,0.0007528008655245362,-0.00039339718338999305,-0.0003478064903846153,-0.0011718750000000002,-0.0009310208834134616,-0.000634765625,-0.0023902306189903847,-0.0015625,-0.15078124999999998,2.399072265625,-0.003851036658653846,-0.0017578125,0.36923076923076925,0.5461538461538461,0.4230769230769231,-0.007597238393930288,-4.937744140625589e-05,5000
9,18,-0.2514317908653846,-1.5780746694711538,-1.3266428786057693,0.0015894340624045531,-0.0010336273189354899,-0.002748553936298077,-0.00234375,2.6435153432992786,-0.9470146296574519,-3.5905299729567304,0.0007588528045560382,-0.0007450110632512267,0.0003709998497596156,-0.00078125,-0.0006955190805288462,0.0,-0.003622013972355769,-0.00234375,-0.153515625,2.3994140625,-0.0031195537860576918,-0.002734375,0.4461538461538462,0.5230769230769231,0.4846153846153846,-0.007209132267878606,0.0009949904221754785,5000
9,19,-0.2527490234375,-1.5759622896634613,-1.3232132662259615,0.001956516828621978,-0.0016392527172373924,-0.0040657865084134616,-0.003857421875,2.640419640174279,-0.9467490797776441,-3.5871687199519227,0.0007726537033319945,0.00024140234481281973,-0.002724703275240385,-0.00234375,-0.0013114107572115385,-0.0015625,-0.004076585036057692,-0.003271484375,-0.14609375000000002,2.3972412109375,-0.001341083233173077,-0.001904296875,0.3923076923076923,0.5923076923076923,0.46153846153846156,-0.005595146766075722,0.003104792668269229,5000
9,20,-0.25274489182692317,-1.5773557692307691,-1.3246108774038463,0.0013315671433895004,-0.0010265586898346353,-0.004061654897836538,-0.0027832031249999997,2.641387000450721,-0.9460236065204327,-3.587410606971154,0.0007454157712241714,0.0005430029992537034,-0.0017573429987980773,-0.00234375,-0.0004981407752403841,-0.00029296875,-0.0034348707932692307,-0.00283203125,-0.15546875,2.389208984375,-0.0023043118990384616,-0.0009765625,0.4076923076923077,0.5692307692307692,0.46923076923076923,-0.006046367938701922,0.001458740234375,5000
9,21,-0.25350952148437494,-1.577410606971154,-1.3239010854867788,0.0013323981374679151,-0.00047506496466234293,-0.004826284555288463,-0.00380859375,2.642009840745192,-0.9476769080528846,-3.589686748798077,0.0007484404540827176,0.0005120574025696947,-0.0011345027043269233,-0.001953125,-0.00043222280649038485,0.0,-0.003842116135817308,-0.003125,-0.1515625,2.3925537109375,-0.003691781850961538,-0.0001220703125,0.34615384615384615,0.5307692307692308,0.49230769230769234,-0.0073521728515625,-0.00021680861253004904,5000
9,22,-0.2525011268028846,-1.5773099459134616,-1.3248088191105771,0.00138367304485262,-0.0014048967555484468,-0.003817889873798076,-0.0029296875,2.6424226262019235,-0.946988055889423,-3.589410682091346,0.0007483783308904613,-0.0007360592262888206,-0.0007217172475961535,-0.00068359375,-0.0006285682091346153,0.0,-0.004417724609375,-0.00234375,-0.1578125,2.393994140625,-0.003096172626201923,-0.00234375,0.4,0.5153846153846153,0.4307692307692308,-0.00649810791015625,0.00034291428786057174,5000
9,23,-0.25172128530649035,-1.5764483173076922,-1.324727032001202,0.001331680711118007,-0.0005650313777712916,-0.003038048377403846,-0.0025390624999999997,2.6422442157451917,-0.9468935922475961,-3.5891378079927887,0.000754630879305542,-0.00030921170986295763,-0.000900127704326923,-0.0001953125,-0.0012154447115384614,-0.000732421875,-0.003243314302884615,-0.001708984375,-0.159375,2.4007324218750004,-0.0021379206730769234,-0.0021728515625,0.3769230769230769,0.5,0.46153846153846156,-0.005750316913311297,0.0015861511230468672,5000
9,24,-0.2512075570913462,-1.5763070913461539,-1.3250995342548078,0.0014139551055770627,-0.0010992699606212574,-0.0025243201622596155,-0.002734375,2.6423770845853363,-0.9470824256310095,-3.589459510216346,0.000769597564114628,-0.00045175662138229614,-0.0007672588641826922,-0.000439453125,-0.0005860314002403848,0.0,-0.0036577899639423073,-0.0017578125,-0.15000000000000002,2.3975830078125,-0.0017570612980769228,-0.0014892578125,0.4230769230769231,0.5230769230769231,0.47692307692307695,-0.005454765906700721,0.0019338590181790854,5000
9,25,-0.2519823279747596,-1.5776194411057693,-1.3256371131310096,0.0013606186802572794,-0.00013012155142561513,-0.003299091045673077,-0.002734375,2.6426424466646634,-0.9464268141526442,-3.589069260817308,0.0007516315117858932,-0.0010522114103931127,-0.0005018967848557693,0.000390625,-0.001177978515625,-0.0015625,-0.003672532301682692,-0.002783203125,-0.15390625,2.388232421875,-0.002797194260817307,-0.0015625,0.4153846153846154,0.49230769230769234,0.45384615384615384,-0.006506591796875001,0.0009292532113882181,5000
9,26,-0.25483595628004807,-1.5776179387019231,-1.322781982421875,0.0017452470392310465,-0.00152579849980028,-0.0061527193509615385,-0.004736328125,2.641682974008414,-0.9467950908954326,-3.588478064903846,0.0007474928533074222,0.0002723838683477603,-0.0014613694411057692,-0.00078125,-0.0002162522536057693,0.000390625,-0.0044469275841346155,-0.00390625,-0.159375,2.3871337890625,-0.00469134990985577,-0.0018310546875,0.36923076923076925,0.5153846153846153,0.4461538461538462,-0.009414891169621393,-9.92267315204346e-05,5000
9,27,-0.2529987041766827,-1.578152794471154,-1.325154090294471,0.0013085534806857163,-0.0015869273309015752,-0.0043154672475961536,-0.0030517578125,2.6425076998197117,-0.9467677659254807,-3.5892754657451924,0.0007607579307602239,-0.0007802454885429517,-0.0006366436298076922,0.0,-0.0020592322716346152,-0.00068359375,-0.005232309194711539,-0.004052734375,-0.153125,2.3934814453125,-0.0036788236177884613,-0.0015625,0.36923076923076925,0.47692307692307695,0.46153846153846156,-0.007114675668569709,-0.00022166560246394398,5000
9,28,-0.2493186598557692,-1.5791353665865384,-1.3298167067307693,0.0020516526508368334,0.0013413427573014543,-0.0006354229266826926,-0.00072021484375,2.643242938701923,-0.9465944260817307,-3.5898373647836532,0.0008051107405941365,-0.0004986256175290981,9.859525240384605e-05,-0.00078125,-0.0004649000901442307,0.0,-0.004130483774038461,-0.0037109375,-0.1421875,2.388232421875,-0.0007340181790865387,0.0014892578125,0.47692307692307695,0.5153846153846153,0.5230769230769231,-0.005974609375000001,0.004488842303936297,5000
9,29,-0.2530345740685096,-1.5769553786057693,-1.3239208045372597,0.001352930071718786,-0.0014401372718523071,-0.004351337139423077,-0.002734375,2.64212655874399,-0.9468221341646634,-3.588948692908654,0.0007928444132607055,0.00024790129444153487,-0.0010177847055288462,0.000390625,-0.0013597693810096154,-0.0015625,-0.004521108774038462,-0.005444335937499999,-0.159375,2.4026123046875,-0.003333552433894231,-0.00283203125,0.4153846153846154,0.46923076923076923,0.4230769230769231,-0.007235990084134615,0.0005136812650240382,5000
9,30,-0.2528561636117789,-1.5766045673076925,-1.3237484036959133,0.0015524294099679412,-0.0020582188814695563,-0.004172926682692308,-0.00390625,2.642098200871394,-0.9465342360276442,-3.5886324368990383,0.000797450782820576,7.452664625485185e-05,-0.001046142578125,-0.0013671875,-0.001092529296875,3.662109375e-05,-0.004662428635817308,-0.0037109375,-0.16328125,2.3955078125,-0.0031267841045673084,-0.0030761718750000003,0.36153846153846153,0.5692307692307692,0.3923076923076923,-0.006725839468149038,0.00046911151592547967,5000
9,31,-0.2539697265625,-1.5761591045673076,-1.3221893780048075,0.0016587917884431911,-0.0025121254182646443,-0.0052864896334134616,-0.0046875,2.6430597393329327,-0.9460816368689904,-3.5891413762019235,0.000753884959785961,-0.0005027046951305719,-8.460411658653859e-05,0.0013427734375,-0.0016954627403846158,0.0,-0.004479604867788462,-0.0025390625,-0.159375,2.397216796875,-0.005201885516826922,-0.00447998046875,0.34615384615384615,0.4307692307692308,0.4,-0.00890948721078726,-0.0015636127178485638,5000
10,0,-0.251710205078125,-1.5780701622596154,-1.3263599571814904,0.0014752202803770208,-0.0020806653308449697,-0.0030269681490384614,-0.0015625,2.641813683143029,-0.9470692795973558,-3.588882962740385,0.0007300959679746197,-0.00020338666347445025,-0.0013306603064903847,0.0,-0.0005371093750000005,0.0,-0.004321758563701923,-0.003955078125,-0.15078124999999998,2.3927734375,-0.0016963078425480769,-0.0015625,0.4461538461538462,0.49230769230769234,0.47692307692307695,-0.0059248281625600965,0.002457195575420668,5000
10,1,-0.25406672551081727,-1.5774887319711537,-1.3234220064603366,0.0015709920322488208,-0.001469588110247883,-0.005383488581730769,-0.003125,2.6432030310997594,-0.9466429725060095,-3.5898460036057696,0.0007431102013728952,-0.0006430193702299077,5.8687650240384786e-05,0.0,-0.001314885066105769,-0.0005859375000000001,-0.004448993389423077,-0.0025878906250000003,-0.15703125,2.398583984375,-0.005442176231971154,-0.0031005859375,0.3769230769230769,0.4846153846153846,0.45384615384615384,-0.009466148963341345,-0.00140707397460938,5000
10,2,-0.25266282301682697,-1.5773264723557694,-1.324663649338942,0.0013583949778612557,-0.0013621711867568681,-0.003979586087740385,-0.003125,2.6428683706430287,-0.9460686786358173,-3.588937049278846,0.0007318388318045039,-0.0011682747498699582,-0.0002759728064903845,0.0,-0.00011230468749999991,0.0005615234375,-0.0033485764723557698,-0.0015625,-0.153515625,2.40087890625,-0.0037036132812500004,-0.003125,0.43846153846153846,0.4846153846153846,0.4153846153846154,-0.007083235520582934,-0.0002497675969050522,5000
10,3,-0.251903076171875,-1.577557842548077,-1.325654766376202,0.001382665767844217,-0.00032693973254692605,-0.003219839242788461,-0.00244140625,2.640982666015625,-0.9465225923978365,-3.5875052584134615,0.0007174258533947491,0.0013218430704952907,-0.002161677433894231,-0.0015625,-0.0017829777644230772,-0.00078125,-0.0035991962139423073,-0.002581787109375,-0.1484375,2.3929199218750004,-0.0010581618088942313,0.0001953125,0.4153846153846154,0.5461538461538461,0.5,-0.004974130483774039,0.0030268366887019234,5000
10,4,-0.2528505295973557,-1.5775443209134616,-1.3246937913161057,0.0013659707774566422,-0.0012608539350141615,-0.004167292668269231,-0.0046875,2.64245596078726,-0.9468833571213942,-3.5893393179086535,0.0007437135361723183,-0.0012042087743312467,-0.0006883826622596154,-9.765625e-05,-0.00045241135817307703,0.0,-0.003479097806490384,-0.0014160156250000002,-0.15,2.389697265625,-0.0034789100060096155,-0.001806640625,0.38461538461538464,0.5,0.4307692307692308,-0.006985769418569712,0.00011130464993989698,5000
10,5,-0.2531971153846154,-1.5775398137019232,-1.3243426983173077,0.0013624833328114375,-0.0011990439525627825,-0.004513878455528846,-0.003125,2.6418549053485574,-0.9461870868389423,-3.5880419921874998,0.0007352792176349319,-0.0009046435623216116,-0.0012894381009615388,-0.001220703125,-0.0013514122596153845,0.0,-0.0045634577824519235,-0.0033203125000000003,-0.15273437499999998,2.3927490234375,-0.0032244403545673072,-0.003466796875,0.4230769230769231,0.5538461538461539,0.4461538461538462,-0.006682396521935097,0.00023308621920071763,5000
10,6,-0.25203115609975957,-1.5769816706730768,-1.3249505145733174,0.0013250603945202811,-0.0009402876786611209,-0.0033479191706730768,-0.0015625,2.642849872295673,-0.9459812575120192,-3.5888311298076925,0.0007278510647698441,-2.855197385900023e-05,-0.00029447115384615395,-0.0011718750000000002,-6.629356971153837e-05,0.00078125,-0.0036165677584134616,-0.003125,-0.15234375,2.39033203125,-0.003053448016826923,-0.001953125,0.43846153846153846,0.5153846153846153,0.43846153846153846,-0.006621035062349759,0.0003837444598858139,5000
10,7,-0.2522798978365385,-1.5779326923076922,-1.325652794471154,0.0013533414931935098,-0.0016249482679752479,-0.0035966609074519233,-0.0017578125,2.642268442007212,-0.94610107421875,-3.5883695162259617,0.0007039099218657981,-0.00027875170313434235,-0.0008759014423076921,0.00146484375,-0.0007308255709134614,-0.00078125,-0.0030421799879807696,-0.001171875,-0.14921875,2.39033203125,-0.0027207594651442305,-0.00263671875,0.4076923076923077,0.4153846153846154,0.4461538461538462,-0.006547806959885817,0.0012594111515925452,5000
10,8,-0.2515290715144231,-1.5768967848557691,-1.3253677133413462,0.0013452068942253349,-0.0016333563605637016,-0.002845834585336539,-0.0009277343750000001,2.642557748647836,-0.9462684983473558,-3.588826246995193,0.0007279389968339127,-0.0008801087551769065,-0.0005865948016826922,0.001171875,-0.0005691293569711537,-0.0007690429687500001,-0.0037688739483173073,-0.0021484375,-0.15234375,2.3865722656250004,-0.0022592397836538464,-0.0013671875,0.46923076923076923,0.43846153846153846,0.4846153846153846,-0.006042147122896637,0.001519897460937498,5000
10,9,-0.2508054762620192,-1.576922325721154,-1.3261168494591344,0.0014810473624023268,-0.0007390909870818782,-0.002122239332932692,-0.0011718750000000002,2.6427473332331735,-0.9469735952524039,-3.589720928485577,0.0007709944926038506,-0.0005493772754450884,-0.000397010216346154,-0.00078125,-0.0011868990384615388,-0.00107421875,-0.0028260216346153843,-0.00078125,-0.16562500000000002,2.3905273437499996,-0.001725229116586539,-0.002099609375,0.46153846153846156,0.5230769230769231,0.46923076923076923,-0.005717149000901442,0.0024088674692007194,5000
10,10,-0.2546560434194712,-1.5778207632211538,-1.3231647198016827,0.001560284878723268,-0.0009354280292694322,-0.005972806490384615,-0.005908203125000001,2.6426622596153844,-0.9457643479567307,-3.5884266075721154,0.0007496958302197914,-0.00022835246436260295,-0.00048208383413461556,0.0015625,-0.00010573167067307714,-0.00048828125,-0.003045278695913461,-0.0026611328125,-0.15078125,2.402001953125,-0.00549072265625,-0.0046875,0.4076923076923077,0.4461538461538462,0.4076923076923077,-0.009614638108473558,-0.0013789907602163463,5000
10,11,-0.2525477013221154,-1.5781332632211538,-1.3255855618990386,0.0014811478580974947,-0.0009246083590030289,-0.003864464393028846,-0.00166015625,2.6434337439903848,-0.9466278545673077,-3.5900615985576922,0.0007581857369941387,-0.0007533154351621782,0.00028940054086538475,0.0005126953125,-0.0009000338040865384,0.0,-0.004311899038461539,-0.002734375,-0.16484375,2.386767578125,-0.004153864933894231,-0.0037109375,0.4230769230769231,0.47692307692307695,0.4230769230769231,-0.007568805401141824,-0.0007939007098858183,5000
10,12,-0.25251568134014424,-1.5774774639423077,-1.3249617826021636,0.001302076891164144,-0.001120285355773121,-0.003832444411057692,-0.0012451171875,2.64174297626202,-0.9467707707331731,-3.5885137469951918,0.0007284606373164417,-9.685180167405408e-05,-0.0014013671874999998,-0.001171875,-0.001142108623798077,-4.8828125e-05,-0.004109450120192308,-0.00244140625,-0.14921875,2.39873046875,-0.0024310772235576917,-0.00234375,0.4230769230769231,0.5307692307692308,0.4230769230769231,-0.00592564978966346,0.0010741389347956709,5000
10,13,-0.25293710561899035,-1.5774474158653846,-1.3245103102463942,0.0013196509776421822,-0.0009527475211461072,-0.004253868689903846,-0.00234375,2.6417775315504803,-0.9460026667668269,-3.587780198317308,0.0007262147051865009,-0.0006764415542607488,-0.0013668118990384616,0.0,-0.0005304424579326923,-0.0009765625,-0.0035462364783653845,-0.0015625,-0.1546875,2.390771484375,-0.0028870567908653843,-0.0030761718750000003,0.4230769230769231,0.49230769230769234,0.4,-0.006651019756610578,0.0008581613393930271,5000
10,14,-0.25268094576322114,-1.5774579326923077,-1.3247769869290866,0.0013147273532030464,-0.00216141892393713,-0.0039977088341346155,-0.00390625,2.6419157527043264,-0.9464774263822117,-3.5883931790865384,0.0007658396657107584,-0.0002856516200843403,-0.0012285907451923075,0.0,-0.0014066256009615382,-0.00078125,-0.003180119441105769,-0.0025634765625,-0.15234375,2.3937255859375,-0.0027691180889423085,-0.0015625,0.3769230769230769,0.4846153846153846,0.4461538461538462,-0.006213205190805291,0.0006560387244591348,5000
10,15,-0.2530669696514423,-1.5767037259615384,-1.3236367563100964,0.00130747408237759,-0.0013365749369115597,-0.004383732722355769,-0.0015625,2.642492206280048,-0.9467592210036059,-3.589251427283654,0.0007297822626145202,-0.0012631641276183202,-0.0006521371694711536,-0.0010498046875000002,-0.0007220928485576922,0.00078125,-0.004065880408653846,-0.00234375,-0.1484375,2.39296875,-0.0037315955528846156,-0.0015625,0.46153846153846156,0.5307692307692308,0.4153846153846154,-0.0073784109262319715,-0.0002265742375300494,5000
10,16,-0.25243098332331726,-1.5768847656250002,-1.3244537823016829,0.0013277331798229235,-0.002140121975398251,-0.0037477463942307693,-0.001806640625,2.642822735126202,-0.9457830341045674,-3.588605769230769,0.0007630649317078894,-0.0010647623359212653,-0.00032160832331730785,0.0009765625,-0.0009678297776442304,-0.00107421875,-0.0053421724759615385,-0.003466796875,-0.15703125,2.3953857421875,-0.0034261380709134617,-0.00234375,0.4153846153846154,0.43846153846153846,0.4153846153846154,-0.007466606727013223,0.0007447932316706705,5000
10,17,-0.2512547889122596,-1.577372295673077,-1.3261175067608173,0.0014819564556734016,-0.00023985300873997928,-0.0025715519831730773,-0.0015625,2.6397987717848563,-0.9469902155949519,-3.5867889873798076,0.0007300977703463551,0.0005451840406950728,-0.0033455716646634613,-0.0027832031249999997,2.38506610576925e-05,0.000390625,-0.0031034968449519234,-0.002734375,-0.1484375,2.391650390625,0.0007740196814903846,0.00046386718750000003,0.46153846153846156,0.5615384615384615,0.5076923076923077,-0.003280357947716345,0.0050694251427283645,5000
10,18,-0.2530109112079327,-1.5776968149038462,-1.3246859036959135,0.0014335138703835929,-0.0011299491302925585,-0.004327674278846153,-0.00267333984375,2.643540696364183,-0.9459991924579327,-3.5895398888221153,0.0007700208001371481,-0.001324034783780501,0.00039635291466346144,0.0,-0.0014537635216346151,-0.0021484375,-0.0032763671875000004,-0.00224609375,-0.14921875,2.4005859375,-0.004724027193509615,-0.00224609375,0.3923076923076923,0.49230769230769234,0.4461538461538462,-0.008569321852463941,-0.000847081111027645,5000
10,19,-0.2516302959735577,-1.5771544471153844,-1.325524151141827,0.0013233063324878168,-4.988342387289451e-05,-0.002947059044471154,-0.001708984375,2.6425866699218745,-0.9466039100060096,-3.5891905799278847,0.0007386566589315995,-0.0009981582394169909,-0.0005576735276442306,-0.00087890625,9.8876953125e-05,0.0,-0.003663893479567308,-0.0015625,-0.153125,2.398095703125,-0.0023893855168269232,-0.0021484375,0.4,0.5307692307692308,0.43846153846153846,-0.006016211876502403,0.0012565307617187487,5000
10,20,-0.253306884765625,-1.5782158954326924,-1.3249090106670671,0.0014008003763610664,-0.0023687050675322992,-0.004623647836538462,-0.00338134765625,2.6431720440204325,-0.9468441068209136,-3.5900161508413464,0.0007246164139960866,-0.0009664902123687711,2.7700570913461244e-05,0.0009765625,-0.0016861666165865383,-0.00126953125,-0.003838266225961539,-0.00322265625,-0.14765625,2.386181640625,-0.0046513484074519225,-0.00390625,0.4076923076923077,0.46923076923076923,0.3769230769230769,-0.008289452185997599,-0.0008918621356670684,5000
10,21,-0.25328594501201923,-1.5778861177884616,-1.3246001727764423,0.0014174627065098348,-0.0015830035602749965,-0.0046027080829326925,-0.003399658203125,2.6423407451923078,-0.946871619591346,-3.589212364783654,0.0007488579342194495,-0.000399622411846682,-0.0008035982572115381,0.0,-2.4132361778846036e-05,0.0,-0.004061936598557693,-0.003125,-0.15078125,2.3931640625,-0.0037991098257211535,-0.0030151367187500003,0.4230769230769231,0.46923076923076923,0.4307692307692308,-0.007396510197566105,-0.0004623014009915893,5000
10,22,-0.2526230093149039,-1.5775428185096154,-1.3249198091947116,0.0013886666185752392,-0.0012207685368184357,-0.003939772385817307,-0.00234375,2.6406455641526447,-0.9467425067608172,-3.587388070913462,0.0007424822600239862,0.0007313260334414438,-0.0024987792968749994,-0.0011718750000000002,-0.00237060546875,-0.0008300781250000001,-0.003545766977163462,0.0,-0.15625,2.38583984375,-0.0014409930889423075,-0.0011718750000000002,0.4153846153846154,0.5384615384615384,0.4461538461538462,-0.0050039461576021635,0.0021796522874098553,5000
10,23,-0.25189800555889424,-1.577176231971154,-1.3252782264122593,0.001393012999944462,-0.001294167095583111,-0.0032147686298076923,-0.001953125,2.6428719388521635,-0.946898944561298,-3.5897708834134616,0.0007323539310141725,-0.00036657524548162895,-0.0002724045973557689,-0.000390625,-0.0007087590144230769,0.0,-0.004194429837740384,-0.003662109375,-0.153125,2.3953125,-0.0029423640324519234,-0.0009765625,0.4307692307692308,0.5,0.47692307692307695,-0.006509115365835335,0.0005541851337139396,5000
10,24,-0.2533087627704326,-1.5773114483173079,-1.324002685546875,0.0016118057900795155,-0.002268784632997217,-0.004625525841346154,-0.00234375,2.6409018179086536,-0.9470661808894232,-3.587967998798077,0.0007580940449677561,0.0009002379164777478,-0.0022425255408653846,-0.0029296875,-0.0016044734074519228,-0.00078125,-0.0036715932992788464,-0.0015625,-0.1546875,2.39375,-0.002383000300480769,0.0012939453125000002,0.4461538461538462,0.5538461538461539,0.5076923076923077,-0.006588061992938699,0.0016236173189603286,5000
10,25,-0.24979651817908657,-1.576023888221154,-1.3262273700420675,0.001357277244880855,0.000779295488136231,-0.00111328125,-0.00146484375,2.6416752741887017,-0.9465488844651442,-3.5882241586538464,0.0007307887786403867,-0.00012207046182659842,-0.0014690692608173078,-0.001171875,-0.001645132211538462,-0.000341796875,-0.004352557842548076,-0.002734375,-0.1578125,2.389306640625,0.00035578801081730734,-0.00069580078125,0.4307692307692308,0.5153846153846153,0.4846153846153846,-0.0035260127140925475,0.004278869628906249,5000
10,26,-0.2542922738882211,-1.5788942307692306,-1.3246019568810095,0.0013440308617182547,-0.0024303169726917324,-0.005609036959134615,-0.004052734375,2.643554875300481,-0.9461724384014424,-3.589727313701923,0.0007509475023337218,-0.0012893389935061275,0.0004105318509615385,0.0,-0.0016262582632211539,-0.00234375,-0.0035401329627403845,-0.00185546875,-0.15859375,2.393115234375,-0.0060195688100961545,-0.00654296875,0.36923076923076925,0.45384615384615384,0.36153846153846153,-0.009393399752103366,-0.002593538724459138,5000
10,27,-0.2530874399038462,-1.5774737079326921,-1.324386268028846,0.001476989775014823,-0.001036423230327488,-0.0044042029747596145,-0.003662109375,2.6417177170973556,-0.946122577373798,-3.587840294471154,0.0007760636869030147,-0.0008103656511755669,-0.0014266263521634619,-0.0015625,-0.0008005934495192309,-0.0009033203125,-0.0041040039062500006,-0.0021484375,-0.15,2.3990234375,-0.0029775766225961535,-0.0037109375,0.38461538461538464,0.5384615384615384,0.4307692307692308,-0.006745920034555291,0.0009342087965745179,5000
10,28,-0.2523929537259615,-1.5775465745192307,-1.3251536207932693,0.0013743974338782678,-0.0013788884583180495,-0.0037097167968750005,-0.003515625,2.642512676532452,-0.9465704815204328,-3.5890831580528846,0.0007457804906151808,0.000400206572157442,-0.0006316669170673077,0.0,-0.001632831280048077,-0.000244140625,-0.005003380408653847,-0.0029296875,-0.153125,2.392529296875,-0.003078049879807692,-0.0049072265625,0.3923076923076923,0.46153846153846156,0.4230769230769231,-0.0067771629920372585,0.0006443669245793257,5000
10,29,-0.2534527118389423,-1.5775668569711538,-1.3241141451322116,0.0013948874558523088,-0.0015437386285155267,-0.004769474909855769,-0.004589843749999999,2.6415871018629806,-0.9465574293870193,-3.58814453125,0.0007237754566189456,-0.00043407933199366734,-0.001557241586538462,-0.0016845703125,-0.0005255596454326922,0.0007568359374999999,-0.0042364971454326925,-0.0029296875,-0.15000000000000002,2.3890625,-0.0032122333233173084,-0.00146484375,0.38461538461538464,0.5769230769230769,0.4461538461538462,-0.006905092679537261,0.00046081777719350907,5000
10,30,-0.2514568622295673,-1.577333233173077,-1.3258763709435095,0.0013832682852329406,-0.0006961014101948184,-0.002773625300480769,-0.000390625,2.6420858060396637,-0.9470551945612982,-3.589141000600961,0.0007269614536406393,-0.00048220355702750144,-0.0010585374098557694,-0.00078125,-0.0008701735276442307,0.0,-0.0038898174579326916,-0.00302734375,-0.15000000000000002,2.396435546875,-0.001715087890625,-0.001861572265625,0.47692307692307695,0.5153846153846153,0.46923076923076923,-0.0055348909818209125,0.0021903709998497534,5000
10,31,-0.2524758676382211,-1.5776442307692307,-1.3251683631310096,0.0013078991823070414,-0.0014333976069826598,-0.0037926307091346156,-0.00146484375,2.642058293269231,-0.9460633263221154,-3.5881216195913463,0.0007541899088953892,-0.0007564732627144186,-0.0010860501802884615,0.0,-0.0025407527043269226,-0.0029296875,-0.005239821213942308,-0.003125,-0.15,2.39111328125,-0.0027065805288461536,-0.00189208984375,0.4461538461538462,0.4846153846153846,0.45384615384615384,-0.006353142371544472,0.0010647559532752397,5000
11,0,-0.2515876652644231,-1.5771311598557693,-1.325543494591346,0.0013015734956471556,-0.0005409777736943837,-0.0029044283353365386,-0.00078125,2.643063495342548,-0.9465398700420673,-3.5896033653846153,0.0007564866471438293,-0.0010462070914581706,-8.084810697115387e-05,-0.001220703125,-0.0013146972656250002,-0.0009765625,-0.004088416466346154,-0.0025390624999999997,-0.1515625,2.38896484375,-0.0028235802283653848,-0.0001953125,0.46153846153846156,0.5384615384615384,0.4846153846153846,-0.00655109112079327,0.0009564326359675478,5000
11,1,-0.2517151817908654,-1.5773317307692307,-1.3256165489783656,0.0012928087604955811,-0.0007202169492884712,-0.003031944861778846,-0.0013916015625,2.641973501352163,-0.9466544283353364,-3.5886279296874997,0.0007342732156622733,-0.0004874751574350401,-0.0011708420973557693,-0.0013671875,-0.0008543982872596151,-0.001123046875,-0.004125037560096154,-0.001708984375,-0.147265625,2.390673828125,-0.0018611027644230768,-0.00162353515625,0.43846153846153846,0.5076923076923077,0.46153846153846156,-0.005305894118088943,0.0018051663912259609,5000
11,2,-0.2509992863581731,-1.5769658954326924,-1.3259666090745192,0.0013501914774274094,-0.00025528483624034844,-0.0023160494290865386,-0.0015625,2.64213388296274,-0.946132342998798,-3.5882662259615388,0.0007840212882085776,-0.00020572076429949896,-0.001010460486778846,-0.00107421875,-0.0011348783052884611,-0.0011718750000000002,-0.0039883188100961545,-0.00390625,-0.151953125,2.389404296875,-0.0013055889423076923,-0.0011718750000000002,0.4307692307692308,0.5230769230769231,0.46153846153846156,-0.005059375469501201,0.002553901085486779,5000
11,3,-0.25345102163461536,-1.5783608774038462,-1.3249098557692307,0.0014102775943337401,-0.0014555383891742915,-0.004767784705528846,-0.003436279296875,2.642151160606971,-0.9464114145132212,-3.5885625751201924,0.0007704655574056035,-0.000343005251736192,-0.0009931828425480767,-0.0005859375000000001,-0.0005952336237980764,-0.00078125,-0.0037985464242788463,-0.002685546875,-0.15703125,2.395556640625,-0.0037746018629807687,-0.001953125,0.38461538461538464,0.5076923076923077,0.4461538461538462,-0.007194563645582932,-0.00029757690429687753,5000
11,4,-0.2522930438701923,-1.577313701923077,-1.3250206580528847,0.0013483982046015252,-0.00021689985890070552,-0.0036098069411057694,-0.003125,2.641650766225962,-0.9468378155048077,-3.5884885817307692,0.0007606491215443554,-0.0003672424295329703,-0.001493577223557692,-0.0003662109375,-0.0014145132211538464,-9.765625e-05,-0.003229041466346154,-0.0015625,-0.15781250000000002,2.3941406250000004,-0.0021162297175480772,-0.000439453125,0.43846153846153846,0.5,0.49230769230769234,-0.0059410470815805284,0.0016397047776442308,5000
11,5,-0.25191509540264423,-1.5776832932692308,-1.3257681978665867,0.0012297962009896204,-0.001146775852227085,-0.0032318584735576924,-0.00302734375,2.643305100661058,-0.946608135516827,-3.5899132361778854,0.0007473444324366976,-0.001136317123571056,0.0001607572115384615,9.765625e-05,-7.296048677884604e-05,-0.0001708984375,-0.0035252028245192305,-0.00263671875,-0.15546875,2.393017578125,-0.0033926156850961537,-0.003125,0.4076923076923077,0.46153846153846156,0.4307692307692308,-0.006961608886718752,0.00022252478966345893,5000
11,6,-0.2547242149939904,-1.579556790865385,-1.3248325758713941,0.0014261635915596526,-0.0018001314562166623,-0.006040978064903846,-0.00439453125,2.642879450871394,-0.9456418081430288,-3.588521259014423,0.0007113397310263124,-0.000830975336994024,-0.00026489257812499994,-0.0013427734375,-0.001374042217548077,0.0,-0.0039891639122596155,-0.0017578124999999998,-0.1578125,2.3887695312500004,-0.005776085486778846,-0.004589843749999999,0.3769230769230769,0.5307692307692308,0.4230769230769231,-0.009501723069411059,-0.0020259657639723587,5000
11,7,-0.25224384014423074,-1.5771311598557693,-1.3248873197115387,0.0013614444557948008,-0.0006298264425555242,-0.003560603215144231,-0.001605224609375,2.6423569899338943,-0.9466401554987981,-3.588997145432692,0.0007043912012028738,-4.974365603820628e-05,-0.000787353515625,0.0,-0.0020498422475961537,-0.0015625,-0.004861684945913462,-0.002978515625,-0.15,2.3958984374999996,-0.0027732496995192305,-0.0022216796875,0.46153846153846156,0.47692307692307695,0.4230769230769231,-0.006415945199819713,0.0011182462252103354,5000
11,8,-0.2522041203425481,-1.5774894831730768,-1.3252853628305288,0.0014126437243914963,-0.0010584265573747738,-0.003520883413461538,-0.0015625,2.642994196965144,-0.946548321063702,-3.5895425180288463,0.0007398679987578238,-0.0008382604450745774,-0.00015014648437500005,0.0001953125,-0.0009280160757211538,-0.00078125,-0.0036916879507211536,-0.003759765625,-0.15703125,2.3921875000000004,-0.003370736929086538,-0.0020751953125,0.38461538461538464,0.46153846153846156,0.4461538461538462,-0.00694898399939904,0.0002156653771033618,5000
11,9,-0.2532022798978365,-1.5777351262019232,-1.3245328463040866,0.0014291573921747583,-0.001193948341803194,-0.00451904296875,-0.0016601562500000002,2.642553241436298,-0.9460953463040865,-3.588648587740385,0.0007199132825609127,-0.0012087610589433199,-0.0005911020132211537,-0.00078125,-0.0015273813100961538,-0.0015625,-0.004075458233173077,-0.003125,-0.1515625,2.39482421875,-0.003927940955528847,-0.002734375,0.4,0.5230769230769231,0.4153846153846154,-0.0073893456092247595,-0.0005187424879807726,5000
11,10,-0.2503466796875,-1.576630108173077,-1.326283428485577,0.0015648481039438262,-0.0008177141052657605,-0.0016634427584134614,0.0,2.6417453237680286,-0.9469182880108172,-3.5886636117788457,0.0007735660705181222,0.0008561876736105438,-0.0013990196814903846,-0.0001953125,-0.0009075458233173075,0.0,-0.004754450871394231,-0.003125,-0.15390625,2.3965576171875,-0.000264423076923077,0.0013671875,0.47692307692307695,0.5,0.5307692307692308,-0.004678631122295674,0.004155393160306488,5000
11,11,-0.25292208158052887,-1.577879356971154,-1.324957275390625,0.001454190467036694,-0.0014842263350422949,-0.004238844651442308,-0.0028320312500000003,2.6426323993389422,-0.9471591421274038,-3.5897915414663464,0.0007518981913162602,-0.000712567769167056,-0.0005119441105769229,-0.0011718750000000002,-0.0010928109975961537,-0.0013671875,-0.003212233323317308,-0.00263671875,-0.14882812499999998,2.3868164062500004,-0.003726900540865385,-0.0021484375,0.36923076923076925,0.5384615384615384,0.4461538461538462,-0.007121539776141826,-0.0003745375413161076,5000
11,12,-0.25305804912860574,-1.578115985576923,-1.325057936448317,0.0013494503536033682,-0.0014046105516061721,-0.004374812199519231,-0.0015625,2.6420896559495195,-0.9468594125600961,-3.5889490685096157,0.0007089306764369538,0.0011366913271273335,-0.0010546875,-0.00013427734375,-0.0002913724459134614,-0.0005126953125,-0.003759108323317308,-0.0013671875,-0.1546875,2.393408203125,-0.0033201246995192306,-0.0017578125,0.4461538461538462,0.5,0.4461538461538462,-0.007125939002403845,0.00046382023737980314,5000
11,13,-0.2544640174278846,-1.5787484975961539,-1.3242844801682692,0.0014212311810784758,-0.001984770550687793,-0.005780780498798077,-0.00390625,2.6425513634314903,-0.9461982609675481,-3.588749624399038,0.0007409671531727842,0.0002687243335125033,-0.0005929800180288459,-0.00087890625,0.00013465294471153838,0.0006103515625,-0.004598388671875,-0.0041015625,-0.15234375,2.396875,-0.005187800480769232,-0.0046875,0.35384615384615387,0.5076923076923077,0.4,-0.008654315655048078,-0.001772843580979574,5000
11,14,-0.25147921048677885,-1.577568359375,-1.3260891488882212,0.0014370657683676232,-0.0007802485646908159,-0.0027959735576923075,-0.0013427734375,2.6425007512019225,-0.9462173227163463,-3.588718073918269,0.0007704015388646043,-0.0009198808341154875,-0.0006435922475961537,-0.0007568359375,-0.0016056941105769228,-0.001953125,-0.004072829026442308,-0.0017822265625,-0.15078125,2.3917480468749996,-0.0021523813100961537,-0.000732421875,0.45384615384615384,0.5153846153846153,0.47692307692307695,-0.0061037973257211525,0.0018652437650240386,5000
11,15,-0.2521821476862981,-1.5781467848557693,-1.3259646371694709,0.0013787506942217304,-4.02606049754318e-05,-0.003498910757211538,-0.0015625,2.642705641526442,-0.9467640099158654,-3.5894696514423075,0.0007718765146604764,-0.0003344740803968546,-0.0004387019230769229,-0.00078125,-0.0014206167367788462,-0.00078125,-0.004670410156249999,-0.003125,-0.153125,2.4005371093749996,-0.0030602088341346156,-0.0015625,0.46923076923076923,0.5230769230769231,0.4307692307692308,-0.007074946476862982,0.0009622380183293242,5000
11,16,-0.25327326847956727,-1.5774924879807692,-1.324219219501202,0.0014453124961208113,-0.0018059223565010038,-0.00459003155048077,-0.003173828125,2.6419556603064906,-0.9461858661358172,-3.5881415264423073,0.0007360508118221747,-0.0003021377293780273,-0.001188683143028846,-0.0011718750000000002,-0.0019207294170673077,-0.00078125,-0.004369929387019231,-0.003515625,-0.153125,2.401318359375,-0.003401348407451923,-0.00400390625,0.3769230769230769,0.5384615384615384,0.4230769230769231,-0.007420973557692306,0.0006731403057391803,5000
11,17,-0.2535690542367789,-1.5783330829326925,-1.3247640286959137,0.0013732964540954602,-0.0014054896032902173,-0.004885817307692307,-0.0046875,2.642343468299279,-0.9466949932391827,-3.589038461538462,0.0007156151140618527,-0.0010357027014543572,-0.000800875150240385,-0.000390625,-0.00047090970552884594,-0.0007568359375,-0.005459641676682693,-0.003125,-0.14687499999999998,2.399658203125,-0.004084942157451922,-0.00283203125,0.36153846153846153,0.5,0.4153846153846154,-0.007808415339543269,-0.0003974022498497607,5000
11,18,-0.2513737605168269,-1.577390324519231,-1.326016564002404,0.0013514693331714493,-2.4507590531139374e-05,-0.002690523587740385,-0.001513671875,2.6415847543569706,-0.9466112342247597,-3.5881959885817305,0.0007651103734553042,0.00023943743892807374,-0.001559589092548077,-0.001953125,-0.0020329402043269226,-0.0011718750000000002,-0.0037130972055288464,-0.0015625,-0.153125,2.3840087890625004,-0.0011309344951923083,-0.0021484375,0.4230769230769231,0.5384615384615384,0.45384615384615384,-0.004743326040414665,0.0024711749737079316,5000
11,19,-0.2505594576322116,-1.5775954026442307,-1.3270359450120193,0.0015972519270844904,0.0007924317147695317,-0.001876220703125,-0.0017578124999999998,2.644197246844952,-0.9461426720252404,-3.5903399188701925,0.0007907530959952908,-0.001371547521023019,0.0010529033954326922,0.0015625,-0.0013885967548076924,-0.0013671875,-0.002826491135817308,-0.0015625,-0.15,2.398291015625,-0.0029291240985576932,-0.00322265625,0.4461538461538462,0.3923076923076923,0.4230769230769231,-0.006849384014423075,0.0013557880108173023,5000
11,20,-0.2540738619290865,-1.579050480769231,-1.3249766188401444,0.0015148809410286102,-0.0017483149264381128,-0.005390625,-0.003125,2.6429998309795675,-0.9458155235877403,-3.5888153545673083,0.0007136135088696297,-0.000417781401391914,-0.00014451246995192296,0.0,-0.0012732872596153849,-0.0015625,-0.003791316105769231,-0.002880859375,-0.15781250000000002,2.38251953125,-0.005246112530048077,-0.00390625,0.36153846153846153,0.4846153846153846,0.3923076923076923,-0.008968090350811296,-0.0015563753568209188,5000
11,21,-0.2529266826923077,-1.5778485576923078,-1.324921875,0.0014127073321770006,-0.0004571113759938901,-0.004243445763221153,-0.0033203125,2.6414224947415863,-0.9459558105468749,-3.5873783052884614,0.000748325297072315,-0.00017565020319546156,-0.0017218487079326918,-0.0018798828125,-7.943960336538437e-05,0.0,-0.004863187349759616,-0.00302734375,-0.153125,2.3912353515625,-0.0025215970552884613,-0.0018554687500000001,0.4,0.5307692307692308,0.46153846153846156,-0.005897714468149039,0.0010001244178185081,5000
11,22,-0.24722496619591341,-1.574811448317308,-1.3275864821213943,0.001592546395374472,-0.0012795535489061385,0.001458270733173077,0.0009521484375,2.6409029447115384,-0.9452366286057692,-3.586139573317308,0.0007556482637036441,6.518926466145446e-05,-0.002241398737980769,-0.001611328125,-0.0011365685096153847,0.0,-0.0037080265925480776,-0.0018798828125,-0.149609375,2.3990966796875,0.003699669471153847,0.002392578125,0.5384615384615384,0.5615384615384615,0.5538461538461539,-0.0006525456355168275,0.00798733285757211,5000
11,23,-0.2555470628004808,-1.5795019531249999,-1.3239548903245193,0.0015063805159998976,-0.0021753130081158074,-0.00686382587139423,-0.00322265625,2.642988844651442,-0.946041729266827,-3.589030573918269,0.0007673063858087553,-0.0011621619526067475,-0.00015549879807692305,0.00048828125,-0.0005911020132211538,0.0,-0.004206167367788461,-0.0041015625,-0.15078125,2.397509765625,-0.006708327073317307,-0.00546875,0.36153846153846153,0.4461538461538462,0.3923076923076923,-0.010398862398587738,-0.0030786132812500016,5000
11,24,-0.25327232947716344,-1.5784803185096152,-1.3252079890324522,0.0013944888082868321,-0.00150187046324847,-0.004589092548076922,-0.00390625,2.641229060246394,-0.9463103778545673,-3.5875394381009613,0.000729264185450545,0.0010170600559453753,-0.0019152832031250004,-0.00234375,-1.1549729567307757e-05,-0.0004638671875,-0.004177152193509615,-0.0015869140625,-0.14921875,2.3917480468749996,-0.002673809344951923,-0.0008789062499999999,0.36923076923076925,0.5461538461538461,0.47692307692307695,-0.0063056452824519224,0.0009199430025540847,5000
11,25,-0.2561939415564904,-1.5798204627403847,-1.3236265211838945,0.0014830389040404349,-0.0025402212778844902,-0.007510704627403847,-0.0080078125,2.6418853290264424,-0.9471035531850961,-3.588988882211538,0.0007401424149989737,0.0008683202775470838,-0.0012590144230769228,-0.00068359375,-0.002327599158653846,-0.0016601562500000002,-0.004382981520432693,-0.003125,-0.15625,2.3905517578125,-0.006251690204326924,-0.00625,0.35384615384615387,0.5153846153846153,0.36923076923076925,-0.010209594726562498,-0.0022719538762019232,5000
11,26,-0.25232590895432694,-1.577978515625,-1.3256526066706733,0.001457270941656509,-0.0019899356393196783,-0.003642672025240385,-0.0015625,2.6429225510817305,-0.9458740234375,-3.588796574519231,0.0007920573288975087,-0.0006322487270556579,-0.0002217923677884617,0.001171875,-0.0007503568209134616,-0.001513671875,-0.003286320612980769,-0.0016601562500000002,-0.15703125,2.391357421875,-0.003420879657451923,-0.0027587890625,0.46153846153846156,0.46923076923076923,0.4307692307692308,-0.0073264535757211514,0.0004120577298677857,5000
11,27,-0.25251878004807693,-1.5777276141826924,-1.3252088341346153,0.0014127133267637071,-0.0019144500603833145,-0.0038355431189903842,-0.002099609375,2.6419137807992787,-0.9468072979266826,-3.588721078725962,0.000769506479130406,-2.0835948517415842e-05,-0.0012305626502403843,-0.0011718750000000002,0.00014977088341346133,0.0005859375000000001,-0.004495474008413462,-0.00419921875,-0.14921875,2.394677734375,-0.002604980468750001,-0.00047607421875000004,0.4307692307692308,0.5076923076923077,0.46923076923076923,-0.006383493276742789,0.0013252422626201918,5000
11,28,-0.2523569899338942,-1.5772438401442308,-1.3248868502103366,0.0013714736770464695,-0.0006073344486960154,-0.0036737530048076925,-0.00244140625,2.6419776329627402,-0.946268310546875,-3.5882459435096155,0.0007260964300442696,-0.0008609378404847765,-0.0011667104867788467,-4.8828125e-05,-0.0001864858774038464,0.0,-0.0042953725961538455,-0.0029296875,-0.15859375,2.385009765625,-0.002507042518028846,-0.0017578125,0.4307692307692308,0.5,0.46153846153846156,-0.0059714942345252394,0.000866119384765624,5000
11,29,-0.2518782865084135,-1.5771852463942309,-1.3253069598858171,0.0013723990029696816,-0.0010228119729849305,-0.0031950495793269225,-0.0015625,2.641199669471154,-0.9466781850961538,-3.587877854567308,0.0007549031977865882,0.0010313523232548904,-0.0019446739783653846,-0.0009765625,-0.00010911207932692339,0.000439453125,-0.0038966721754807696,-0.00234375,-0.153125,2.3921142578125,-0.0012503756009615385,-0.0018798828125,0.43846153846153846,0.5230769230769231,0.47692307692307695,-0.005152639535757212,0.0028229651817908634,5000
11,30,-0.25304837740384617,-1.5774549278846155,-1.3244065504807692,0.001385424474749603,-0.003083483128381964,-0.004365140474759615,-0.00322265625,2.6414538574218747,-0.9462027681790864,-3.587656625600961,0.0007306051276872009,-0.00022017984616390956,-0.0016904860276442312,-0.0005859375000000001,-0.0007191819411057694,-0.001025390625,-0.0036457707331730765,-0.001123046875,-0.15546875,2.378076171875,-0.0026746544471153845,-0.003271484375,0.38461538461538464,0.5076923076923077,0.4461538461538462,-0.0065512061485877415,0.0011935917780949515,5000
11,31,-0.2528976675180289,-1.5778748497596156,-1.3249771822415866,0.0013194708674053493,-0.0027545497391664054,-0.004214430588942308,-0.0014160156250000002,2.6440412785456733,-0.9457795597956731,-3.5898208383413457,0.0007556751395548191,-0.001880161742014332,0.0008969350961538459,0.0015625,-0.002101487379807692,-0.001953125,-0.004205040564903846,-0.003515625,-0.15000000000000002,2.392919921875,-0.005111365685096154,-0.002197265625,0.43846153846153846,0.43846153846153846,0.4307692307692308,-0.0091654052734375,-0.0010425790640024083,5000
12,0,-0.25298743614783653,-1.5786666165865384,-1.3256791804387018,0.0013566466150647762,-0.0014897841523939049,-0.00430419921875,-0.003173828125,2.6427015099158657,-0.9462438025841347,-3.5889453125000004,0.0007739266293275832,0.00014089943035137297,-0.00044283353365384584,-0.000390625,-0.0010683969350961538,-0.00068359375,-0.004594444861778846,-0.003125,-0.15781250000000002,2.392333984375,-0.0038613656850961546,-0.002685546875,0.36923076923076925,0.5,0.4461538461538462,-0.007708571213942307,0.00014526836688701645,5000
12,1,-0.25444204477163457,-1.5786673677884617,-1.3242253230168268,0.001370465010344589,-0.0021906883174592686,-0.005758807842548077,-0.003515625,2.6423860990084136,-0.9469599797175481,-3.5893460787259617,0.0007084435265305327,-0.00020164965728947104,-0.0007582444411057694,-0.0015625,-0.0012677471454326922,-0.000537109375,-0.004092360276442307,-0.0015625,-0.15390625000000002,2.401708984375,-0.005000563401442308,-0.0030761718750000003,0.36923076923076925,0.5384615384615384,0.45384615384615384,-0.008802102895883415,-0.0012079632098858182,5000
12,2,-0.2540700120192308,-1.5784149639423075,-1.324344951923077,0.001407720016964934,-0.001590436880540686,-0.0053867750901442305,-0.003125,2.6428564453125,-0.9468028846153845,-3.5896593299278843,0.0007575759933107096,-0.00037988240666654414,-0.0002878981370192308,-0.0015625,-0.0020866511418269227,-0.0017578125,-0.004408991887019232,-0.003515625,-0.15703125,2.397412109375,-0.005098876953125,-0.002734375,0.36923076923076925,0.5307692307692308,0.3923076923076923,-0.008667015662560095,-0.001592001108022838,5000
12,3,-0.25198326697716344,-1.5756527944711536,-1.3236695274939905,0.0013908091675342272,-0.0013437164239631205,-0.0033000300480769233,-0.002685546875,2.6411167555588944,-0.9473545485276442,-3.5884713040865384,0.0007521002423044741,0.000429620446175848,-0.0020275878906250004,-0.0008300781250000001,-0.001087176983173077,0.0,-0.004708158052884616,-0.00419921875,-0.154296875,2.3885253906250004,-0.001272442157451923,-0.000665283203125,0.4307692307692308,0.5076923076923077,0.46153846153846156,-0.005461247370793269,0.003204794076772834,5000
12,4,-0.2535930926983173,-1.577509765625,-1.3239166729266827,0.001321001613936056,-0.0010213142873220361,-0.004909855769230769,-0.00361328125,2.642329664963942,-0.9469439227764423,-3.5892735877403843,0.000740238668049494,-0.0005604993202636933,-0.0008146784855769225,-0.0006591796875,-0.0007148625300480769,-0.0003173828125,-0.003544076772836539,-0.0015625,-0.159375,2.3880859375,-0.004095177283653847,-0.001953125,0.3923076923076923,0.5076923076923077,0.45384615384615384,-0.00769939246544471,-0.0004842153695913464,5000
12,5,-0.2542722731370192,-1.5782767427884616,-1.3240044696514424,0.001361875006153502,-0.001352410663231514,-0.005589036207932692,-0.0041015625,2.6425926795372594,-0.946002197265625,-3.5885948768028846,0.0007490137747862507,-0.0009556127882730766,-0.0005516639122596154,0.0,-0.0008044433593750002,0.001220703125,-0.0028870567908653847,-0.0015625,-0.15703125,2.39716796875,-0.005037372295673076,-0.0046875,0.36923076923076925,0.47692307692307695,0.3769230769230769,-0.00878649667593149,-0.0013688307542067317,5000
12,6,-0.2530738243689904,-1.5779920372596152,-1.324918212890625,0.0013198436060888122,-0.001170261950599864,-0.0043905874399038465,-0.002099609375,2.641325871394231,-0.9471112530048076,-3.5884371243990385,0.0007202198840977232,-0.0003399280779505734,-0.001818472055288462,-0.00078125,-0.00025080754206730784,-0.00078125,-0.003590557391826923,-0.000390625,-0.15390625000000002,2.396728515625,-0.0025721153846153845,-0.00169677734375,0.4076923076923077,0.5230769230769231,0.46923076923076923,-0.006030728853665865,0.0009985069861778771,5000
12,7,-0.24998704176682687,-1.576620342548077,-1.3266333007812499,0.0013539430764932837,0.00026969627167076134,-0.0013038048377403849,0.0,2.641455359825721,-0.9476120229867788,-3.5890673828125004,0.0007415700908285667,0.0009480155054452167,-0.0016889836237980772,-0.00205078125,-0.0007262244591346152,0.0,-0.003963623046875001,-0.00390625,-0.14375,2.3867431640624996,0.0003851787860576926,0.00234375,0.49230769230769234,0.5461538461538461,0.5461538461538461,-0.00300714580829327,0.0038820965106670644,5000
12,8,-0.25214599609375005,-1.5776096754807694,-1.3254636793870191,0.0013203764047878682,-0.0017804398559839998,-0.003462759164663461,-0.003125,2.6407866023137014,-0.9470142540564904,-3.587800856370192,0.0007054643986073435,-0.0006124238745806997,-0.002357741135817308,-0.0005859375,-0.001455453725961538,-0.00068359375,-0.004020620492788462,-0.001904296875,-0.153125,2.408544921875,-0.001105018028846154,-0.002099609375,0.35384615384615387,0.5076923076923077,0.45384615384615384,-0.004909982534555288,0.0029895183856670634,5000
12,9,-0.2521929462139423,-1.5776434795673078,-1.3254505333533657,0.0013837243312252723,-0.00017878614279699784,-0.003509709284855769,-0.0015625,2.641412353515625,-0.946179668719952,-3.587592022235577,0.0007216202516588158,0.00027122086867867415,-0.0017319899338942304,-0.0015625,-0.0014493502103365382,-0.00146484375,-0.003596379206730769,-0.003125,-0.1609375,2.3895019531250004,-0.001777719350961538,0.00078125,0.46153846153846156,0.5692307692307692,0.5230769230769231,-0.005354034423828125,0.0016638934795673043,5000
12,10,-0.2544911545973557,-1.5776479867788462,-1.3231568321814904,0.0013967238090508022,-0.0008008077207802937,-0.005807917668269231,-0.003271484375,2.6421414888822117,-0.9469217623197116,-3.589063251201923,0.0007282339015449962,-0.0007659948164269782,-0.0010028545673076922,-0.0008300781250000001,-0.0005233999399038459,0.0,-0.004709003155048077,-0.0037109375,-0.153125,2.394091796875,-0.004805063100961539,-0.00205078125,0.35384615384615387,0.5076923076923077,0.45384615384615384,-0.008746962327223556,-0.0006171499399038478,5000
12,11,-0.25172363281250004,-1.5785862379807694,-1.326862605168269,0.0013356644505281136,-0.00020183106988843572,-0.0030403958834134617,-0.0017578125,2.6409470778245194,-0.9469104942908653,-3.5878575721153845,0.0007144111662867707,-0.0006744217669327678,-0.002197265625,-0.00263671875,-0.001177696814903846,-0.000390625,-0.0035606971153846153,-0.002685546875,-0.14609375,2.395166015625,-0.0008431302584134612,0.001123046875,0.43846153846153846,0.5692307692307692,0.5307692307692308,-0.004622234637920673,0.00293917611929086,5000
12,12,-0.242491455078125,-1.5749541766826922,-1.3324627216045672,0.0015962275021968427,0.00294493581570365,0.006191781850961539,0.00322265625,2.642476055438702,-0.9466010929987981,-3.5890771484375,0.0007746898313878771,0.0005342109034707208,-0.0006682880108173075,-0.0005859375000000001,-0.0004805814302884617,0.000390625,-0.0034163724459134615,-0.00322265625,-0.13437500000000002,2.387646484375,0.006860069861778847,0.006396484375000001,0.5846153846153846,0.5153846153846153,0.6153846153846154,0.002807727520282452,0.01097796396108774,5000
12,13,-0.25579589843749995,-1.5783759014423075,-1.3225800030048076,0.00156793205902306,-0.0020439619722739683,-0.007112661508413461,-0.00625,2.6431591796875,-0.9465959284855769,-3.5897551081730765,0.0007819909311867261,-0.0008382832970719956,1.4836237980769327e-05,-0.00205078125,-0.001552264873798077,-0.0015625,-0.0042149939903846165,-0.002099609375,-0.1609375,2.3936523437500004,-0.007127497746394232,-0.0060546875,0.34615384615384615,0.5615384615384615,0.4230769230769231,-0.011025914118840144,-0.0032321800818810183,5000
12,14,-0.25142033503605765,-1.5768404447115385,-1.3254201096754807,0.0013051452815143114,-0.000346322794071802,-0.0027370981069711536,-0.001336669921875,2.6410089580829332,-0.9469898399939904,-3.5879987980769235,0.0007388529219864208,0.0007100254050345868,-0.002135385366586539,-0.0010498046875000002,-0.0015968674879807696,-0.0011718750000000002,-0.004325984074519231,-0.0023437500000000003,-0.15078125,2.39580078125,-0.0006017127403846155,-0.0015625,0.45384615384615384,0.5384615384615384,0.4307692307692308,-0.004013129601111779,0.002806131216195912,5000
12,15,-0.25532583383413465,-1.5779770132211537,-1.3226511793870193,0.0015435379173586753,-0.002248901667684481,-0.006642596905048076,-0.003857421875,2.6423547363281252,-0.9462258676382213,-3.588580603966346,0.0007518238965297201,-0.0005929233007439649,-0.0007896071213942307,0.000244140625,-0.0012162898137019233,-0.0013671875,-0.004139498197115384,-0.003125,-0.151953125,2.396044921875,-0.005852989783653846,-0.003564453125,0.38461538461538464,0.46153846153846156,0.4153846153846154,-0.009787975604717546,-0.0020049907977764485,5000
12,16,-0.2525358698918269,-1.5771890024038462,-1.3246531325120192,0.0013839123936173368,-0.0012076168132902666,-0.0038526329627403843,-0.0037109375,2.643831787109375,-0.9460953463040865,-3.589927133413462,0.0007603908748914515,-0.00047492766430686976,0.000687443659855769,0.0015625,-0.0004261192908653851,-0.000390625,-0.002836538461538461,-0.0006103515625,-0.15703125,2.3978027343750004,-0.004540076622596155,-0.004345703124999999,0.4,0.4153846153846154,0.4307692307692308,-0.008146075908954328,-0.0010243365948016843,5000
12,17,-0.2528724083533654,-1.5780926983173078,-1.3252202899639425,0.0013283097673141542,-0.001609663741734394,-0.004189171424278847,-0.00283203125,2.6426767202524037,-0.9462682166466346,-3.5889449368990385,0.0007222053557122447,-0.00018744072789406697,-0.00046762319711538474,-0.0009765625,0.00036330003004807687,9.765625e-05,-0.0036063326322115377,-0.0015625,-0.15468749999999998,2.397998046875,-0.0037215482271634615,-0.0028320312500000003,0.38461538461538464,0.5307692307692308,0.4230769230769231,-0.007387770432692307,-1.999370868389598e-05,5000
12,18,-0.2516182767427884,-1.577472956730769,-1.325854679987981,0.001310128061425707,-0.0013946279347816764,-0.0029350398137019226,-0.0015625,2.643682297926683,-0.9462512207031251,-3.589933518629808,0.0007382395866875809,-0.0013263338465803343,0.0005379544771634615,0.0015625,-0.00047203650841346156,0.0,-0.003604924128605769,-0.0015625,-0.15000000000000002,2.396533203125,-0.003472994290865384,-0.003515625,0.4307692307692308,0.4307692307692308,0.4076923076923077,-0.007267399714543269,0.00026675415039062255,5000
12,19,-0.2507588078425481,-1.5772521033653846,-1.3264932955228363,0.0014042434531935767,-0.0008222788981548486,-0.0020755709134615383,9.765625e-05,2.6416530198317307,-0.9469666466346155,-3.588619666466346,0.0007493547430819781,0.00013835746902177176,-0.001491323617788461,-0.0015625,-0.0020898437500000006,-0.00146484375,-0.0038155423677884615,-0.0025695800781249997,-0.153125,2.391552734375,-0.0005842472956730771,0.00078125,0.5,0.5461538461538461,0.5230769230769231,-0.004670640211838941,0.0037609323354867784,5000
12,20,-0.25478722205528853,-1.5785546874999998,-1.3237674654447114,0.0013759420646725507,-0.0007232764549546945,-0.006103985126201925,-0.00390625,2.6427226374699524,-0.9465640963040866,-3.5892867337740384,0.0007427713373820102,-0.001024093943063981,-0.0004217059795673074,0.0001953125,-0.0007352388822115386,-0.00078125,-0.004881873497596154,-0.00361328125,-0.149609375,2.385986328125,-0.005682279146634615,-0.003125,0.38461538461538464,0.4846153846153846,0.3769230769230769,-0.009380157470703126,-0.0018076688326322116,5000
12,21,-0.2536005108173077,-1.5774834735576926,-1.3238829627403845,0.0013441923673698278,-0.0012191480937380492,-0.0049172738882211535,-0.003662109375,2.6418998835637018,-0.9469703087439904,-3.5888701923076924,0.0007216206544759439,-0.00043107408201506985,-0.0012444598858173078,0.000146484375,0.0011165677584134615,0.0015625,-0.004075270432692308,-0.00263671875,-0.1546875,2.39140625,-0.003672814002403846,-0.002880859375,0.3923076923076923,0.46923076923076923,0.4230769230769231,-0.007375502366286059,0.00018419471153846077,5000
12,22,-0.251400146484375,-1.577490985576923,-1.3260908390925483,0.0013336088055515987,-0.0021370002208515393,-0.002716909555288462,0.0,2.6415868201622597,-0.9470767916165866,-3.588663611778846,0.0007239556635601235,-0.00045701396606760816,-0.0015575232872596155,0.0,-0.00035006009615384624,-0.0002685546875,-0.0035908390925480775,-0.00234375,-0.15390625000000002,2.397021484375,-0.0011593862680288457,0.0008300781250000001,0.46923076923076923,0.49230769230769234,0.5153846153846153,-0.004701153094951922,0.0025555396446814873,5000
12,23,-0.252396240234375,-1.5783736478365384,-1.3259774076021633,0.0014254473700967708,-0.0014861515459489941,-0.003713003305288462,-0.003125,2.64279794546274,-0.9466664475661057,-3.5894643930288463,0.0007586348322770977,-0.0008528696630675182,-0.000346397986778846,0.0,-0.001317044771634615,-0.00078125,-0.0034641676682692305,-0.0022216796875,-0.16484375,2.389697265625,-0.0033666053185096158,-0.00234375,0.4,0.49230769230769234,0.46923076923076923,-0.006976189246544472,0.00019192035381610415,5000
12,24,-0.25366117037259617,-1.577449669471154,-1.3237884990985578,0.0014243730836182953,-0.0022263463060139617,-0.0049779334435096165,-0.003125,2.642735783503605,-0.9459105506310095,-3.5886463341346153,0.0007539566091201231,-0.0013671902195191306,-0.0004085599459134619,0.0003173828125,-0.0017240084134615384,-0.0001708984375,-0.003735914963942308,-0.00078125,-0.153125,2.394287109375,-0.004569373497596153,-0.002734375,0.4,0.4846153846153846,0.43846153846153846,-0.00829834688626803,-0.0008640277569110594,5000
12,25,-0.25239314152644227,-1.5769951923076924,-1.32460205078125,0.0013666284337318238,-0.00106718591804669,-0.003709904597355769,-0.0015625,2.642638221153846,-0.9464299128605769,-3.5890681340144233,0.0007304560837304275,-0.00024209416463998222,-0.000506122295673077,-0.0015625,-0.0010777869591346155,-0.00087890625,-0.003220684344951923,-0.00234375,-0.1546875,2.3875732421875,-0.0032037823016826924,-0.001025390625,0.4307692307692308,0.5384615384615384,0.46153846153846156,-0.006816312349759616,0.00034340022160456787,5000
12,26,-0.2540162071814904,-1.5785464242788463,-1.3245302170973556,0.0012973311859169813,-0.0019019016565566538,-0.005332970252403846,-0.0046875,2.6423880709134613,-0.9460828575721154,-3.588470928485577,0.0007690811413222491,-0.00014776448648893696,-0.0007562725360576926,-0.00078125,-0.002079890324519231,-0.00078125,-0.0038977050781249995,-0.0020263671875,-0.153125,2.393408203125,-0.004576697716346154,-0.003125,0.3923076923076923,0.5307692307692308,0.3923076923076923,-0.008085331843449516,-0.0010965341421274074,5000
12,27,-0.25161555363581734,-1.5773985877403844,-1.3257830341045673,0.001302589863345436,-0.0009564513437787289,-0.0029323167067307693,-0.002001953125,2.6423050631009617,-0.9464746093749999,-3.5887796724759613,0.0007251352221730782,-0.0011592764533344402,-0.0008392803485576921,0.0,2.497746394230774e-05,0.0,-0.0052591646634615385,-0.0036376953125,-0.153125,2.395263671875,-0.002093036358173077,-0.00234375,0.4307692307692308,0.46923076923076923,0.4307692307692308,-0.005517404409555287,0.0013621145395132186,5000
12,28,-0.25272216796875,-1.5779732572115386,-1.3252510892427887,0.001411416163023685,-0.0003765149669479728,-0.004038931039663462,-0.002349853515625,2.642640099158654,-0.9466646634615384,-3.589304762620192,0.0007544041566457197,-0.00020846898142449098,-0.0005042442908653845,0.0,-0.0015729229266826922,0.0,-0.003081430288461539,-0.001953125,-0.16015625,2.39423828125,-0.003534686748798077,-0.0016601562500000002,0.4307692307692308,0.47692307692307695,0.46153846153846156,-0.007399730975811296,0.0003895263671874979,5000
12,29,-0.2524519230769231,-1.5779041466346155,-1.3254522235576924,0.0013680410254581434,-0.0018976916713113723,-0.0037686861478365384,-0.00322265625,2.6410808856670673,-0.947174072265625,-3.588254957932693,0.0007110873392422399,-0.00034122830479327813,-0.0020634577824519226,-0.00078125,-0.0009268892728365383,-0.00078125,-0.0037490609975961544,-0.00234375,-0.1578125,2.3983642578125,-0.0017052283653846156,-0.001220703125,0.4076923076923077,0.5,0.4461538461538462,-0.005078167255108172,0.0017810199444110572,5000
12,30,-0.2526880821814904,-1.5768404447115385,-1.3241523625300482,0.0014699344468803322,-0.0011564027164025071,-0.004004845252403846,-0.0029296875,2.639963660606971,-0.9468820425180288,-3.5868457031250003,0.0007233063729369845,0.00014023993546137485,-0.003180682842548077,-0.0014160156250000002,-0.00036686823918269184,0.00078125,-0.0037221116286057687,-0.002044677734375,-0.14921875,2.397607421875,-0.0008241624098557688,-0.0021484375,0.4153846153846154,0.5769230769230769,0.43846153846153846,-0.004958972637469952,0.0034674518291766764,5000
12,31,-0.25302377554086536,-1.5778057391826923,-1.3247819636418268,0.0013597908349169225,-0.0007496014658821118,-0.004340538611778846,-0.0046875,2.6423681640625003,-0.946151592548077,-3.588519756610577,0.0007144615364224954,-0.0007208137747636197,-0.0007761793870192311,0.0,-0.0005809607872596154,0.0,-0.004106914813701923,-0.003515625,-0.15390625,2.396142578125,-0.0035643592247596146,-0.00439453125,0.36923076923076925,0.49230769230769234,0.36153846153846153,-0.007205186110276444,0.0001388127253605765,5000
13,0,-0.2516891714242789,-1.57818359375,-1.326494422325721,0.0013618914584343261,-0.001351155649710151,-0.0030059344951923073,-0.00029296875,2.6414865347055287,-0.9464382699819711,-3.5879248046875,0.0007358643960839398,-0.0010379562997119456,-0.0016578087439903845,0.000390625,-0.0007994666466346153,-0.000390625,-0.003948880709134615,-0.001953125,-0.1515625,2.405712890625,-0.001348125751201923,0.000146484375,0.4846153846153846,0.47692307692307695,0.5,-0.005400468092698318,0.0026639991173377404,5000
13,1,-0.25486609825721157,-1.5786944110576921,-1.3238283128004806,0.0013852012414388784,-0.0017409534690560463,-0.006182861328125,-0.00537109375,2.641805889423077,-0.9469906850961538,-3.5887965745192307,0.0007537465688382939,-0.0013819107403715725,-0.0013384540264423078,-0.0011718750000000002,-0.0008878267728365385,0.00078125,-0.004818396935096153,-0.003466796875,-0.15390625000000002,2.395751953125,-0.004844407301682692,-0.0033203125,0.35384615384615387,0.5153846153846153,0.4461538461538462,-0.008551731989933892,-0.0010842543381911053,5000
13,2,-0.25333420973557697,-1.5778087439903845,-1.3244745342548079,0.0013213424592349822,-0.0012236624524724427,-0.004650972806490385,-0.003125,2.6421634615384617,-0.9460126201923078,-3.5881760817307695,0.0007540510742183949,-0.00016034660877958746,-0.0009808819110576922,0.000390625,-0.0019802621694711537,-0.0015625,-0.0031834998497596153,-0.00234375,-0.15546875,2.388623046875,-0.0036700908954326924,-0.0036376953125,0.4,0.49230769230769234,0.4230769230769231,-0.0072056485689603374,-0.00014476365309495427,5000
13,3,-0.25378032977764425,-1.577802734375,-1.3240224045973557,0.0013995011868884234,-0.0021257882087760828,-0.005097092848557691,-0.0025390624999999997,2.6430893179086543,-0.9463615534855769,-3.5894508713942304,0.0007783364675093347,-0.00017171915204434654,-5.5025540865384634e-05,0.0,-0.0010467059795673077,-0.0015625,-0.004387300931490385,-0.00234375,-0.1546875,2.390234375,-0.005042067307692308,-0.001953125,0.4230769230769231,0.49230769230769234,0.45384615384615384,-0.00878295194185697,-0.0013245403583233176,5000
13,4,-0.25247755784254805,-1.577589393028846,-1.3251118351862983,0.0013390878377838495,-0.0013011569129249237,-0.0037943209134615385,-0.0015625,2.6424283541165865,-0.9463084998497597,-3.5887368539663465,0.0007172189316964819,-0.0014279583408173433,-0.0007159893329326925,0.0,0.0005695049579326926,0.0013671875,-0.0038439002403846158,-0.003125,-0.15078124999999998,2.3928466796875,-0.003078331580528846,-0.0025146484375,0.4076923076923077,0.49230769230769234,0.4461538461538462,-0.007192864051231971,0.0008368858924278842,5000
13,5,-0.25187913161057696,-1.5778012319711539,-1.325922100360577,0.0013600054464895756,0.0005432909220470052,-0.0031958946814903844,-0.0020263671875,2.642340087890625,-0.9457007774939904,-3.5880408653846154,0.0007321300190548025,-0.0012561842737916565,-0.0008042555588942306,0.0,-0.0010038874699519233,0.0015625,-0.004590407151442307,-0.0021484375,-0.159375,2.391796875,-0.0023916391225961542,-0.001007080078125,0.4153846153846154,0.4846153846153846,0.47692307692307695,-0.006008364163912261,0.0013762582632211502,5000
13,6,-0.25290874774639427,-1.5779702524038461,-1.3250615046574519,0.001366321271472265,-0.0006570669481354513,-0.004225510817307692,-0.001708984375,2.642157264122596,-0.9459504582331731,-3.5881077223557694,0.0007420964983013443,-0.0004771318983153456,-0.000987079326923077,-0.0015625,-0.0006814340444711539,-9.765625e-05,-0.004117619441105769,-0.002734375,-0.148828125,2.40478515625,-0.0032384314903846152,-0.0028564453125,0.4230769230769231,0.5538461538461539,0.43846153846153846,-0.0068011145958533645,0.0003759390024038416,5000
13,7,-0.252481219951923,-1.5774211237980769,-1.3249399038461538,0.0013253347559546687,-0.000689450352958141,-0.0037979830228365382,-0.001806640625,2.641144550030048,-0.947400371844952,-3.5885449218749996,0.00073070776039808,4.0470605446980085e-05,-0.0019997934194711537,-0.0015625,-0.0009047288161057694,0.00068359375,-0.0037442720853365385,-0.0005859375000000001,-0.15625,2.40390625,-0.001798189603365384,-0.0028076171875,0.4,0.5538461538461539,0.4461538461538462,-0.005158008282001201,0.0016121779221754768,5000
13,8,-0.25568105844350963,-1.5787860576923076,-1.323104999248798,0.0014470605322237586,-0.0022326179898227495,-0.0069978215144230775,-0.0048828125,2.641541278545673,-0.94677978515625,-3.588321063701923,0.0007689137997555936,-0.0006132121895716411,-0.001603064903846154,-0.0015625,8.920522836538355e-06,0.0,-0.00325214092548077,-0.00234375,-0.15390625000000002,2.40703125,-0.005394756610576923,-0.005859375,0.3230769230769231,0.5230769230769231,0.38461538461538464,-0.00897901094876803,-0.0017813274676983226,5000
13,9,-0.25302217923677883,-1.5776915564903846,-1.324669377253606,0.0013007605786572272,-0.0010731167152043617,-0.0043389423076923075,-0.00234375,2.6430568284254807,-0.9466224083533654,-3.589679236778846,0.0007421552605113695,-0.0002333796247452694,-8.751502403846153e-05,-4.8828125e-05,-0.00011577899639423051,0.000390625,-0.003844557542067308,-0.0025390624999999997,-0.15078124999999998,2.392236328125,-0.004251427283653846,-0.003173828125,0.4076923076923077,0.5,0.36153846153846153,-0.007790771484375,-0.0006963853102463953,5000
13,10,-0.2504047100360577,-1.5771063701923078,-1.32670166015625,0.0014260453478269573,-2.8441485394942926e-05,-0.0017214731069711533,-0.00078125,2.643620417668269,-0.9461455829326922,-3.5897660006009615,0.0007474321289678025,-0.002232936292858023,0.0004760742187499998,0.0,-0.0013708496093750005,-4.8828125e-05,-0.004571345402644231,-0.0046875,-0.153125,2.396630859375,-0.002197547325721154,-0.001318359375,0.4461538461538462,0.4846153846153846,0.47692307692307695,-0.0060821861853966345,0.0017645920973557675,5000
13,11,-0.25421264648437497,-1.5782789963942307,-1.3240663499098557,0.001336298867942943,-0.0025230023051768784,-0.005529409555288462,-0.003466796875,2.641480243389423,-0.9463363882211537,-3.5878166316105773,0.0007522776250214971,-0.0007498461725684772,-0.0016641000600961541,-0.00234375,-0.0002906212439903844,0.0,-0.003526705228365385,-0.001708984375,-0.16015625,2.383984375,-0.0038653094951923072,-0.0038818359375,0.3769230769230769,0.5384615384615384,0.4307692307692308,-0.007558499849759616,-0.00012253981370192438,5000
13,12,-0.25296208308293266,-1.577910907451923,-1.3249488243689904,0.0013661223417285753,-0.0015503377789127433,-0.004278846153846154,-0.0033203125000000003,2.6436896221454327,-0.946424560546875,-3.5901141826923078,0.0007258670444982962,-0.0007227904938226138,0.0005452786959134615,0.0015625,-0.0012745079627403848,-0.0009033203125,-0.003653846153846154,-0.00234375,-0.15546875,2.3998046874999996,-0.004824124849759615,-0.00390625,0.35384615384615387,0.4230769230769231,0.4,-0.008217757004957934,-0.001455798809344952,5000
13,13,-0.2515974308894231,-1.5778463040865385,-1.3262488731971154,0.0014110477306149849,-0.0010496225034889494,-0.0029141939603365384,-0.0015625,2.642664137620192,-0.9465035306490386,-3.589167668269231,0.0007171614094039643,-0.0008259490909342194,-0.00048020582932692326,-0.00078125,-0.0009268892728365387,0.0,-0.004254244290865385,-0.003857421875,-0.14921875,2.398486328125,-0.0024339881310096157,-0.000390625,0.4461538461538462,0.5230769230769231,0.4846153846153846,-0.0059954646183894246,0.001195911114032448,5000
13,14,-0.2533839768629808,-1.5779822716346155,-1.3245982947716346,0.0013055495085988215,-0.0015953420259150885,-0.004700739933894231,-0.0035644531250000003,2.6432310133713943,-0.9466859788161057,-3.5899169921875,0.0007490399556313856,-0.0016787003514417333,8.666992187500001e-05,0.0009765625,-0.0018884277343749994,-0.00078125,-0.003273080679086538,-0.00078125,-0.15859374999999998,2.3934082031250004,-0.00478740985576923,-0.0060546875,0.4076923076923077,0.4461538461538462,0.4230769230769231,-0.00854978825495793,-0.0008515601524939917,5000
13,15,-0.2523189603365385,-1.5774008413461538,-1.3250818810096157,0.0012749078035328265,-0.0008076928363887083,-0.0036357234074519238,-0.0023193359375,2.6422244966947113,-0.9466385591947116,-3.588863055889423,0.0007265192569720985,-0.0007598794616442756,-0.0009198467548076922,-0.000390625,-0.0007589017427884616,-0.000390625,-0.005100567157451923,-0.0027099609375,-0.1515625,2.39501953125,-0.0027158766526442306,-0.00087890625,0.3923076923076923,0.5076923076923077,0.47692307692307695,-0.006334599421574521,0.000928419846754798,5000
13,16,-0.24822284405048073,-1.5759209735576922,-1.3276981295072114,0.001610331301855854,0.0010636739634447196,0.0004603928786057691,0.00205078125,2.641051494891827,-0.9470663686899039,-3.5881178635817306,0.0007377795346265885,0.0001283130422336164,-0.0020928485576923073,-0.00078125,-0.0018578162560096158,-0.0011718750000000002,-0.004706092247596154,-0.00380859375,-0.15078125,2.382373046875,0.002553241436298077,0.0017578125,0.5538461538461539,0.5384615384615384,0.5384615384615384,-0.0017033128004807691,0.006722423846905048,5000
13,17,-0.2523399000901442,-1.5776810396634617,-1.3253411395733172,0.0013767588468542571,-0.0009378919223353458,-0.0036566631610576925,-0.002392578125,2.6416104830228364,-0.9465359262319711,-3.5881464092548074,0.000764606296162642,0.0005068774693988772,-0.0015338604266826924,-0.0015625,-0.00119140625,-0.0011718750000000002,-0.0042286095252403845,-0.003125,-0.15234375,2.39697265625,-0.0021228027343749996,-0.0017578125,0.43846153846153846,0.5461538461538461,0.43846153846153846,-0.005650505652794472,0.0013854816143329314,5000
13,18,-0.25512986403245197,-1.5785351562499998,-1.323405292217548,0.0014520769726932162,-0.0028728591944523997,-0.006446627103365385,-0.0044921875,2.6427418870192305,-0.946739032451923,-3.5894809194711534,0.0007772280567113854,1.4415253660186866e-05,-0.0004024564302884615,0.0,-0.0013154484675480767,0.00068359375,-0.004292837289663462,-0.00322265625,-0.153125,2.4014648437500004,-0.006044170673076923,-0.005859375,0.36923076923076925,0.4846153846153846,0.36923076923076925,-0.010258166973407454,-0.001521385779747597,5000
13,19,-0.2538761080228365,-1.5777185997596155,-1.3238424917367788,0.0013608937911950717,-0.0009647272359850826,-0.005192871093750001,-0.003369140625,2.642098200871394,-0.9467663574218751,-3.5888645582932694,0.0007372516164373915,-0.0005332604815288396,-0.0010461425781249998,-0.000390625,0.0002740009014423076,-0.0015625,-0.004025503305288462,-0.0021728515625,-0.15625,2.3976074218749996,-0.004146728515625,-0.003125,0.36153846153846153,0.5153846153846153,0.4307692307692308,-0.007711533766526442,-0.0005880126953125037,5000
13,20,-0.2527008526141827,-1.5774151141826922,-1.3247142615685095,0.0014079308759293422,-0.0011496781492546107,-0.004017615685096154,-0.00244140625,2.642755690354567,-0.9464916053185096,-3.5892472956730765,0.0007544054957380014,-0.0009906428198982876,-0.00038865309495192315,0.00078125,-0.000629788912259615,0.00078125,-0.004461200420673077,-0.003955078125,-0.1578125,2.379150390625,-0.00362896259014423,-0.002734375,0.4230769230769231,0.46153846153846156,0.43846153846153846,-0.00727508544921875,2.6353102463940158e-05,5000
13,21,-0.25207237830528845,-1.5774263822115384,-1.32535400390625,0.0013619099724504569,-0.00022995669069864622,-0.0033891413762019234,-0.001806640625,2.6418980994591346,-0.9462449293870192,-3.5881430288461535,0.0007310196033498844,-0.00025407737234148107,-0.0012462439903846154,-0.001318359375,-0.0007054725060096155,0.0,-0.004017521784855769,-0.003125,-0.1515625,2.3890624999999996,-0.0021428973858173086,-0.0029296875,0.4,0.5384615384615384,0.4307692307692308,-0.005512800950270433,0.001326232910156248,5000
13,22,-0.2525335223858173,-1.5776359675480771,-1.3251024451622595,0.001374188363640496,-0.0017547211062494653,-0.003850285456730769,-0.0025390624999999997,2.6428709059495192,-0.9469886192908654,-3.589859525240385,0.0007354942068153289,-0.000463312016217965,-0.0002734374999999999,0.000390625,-0.0010990084134615385,-0.000390625,-0.0037644606370192306,-0.002001953125,-0.1578125,2.397021484375,-0.003576847956730769,-0.003125,0.3923076923076923,0.47692307692307695,0.36923076923076925,-0.006942232572115384,-0.00016113281250000074,5000
13,23,-0.25275493915264424,-1.5785088641826925,-1.325753925030048,0.001256050619379599,-0.0015384175735611916,-0.004071702223557693,-0.0015625,2.641713585486779,-0.9467708646334134,-3.5884844501201925,0.0007620877888896311,0.0003123532150974602,-0.0014307579627403848,-0.0011718750000000002,-0.0013268103966346157,-0.000244140625,-0.003641920823317308,-0.001953125,-0.15234375,2.395361328125,-0.002640944260817308,0.0,0.4230769230769231,0.5615384615384615,0.47692307692307695,-0.006403580885667067,0.0010670212965745167,5000
13,24,-0.25295701246995195,-1.5773985877403844,-1.3244415752704328,0.0013735507092175149,-0.00019563789649042505,-0.004273775540865384,-0.0029296875,2.6424400916466344,-0.94661865234375,-3.5890587439903845,0.0007385818716645326,-0.001483969374197666,-0.0007042518028846156,0.0,-0.00019784780649038448,-0.00078125,-0.004803842397836538,-0.00224609375,-0.15703125,2.3906005859375,-0.003569523737980769,-0.0015625,0.3923076923076923,0.4846153846153846,0.43846153846153846,-0.007571044921874998,0.00055528846153846,5000
13,25,-0.25326444185697117,-1.5780055588942306,-1.3247411170372596,0.0013748790038068661,-0.0004195178585050281,-0.004581204927884616,-0.003125,2.642434363731971,-0.9463531963641826,-3.588787560096154,0.0007693451933365826,-0.0010441312725318053,-0.0007099797175480771,-0.000439453125,-7.089468149038462e-05,0.001171875,-0.0042695500300480764,-0.0033203125000000003,-0.15,2.3962890625,-0.0038712252103365384,-0.0026123046875,0.4230769230769231,0.5076923076923077,0.45384615384615384,-0.007694648155799278,-0.00011933546799879944,5000
13,26,-0.25233633188100957,-1.5783368389423076,-1.3260005070612981,0.0013506647095406395,-6.721738122148379e-05,-0.003653094951923077,-0.00078125,2.640979379507212,-0.9462948843149038,-3.587274263822115,0.0007523771959611303,0.0005404640427065254,-0.002164963942307692,-0.0011718750000000002,-0.001385310246394231,-0.002587890625,-0.0032007774939903843,-0.0025390624999999997,-0.15,2.3934570312499996,-0.0014881310096153853,-0.0009765625,0.4846153846153846,0.5153846153846153,0.49230769230769234,-0.005305471567007212,0.0023381394606370133,5000
13,27,-0.25292424128605767,-1.5779514723557695,-1.3250272310697115,0.0013325210346410781,-0.0008743716967561828,-0.004241004356971154,-0.00250244140625,2.641906550480769,-0.9462237079326923,-3.588130258413462,0.0007461971085847444,-1.0258335794386857e-05,-0.0012377929687500003,-0.00078125,-0.0011091496394230766,0.0,-0.003670090895432693,-0.001953125,-0.153125,2.392822265625,-0.003003211388221154,-0.001904296875,0.4307692307692308,0.5307692307692308,0.43846153846153846,-0.006629629281850963,0.0007153766338641792,5000
13,28,-0.25332040640024034,-1.5791954627403846,-1.3258750563401442,0.0014779362138011125,-0.00011315144978948985,-0.004637169471153847,-0.002392578125,2.642023174579327,-0.9464143254206729,-3.5884375,0.0007291769984165124,-0.0015570600078353342,-0.0011211688701923076,-0.0003662109375,-0.0010059532752403843,0.0,-0.0035043569711538463,-0.00078125,-0.1515625,2.39560546875,-0.003516000600961539,-0.0017822265625,0.43846153846153846,0.5,0.43846153846153846,-0.007539675199068507,0.0005861299954927702,5000
13,29,-0.2509346829927885,-1.576260516826923,-1.3253258338341347,0.0013211980528906513,0.0006938337212045755,-0.002251446063701923,-0.0021484375,2.641422306941106,-0.9466226900540866,-3.5880449969951926,0.0007531255139148322,-0.0003230036182522648,-0.0017220365084134616,-0.0005859375000000001,-0.0006165489783653845,0.0,-0.004138371394230769,-0.00205078125,-0.146875,2.40166015625,-0.0005294095552884619,-0.0018798828125,0.45384615384615384,0.5230769230769231,0.4461538461538462,-0.004290083665114183,0.0033356276292067265,5000
13,30,-0.25226243239182694,-1.5764453125000002,-1.3241828801081732,0.0013222104329951615,-0.0010242520947982487,-0.0035791954627403845,-0.001953125,2.6423365196814905,-0.9464600548377404,-3.588796574519231,0.0007581589590689428,-0.0003364507101196835,-0.000807823768028846,0.0,-0.0013812725360576924,-0.0013671875,-0.004018836388221154,-0.0029296875,-0.15703125,2.392041015625,-0.0027713716947115386,-0.000390625,0.4230769230769231,0.49230769230769234,0.47692307692307695,-0.006554288423978366,0.000990591195913461,5000
13,31,-0.25493868314302887,-1.5783503605769231,-1.3234116774338942,0.0013756242994677345,-0.00277684806507424,-0.006255446213942309,-0.00322265625,2.6429962627704326,-0.9466067270132212,-3.5896029897836543,0.000780765187356429,-0.0004187560005877856,-0.0001480806790865384,0.00039062499999999997,-0.0005881911057692307,9.765625e-05,-0.004740459735576924,-0.003125,-0.15859375,2.394384765625,-0.00610736553485577,-0.00584716796875,0.34615384615384615,0.47692307692307695,0.36153846153846153,-0.009692295954777642,-0.002567115196814906,5000
14,0,-0.2536587289663461,-1.5783638822115384,-1.3247051532451923,0.0013645544130592234,-0.0012332125458908386,-0.004975492037259615,-0.0029296875,2.6418973482572117,-0.9464387394831733,-3.588336087740385,0.0007552591054304734,-0.00010075115514317821,-0.0012469951923076922,-0.00078125,-0.0015673828125,-0.00078125,-0.0025890174278846156,-0.000390625,-0.15000000000000002,2.394775390625,-0.003728496844951923,-0.00322265625,0.4153846153846154,0.5153846153846153,0.46153846153846156,-0.007404221754807691,5.769935021033448e-05,5000
14,1,-0.2532133601262019,-1.5785824819711538,-1.325369121844952,0.001325878024592733,-0.0012136659264659151,-0.004530123197115385,-0.00234375,2.6426316481370193,-0.9463887845552885,-3.589020432692308,0.0007311610739605716,-0.0005376154588370526,-0.0005126953125000001,-2.44140625e-05,-0.0006571138822115382,-0.000390625,-0.0036992938701923077,-0.002587890625,-0.159375,2.3953125,-0.004017427884615384,-0.001611328125,0.34615384615384615,0.5,0.4461538461538462,-0.007582383375901444,-0.0003656005859375054,5000
14,2,-0.2526327749399038,-1.5774286358173075,-1.324795860877404,0.0013606334616269183,-0.0010930677951898132,-0.003949538010817308,-0.0015625,2.642705641526442,-0.9460079251802883,-3.5887135667067307,0.0007085152915415673,-0.0012603797642179837,-0.0004387019230769229,-0.00078125,-0.0011236102764423076,-0.00078125,-0.0036222017728365385,-0.0015625,-0.15234375,2.3868652343749996,-0.0035108360877403847,-0.00283203125,0.4230769230769231,0.5076923076923077,0.4,-0.006713738074669469,-0.0003842421311598581,5000
14,3,-0.25324246920072113,-1.5775908954326925,-1.3243484262319711,0.001320477843746777,4.5233850451018445e-05,-0.004559232271634615,-0.0015625,2.6440745192307697,-0.9460021033653846,-3.590076622596154,0.0007400141256702088,-0.0009091985684993595,0.0009301757812500002,0.0015625,0.00047814002403846203,0.001123046875,-0.003965313251201923,-0.0015625,-0.16171875000000002,2.3990722656249996,-0.005489408052884615,-0.005224609375,0.3923076923076923,0.45384615384615384,0.3923076923076923,-0.008827411358173077,-0.0021078444260817317,5000
14,4,-0.25324359600360574,-1.578201622596154,-1.324958026592548,0.0013785410315239738,-0.0020299963959205312,-0.00456035907451923,-0.0020263671875,2.6420763221153853,-0.9466391225961539,-3.5887154447115384,0.0007291146008981959,-0.00030549983226025673,-0.0010680213341346155,-0.0015625,-0.0009081092247596155,-0.000537109375,-0.0038912259615384616,-0.00390625,-0.15468749999999998,2.3916015625,-0.0034923377403846155,-0.0010009765625,0.4,0.5538461538461539,0.4461538461538462,-0.007176321176382212,0.0001729736328125003,5000
14,5,-0.25231060321514426,-1.5774248798076922,-1.3251142765925483,0.0013175528957445808,-0.0011278807831158245,-0.0036273662860576918,-0.001708984375,2.6398240309495193,-0.9465795898437501,-3.5864036207932695,0.0006924091643624847,0.0005426941991431868,-0.0033203125,-0.0015625,-0.0019266451322115386,-0.0005859375000000001,-0.003754131610576924,-0.0015625,-0.14921875,2.3875488281250004,-0.0003070537860576925,0.00029296875000000004,0.43846153846153846,0.5615384615384615,0.5076923076923077,-0.00410388653094952,0.0033759390024038455,5000
14,6,-0.2526409442608173,-1.5776630108173078,-1.3250220665564905,0.0012998660057745859,-0.0012784352069150646,-0.003957707331730769,-0.0029296875,2.642018197866587,-0.9459997558593749,-3.5880179537259616,0.0007341592809529567,-0.0001380026302728027,-0.0011261455829326922,-0.0015625,-0.0007435960036057692,0.00041503906250000004,-0.004117431640625,-0.001953125,-0.1640625,2.400341796875,-0.0028315617487980776,-0.0021484375,0.4230769230769231,0.5384615384615384,0.4307692307692308,-0.006511249248798074,0.0009752572866586544,5000
14,7,-0.2528968224158653,-1.5780746694711538,-1.3251778470552886,0.0013753564249123218,-0.0010150880583194868,-0.004213585486778845,-0.001611328125,2.641566349909856,-0.9466149902343751,-3.5881813401442306,0.0007541970891124649,-0.0005018951603971862,-0.0015779935396634615,-0.0009521484375,-0.0015083195612980772,-0.0009765625,-0.0034488619290865387,-0.0013671875,-0.15390625,2.40869140625,-0.0026355919471153853,-0.001171875,0.4,0.5307692307692308,0.47692307692307695,-0.0059461012620192315,0.0006577547513521612,5000
14,8,-0.25237689678485575,-1.5772190504807695,-1.3248421536959134,0.0014321983347868673,-0.0009325867497911432,-0.0036936598557692313,-0.0015625,2.6407195575420674,-0.9471286245492789,-3.587848182091346,0.0007453706231528222,0.0007349378170984073,-0.0024247859074519222,-0.00167236328125,-0.001228309044471154,-0.0013671875,-0.004509465144230769,-0.001953125,-0.15859374999999998,2.3937744140625,-0.0012688739483173082,0.00029296875000000004,0.4230769230769231,0.6,0.5153846153846153,-0.005061234694260818,0.002605799748347352,5000
14,9,-0.2517435396634615,-1.578339092548077,-1.3265955528846154,0.00145878350699909,-0.000716440910769001,-0.003060302734375,-0.002197265625,2.6431441556490385,-0.9455404897836539,-3.588684645432692,0.0007769124305808863,-0.0006406205371769152,-1.8780048076884645e-07,0.0011718750000000002,-0.0013555438701923078,-0.0015625,-0.0042318021334134615,-0.003515625,-0.1453125,2.396484375,-0.003060114933894232,-0.003271484375,0.4307692307692308,0.4461538461538462,0.4461538461538462,-0.007088155893179085,0.0010929401104266825,5000
14,10,-0.2512349759615385,-1.5774977463942308,-1.3262627704326924,0.0013730332455741997,-0.0003385138689722588,-0.002551739032451923,-0.0015625,2.6433981557992787,-0.946205585186298,-3.5896037409855768,0.0007613863799850896,-0.001212220340391103,0.00025381234975961533,4.8828125e-05,-0.0008928973858173076,-0.00146484375,-0.005044508713942308,-0.0029296875,-0.146484375,2.386181640625,-0.0028055513822115383,-0.003125,0.46153846153846156,0.45384615384615384,0.3923076923076923,-0.006419799804687501,0.000674328143780048,5000
14,11,-0.25405433067908656,-1.5781174879807693,-1.3240631573016828,0.0013762515413580432,-0.0016482574580970813,-0.00537109375,-0.0041015625,2.643332707331731,-0.9463912259615385,-3.5897239332932696,0.0007410754789224086,-0.0007139697017150915,0.00018836388221153832,9.765625e-05,-0.0006884765625000001,0.0,-0.004329927884615384,-0.0015625,-0.1515625,2.394775390625,-0.005559457632211539,-0.003125,0.38461538461538464,0.46923076923076923,0.4230769230769231,-0.009146366999699524,-0.0020381094125600983,5000
14,12,-0.25327411358173074,-1.5783375901442307,-1.3250634765625,0.0013944153378934983,-0.0004218288648726545,-0.004590876652644231,-0.003125,2.641158916766827,-0.9465874774639423,-3.5877463942307695,0.0007245504028974663,-0.0007958839693317803,-0.0019854266826923074,0.0008544921875,-0.0006681941105769228,-0.0015625,-0.004472092848557692,-0.0024169921874999997,-0.15000000000000002,2.3892578125,-0.0026054499699519227,-0.00546875,0.36923076923076925,0.46923076923076923,0.4,-0.006485264704777646,0.0013902329664963933,5000
14,13,-0.24431959885817306,-1.5711936598557692,-1.326874060997596,0.0014602787502630784,0.0015956674012830084,0.004363638070913462,0.00400390625,2.6374947415865386,-0.9465579927884616,-3.5840527343749997,0.0007633033559353956,0.0006735701220702572,-0.00564960186298077,-0.0046875,-0.001862323467548077,-0.0001953125,-0.004659893329326923,-0.002587890625,-0.1515625,2.3954101562499996,0.010013239933894231,0.010302734375,0.6,0.6307692307692307,0.6692307692307692,0.005989107572115384,0.014121673583984378,5000
14,14,-0.2591169621394231,-1.582028996394231,-1.3229120342548075,0.0015907299097750666,-0.002355373181912331,-0.010433725210336538,-0.007373046875,2.645542743389423,-0.9466301081730769,-3.5921728515625,0.0007802856225949863,-0.0014286097883068791,0.0023983999399038464,0.003125,-0.0016298264723557693,0.0,-0.003965313251201923,-0.0015625,-0.1609375,2.386572265625,-0.012832125150240384,-0.01328125,0.24615384615384617,0.4076923076923077,0.3,-0.01731166663536659,-0.008294205885667072,5000
14,15,-0.2523844088040865,-1.576846454326923,-1.3244620455228366,0.0013510554133775927,-0.0009320144234674412,-0.0037011718750000005,-0.00244140625,2.6418909630408653,-0.9469642052283653,-3.5888551682692307,0.0007170154640460459,-0.0005949964444185963,-0.0012533804086538463,-0.00078125,-0.002384221003605769,-0.00078125,-0.002943021334134615,-0.0017333984375,-0.15234375,2.3897949218749996,-0.0024477914663461535,-0.0006591796875,0.4076923076923077,0.5153846153846153,0.47692307692307695,-0.0062101229154146636,0.001310809795673076,5000
14,16,-0.2514866286057693,-1.5769433593750002,-1.3254567307692307,0.0013294169695150587,-0.0022108285499537993,-0.002803391676682692,-0.0015625,2.6415566781850965,-0.9461273662860578,-3.5876840444711537,0.0007266616868936646,-0.0007116047948717746,-0.001587665264423077,-0.0015625,-0.0007607797475961541,0.000390625,-0.004402231069711538,-0.0021484375,-0.16015625,2.390576171875,-0.0012157264122596148,0.0001953125,0.4153846153846154,0.5307692307692308,0.5,-0.005515167236328126,0.002995474008413458,5000
14,17,-0.2529243351862981,-1.5779349459134617,-1.3250106107271635,0.001359950689265475,-0.0008974625013311651,-0.004241098257211539,-0.001953125,2.642237267127404,-0.9460552509014424,-3.588292518028846,0.0007343413301078908,-0.0008553398853702965,-0.0009070763221153846,-0.00078125,-0.0010330904447115388,-0.000439453125,-0.004113300030048077,-0.002587890625,-0.159375,2.39765625,-0.0033340219350961532,-0.003125,0.4076923076923077,0.5076923076923077,0.4307692307692308,-0.0074260559082031255,0.0009079261192908583,5000
14,18,-0.25341853215144233,-1.5770455228365383,-1.3236269906850961,0.0013503445540185466,-0.0017199719088097864,-0.004735295222355769,-0.0025390624999999997,2.642700289212741,-0.945286114032452,-3.5879864032451922,0.0007328413822639097,-0.0012693406494652454,-0.0004440542367788461,-0.0001953125,-0.0005582369290865385,0.0,-0.0038539475661057694,-0.00234375,-0.15390625000000002,2.39814453125,-0.004291240985576923,-0.0028076171875,0.43846153846153846,0.5,0.4461538461538462,-0.007830944354717546,-0.0007797921987680288,5000
14,19,-0.2510358135516827,-1.5769155649038462,-1.3258797513521634,0.0014417711202913317,0.0007811425956852237,-0.0023525766225961538,-0.0015625,2.6387001389723554,-0.947239239032452,-3.585939378004807,0.000715770912602168,0.0016021724341587504,-0.004444204477163462,-0.003125,-0.0009671724759615385,0.0,-0.004961688701923077,-0.004711914062499999,-0.15078125,2.379833984375,0.0020916278545673075,0.00078125,0.46153846153846156,0.6,0.5153846153846153,-0.0022825904259314903,0.006470761812650241,5000
14,20,-0.25291419396033654,-1.5771446814903847,-1.3242304875300481,0.001324047082466425,-0.0006359138004956893,-0.00423095703125,-0.0025390624999999997,2.6413921649639422,-0.9458141150841346,-3.5872062800480773,0.0007368159266258451,0.00022635510425068257,-0.0017521784855769231,-0.0014160156250000002,-0.0012586388221153847,-0.0015625,-0.0033409705528846152,-0.0017578125,-0.154296875,2.3846679687499996,-0.002478778545673077,-0.001025390625,0.4076923076923077,0.5538461538461539,0.4846153846153846,-0.006021953876201921,0.001052886962890624,5000
14,21,-0.25152090219350964,-1.5776652644230769,-1.3261443622295674,0.0013359115084035798,-0.0017424727059690483,-0.0028376652644230764,-0.0011718750000000002,2.6415170522836537,-0.9459859525240384,-3.5875030048076924,0.0007261763961148069,0.00015595680803872226,-0.0016272911658653847,-0.00078125,-0.0009446364182692309,0.0,-0.0036990121694711535,-0.000634765625,-0.1546875,2.389453125,-0.0012103740985576923,0.00091552734375,0.4461538461538462,0.5076923076923077,0.5230769230769231,-0.004938382662259615,0.0027004159780648998,5000
14,22,-0.25272479717548074,-1.5778973858173075,-1.325172588641827,0.001293616313018716,-0.0006598870901466377,-0.004041560246394231,-0.003125,2.6414656888521635,-0.9470518141526443,-3.5885175030048075,0.0007513966571173474,-0.0004148407809311614,-0.0016786545973557694,-0.0011718750000000002,-0.0010295222355769231,-0.000390625,-0.004650785006009615,-0.001953125,-0.1515625,2.39453125,-0.002362905649038462,-0.0015625,0.4153846153846154,0.5461538461538461,0.49230769230769234,-0.0061165161132812505,0.0013253878079927878,5000
14,23,-0.2533084810697115,-1.5782098858173077,-1.3249014047475962,0.0013193531779741453,-0.0013733893488286101,-0.004625244140625,-0.0029296875,2.6414450307992787,-0.9465406212439903,-3.5879856520432694,0.000751756638844434,0.0002172760252326457,-0.001699312650240385,-0.0015625,-0.00029972956730769235,0.0013671875,-0.004079683743990385,-0.00224609375,-0.14609375,2.385986328125,-0.0029259314903846145,-0.001953125,0.43846153846153846,0.5153846153846153,0.46153846153846156,-0.0068602647047776456,0.001154163067157451,5000
14,24,-0.25193838266225965,-1.5781407752403847,-1.326202392578125,0.0013343514227179948,-0.0008922966981874127,-0.003255145733173078,-0.0015625,2.641957162710337,-0.9469374436598558,-3.5888946063701925,0.0007354394119727262,9.772930571460225e-05,-0.001187180739182692,-0.0015625,-0.00039409930889423037,-0.00068359375,-0.002938044621394231,-0.0015625,-0.15234375,2.4012451171875,-0.0020679649939903846,0.0,0.4076923076923077,0.5769230769230769,0.46923076923076923,-0.0055229679987980765,0.0014374319223257217,5000
14,25,-0.252060546875,-1.576787860576923,-1.324727313701923,0.0013423320250340197,-0.0014379685956169806,-0.0033773099459134615,-0.002978515625,2.6420518141526443,-0.9459834172175481,-3.5880352313701924,0.0007168186402681373,-0.0009252853824607989,-0.0010925292968749997,0.0,-0.0019188514122596154,-0.0017578125,-0.0037879356971153846,-0.0024169921874999997,-0.15390625000000002,2.3897460937500004,-0.0022847806490384616,-0.003125,0.4307692307692308,0.4846153846153846,0.4,-0.005679419884314904,0.0010583965594951922,5000
14,26,-0.23239586463341344,-1.5744561298076922,-1.3420602651742788,0.001612359402939448,0.009551071041010084,0.016287372295673078,0.0046875,2.6352124962439905,-0.951353008563702,-3.5865655048076923,0.0007814905935347669,0.0037306162698335288,-0.007931847205528846,-0.005322265624999999,-0.000487248347355769,0.00078125,-0.003485295222355769,-0.00263671875,-0.1421875,2.405712890625,0.024219219501201924,0.010107421875000001,0.6230769230769231,0.6307692307692307,0.6692307692307692,0.014086594801682693,0.03599276263897236,5000
14,27,-0.253778545673077,-1.5791736778846155,-1.3253951322115385,0.0013187582974100848,-0.0010615677956792315,-0.005095308743990385,-0.00205078125,2.6429410494290866,-0.9466916128305288,-3.589632662259615,0.0007226782160508158,-0.0007190221444352131,-0.000203294020432692,0.0,-0.000824444110576923,0.000732421875,-0.0036903733473557685,-0.0022338867187499997,-0.16015625,2.3924804687499996,-0.004892014723557692,-0.003564453125,0.4076923076923077,0.4846153846153846,0.4230769230769231,-0.00874040809044471,-0.001056471604567309,5000
14,28,-0.25367487980769227,-1.5788934795673075,-1.3252185997596153,0.0013155156975043427,-0.001911492446396206,-0.00499164287860577,-0.0037841796875,2.6421192345252407,-0.9461988243689904,-3.588318058894231,0.000736281436998618,-0.0013052737054533529,-0.0010251089242788462,-0.00078125,-0.0010464242788461536,0.0001953125,-0.003279090294471154,-0.0015625,-0.1515625,2.388818359375,-0.0039665339543269226,-0.003125,0.4076923076923077,0.5153846153846153,0.4076923076923077,-0.007757852407602163,-0.00018296227088341672,5000
14,29,-0.2518369704026443,-1.5775728665865385,-1.325735896183894,0.00133022322947192,-0.0017203011568160235,-0.003153733473557693,-0.0015625,2.6417255108173077,-0.9461842698317308,-3.587909780649039,0.0007553939029214384,-1.8002827648438995e-05,-0.0014188326322115386,0.0006103515625,-0.001504939152644231,-0.0005859375000000001,-0.004596135066105769,-0.002001953125,-0.1609375,2.395458984375,-0.0017349008413461537,-0.001043701171875,0.4461538461538462,0.47692307692307695,0.46153846153846156,-0.00526282912034255,0.001937638502854564,5000
14,30,-0.2514476600060096,-1.5774368990384617,-1.325989239032452,0.0013265057152558413,-0.0014153357928853771,-0.0027644230769230766,-0.00107421875,2.6417756535456736,-0.9468751878004809,-3.5886508413461535,0.0007408680674314058,-0.0006530983432933962,-0.001368689903846154,-0.0011718750000000002,6.103515625000022e-05,0.000732421875,-0.004192457932692307,-0.003125,-0.153125,2.394580078125,-0.001395733173076923,-0.0017578125,0.4307692307692308,0.5230769230769231,0.45384615384615384,-0.004708094670222355,0.001886317326472355,5000
14,31,-0.2543236365685096,-1.5785291466346152,-1.3242055100661057,0.0013565372720879209,-0.0017931806361620554,-0.005640399639423078,-0.003125,2.6422084397536056,-0.9464390211838942,-3.5886474609375,0.0007621791803282005,-0.0008314677960494456,-0.0009359036959134614,-0.00078125,-0.0010518704927884614,-0.000732421875,-0.003650184044471154,-0.0015869140625,-0.1609375,2.3937011718749996,-0.0047044959435096146,-0.0019775390625,0.3923076923076923,0.5230769230769231,0.4230769230769231,-0.008378856952373797,-0.0008598421536959133,5000
15,0,-0.2541838191105769,-1.5771259014423078,-1.3229420823317306,0.0013919676498477009,-0.0019526211845484877,-0.005500582181490384,-0.004296875,2.6427777569110584,-0.9462238957331729,-3.5890016526442308,0.00076925739904425,-0.001779119849456741,-0.0003665865384615382,0.0,-0.0005388934795673073,0.0,-0.003633094200721153,-0.002734375,-0.15078124999999998,2.389990234375,-0.005133995643028846,-0.0046875,0.4,0.49230769230769234,0.4076923076923077,-0.009062697190504806,-0.0012161888709435137,5000
15,1,-0.2529120342548077,-1.5773730468750002,-1.3244610126201923,0.0013286585652755218,-0.001023658711519306,-0.0042287973257211535,-0.00162353515625,2.6417057917668267,-0.94703857421875,-3.588744365985577,0.0007564643246079197,-0.0002448882237985444,-0.0014385516826923078,0.0,8.150540865384622e-05,0.0,-0.0033287635216346146,-0.00234375,-0.15546875,2.3951171875,-0.0027902456430288452,-0.00263671875,0.4230769230769231,0.49230769230769234,0.46153846153846156,-0.006266362116887018,0.0008646967961237932,5000
15,2,-0.25233633188100957,-1.5776352163461538,-1.325298884465144,0.001324800793848041,-0.0017403706330230877,-0.0036530949519230776,-0.00205078125,2.6422147310697115,-0.9468999774639424,-3.589114708533654,0.0007002497918637158,-3.058602406145077e-05,-0.0009296123798076925,-0.0014160156250000002,-0.0007365534855769232,-0.000390625,-0.004388427734375,-0.003125,-0.15468749999999998,2.3919433593750004,-0.002723482572115385,0.0,0.38461538461538464,0.5307692307692308,0.47692307692307695,-0.0062756676307091355,0.0009484018179086536,5000
15,3,-0.2522360464242788,-1.5771251502403845,-1.3248891038161057,0.001376107410298363,2.126892846269234e-05,-0.003552809495192308,-0.00098876953125,2.64253183218149,-0.9465261606069713,-3.5890579927884616,0.0007270699772388304,3.7171453165419076e-05,-0.0006125112680288462,0.0,-0.0005327899639423075,0.0009277343750000001,-0.003977708082932693,-0.0028076171875,-0.1484375,2.3883300781249996,-0.0029402982271634613,-0.00078125,0.46153846153846156,0.49230769230769234,0.46923076923076923,-0.006741544283353367,0.0008822115384615389,5000
15,4,-0.2536504657451923,-1.5779364483173077,-1.3242859825721154,0.0013735335806835925,-0.0010950419267836485,-0.0049672288161057695,-0.0033203125000000003,2.641843449519231,-0.9466590294471153,-3.588502478966346,0.0007316962801497391,-0.001089029620064589,-0.0013008939302884617,-0.0013916015625,-0.001250939002403846,-9.765625e-05,-0.004489276592548077,-0.00322265625,-0.15703125,2.39482421875,-0.003666334885817307,-0.0032470703125,0.38461538461538464,0.5538461538461539,0.38461538461538464,-0.00743280029296875,0.0003218195988581734,5000
15,5,-0.2529092172475962,-1.5773129507211539,-1.3244037334735577,0.0013160437466469169,-0.0009782228741012974,-0.004225980318509615,-0.0030029296875,2.642204026442308,-0.9461298076923076,-3.5883338341346156,0.0007786692377529859,-0.00016291860912675255,-0.0009403170072115382,0.0015625,-0.003003117487980769,-0.0015625,-0.004129732572115384,-0.002734375,-0.15703125,2.403076171875,-0.0032856633112980775,-0.0026611328124999997,0.4,0.4307692307692308,0.4461538461538462,-0.006938194861778847,0.00045626361553484997,5000
15,6,-0.2514285043569711,-1.5776111778846154,-1.3261826735276443,0.0013873233415516847,-0.0016525052307412363,-0.0027452674278846158,-0.0013671875,2.6436999511718753,-0.9467064490685096,-3.5904064002403846,0.0007241169592723212,-0.0013237820087313617,0.0005556077223557692,0.001123046875,-1.4554537259615599e-05,0.0,-0.004152738131009614,-0.003125,-0.1515625,2.387255859375,-0.0033008751502403844,-0.00244140625,0.4461538461538462,0.4307692307692308,0.4461538461538462,-0.006853736290564906,0.00020130098783052757,5000
15,7,-0.2528211388221154,-1.5769726562499997,-1.3241515174278846,0.0013986957608434522,-0.000887338246546341,-0.0041379018930288464,-0.003369140625,2.642742450420673,-0.94644775390625,-3.5891902043269233,0.000747183783327079,-0.000963222895345932,-0.00040189302884615394,0.0,-0.0008247258112980769,-0.00079345703125,-0.004371713491586539,-0.002734375,-0.15234375,2.3973144531250004,-0.0037360088641826923,-0.0015625,0.4307692307692308,0.49230769230769234,0.46923076923076923,-0.007640078031099759,1.4714167668267986e-05,5000
15,8,-0.2536239858774038,-1.5781850961538462,-1.3245611102764423,0.0013618008826625002,-0.001850598347031512,-0.004940748948317308,-0.0031494140625,2.6414280348557693,-0.9457947716346152,-3.5872228064903844,0.0007400621581428382,9.269709299850368e-06,-0.0017163085937500003,-0.00078125,-0.0007457557091346155,-0.00107421875,-0.002971754807692308,-0.0017578125,-0.1515625,2.387451171875,-0.0032244403545673072,-0.0005859375000000001,0.36153846153846153,0.5384615384615384,0.45384615384615384,-0.006665233905498798,0.00026861337515023955,5000
15,9,-0.25529212364783654,-1.5786403245192306,-1.3233482008713942,0.0013298816771387732,-0.0026674892137248728,-0.006608886718749999,-0.00430908203125,2.642604792668269,-0.946454326923077,-3.589059119591346,0.0007233351940750383,-0.0004906580432684399,-0.00053955078125,9.765625e-05,-0.001872370793269231,-0.0015625,-0.0035175030048076924,-0.00224609375,-0.1578125,2.3943847656250004,-0.006069335937500001,-0.0034423828125,0.33076923076923076,0.4846153846153846,0.4461538461538462,-0.009917726956881008,-0.0021878943810096168,5000
15,10,-0.25148428109975957,-1.5774181189903844,-1.325933837890625,0.0013390705801540272,-0.0007211240893395568,-0.0028010441706730763,-0.002734375,2.642689115084135,-0.9461341271033654,-3.5888232421875004,0.0007250470787940502,-0.0007362635712965265,-0.0004552283653846156,-0.00078125,-0.0010581618088942308,-0.000390625,-0.004275090144230769,-0.00361328125,-0.15234375,2.4041015625,-0.002345815805288462,-0.0018554687500000001,0.4307692307692308,0.5230769230769231,0.47692307692307695,-0.0061558790940504805,0.0015636549729567285,5000
15,11,-0.25302903395432697,-1.5779409555288462,-1.324911921574519,0.0013503829300314978,-0.001846800294374693,-0.004345797025240385,-0.0029296875,2.6431812462439903,-0.9462388258713942,-3.5894200721153844,0.0007621234506035977,-0.001443156964626481,3.690279447115359e-05,-0.0001953125,-0.0006531700721153849,0.0,-0.003944185697115384,-0.0015625,-0.14882812499999998,2.3871337890625,-0.0043826998197115385,-0.00390625,0.4230769230769231,0.5,0.4,-0.008352647047776444,-0.0003545391376201938,5000
15,12,-0.2529121281550481,-1.577752403846154,-1.3248402756911057,0.001334970412863245,-0.0011566950405520133,-0.004228891225961539,-0.003662109375,2.6409429462139418,-0.946033466045673,-3.586976412259615,0.0008120129904285905,0.00027157936844399453,-0.0022013972355769233,-0.0015625,-0.0007368351862980771,0.0009765625,-0.005076716496394231,-0.00341796875,-0.153125,2.392822265625,-0.002027493990384615,-0.00234375,0.4076923076923077,0.5384615384615384,0.4461538461538462,-0.005914475661057694,0.0020408043494591294,5000
15,13,-0.25221116286057693,-1.577792217548077,-1.3255810546875,0.0012924844233084226,-0.0010991973174307714,-0.0035279259314903847,-0.00244140625,2.6422548264723558,-0.9465744253305288,-3.588829251802885,0.0007547164340224628,-0.0006030259939333771,-0.0008895169771634618,0.0,-0.0015135779747596154,-0.001025390625,-0.0038289701021634623,-0.002880859375,-0.1484375,2.38896484375,-0.0026384089543269227,-0.0015625,0.4153846153846154,0.46153846153846156,0.45384615384615384,-0.006286055344801683,0.0011590763972355754,5000
15,14,-0.25265315129206734,-1.577089092548077,-1.3244359412560096,0.0013281829631824566,-0.0017981470818199887,-0.003969914362980769,-0.0029296875,2.641343900240385,-0.9469381009615384,-3.588282001201923,0.000748349674396479,-0.00027959389566540037,-0.0018004432091346155,-4.8828125e-05,-7.690429687499978e-05,0.0015625,-0.0038894418569711533,-0.003125,-0.15234375,2.397607421875,-0.0021694711538461538,0.000732421875,0.4076923076923077,0.5,0.5153846153846153,-0.005806016188401443,0.0015495652418870192,5000
15,15,-0.25316866361177887,-1.5779191706730769,-1.324750507061298,0.0013317427403253292,-0.0012517321632154964,-0.004485426682692307,-0.003125,2.6417810058593747,-0.9459405987079326,-3.5877216045673075,0.0007418833692162147,2.208946319848935e-05,-0.0013633375901442306,-0.0001708984375,-0.0009984412560096153,-0.0001708984375,-0.004506084735576923,-0.0023193359375,-0.1484375,2.3974609375,-0.003122089092548077,-0.0015625,0.3923076923076923,0.5,0.46923076923076923,-0.006861497145432694,0.0005779747596153807,5000
15,16,-0.25305504432091347,-1.5784420072115386,-1.3253869628906252,0.0013483368315397454,-0.002258737967300535,-0.004371807391826924,-0.003125,2.642370417668269,-0.9469350961538462,-3.589305513822115,0.0007376006398427438,0.00024366682127573142,-0.0007739257812500001,-0.000634765625,-0.001773493840144231,-0.0017578125,-0.004440072866586538,-0.00244140625,-0.15625,2.4029296875,-0.003597881610576923,-0.0025146484375,0.3769230769230769,0.5076923076923077,0.4153846153846154,-0.007483088566706731,0.00048788217397835215,5000
15,17,-0.25338885967548075,-1.5780649038461538,-1.324676044170673,0.0013261823467863843,-0.002047420293317098,-0.004705622746394231,-0.003125,2.642379901592548,-0.9464880371093751,-3.588867938701923,0.0007339434459102055,-0.0002758331808185501,-0.0007644418569711542,-0.0005859375000000001,-0.0007480093149038463,0.0,-0.004126633864182692,-0.002734375,-0.15468749999999998,2.3884765625,-0.003941180889423078,-0.0024169921875,0.4,0.5076923076923077,0.4461538461538462,-0.007420980600210337,-0.0004589045597956743,5000
15,18,-0.25162823016826924,-1.576905048076923,-1.3252768179086538,0.001370309002105567,-0.0006589821917193312,-0.0029449932391826922,-0.001953125,2.6434253868689908,-0.9461554424579326,-3.589580829326923,0.0007378592964881243,-0.0008700276661717457,0.00028104341947115396,0.00234375,-0.0006235914963942307,0.0005615234375,-0.0033546799879807694,-0.0015625,-0.1515625,2.3896484375,-0.003226036658653846,-0.002777099609375,0.4307692307692308,0.4307692307692308,0.4307692307692308,-0.006648968036358173,0.00026704054612379453,5000
15,19,-0.2518089881310096,-1.5774759615384613,-1.325666973407452,0.0013336460648633987,-0.002134618213694668,-0.003125751201923077,-0.002587890625,2.642252572866586,-0.946864764873798,-3.589117337740384,0.0007493568648907212,-0.0008018901671605127,-0.0008917705829326922,-0.0001953125,-0.0008566518930288459,-0.000390625,-0.004018648587740385,-0.00234375,-0.1484375,2.3963378906250004,-0.002233980618990385,-0.003125,0.38461538461538464,0.5,0.4307692307692308,-0.005750286395733174,0.0014949927696814888,5000
15,20,-0.2521980168269231,-1.5777493990384615,-1.3255513822115386,0.001404566035116826,-0.0008358217847165796,-0.0035147798978365386,-0.0016601562500000002,2.6417942457932693,-0.9470068359375001,-3.5888010817307694,0.0007476165419971373,-0.000317124246214076,-0.0013500976562500003,-0.00087890625,-0.00022226186899038466,-0.0005859375000000001,-0.003944749098557692,-0.003125,-0.14921875,2.395556640625,-0.002164682241586539,-0.0015625,0.4076923076923077,0.5076923076923077,0.45384615384615384,-0.006182781512920675,0.0018234581580528842,5000
15,21,-0.25304471529447115,-1.5778125000000003,-1.3247677847055286,0.0013311494853466875,-0.0017010743565662235,-0.004361478365384615,-0.0017578125,2.6417414738581733,-0.9465653170072115,-3.588306790865385,0.0007132181890220642,-0.00018323368591165488,-0.0014028695913461536,-0.00078125,4.0189302884615505e-05,0.0,-0.004614727313701923,-0.0030761718750000003,-0.15390625,2.3866210937499996,-0.0029586087740384615,-0.00234375,0.38461538461538464,0.5153846153846153,0.4461538461538462,-0.006785405085637017,0.0008682110126201892,5000
15,22,-0.2529696890024038,-1.5784570312500001,-1.3254873422475961,0.0013450437750895797,-0.0008429866810908798,-0.004286452073317308,-0.001318359375,2.642603478064904,-0.9461033278245192,-3.5887068058894225,0.0007832956432346252,-0.0001981271152903314,-0.0005408653846153846,0.0014160156250000002,-0.0005359825721153845,0.0009765625,-0.003462007962740385,-0.0013671875,-0.15546875,2.3965820312500004,-0.0037455866887019227,-0.0011718750000000002,0.4153846153846154,0.46923076923076923,0.46923076923076923,-0.007309154803936297,-0.0001543015700120213,5000
15,23,-0.2538862492487981,-1.5789190204326924,-1.325032771183894,0.0013545926616328394,-0.0015298124751614585,-0.005203012319711538,-0.0041015625,2.6430215219350965,-0.9464560171274039,-3.5894775390625,0.0007506592763358168,-0.001581004075310112,-0.0001228215144230769,0.000244140625,-0.000894305889423077,0.0001953125,-0.0033406888521634614,-0.002880859375,-0.14609375000000002,2.396728515625,-0.005080190805288462,-0.004541015625,0.35384615384615387,0.4846153846153846,0.4230769230769231,-0.009223311204176684,-0.0010072350135216352,5000
15,24,-0.2562057729867789,-1.5813596754807693,-1.3251539024939902,0.001422121718996675,-0.0013136378097095916,-0.007522536057692307,-0.0046875,2.645568565955529,-0.9466253192608173,-3.592193885216346,0.0007599230426682642,-0.0018434677140001822,0.002424222506009615,0.0027832031249999997,-0.001002948467548077,-0.0005859375000000001,-0.004044565054086539,-0.0015625,-0.16328125,2.397900390625,-0.00994675856370192,-0.008251953125,0.3076923076923077,0.4076923076923077,0.3076923076923077,-0.014268343411959138,-0.005556448129507212,5000
15,25,-0.2520643028846154,-1.5770327524038459,-1.3249684495192307,0.0013388557948195822,-0.0017309855065929906,-0.003381065955528846,-0.0015625,2.641294884314904,-0.9466689828725962,-3.5879638671875,0.0007465801432130981,8.48150472792893e-05,-0.001849459134615385,-0.0011718750000000002,-0.0006744854266826923,0.0,-0.0041643817608173084,-0.0035400390625,-0.15,2.39501953125,-0.0015316068209134614,0.00046386718750000003,0.4461538461538462,0.5384615384615384,0.5076923076923077,-0.00515308086688702,0.001930715707632208,5000
15,26,-0.24505981445312497,-1.572147686298077,-1.327087871844952,0.001477426785665171,0.00038386221150641753,0.0036234224759615387,0.0015625,2.635508469801682,-0.9474486365685096,-3.582957106370192,0.0007274879528960473,0.0012204492568437789,-0.007635873647836538,-0.0058837890625,-0.0010545935997596154,0.0001953125,-0.0046573580228365385,-0.004296875,-0.149609375,2.3828857421875,0.011259296123798076,0.00859375,0.5692307692307692,0.6461538461538462,0.6538461538461539,0.007022207406850961,0.015465792142427884,5000
15,27,-0.2529137244591346,-1.576649639423077,-1.3237359149639423,0.0013510311609275009,-0.0022570721159328217,-0.004230487530048077,-0.002685546875,2.6397021484375,-0.9462376051682692,-3.585939753605769,0.0007358408012898471,-0.00035457699928411287,-0.0034421950120192306,-0.00302734375,-0.002743389423076923,-0.0011718750000000002,-0.003570932241586539,-0.0022216796875,-0.15625,2.3943847656250004,-0.0007882925180288456,0.00087890625,0.4,0.6153846153846154,0.5230769230769231,-0.004470698429987981,0.0026773376464843735,5000
15,28,-0.2525095778245192,-1.5775285456730772,-1.3250189678485573,0.0012996277666841643,-0.0008370612271278098,-0.003826340895432693,-0.00234375,2.6416471041165863,-0.9464553598257213,-3.588102463942308,0.0007391312512470749,0.00027057357423824796,-0.0014972393329326923,-0.0005126953125,-0.0007663198617788459,-0.000830078125,-0.0031053748497596153,-0.0015625,-0.15859375,2.3966796875,-0.0023291015625000002,-0.00072021484375,0.4153846153846154,0.5076923076923077,0.46923076923076923,-0.006019709660456731,0.0013853266789362977,5000
15,29,-0.25319373497596154,-1.5777103365384617,-1.3245166015625003,0.0013563106572944813,-0.0018028678960010957,-0.004510498046875,-0.0035400390625,2.642578688401442,-0.9462633338341346,-3.588842022235577,0.0006907197311384145,-0.0009702078623880818,-0.000565655048076923,0.0,-0.0009685809795673077,0.0,-0.004088228665865385,-0.003515625,-0.1546875,2.3984130859375,-0.003944842998798077,-0.000115966796875,0.36153846153846153,0.49230769230769234,0.46923076923076923,-0.007591001070462741,-0.00044216449444110616,5000
15,30,-0.2523624361478365,-1.5775428185096154,-1.325180382361779,0.0013469992286614732,-0.0008356730230830594,-0.0036791992187499996,-0.0021484375,2.642898418719952,-0.9458245380108173,-3.5887229567307695,0.0007125373500000692,-0.0007426477294357926,-0.0002459247295673076,0.0006103515625,-0.00017540564903846138,-0.0005615234375,-0.0034252929687500003,-0.001806640625,-0.15390625,2.3934082031250004,-0.0034332744891826927,-0.0016601562500000002,0.4230769230769231,0.4846153846153846,0.4461538461538462,-0.007338632436899038,0.0005078195425180281,5000
15,31,-0.2521236478365385,-1.5772829026442305,-1.3251592548076925,0.001369800958584367,-0.0017485186974334909,-0.0034404109074519236,-0.000823974609375,2.64166757436899,-0.9459428523137019,-3.587610426682692,0.0007558482174122557,-0.00039967299979725964,-0.0014767690805288461,0.0,-0.0017994103064903843,-0.0009521484375,-0.003780517578125,-0.00234375,-0.15390625,2.38720703125,-0.001963641826923077,-0.0005859375000000001,0.4461538461538462,0.49230769230769234,0.4846153846153846,-0.005767564039963944,0.0016798424353966328,5000
16,0,-0.2518965970552885,-1.5775818810096154,-1.3256852839543267,0.001314569540085013,-0.000757363945195187,-0.0032133601262019232,-0.00234375,2.6419769756610574,-0.9466299203725962,-3.5886068960336535,0.0007333064138402063,1.7588188019724903e-05,-0.0011673677884615383,-0.0013916015625,-0.0005332594651442305,-0.000634765625,-0.0032065993088942306,-0.00234375,-0.15625,2.39609375,-0.0020459923377403847,-0.000634765625,0.43846153846153846,0.5461538461538461,0.4461538461538462,-0.005337693434495191,0.0013877516526442258,5000
16,1,-0.2528186974158654,-1.5780123197115385,-1.325193622295673,0.001310190261013966,-0.0012038727328885985,-0.004135460486778846,-0.0016601562500000002,2.6421793306790864,-0.9460853928786057,-3.5882647235576925,0.0007243309500913859,-0.0006935361319812752,-0.0009650127704326924,-0.00068359375,-0.0006665978064903846,0.0,-0.004297907902644231,-0.00352783203125,-0.15390625,2.395458984375,-0.003170447716346154,-0.0013549804687500002,0.43846153846153846,0.5153846153846153,0.45384615384615384,-0.006856900728665866,0.0003343177208533652,5000
16,2,-0.25214430588942305,-1.5774797175480773,-1.3253354116586538,0.001309094091298073,-0.0013237950970017521,-0.0034610689603365385,-0.0015625,2.6419979154146636,-0.9463021146334135,-3.5883000300480767,0.0007654441410605356,-0.00018759449961117212,-0.001146428034855769,-0.0017578125,-0.001949932391826923,-0.0009521484375,-0.0038941368689903843,-0.0014404296875,-0.153125,2.401171875,-0.0023146409254807695,-0.00146484375,0.45384615384615384,0.5384615384615384,0.4461538461538462,-0.005839979905348558,0.0011858168381911048,5000
16,3,-0.2522803673377404,-1.576610576923077,-1.3243302095853364,0.001353848125527961,-0.001244577612852803,-0.0035971304086538465,-0.002276611328125,2.642352294921875,-0.9464732008713942,-3.5888254957932695,0.0007515823916052392,-0.0002701708251318,-0.0007920485276442308,-0.000390625,-0.0006396484374999997,0.0005859375000000001,-0.0047378305288461545,-0.0026611328124999997,-0.15703125,2.3990722656249996,-0.0028050818810096156,0.0,0.4,0.5,0.47692307692307695,-0.00637188720703125,0.0006916527381310085,5000
16,4,-0.25279766376201923,-1.5776998197115384,-1.324902155949519,0.001374877524609467,-0.0006471903414291908,-0.0041144268329326925,-0.0023681640625,2.6418493652343753,-0.9462940392127405,-3.5881434044471154,0.0007333440919045796,-0.000894128320909981,-0.001294978215144231,-0.00078125,-0.0009705528846153845,0.0,-0.004547964242788462,-0.0033203125000000003,-0.15859375,2.387158203125,-0.0028194486177884615,-0.002734375,0.4076923076923077,0.5384615384615384,0.4461538461538462,-0.0063755493164062505,0.000815601055438701,5000
16,5,-0.2534190016526442,-1.5781385216346153,-1.324719519981971,0.0013809715291297322,-0.002378547971149851,-0.004735764723557692,-0.003125,2.6435268930288465,-0.9463705679086539,-3.5898974609375,0.0007279663072958402,-0.0003403038636103497,0.00038254957932692295,0.00146484375,-0.0011939415564903844,-0.00078125,-0.004088510366586539,-0.004052734375,-0.15390625,2.3947265625,-0.0051183143028846155,-0.002734375,0.3769230769230769,0.43846153846153846,0.43846153846153846,-0.00887247408353365,-0.0014574397160456738,5000
16,6,-0.2526141826923077,-1.577772686298077,-1.3251585036057694,0.0013703019082704124,-0.0005680034146870248,-0.003930945763221153,-0.0023193359375,2.6415724534254807,-0.9464222130408654,-3.5879946664663462,0.0007503645412706238,-0.000642452724862465,-0.0015718900240384618,-0.001220703125,-0.0003089317908653845,0.0,-0.004570218599759616,-0.0046875,-0.1515625,2.4073242187500004,-0.002359055739182692,-0.002886962890625,0.4076923076923077,0.5461538461538461,0.46923076923076923,-0.005807607797475961,0.0011685063288762014,5000
16,7,-0.25256526066706725,-1.5775105168269232,-1.3249452561598556,0.0013679182496423863,-0.0007431343380134102,-0.003882023737980769,-0.003125,2.6423098520132213,-0.9455458420973558,-3.587855694110577,0.000734088705953829,-0.0004333691958154647,-0.0008344914362980768,0.0,-0.000684063251201923,9.765625e-05,-0.004391338641826922,-0.003125,-0.15078125,2.3863281250000004,-0.0030475323016826918,-0.00234375,0.4076923076923077,0.47692307692307695,0.4230769230769231,-0.0065095848670372585,0.0004068204439603331,5000
16,8,-0.25237135667067306,-1.5776682692307693,-1.3252969125600964,0.0013335105118775874,-0.0005942965819719228,-0.003688119741586539,-0.001800537109375,2.6421076847956733,-0.9467339618389423,-3.588841646634615,0.0007448758053926293,-0.0011475146892458727,-0.0010366586538461538,0.0,-0.0004862154447115387,-0.0015625,-0.004153113731971154,-0.0021484375,-0.1484375,2.4005859375,-0.0026514610877403843,-0.00234375,0.4076923076923077,0.4846153846153846,0.45384615384615384,-0.0062386474609374964,0.0010158151479867773,5000
16,9,-0.25267991286057695,-1.5776607572115386,-1.3249808443509616,0.001286156049498541,-0.0010743615813904772,-0.003996675931490385,-0.0015625,2.642588641826923,-0.946346905048077,-3.5889355468749997,0.0007346859021748703,-0.0008545724742136183,-0.0005557016225961538,0.0009765625,-0.001148681640625,-0.00107421875,-0.003992262620192308,-0.003125,-0.15703125,2.395068359375,-0.003440974308894231,-0.00234375,0.43846153846153846,0.47692307692307695,0.46923076923076923,-0.0070864774263822115,0.0003232234074519205,5000
16,10,-0.2517402531550481,-1.576965144230769,-1.3252248910757212,0.001317203740281081,-0.0004931144573685308,-0.003057016225961538,-0.0015625,2.641534893329327,-0.946261455829327,-3.587796349158654,0.0007321806441545655,-0.0001927002622231887,-0.0016094501201923076,-0.001318359375,-0.001304462139423077,-0.0015625,-0.004065223106971155,-0.0031982421875,-0.153515625,2.400341796875,-0.001447566105769231,-0.00072021484375,0.4153846153846154,0.5461538461538461,0.4846153846153846,-0.004941291222205529,0.0020440298227163453,5000
16,11,-0.25229172926682697,-1.577451171875,-1.325159442608173,0.0014061939994585032,-0.0007502846380705517,-0.0036084923377403843,-0.00205078125,2.6408862304687504,-0.947194073016827,-3.588080303485577,0.0007623557976245039,-0.00039358119881664386,-0.002258112980769231,-0.0015625,-0.0007926119290865386,0.0,-0.00369140625,-0.001953125,-0.153125,2.39404296875,-0.001350379356971154,-0.000732421875,0.4153846153846154,0.5692307692307692,0.45384615384615384,-0.005000992995042069,0.0025287733811598526,5000
16,12,-0.25131216195913464,-1.5767457932692308,-1.3254336313100963,0.001316303795986546,-0.0009050710885110893,-0.0026289250300480767,-0.0015625,2.642430138221154,-0.9461884014423078,-3.588618539663462,0.0007730662415404051,-0.0004942444995557832,-0.0007142052283653846,-0.0015625,-0.0013631497896634615,0.0,-0.003776292067307692,-0.0015625,-0.15781250000000002,2.3941894531249996,-0.001914719801682692,0.0,0.4076923076923077,0.5461538461538461,0.49230769230769234,-0.005851865328275241,0.0022546504094050476,5000
16,13,-0.25356849083533656,-1.5784622896634617,-1.3248937988281249,0.0013059949887209794,-0.0018840569124663367,-0.00488525390625,-0.003515625,2.6419869290865385,-0.9465666316105767,-3.5885535606971155,0.0007570221963488222,-0.0006367552597240544,-0.0011574143629807694,-0.0011474609375,-0.0008602201021634617,-0.00078125,-0.0027620755709134616,-0.00048828125,-0.1546875,2.4037109375,-0.00372783954326923,-0.001953125,0.4,0.5230769230769231,0.4461538461538462,-0.007454411433293268,3.7306565504806155e-05,5000
16,14,-0.25320406400240386,-1.5781918569711537,-1.32498779296875,0.0013207035136593634,-0.0018571188826852646,-0.004520827073317308,-0.0030761718750000003,2.641682410606971,-0.9463445575420673,-3.5880269681490384,0.0006854070421488998,-0.0004875559778628776,-0.0014619328425480775,-0.000732421875,-0.000846886268028846,-0.00048828125,-0.0038667179987980768,-0.00185546875,-0.1515625,2.3954101562499996,-0.003058894230769231,-0.001123046875,0.43846153846153846,0.5076923076923077,0.46923076923076923,-0.006839932955228364,0.0008010911207932658,5000
16,15,-0.2520197002704327,-1.5770582932692307,-1.3250385929987982,0.0013526199936383359,-0.000542665378760858,-0.003336463341346154,-0.003125,2.6420007324218746,-0.9461945049579328,-3.588195237379808,0.0007491785503708117,-0.00023820327395197583,-0.001143611027644231,-0.0009765625,-0.0008892352764423079,0.0,-0.004967416616586538,-0.004296875,-0.1484375,2.395458984375,-0.0021928523137019233,-0.002239990234375,0.4153846153846154,0.5230769230769231,0.4307692307692308,-0.006022425724909856,0.0017094914362980735,5000
16,16,-0.2508576847956731,-1.5758090444711539,-1.324951359675481,0.001351199696833666,6.717014046871673e-06,-0.002174447866586538,-0.00078125,2.642607985276442,-0.9459384390024039,-3.588546424278846,0.000722674318394473,-0.00046616673134259635,-0.0005363581730769233,-0.0011962890625,-0.0003174767127403845,0.00078125,-0.004816049429086538,-0.003125,-0.14921875,2.393408203125,-0.0016380896935096155,-0.000537109375,0.46153846153846156,0.5461538461538461,0.49230769230769234,-0.005175609882061297,0.002011575552133412,5000
16,17,-0.2517620380108173,-1.5775533353365383,-1.3257912973257213,0.0013482340092423153,-0.0003305895447262083,-0.0030788010817307692,-0.0029296875,2.642413236177885,-0.9467424128605769,-3.5891556490384615,0.0007686882013537861,-0.001118400860398838,-0.0007311072716346152,0.0,-0.0018151855468750003,-0.0011474609374999998,-0.004138465294471153,-0.0022949218749999997,-0.14921875,2.397802734375,-0.002347693810096154,-0.001513671875,0.4307692307692308,0.49230769230769234,0.46923076923076923,-0.005905085637019232,0.001194373497596153,5000
16,18,-0.2521176382211538,-1.5781670673076922,-1.3260494290865386,0.001342124032181186,-0.0006181002340887627,-0.0034344012920673075,-0.003125,2.6421160419170677,-0.9457903583233174,-3.5879064002403847,0.0007025552428827309,-0.0002772247469077218,-0.001028301532451923,7.324218750000001e-05,-0.00034977839543269264,0.00078125,-0.00430194561298077,-0.0015625,-0.15546875,2.3882812500000004,-0.002406099759615384,0.00078125,0.4307692307692308,0.47692307692307695,0.5076923076923077,-0.0061330190805288474,0.0013409564678485543,5000
16,19,-0.25184927133413465,-1.577404597355769,-1.3255553260216346,0.001341021402337375,-0.0003262462376228546,-0.0031660344050480765,-0.0015625,2.6436604191706725,-0.9465608097956731,-3.5902212289663455,0.0007617611898432023,-0.0009493808432883495,0.0005160757211538461,0.00048828125,-0.001113750751201923,0.0001953125,-0.004291992187500001,-0.00234375,-0.14921875,2.39541015625,-0.0036821101262019236,-0.0019775390625,0.4230769230769231,0.4461538461538462,0.46153846153846156,-0.007120495135967548,-0.000232858511117794,5000
16,20,-0.2533978740985577,-1.5783428485576922,-1.3249449744591348,0.0013393739814355893,-0.002025222148819972,-0.004714637169471154,-0.0037109375,2.6422407414362983,-0.946535175030048,-3.588775916466346,0.0007129964771780049,-0.001366837873044389,-0.0009036020132211538,0.0001953125,-0.0007755220853365388,2.44140625e-05,-0.0045363206129807685,-0.0015625,-0.15703125,2.392626953125,-0.00381103515625,-0.0013671875,0.36153846153846153,0.4846153846153846,0.45384615384615384,-0.00775879610501803,0.00014218843900240142,5000
16,21,-0.25316885141225964,-1.5781092247596153,-1.3249403733473557,0.0013301786626268115,-0.0014319531544458894,-0.004485614483173077,-0.0037109375,2.642292856069712,-0.9462122521033653,-3.588505108173077,0.0007438648208985053,-0.0004883200797319974,-0.0008514873798076925,-0.000390625,0.0011780724158653845,0.00043945312499999996,-0.0034896146334134617,-0.001513671875,-0.15,2.40068359375,-0.0036341271033653844,-0.001953125,0.4,0.5,0.43846153846153846,-0.007337946965144231,9.830650916466169e-05,5000
16,22,-0.20284921499399036,-1.5532639723557693,-1.350414757361779,0.00691321119432352,0.01715224413538429,0.045834021935096156,0.027636718749999997,2.6047909780649037,-0.9511912184495193,-3.5559821965144227,0.0020519182010435674,0.012791766581427028,-0.03835336538461539,-0.02490234375,0.0008277306189903846,0.0015625,-0.0045450533353365375,-0.0044921875,-0.1578125,2.353515625,0.08418738731971152,0.0599609375,0.8538461538461538,0.9307692307692308,0.9076923076923077,0.068947514460637,0.10223124812199519,5000
16,23,-0.2527173790564904,-1.577410606971154,-1.3246932279146635,0.0013150284915564954,-0.0013136400749765836,-0.004034142127403846,-0.003125,2.643055607722356,-0.9453939115084135,-3.5884495192307693,0.0007646691434406613,-0.0017287273308721058,-8.873572716346186e-05,0.0,-0.001564378004807692,-0.000390625,-0.004326641376201924,-0.0015625,-0.1484375,2.395556640625,-0.0039454064002403845,-0.003485107421875,0.3923076923076923,0.45384615384615384,0.4230769230769231,-0.007645078218900241,-0.000346513014573318,5000
16,24,-0.25308584359975955,-1.5780310997596154,-1.3249452561598558,0.0013789060784696315,-0.0014716576628063893,-0.004402606670673077,-0.0029296875,2.6423291015625,-0.9468813852163462,-3.589210486778846,0.0007201535181848545,-0.00014450242238101912,-0.0008152418870192307,-0.0001953125,-0.0007570237379807691,0.0005859375000000001,-0.004231520432692307,-0.002197265625,-0.16171875000000002,2.3970703125,-0.003587364783653846,-0.000390625,0.4,0.5,0.4846153846153846,-0.007096914438100963,-0.00014832951472356205,5000
16,25,-0.2530298790564904,-1.5772791466346157,-1.3242492675781252,0.0013196532326933633,-0.0016758392390415554,-0.0043466421274038465,-0.0017944335937500001,2.6431964580829326,-0.9469256122295673,-3.5901220703125003,0.0007522720191651442,-0.00041286663230651803,5.2114633413461536e-05,0.000341796875,4.2630709134615256e-05,0.0015625,-0.003628868689903846,-0.002239990234375,-0.14921875,2.39970703125,-0.004398756760817308,-0.00234375,0.4153846153846154,0.47692307692307695,0.43846153846153846,-0.007890517014723557,-0.0008853219839242845,5000
16,26,-0.2530388934795673,-1.5771822415865384,-1.324143348106971,0.0013199606914843303,-0.0016350856186744956,-0.00435565655048077,-0.0025390624999999997,2.642059232271634,-0.9466693584735577,-3.5887285907451916,0.0007528510447152512,-0.0007220954952962122,-0.0010851111778846154,0.00078125,-0.0005526029146634616,-0.0001953125,-0.0038277493990384616,-0.003125,-0.153125,2.39599609375,-0.0032705453725961537,-0.0030517578125,0.4153846153846154,0.46153846153846156,0.4230769230769231,-0.007026331974909856,0.0006193519005408587,5000
16,27,-0.2558473557692308,-1.579024939903846,-1.3231775841346156,0.001418091341324013,-0.0021864404847269387,-0.007164118840144232,-0.006982421875,2.6416104830228364,-0.9462778883713943,-3.587888371394231,0.0007716222591301172,-0.0012347402386361074,-0.0015338604266826928,-0.0015625,-0.0009492375300480766,0.0008300781250000001,-0.004786564753605769,-0.00234375,-0.15234375,2.397705078125,-0.005630258413461538,-0.005175781250000001,0.2923076923076923,0.5615384615384615,0.3923076923076923,-0.00947889357346755,-0.0016912536621093762,5000
16,28,-0.2529189828725961,-1.5774699519230768,-1.3245509690504806,0.0013397832102974496,-0.0009188383432793168,-0.004235745943509616,-0.00234375,2.6424844125600964,-0.9470089017427883,-3.5894933143028847,0.0007595278075030976,-0.00021251147769791388,-0.0006599308894230772,-0.00029296875,-0.0009442608173076926,0.00078125,-0.004391808143028846,-0.0037109375,-0.1515625,2.389013671875,-0.003575815054086538,-0.0015625,0.3923076923076923,0.5,0.46923076923076923,-0.007051274226262018,-0.00011826265775240511,5000
16,29,-0.2525292029747596,-1.5780115685096154,-1.325482365534856,0.0013766803866678472,-0.0022485647517402735,-0.003845966045673077,-0.003125,2.642602820763221,-0.9465982759915866,-3.5892010967548074,0.000753353238274192,-0.0011650491776882966,-0.0005415226862980772,0.0015625,-0.0004144756610576925,0.0,-0.004014423076923077,-0.0014892578125,-0.15625,2.402490234375,-0.003304443359375,-0.00234375,0.4230769230769231,0.47692307692307695,0.43846153846153846,-0.006951596773587739,0.0003827819824218751,5000
16,30,-0.25026893028846153,-1.5755190805288461,-1.3252501502403848,0.0012968236173778586,-0.0006448340992237694,-0.001585693359375,-0.00205078125,2.6428329702524036,-0.9464774263822116,-3.5893103966346156,0.0007623713213763349,-0.0007501514004227014,-0.0003113731971153849,0.0004638671875,-0.0011625788762019227,-0.00078125,-0.0042698317307692316,-0.0023437500000000003,-0.15625,2.3849853515625,-0.0012743201622596157,0.00087890625,0.46153846153846156,0.46923076923076923,0.5076923076923077,-0.004767981896033655,0.0020456355168269225,5000
16,31,-0.2532787146935096,-1.5782677283653845,-1.324989013671875,0.0013892122152420483,-0.0013383585945045086,-0.004595477764423077,-0.00380859375,2.6422418682391826,-0.9462925368088941,-3.5885344050480765,0.0007313907378376042,-0.0014513337766851727,-0.0009024752103365385,0.00078125,-0.0007395582932692307,0.0,-0.004611159104567308,-0.003173828125,-0.14609375000000002,2.397314453125,-0.003693002554086539,-0.00303955078125,0.3769230769230769,0.47692307692307695,0.45384615384615384,-0.007207258958082933,-0.0003333928034855796,5000
17,0,-0.2508629432091346,-1.5764873798076924,-1.3256244365985577,0.001369085606501313,-0.0001971918709508802,-0.002179706280048077,-0.0015625,2.6421855280949518,-0.9462376990685096,-3.5884232271634615,0.0007375552716630542,-0.001495073949860663,-0.0009588153545673077,-0.000732421875,-0.0012269005408653845,-0.0005859375000000001,-0.004878493088942308,-0.00283203125,-0.15078125,2.3973144531250004,-0.001220890925480769,0.00029296875000000004,0.4461538461538462,0.5076923076923077,0.5,-0.004813269981971153,0.002464397723858172,5000
17,1,-0.2534755295973558,-1.5779356971153846,-1.324460167518029,0.0013496973475294071,-0.0019975055832211143,-0.004792292668269231,-0.0033203125000000003,2.64237802358774,-0.9467580942007211,-3.5891361177884615,0.0007432139503294995,-0.000964480154207759,-0.0007663198617788461,0.0001953125,-0.0009184382512019231,0.0,-0.004431903545673077,-0.00244140625,-0.15234375,2.393994140625,-0.004025972806490385,-0.003125,0.38461538461538464,0.4846153846153846,0.3923076923076923,-0.007366804856520432,-0.0006152273324819753,5000
17,2,-0.2523262845552885,-1.5776412259615384,-1.3253149414062502,0.00128792465631492,-0.0011277108570367264,-0.003643047626201923,-0.0017333984375,2.642130502554086,-0.9462499060997597,-3.5883804086538458,0.0007097688447462637,-0.0007381903828106508,-0.0010138408954326926,-0.00078125,-0.0012907527043269232,0.0,-0.0041095440204326926,-0.003643798828125,-0.15703125,2.3922363281249996,-0.002629206730769231,-0.00189208984375,0.4,0.5076923076923077,0.46153846153846156,-0.006118518535907452,0.0008796574519230739,5000
17,3,-0.2526073279747596,-1.5780709134615383,-1.325463585486779,0.0013346007923274107,-0.0017460373458060968,-0.003924091045673077,-0.00234375,2.641034029447115,-0.9465613731971154,-3.5875954026442303,0.0007486833807743831,-9.412652195406959e-05,-0.0021103140024038465,-0.0017578125,-0.0005522273137019231,0.00029296875,-0.003975736177884616,-0.0029541015625000003,-0.1515625,2.4048828125,-0.001813777043269231,-0.001171875,0.3923076923076923,0.5538461538461539,0.46153846153846156,-0.005566286527193512,0.0019264714167668273,5000
17,4,-0.2527598219651442,-1.5773970853365384,-1.3246372633713943,0.0013577689970565034,-0.000665568828849175,-0.004076585036057692,-0.0037109375,2.6428048001802886,-0.9461311222956729,-3.5889359224759616,0.0007379533406412429,-0.0004380145424902137,-0.0003395432692307693,0.00014648437500000002,-0.0009917743389423078,-0.00078125,-0.0035133713942307695,-0.0016845703125,-0.159375,2.403076171875,-0.003737041766826923,-0.004345703124999999,0.3923076923076923,0.46153846153846156,0.43846153846153846,-0.007483116736778844,6.764103816105189e-05,5000
17,5,-0.25317927433894233,-1.5778102463942307,-1.3246309720552885,0.0013530060176094947,-0.0014565291105046174,-0.00449603740985577,-0.003125,2.641656775841346,-0.9459112079326923,-3.5875679837740386,0.0007440520888283751,-0.00040556844291159507,-0.001487567608173077,-0.000390625,-0.00031005859375,0.0005126953125,-0.004139404296875001,-0.0039306640625,-0.15546875,2.39765625,-0.0030084698016826926,-0.002728271484375,0.36923076923076925,0.5153846153846153,0.47692307692307695,-0.006509415846604567,0.0005165804349459127,5000
17,6,-0.2514830603966346,-1.577188251201923,-1.3257051908052884,0.001314202556417704,-0.0002471455625912838,-0.0027998234675480765,-0.00146484375,2.6412839918870192,-0.9464285982572116,-3.587712590144231,0.0007256314344617313,1.2498190522906956e-05,-0.0018603515625,-0.0017578125,-0.0011484938401442304,0.0,-0.004709566556490384,-0.00322265625,-0.15078125,2.39658203125,-0.0009394719050480773,0.0001953125,0.45384615384615384,0.5538461538461539,0.5,-0.004142251821664665,0.0022699678861177867,5000
17,7,-0.25323514498197114,-1.5777058293269233,-1.324470684344952,0.0012949283946750746,-0.0009706195676450288,-0.0045519080528846146,-0.0037109375,2.6417500187800482,-0.9468801645132211,-3.588630183293269,0.0007370998915788626,-0.00042762294220071226,-0.001394324669471154,-0.0008300781250000001,-0.002496243990384616,-0.0013427734375,-0.0043453275240384615,-0.002734375,-0.15234375,2.3929199218750004,-0.003157583383413462,-0.003125,0.4230769230769231,0.5230769230769231,0.4307692307692308,-0.006739553598257211,0.0004144216684194699,5000
17,8,-0.2532402155949519,-1.5776329627403847,-1.3243927471454326,0.0013446783368462707,-0.0011343283705826622,-0.004556978665865384,-0.0011718750000000002,2.6433338341346153,-0.9462571364182693,-3.5895909705528846,0.0007660962968297636,-0.0017413626752131874,0.0001894906850961537,-0.0001953125,-0.0016941481370192305,-0.0005859375000000001,-0.004031137319711538,-0.0015625,-0.15234375,2.393115234375,-0.004746469350961538,-0.003515625,0.4307692307692308,0.5,0.4461538461538462,-0.008247182992788461,-0.001168795072115388,5000
17,9,-0.25259587214543266,-1.5780709134615383,-1.3254750413161056,0.0013274917387277034,-0.0011089583720145996,-0.003912635216346154,-0.00234375,2.6414324481670675,-0.9468886155348558,-3.5883210637019225,0.0007334566012902809,-0.00034625828191088,-0.0017118952824519233,-0.0015625,-0.0015413724459134622,-0.00078125,-0.004111328125,-0.0024658203125,-0.15078124999999998,2.394189453125,-0.0022007399338942308,-0.0005859375000000001,0.4230769230769231,0.5153846153846153,0.47692307692307695,-0.005956120417668269,0.001436964768629804,5000
17,10,-0.25294414813701926,-1.577548076923077,-1.3246039287860576,0.0013602069910898715,-0.0010814549312602516,-0.004260911207932692,-0.00390625,2.64218994140625,-0.9463579852764422,-3.5885479266826925,0.0007588519435782415,-0.0011799207021172499,-0.0009544020432692311,-0.000732421875,-0.00035747821514423077,-0.0005859375,-0.003701923076923077,-0.002313232421875,-0.15234375,2.401611328125,-0.003306509164663461,-0.0013671875,0.4,0.5230769230769231,0.46923076923076923,-0.006896017221304085,0.0004884526179386986,5000
17,11,-0.2522042142427885,-1.5777651742788459,-1.3255609600360576,0.0013303610375931978,-0.0006993959906066495,-0.0035209773137019236,-0.0015625,2.642848651592548,-0.9464549842247596,-3.5893036358173074,0.000744236071351041,-0.0008320219070465586,-0.0002956918569711536,0.0009765625,-0.0014901029146634612,-0.001025390625,-0.0037853064903846153,-0.003125,-0.15,2.396923828125,-0.0032252854567307696,-0.001702880859375,0.4307692307692308,0.4846153846153846,0.4846153846153846,-0.007170428936298078,0.0005422457181490373,5000
17,12,-0.2528148475060096,-1.5778861177884616,-1.3250712702824519,0.001324940919227654,-0.0013040337688774396,-0.004131610576923077,-0.00234375,2.6440181790865385,-0.9461609825721153,-3.590179161658654,0.0007265721125289606,-0.0018077645440549351,0.0008738356370192307,0.0009277343750000001,-0.0009830416165865384,0.0,-0.0038886906550480763,-0.002099609375,-0.151171875,2.39482421875,-0.005005446213942307,-0.002587890625,0.36153846153846153,0.45384615384615384,0.4153846153846154,-0.008547490046574516,-0.001552905742938708,5000
17,13,-0.2525324894831731,-1.5778282752403847,-1.3252957857572116,0.0013514314156212912,-0.001226192287090675,-0.0038492525540865384,-0.002392578125,2.6425951209435095,-0.9460564716045674,-3.588651592548077,0.0007402200392924479,-0.001493926234671899,-0.0005492225060096154,-0.0005615234375,-0.0014288799579326922,-0.0005859375000000001,-0.004857553335336539,-0.0025390624999999997,-0.16015625,2.4027343749999996,-0.003300030048076923,-0.002117919921875,0.4230769230769231,0.5230769230769231,0.46153846153846156,-0.007139077993539665,0.0005377032940204307,5000
17,14,-0.2538847468449519,-1.578311298076923,-1.3244265512319715,0.0013294017466512348,-0.002127058938810893,-0.005201509915865384,-0.00224609375,2.6425692044771636,-0.9463535719651442,-3.588922776442308,0.0007619930077491166,-0.0006159234502360529,-0.0005751389723557689,-0.0007080078125000001,-0.00012958233173076918,0.0003662109375,-0.0038984562800480765,-0.0028076171875,-0.15546875,2.40380859375,-0.004626370943509615,-0.0032714843749999997,0.3923076923076923,0.5153846153846153,0.4307692307692308,-0.008110914963942307,-0.001048177865835337,5000
17,15,-0.25238619290865383,-1.576846454326923,-1.3244602614182694,0.0013925736328302756,-0.0008691872019191832,-0.003702955979567308,-0.0023681640625,2.64094961313101,-0.947210693359375,-3.588160306490385,0.0007195401892951247,0.00028234642463822454,-0.0021947303185096156,-0.0011718750000000002,-0.00026808518629807705,-0.0001953125,-0.00500225360576923,-0.003662109375,-0.153125,2.3891357421875,-0.0015082256610576932,-0.00126953125,0.4076923076923077,0.5230769230769231,0.4846153846153846,-0.005420626126802885,0.0024728933481069685,5000
17,16,-0.2529812387319712,-1.5779026442307693,-1.324921405498798,0.0013399424367006173,-0.0019442738907611758,-0.004298001802884616,-0.003125,2.641478740985577,-0.9467698317307692,-3.5882485727163465,0.0007445449125350057,-0.00011372335312262643,-0.0016656024639423077,-0.00078125,-0.0018892728365384615,-0.0017578125,-0.004060809795673077,-0.00126953125,-0.15468749999999998,2.388671875,-0.0026323993389423075,-0.0009277343750000001,0.3923076923076923,0.5307692307692308,0.47692307692307695,-0.005881242018479567,0.0005638592059795665,5000
17,17,-0.25343167818509615,-1.577782451923077,-1.324350773737981,0.0013116977665531817,-0.0018749152201467721,-0.004748441256009616,-0.002587890625,2.6418186598557694,-0.9462642728365385,-3.5880829326923074,0.0007379309653571932,-0.0007795097090612055,-0.0013256835937499997,-0.0005859375000000001,-0.0009608811598557692,0.0,-0.00419086162860577,-0.003125,-0.158984375,2.392626953125,-0.003422757662259616,-0.000390625,0.3923076923076923,0.5076923076923077,0.49230769230769234,-0.006848797137920674,-6.342022235576997e-05,5000
17,18,-0.25354248046875,-1.578173828125,-1.3246313476562501,0.0013167204296988006,-0.002252350139511905,-0.0048592435396634616,-0.0044921875,2.6416594989483175,-0.9470262732872597,-3.5886857722355767,0.0007388232338327741,-0.0005874392774408625,-0.0014848445012019234,-0.0013671875,-0.00031522310697115356,0.0,-0.004503361628605769,-0.0029296875,-0.15078124999999998,2.4010253906249996,-0.003374399038461539,-0.00152587890625,0.3769230769230769,0.5538461538461539,0.47692307692307695,-0.007016988900991588,0.00016593111478365203,5000
17,19,-0.2529537259615385,-1.5777321213942308,-1.3247783954326924,0.0013751470808091393,-0.001602205746261203,-0.004270489032451924,-0.0042724609375,2.642064772385817,-0.9463599571814904,-3.5884247295673077,0.0007344655860599517,-0.0016515657708642455,-0.001079571063701923,0.00078125,-0.000688194861778846,0.0,-0.0036351600060096157,-0.00263671875,-0.1609375,2.397412109375,-0.0031909179687499996,-0.00078125,0.35384615384615387,0.45384615384615384,0.46153846153846156,-0.006846221923828123,0.0004381408691406236,5000
17,20,-0.2530945763221154,-1.577937950721154,-1.3248433743990384,0.001322506837258604,-0.002172534427719111,-0.004411339393028846,-0.0037109375,2.6416527381310098,-0.9465642841045673,-3.588217022235577,0.000736587110189223,-0.0005329188156990522,-0.001491605318509615,-0.00078125,-0.0007454740084134619,7.32421875e-05,-0.0035144981971153852,-0.00244140625,-0.15468749999999998,2.4015625,-0.0029197340745192304,-0.00078125,0.3923076923076923,0.5307692307692308,0.46153846153846156,-0.006578169602614182,0.0008630089393028835,5000
17,21,-0.2532741135817308,-1.5782196514423077,-1.3249455378605768,0.0013148856295562535,-0.0016374541329650996,-0.00459087665264423,-0.003125,2.6417988469050475,-0.946474139873798,-3.588272986778846,0.0007432077882371625,-0.0012136254521381412,-0.0013454965444711536,-0.0001953125,-0.0015363018329326926,-0.0015625,-0.004021653395432692,-0.004296875,-0.153125,2.40087890625,-0.003245380108173077,-0.00078125,0.4076923076923077,0.5,0.49230769230769234,-0.006863163874699519,0.000294306828425479,5000
17,22,-0.2521901292067308,-1.5780731670673076,-1.3258830378605768,0.0013221087297195088,-0.001601437830365314,-0.0035068922776442307,-0.0022216796875,2.6414725435697113,-0.9466490760216345,-3.5881216195913463,0.0007273727838466696,-0.0004724729540781826,-0.0016717998798076923,-0.0015625,-0.0016564941406249998,-0.000537109375,-0.0048044057992788465,-0.0029296875,-0.15468749999999998,2.39697265625,-0.001835092397836538,-0.001171875,0.4153846153846154,0.5461538461538461,0.46923076923076923,-0.005304938683143027,0.001431283804086538,5000
17,23,-0.2532390887920673,-1.5779747596153846,-1.3247356708233173,0.0013332881701186101,-0.0018976527719140918,-0.00455585186298077,-0.0029296875,2.6413135704627404,-0.9465995905949519,-3.5879131610576924,0.0007612474728744577,-0.00043575829959568323,-0.0018307729867788462,-0.000341796875,-0.00018911508413461546,0.0005859375000000001,-0.0038331956129807696,-0.00234375,-0.15390625,2.3990722656249996,-0.002725078876201923,-0.001806640625,0.4,0.5153846153846153,0.46153846153846156,-0.006544539231520434,0.0010683124248798035,5000
17,24,-0.2533020958533654,-1.578426231971154,-1.3251241361177886,0.0013758207813651788,-0.0015884696630899839,-0.004618858924278847,-0.0030761718750000003,2.641512638972356,-0.9458964655949519,-3.5874091045673078,0.0007502563125331888,0.00012386135016840497,-0.0016317044771634616,-0.0021484375,1.6714242788461176e-05,0.0011474609374999998,-0.003978365384615385,-0.003125,-0.1578125,2.387646484375,-0.0029871544471153848,0.000244140625,0.3769230769230769,0.5307692307692308,0.5076923076923077,-0.006563300499549278,0.0006024122971754797,5000
17,25,-0.25335843599759617,-1.5786733774038462,-1.32531494140625,0.001325576199783536,-0.0023688726205261753,-0.004675199068509615,-0.003125,2.6420967923677887,-0.9459215369591346,-3.588018329326923,0.0007508853731189481,-0.0009423913920301838,-0.0010475510817307692,-0.0009765625,-0.0011903733473557696,-0.0015625,-0.004004375751201923,-0.00263671875,-0.15468749999999998,2.399853515625,-0.0036276479867788456,-0.002001953125,0.38461538461538464,0.5076923076923077,0.46153846153846156,-0.007452852689302884,0.00017566856971153695,5000
17,26,-0.25226881760817305,-1.5780416165865385,-1.3257727989783656,0.0012794285104717061,-0.000988131701095325,-0.003585580679086539,-0.002880859375,2.6423111666165866,-0.9464241849459135,-3.5887353515625007,0.000704228318003183,-0.0004182114126793409,-0.000833176832932692,0.0,-0.0012197641225961538,-0.00078125,-0.004429931640625,-0.003125,-0.15078125,2.388134765625,-0.0027524038461538463,-0.00194091796875,0.4307692307692308,0.4846153846153846,0.47692307692307695,-0.006122903677133413,0.0006977492112379795,5000
17,27,-0.25302095853365386,-1.5777756911057692,-1.3247547325721154,0.0013204263120995198,-0.001893071325109717,-0.004337721604567308,-0.0027099609375000003,2.6423990572415867,-0.9465639085036057,-3.5889629657451922,0.000732461164680622,-0.0011351351789541865,-0.0007452862079326924,-0.00013427734375,-0.0009755295973557688,-0.00035400390625000004,-0.0041845703125,-0.0037109375,-0.1578125,2.389111328125,-0.003592435396634616,-0.0015625,0.36923076923076925,0.5,0.46153846153846156,-0.0072115901066706735,0.00018925358698918275,5000
17,28,-0.2532762732872596,-1.5780303485576925,-1.3247540752704328,0.0013418117060467133,-0.002235323364789576,-0.004593036358173076,-0.003515625,2.642925086388221,-0.9466377140925482,-3.589562800480769,0.0007482393626121746,-0.00032688809865157726,-0.00021925706129807698,0.0,-0.0002328725961538462,0.0,-0.003751502403846154,-0.0017578125,-0.1484375,2.3974609375,-0.004373779296875001,-0.003125,0.38461538461538464,0.49230769230769234,0.4230769230769231,-0.007776698185847357,-0.0010674415001502451,5000
17,29,-0.2531234975961539,-1.577693058894231,-1.324569561298077,0.001348577124451245,-0.001411583560232214,-0.0044402606670673065,-0.003564453125,2.6416065392127406,-0.9467659818209134,-3.588372521033654,0.0007436153134738664,-0.0005168135630016537,-0.001537804236778846,-0.001171875,0.0001246995192307695,0.000390625,-0.004098933293269231,-0.00234375,-0.15234375,2.396533203125,-0.0029024564302884614,-0.001953125,0.3923076923076923,0.5307692307692308,0.45384615384615384,-0.006344935490534856,0.0005476731520432682,5000
17,30,-0.253250732421875,-1.5774211237980769,-1.324170391376202,0.0013890250626421075,-0.0021258582128880757,-0.0045674954927884615,-0.00361328125,2.6426511793870193,-0.9464939528245192,-3.5891451322115384,0.0007369468586943934,-0.0006446404142314647,-0.0004931640625,0.0,-0.00010009765625000008,-0.0011718750000000002,-0.005121037409855769,-0.003125,-0.15,2.389111328125,-0.004074331430288462,-0.00390625,0.36153846153846153,0.4846153846153846,0.4076923076923077,-0.007574995774489182,-0.0005138784555288531,5000
17,31,-0.2527857384314904,-1.5778665865384613,-1.3250808481069711,0.001301008466073882,-0.0016062835158070978,-0.0041025015024038465,-0.00234375,2.6417580942007213,-0.946412353515625,-3.588170447716346,0.0007512994510132182,-0.0016118095874456465,-0.0013862492487980772,-0.00078125,-0.00014526367187499983,0.001318359375,-0.0034433218149038463,-0.00205078125,-0.15000000000000002,2.394384765625,-0.00271625225360577,-0.0024169921874999997,0.3769230769230769,0.5076923076923077,0.4461538461538462,-0.006286301832932692,0.0008883385291466342,5000
18,0,-0.2527425443209134,-1.5778064903846152,-1.3250639460637017,0.001354330838356168,-0.0017656367813788324,-0.004059307391826922,-0.0029541015625,2.6435414475661063,-0.9460878342848558,-3.5896292818509616,0.00075963872208307,-0.0005208250253983108,0.00039710411658653856,0.0011718750000000002,-0.0010718712439903846,0.0009765625,-0.004202786959134615,-0.0015625,-0.14609375,2.391845703125,-0.004456411508413461,-0.0015625,0.4153846153846154,0.43846153846153846,0.45384615384615384,-0.008450939471905047,-0.0005430978628305313,5000
18,1,-0.2531733586237981,-1.5782008713942308,-1.325027512770433,0.0013155578280425449,-0.0017222968107180596,-0.004490121694711538,-0.0021484375,2.642686767578125,-0.9460482083834134,-3.588734975961539,0.0007404336009180234,-0.0012891375027870827,-0.00045757587139423075,-0.00078125,-0.0016681377704326928,-0.000439453125,-0.0041182767427884615,-0.003125,-0.15234375,2.3997558593750004,-0.004032545823317308,-0.0015625,0.43846153846153846,0.5153846153846153,0.46153846153846156,-0.007780559833233173,-0.0003105867826021667,5000
18,2,-0.25207951472355766,-1.577713341346154,-1.3256338266225962,0.0013683861008792222,-0.0009618139356451159,-0.0033962777944711543,-0.001904296875,2.642518028846154,-0.9464978966346153,-3.5890159254807696,0.0007510020307578203,-0.0006438641875078783,-0.0006263146033653848,-0.0001953125,-0.0017780010516826926,-0.00046386718750000003,-0.004829758864182692,-0.00283203125,-0.15000000000000002,2.40166015625,-0.0027699631911057695,-0.00234375,0.4307692307692308,0.5,0.4307692307692308,-0.0064981384277343745,0.0009490121694711531,5000
18,3,-0.2532809682992788,-1.5781595552884613,-1.3248785869891828,0.001319527708455843,-0.0008766661357942115,-0.004597731370192307,-0.00302734375,2.6424095740685094,-0.9468148099459135,-3.5892243840144227,0.0007560088859903393,-0.000865972595695645,-0.0007347693810096154,0.0001953125,-0.001487285907451923,-0.0005859375000000001,-0.003939960186298077,-0.0023681640625,-0.1609375,2.401513671875,-0.003862961989182692,-0.0033203125000000003,0.3923076923076923,0.4846153846153846,0.4230769230769231,-0.007562002328725962,-0.0002495751014122608,5000
18,4,-0.2525877967247596,-1.5779071514423078,-1.3253193547175481,0.0013313102131760062,-0.001686523303344102,-0.0039045597956730766,-0.0013671875,2.642725360576923,-0.946363807091346,-3.589089167668269,0.0007189502772960238,-0.0007723391198144406,-0.0004189828725961537,0.001318359375,-0.0009344951923076924,0.0,-0.004185603215144231,-0.003125,-0.153125,2.40009765625,-0.0034855769230769237,-0.0026611328124999997,0.4307692307692308,0.46153846153846156,0.4307692307692308,-0.0070465745192307685,-2.7137169471194525e-06,5000
18,5,-0.25274667593149036,-1.5778260216346152,-1.325079345703125,0.001305673511136925,-0.000586363333305125,-0.004063439002403846,-0.0033203125000000003,2.6416767765925475,-0.9462037071814903,-3.587880483774039,0.000732731078148649,-9.456321018400451e-05,-0.0014675668569711544,0.0,-0.001287935697115385,-0.00078125,-0.004005314753605769,-0.003466796875,-0.15781250000000002,2.39501953125,-0.0025958721454326927,-0.001904296875,0.3769230769230769,0.46923076923076923,0.4230769230769231,-0.006445728008563701,0.0014044940655047915,5000
18,6,-0.25187115009014427,-1.5774954927884612,-1.3256243426983174,0.0013107090760659857,-0.0011927886549232447,-0.0031879131610576925,-0.0015625,2.6419714355468753,-0.9461171311598556,-3.5880885667067304,0.0007460650100063704,-0.0009382620107672851,-0.0011729079026442306,-0.0015625,-0.0007830341045673073,-0.0015625,-0.004305044320913462,-0.0015625,-0.148046875,2.3921875,-0.0020150052584134615,-0.001123046875,0.45384615384615384,0.5307692307692308,0.4846153846153846,-0.0056188823993389425,0.0016576890211838931,5000
18,7,-0.25286048302283654,-1.5778643329326922,-1.3250038499098555,0.0013822017479014142,-0.0009923287498772146,-0.00417724609375,-0.003125,2.6414588341346152,-0.9469508713942307,-3.588409705528846,0.0007671623666489139,-8.26504616654758e-05,-0.0016855093149038462,-0.00146484375,-0.0008682016225961535,-0.000732421875,-0.0037516902043269232,-0.0025390624999999997,-0.15234375,2.390234375,-0.002491736778846154,-0.0013916015625,0.4,0.5384615384615384,0.46923076923076923,-0.006083665114182691,0.0012107168344350917,5000
18,8,-0.25363393930288464,-1.5786748798076924,-1.3250409405048078,0.0013500835979084508,-0.0016037036649428989,-0.004950702373798076,-0.002734375,2.642384690504808,-0.9468505859375,-3.5892352764423077,0.0007492806873177469,0.0002049936628450279,-0.0007596529447115381,0.00029296875,-0.002018103966346154,-0.0015625,-0.004093674879807692,-0.0015625,-0.1515625,2.397802734375,-0.0041910494290865385,-0.00263671875,0.3923076923076923,0.46923076923076923,0.4230769230769231,-0.007827749399038462,-0.0005152094914362983,5000
18,9,-0.2531936410757211,-1.5779912860576923,-1.3247976449819712,0.0013462833024477797,-0.001931377133248707,-0.004510404146634615,-0.003839111328125,2.642170785757212,-0.9464225886418269,-3.588593374399039,0.0007050820310897127,-0.00015031164207468024,-0.0009735576923076923,-0.000537109375,-0.0017021296574519233,-0.001025390625,-0.0039009915865384614,-0.0014404296875,-0.15468749999999998,2.3960937500000004,-0.003536846454326923,-0.002471923828125,0.36153846153846153,0.5076923076923077,0.4307692307692308,-0.00753301297701322,0.0002929264948918248,5000
18,10,-0.2531275353064904,-1.5773279747596156,-1.324200439453125,0.0013700246789617382,-0.0016691720439548571,-0.004444298377403846,-0.002734375,2.6418399752103365,-0.946324462890625,-3.5881644381009616,0.0007638443537724364,-0.0005624478223010143,-0.0013043682391826923,-0.0003662109375,-0.001218543419471154,-0.000244140625,-0.004468618539663461,-0.00306396484375,-0.15390625,2.394482421875,-0.0031399301382211546,-0.0009765625,0.4153846153846154,0.5153846153846153,0.47692307692307695,-0.006688295804537261,0.0004632474459134597,5000
18,11,-0.2535878342848558,-1.5780100661057692,-1.3244222318209131,0.0012824871115003139,-0.0021723662941311376,-0.004904597355769231,-0.003125,2.6410840782752403,-0.9466709547776442,-3.587755033052885,0.0007256165563671969,-0.0007250025697124872,-0.0020602651742788465,-0.001611328125,-0.001615553635817308,-0.00146484375,-0.00436298076923077,-0.003125,-0.15,2.395166015625,-0.002844332181490384,-0.003125,0.36153846153846153,0.5230769230769231,0.4230769230769231,-0.006595198411207934,0.0009570993276742762,5000
18,12,-0.2531827486478365,-1.5780356069711536,-1.3248528583233172,0.0012997998926688621,-0.0016919998899093069,-0.00449951171875,-0.001806640625,2.642419809194711,-0.9460135591947115,-3.588433368389423,0.0007274178362340234,-0.00048125529614615685,-0.0007245342548076923,-0.0010498046875,-0.0010292405348557695,-0.0015625,-0.004348426231971153,-0.003125,-0.1515625,2.3947265625,-0.0037749774639423074,-0.0015625,0.4230769230769231,0.5230769230769231,0.4461538461538462,-0.007697340745192306,0.0002038785494290791,5000
18,13,-0.25292959359975964,-1.5779311899038462,-1.3250015963040864,0.0013445986014967643,-0.0019932689670709054,-0.004246356670673077,-0.0029296875,2.64212890625,-0.9460118689903847,-3.5881407752403844,0.0007583249513545396,-0.00032274998746944204,-0.0010154371995192309,-4.8828125e-05,-0.0008458533653846153,0.0,-0.003540602463942308,-0.0015625,-0.15625,2.39404296875,-0.003230919471153846,-0.00283203125,0.4,0.5,0.4307692307692308,-0.006916964017427883,0.0005316115159254787,5000
18,14,-0.25302612304687494,-1.57806640625,-1.325040283203125,0.0013145360170848392,-0.0007033532763106448,-0.004342886117788462,-0.0025390624999999997,2.6415845665564905,-0.9464378943810097,-3.5880224609375,0.0007451723416899524,-0.0010405882725284274,-0.001559776893028846,-0.0011718750000000002,-0.000936091496394231,-0.00146484375,-0.00416015625,-0.003125,-0.15703125,2.385009765625,-0.002783109224759616,-0.002001953125,0.38461538461538464,0.5153846153846153,0.46153846153846156,-0.006515183668870192,0.0008030583308293272,5000
18,15,-0.253450927734375,-1.5781640625,-1.324713134765625,0.0013628629579618275,-0.0015907720559475555,-0.0047676908052884616,-0.003125,2.6430128831129807,-0.9465431565504808,-3.5895560396634614,0.0007667452125145866,-0.0011119589501431006,-0.00013146033653846153,0.00043945312499999996,-0.0012564791165865386,0.0003662109375,-0.005218787560096153,-0.0037109375,-0.15390625,2.39267578125,-0.00463623046875,-0.00244140625,0.3923076923076923,0.46923076923076923,0.4230769230769231,-0.008284071702223558,-0.0008505061222956741,5000
18,16,-0.25226825420673077,-1.577900390625,-1.3256321364182695,0.0013362212954327118,-0.0019179249004163791,-0.0035850172776442308,-0.003125,2.641808049128606,-0.9467665452223558,-3.5885745943509617,0.0007595579175723141,-0.0010181011856937067,-0.0013362943209134616,0.0006103515625,-0.0020380108173076923,-0.000390625,-0.004875676081730769,-0.003125,-0.15703125,2.390087890625,-0.00224872295673077,-0.00257568359375,0.4153846153846154,0.46923076923076923,0.45384615384615384,-0.0058205848106971155,0.0015682654747596141,5000
18,17,-0.2526449819711538,-1.5780821814903847,-1.325437199519231,0.0013713416711754792,-0.002185355155450716,-0.003961745042067308,-0.0015625,2.642634465144231,-0.9454890324519231,-3.588123497596154,0.0007700978064966973,-0.0012282651533086825,-0.0005098783052884616,0.0005859375000000001,-0.0003115609975961541,0.0,-0.0038546987680288464,-0.001953125,-0.153125,2.4009765625000004,-0.003451866736778846,-0.0021484375,0.4461538461538462,0.46923076923076923,0.43846153846153846,-0.007075890174278846,0.00018264066256009606,5000
18,18,-0.2533867938701923,-1.5782835036057694,-1.3248967097355768,0.001346004279473174,-0.0028191360900112756,-0.004703556941105769,-0.0023681640625,2.6424582143930286,-0.946426250751202,-3.588884465144231,0.0007515382795202621,-0.0006805707444689704,-0.0006861290564903851,-0.0001953125,-0.0016025015024038463,-0.00078125,-0.004321101262019231,-0.0025390624999999997,-0.152734375,2.403515625,-0.004017427884615385,-0.0027709960937500003,0.4076923076923077,0.5,0.4461538461538462,-0.007499840369591345,-0.0004735623873197147,5000
18,19,-0.25176720252403845,-1.5772701322115386,-1.3255029296875,0.0012614841088470002,-0.0005998574600927929,-0.0030839655949519225,-0.001220703125,2.6429262131911058,-0.9465836275540865,-3.589509840745192,0.0007156774255570537,-0.001433950759280248,-0.0002181302584134616,0.0001953125,-4.685621995192299e-05,0.0,-0.003806621844951923,-0.0023193359375,-0.1515625,2.4029296875000004,-0.002865835336538461,-0.001953125,0.43846153846153846,0.46923076923076923,0.4461538461538462,-0.006376061072716344,0.0008414705716646591,5000
18,20,-0.2532912034254808,-1.578371394230769,-1.3250801908052883,0.0013352457653030088,-0.0019515053175952308,-0.00460796649639423,-0.0009765625,2.6425748384915866,-0.9463223970853365,-3.588897235576923,0.0007760760702575271,-0.0012440968013814784,-0.0005695049579326921,-0.0015625,-0.000595045823317308,-0.00068359375,-0.004150672325721154,-0.003125,-0.153125,2.3892578125000004,-0.0040384615384615385,-0.0009765625,0.46923076923076923,0.5538461538461539,0.46153846153846156,-0.007812143179086539,-0.0004054119403545727,5000
18,21,-0.2521627103365385,-1.5777298677884615,-1.325567157451923,0.0013693005961294925,-0.0014015038164902354,-0.003479473407451923,-0.0025146484375,2.643058330829327,-0.9458178710937499,-3.588876201923077,0.0007391831752484885,-0.0014610393087859555,-8.601262019230793e-05,0.0,-0.0017914287860576925,-0.0005859375000000001,-0.003250450721153846,-0.002337646484375,-0.146484375,2.397509765625,-0.003393460787259615,-0.001953125,0.43846153846153846,0.46923076923076923,0.4461538461538462,-0.006910973182091347,0.00010149442232572001,5000
18,22,-0.25350379356971153,-1.577825270432692,-1.3243214768629807,0.001367019626009705,-0.0012513420480805158,-0.004820556640625,-0.003125,2.642903113731971,-0.9468741548978364,-3.589777268629808,0.0007401117440714194,-0.0015407666806849978,-0.00024122971754807717,0.0008300781250000001,-0.0009971266526442306,-0.00078125,-0.004117337740384614,-0.0027832031249999997,-0.1515625,2.400732421875,-0.004579326923076922,-0.00203857421875,0.3923076923076923,0.45384615384615384,0.4,-0.008025165264423078,-0.0012519766000600983,5000
18,23,-0.25314453125,-1.5778823617788462,-1.3247378305288464,0.0013367882664084571,-0.001973948820633355,-0.004461294320913462,-0.00390625,2.6424488243689903,-0.9468912447415866,-3.589340069110577,0.0007626720251719522,-0.00023695128673255944,-0.0006955190805288462,-0.0005859375000000001,-0.001607008713942308,-0.0010009765625,-0.004187481219951923,-0.0028564453125,-0.153125,2.397021484375,-0.003765775240384615,-0.0017333984375,0.4230769230769231,0.5076923076923077,0.4846153846153846,-0.007584524301382211,5.803269606370274e-05,5000
18,24,-0.25334838867187504,-1.578233173076923,-1.324884784405048,0.0013437579509895674,-0.002220957997618367,-0.004665151742788462,-0.003125,2.6422340745192305,-0.9459795673076922,-3.5882136418269233,0.0007390473351639329,-0.00036864173459895736,-0.0009102689302884618,-0.0001953125,-0.000573542668269231,0.0,-0.0032702636718750008,-0.0013916015625,-0.15078124999999998,2.396142578125,-0.0037548828125000006,-0.00322265625,0.38461538461538464,0.5,0.4,-0.007150949331430289,-0.00029908635066105857,5000
18,25,-0.25236243614783654,-1.5778357872596154,-1.3254733511117789,0.001344604096600463,-0.0013164030489775816,-0.0036791992187499996,-0.0015625,2.641758939302884,-0.9460002253605769,-3.5877591646634617,0.000749220607167252,-0.0005994620786109587,-0.0013854041466346153,-0.000439453125,-0.002446382962740385,-0.001953125,-0.0032810621995192305,-0.0035400390625,-0.15078125,2.391845703125,-0.002293795072115385,-0.001806640625,0.4461538461538462,0.5076923076923077,0.46153846153846156,-0.005957787146935096,0.001223487267127401,5000
18,26,-0.25333514873798074,-1.5782241586538461,-1.3248890099158652,0.0013405113003975627,-0.0026842958509310432,-0.004651911808894231,-0.0041015625,2.6429721304086535,-0.9464933894230769,-3.589465519831731,0.000738739595948675,-0.001002636988996268,-0.0001722130408653848,0.0,-0.0011221078725961538,-0.0015625,-0.004408334585336539,-0.003125,-0.153125,2.3924804687499996,-0.004479698768028846,-0.0029296875,0.36153846153846153,0.4846153846153846,0.4,-0.007872133695162261,-0.0011956881009615446,5000
18,27,-0.2532582444411058,-1.5779079026442309,-1.3246496582031249,0.0013300896511725532,-0.00183275376757031,-0.0045750075120192316,-0.0037109375,2.6423438439002402,-0.9461323429987981,-3.5884761868990385,0.0007597333692558875,-0.0013469732551752004,-0.0008004995492788461,-0.00078125,-0.001268967848557692,0.0,-0.0039264385516826926,-0.00234375,-0.15234375,2.395703125,-0.0037745079627403847,-0.0015625,0.36923076923076925,0.5230769230769231,0.45384615384615384,-0.007430333064152644,-0.00014595149113582213,5000
18,28,-0.25302471454326925,-1.5781573016826922,-1.325132587139423,0.0013830294082931881,-0.0017194486249732912,-0.004341477614182692,-0.0017578125,2.6419789475661055,-0.9465483210637018,-3.5885272686298078,0.000761443242801811,0.00018779464473394825,-0.0011653958834134616,-0.00078125,-0.00033907376802884626,0.000390625,-0.0047119140625,-0.004248046875,-0.15390625000000002,2.387890625,-0.003176081730769231,-0.00234375,0.4076923076923077,0.5153846153846153,0.4461538461538462,-0.0066806194598858165,0.00029974130483773585,5000
18,29,-0.25250056340144234,-1.5775713641826923,-1.32507080078125,0.001319037447447663,-0.0014035063544385333,-0.0038173264723557693,-0.00234375,2.6429884690504806,-0.9470062725360577,-3.5899947415865383,0.0007754925493607264,-0.0024367335744611036,-0.000155874399038461,0.000537109375,-0.0021438363882211532,-0.00069580078125,-0.0044396972656250006,-0.00185546875,-0.15859375,2.389404296875,-0.003661452073317308,-0.00302734375,0.4076923076923077,0.46153846153846156,0.4076923076923077,-0.0072881117600661054,5.487060546874687e-05,5000
18,30,-0.25268883338341347,-1.5781896033653846,-1.325500769981971,0.0013296758852248717,-0.0007756702377811785,-0.004005596454326923,-0.0017822265625,2.641148681640625,-0.9466957444411057,-3.587844426081731,0.0007346425680222232,-0.000553666329874289,-0.001995661808894231,-0.0011718750000000002,-0.002342247596153846,-0.00234375,-0.003791879507211538,-0.003125,-0.15390625,2.3974609375,-0.002009934645432692,-0.00078125,0.43846153846153846,0.5307692307692308,0.4846153846153846,-0.005825584998497596,0.0018972332294170642,5000
18,31,-0.2527676156850962,-1.5786673677884617,-1.3258997521033655,0.0013539092284244913,-0.0016488572242094658,-0.004084378756009616,-0.0033447265625,2.6425098595252408,-0.9462315016526441,-3.5887413611778847,0.0007478730076693064,-0.0014517000999394796,-0.0006344839242788466,-0.0011718750000000002,-0.0019132173978365394,-0.00078125,-0.0042100172776442304,-0.003125,-0.15546875,2.3953613281250004,-0.0034498948317307682,-0.00302734375,0.4230769230769231,0.5307692307692308,0.4461538461538462,-0.007109100341796876,0.0002287480280949506,5000
19,0,-0.25261878380408653,-1.5776727764423075,-1.3250539926382212,0.001310777303625645,-0.001300570145980684,-0.003935546875,-0.0025390624999999997,2.6419465519831733,-0.9464646559495192,-3.588411207932692,0.0007128882108767511,-8.336536727873703e-05,-0.0011977914663461535,0.0,-0.0010431377704326927,0.00048828125,-0.0041912372295673074,-0.0016601562500000002,-0.15390625000000002,2.387451171875,-0.0027377554086538466,-0.0008544921875,0.3769230769230769,0.4846153846153846,0.46153846153846156,-0.006247586763822115,0.0008876295823317295,5000
19,1,-0.25263427734375005,-1.577608924278846,-1.3249746469350963,0.0013735150938564264,-0.0013851968553370514,-0.003951040414663462,-0.002197265625,2.642628173828125,-0.9462198580228366,-3.588848031850962,0.000740805548594873,-0.0014465478035359922,-0.000516169621394231,0.0001953125,0.0004729755108173075,0.00078125,-0.003768122746394231,-0.00224609375,-0.15234375,2.388525390625,-0.003434870793269231,-0.0026611328124999997,0.3923076923076923,0.46153846153846156,0.4,-0.0069299222506009625,0.00020327758789062396,5000
19,2,-0.25218280498798074,-1.5775435697115383,-1.3253607647235577,0.0013317508962878478,-0.0011905503060554246,-0.003499568058894231,-0.000732421875,2.642884051983173,-0.9462948843149038,-3.589178936298077,0.0007440843383827246,-0.00029851578735715935,-0.0002602914663461537,-0.0009277343750000001,-0.0013305664062500003,-0.00078125,-0.0043408203125,-0.003125,-0.15625,2.3984375,-0.0032392765925480767,-0.004443359375,0.43846153846153846,0.5384615384615384,0.4307692307692308,-0.006739260160006009,0.0002417203463040859,5000
19,3,-0.25159771259014424,-1.5773219651442307,-1.3257242525540864,0.0013504923101801145,-0.001139604300993999,-0.0029144756610576922,-0.001953125,2.6421164175180287,-0.9463432429387019,-3.588459660456731,0.00072541424617257,-0.0012697474878174291,-0.0010279259314903847,0.0,0.0008585298978365382,0.001123046875,-0.004136962890625,-0.00234375,-0.15234375,2.397314453125,-0.0018865497295673078,-0.0018310546875,0.43846153846153846,0.47692307692307695,0.4461538461538462,-0.005354691725510817,0.0017509178748497587,5000
19,4,-0.2521401742788461,-1.5774166165865386,-1.3252764423076924,0.0013383742473302975,-0.000859792221815057,-0.003456937349759616,-0.0017578124999999998,2.6416225961538466,-0.9458221905048078,-3.587444786658654,0.0007176569066741067,-0.0003235081398371126,-0.001521747295673077,-0.00205078125,-0.001124079777644231,-0.0005859375,-0.003752535306490384,-0.0015625,-0.1546875,2.3917480468749996,-0.001935190054086538,-0.00078125,0.4153846153846154,0.5461538461538461,0.46923076923076923,-0.0058000441331129814,0.0019382300743689906,5000
19,5,-0.25335477388822114,-1.5785802283653845,-1.3252254544771636,0.001339877050790049,-0.00239428132585893,-0.004671536959134615,-0.0015625,2.642485633263221,-0.945981163611779,-3.5884667968750006,0.0007601021400819439,-0.0006932467688779708,-0.000658710186298077,-0.00068359375,-0.0004811448317307694,-0.0008300781250000001,-0.004142503004807693,-0.0031494140625,-0.15625,2.404296875,-0.0040128267728365375,-0.00078125,0.38461538461538464,0.5153846153846153,0.46923076923076923,-0.007882138765775239,-0.00024951876126803164,5000
19,6,-0.2528466796875,-1.5779251802884617,-1.3250785006009616,0.001323520187622445,-0.0020027136189572714,-0.004163442758413461,-0.003125,2.6422146371694715,-0.9460542179987981,-3.588268855168269,0.0007715688885148707,-0.0011177730559187023,-0.0009297062800480769,-0.00078125,-0.0010797588641826919,-7.32421875e-05,-0.0041274789663461545,-0.0029052734375,-0.1515625,2.3923828125,-0.0032337364783653847,-0.00234375,0.3384615384615385,0.5076923076923077,0.43846153846153846,-0.006770667442908655,0.0004131634051983156,5000
19,7,-0.25228346604567314,-1.5782031250000002,-1.325919658954327,0.0013645392700053648,-0.0006619503509922255,-0.003600229116586538,-0.0015625,2.6425870455228364,-0.9460822002704327,-3.5886692457932696,0.0007629973726071768,-0.0006205809369761718,-0.0005572979266826924,-0.00078125,-0.0006434044471153845,0.00078125,-0.0042614746093750005,-0.003125,-0.1515625,2.399365234375,-0.0030429311899038457,0.0009765625,0.4153846153846154,0.5230769230769231,0.5461538461538461,-0.00679071279672476,0.0005950387807992774,5000
19,8,-0.2526506159855769,-1.5773009314903845,-1.3246503155048077,0.001351459414059231,-0.0014848223455247132,-0.003967379056490385,-0.0025390624999999997,2.6417405348557694,-0.9457110126201924,-3.5874515474759616,0.0007240335977216269,-0.0008800745103776662,-0.00140380859375,-0.0021484375,-0.0017733060396634616,0.00078125,-0.003564547025240385,-0.0015625,-0.15078124999999998,2.39365234375,-0.0025635704627403845,0.0,0.4230769230769231,0.5615384615384615,0.4846153846153846,-0.006297450138972357,0.0011151968149038425,5000
19,9,-0.25286283052884617,-1.5773399939903847,-1.3244771634615384,0.0013742005561584378,-0.0009099550389211918,-0.004179593599759615,-0.002349853515625,2.642073035606971,-0.9469184758112981,-3.5889915114182696,0.0007569698118171868,-0.000925889473469788,-0.001071307842548077,-0.0009765625,-0.0010005070612980767,-0.0005859375000000001,-0.004033203125,-0.0015625,-0.15078124999999998,2.39580078125,-0.0031082857572115384,-0.00078125,0.38461538461538464,0.5153846153846153,0.46153846153846156,-0.006596184363731972,0.0003564734825721063,5000
19,10,-0.25328040489783654,-1.577732872596154,-1.3244524676983171,0.0013306206840308238,-0.0018476528013600638,-0.00459716796875,-0.0029296875,2.642861797626202,-0.9457999361478365,-3.5886617337740385,0.0007324415215958365,-0.0005695852644897758,-0.00028254582331730787,0.0005859375,-0.0008338341346153845,0.0,-0.004582989032451924,-0.0030761718750000003,-0.15234375,2.396142578125,-0.004314622145432692,-0.00478515625,0.3769230769230769,0.46153846153846156,0.45384615384615384,-0.007778151292067307,-0.0008583843524639453,5000
19,11,-0.25241248497596147,-1.577883112980769,-1.3254706280048076,0.001343493841163126,-0.001872181229559429,-0.003729248046875,-0.0022949218749999997,2.6422963303786062,-0.9463180776742789,-3.5886144080528846,0.0007501880884563266,-0.0011304764999670058,-0.0008480130709134614,-0.00078125,-0.0019749098557692306,-0.0012451171875,-0.004118182842548077,-0.0021484375,-0.1546875,2.393994140625,-0.0028812349759615385,0.0,0.38461538461538464,0.5307692307692308,0.49230769230769234,-0.006506650484525242,0.0008330007699819708,5000
19,12,-0.25281024639423083,-1.5781325120192307,-1.3253222656249999,0.001295662104410861,-0.0012306971477850492,-0.004127009465144231,-0.003125,2.642496056189904,-0.9461191030649039,-3.5886151592548075,0.0007445584498976294,-0.0007178318459554273,-0.0006482872596153846,0.000390625,-0.0005311936598557691,-0.0011718750000000002,-0.004469651442307692,-0.00234375,-0.1515625,2.393896484375,-0.003478722205528846,-0.0026611328124999997,0.4153846153846154,0.4846153846153846,0.43846153846153846,-0.006928180401141827,4.622239332932597e-06,5000
19,13,-0.25250939002403844,-1.5777756911057692,-1.325266301081731,0.0013523359295812938,-0.001521744492277256,-0.003826153094951923,-0.00234375,2.6420934119591344,-0.9466922701322115,-3.588785682091346,0.0007428794605777592,-0.0005517234798576578,-0.0010509314903846153,-0.00078125,-0.0017072002704326917,-0.0009765625,-0.003914231520432693,-0.0025390624999999997,-0.15390625,2.392822265625,-0.0027752216045673077,-0.000390625,0.4230769230769231,0.5076923076923077,0.47692307692307695,-0.006409315842848558,0.0008529616135817244,5000
19,14,-0.2520351938100962,-1.5781430288461538,-1.3261078350360576,0.0013265279130138725,-0.0005002198946512779,-0.003351956881009615,-0.00224609375,2.6414572378305285,-0.9459338378906249,-3.587391075721154,0.0007516526404968644,-0.00012540343722153215,-0.0016871056189903847,-0.0011718750000000002,-0.0008287635216346156,-0.0005859375000000001,-0.0035609788161057696,-0.001904296875,-0.1484375,2.394482421875,-0.0016648512620192305,-0.001953125,0.4461538461538462,0.5307692307692308,0.46153846153846156,-0.00521527099609375,0.00194229360727163,5000
19,15,-0.2534005972055288,-1.5781302584134616,-1.3247296612079327,0.0013548103868619048,-0.0017183775834165313,-0.004717360276442308,-0.00401611328125,2.6424183067908658,-0.9458137394831732,-3.588232046274038,0.0007498664063605734,-0.001210807628010947,-0.0007260366586538461,-0.0014160156250000002,-0.0007620943509615384,-0.0015625,-0.0032982459435096155,-0.0025146484375,-0.14921875,2.3984375,-0.003991323617788462,-0.004736328125,0.38461538461538464,0.5153846153846153,0.4307692307692308,-0.007810495229867788,-0.00030416165865384734,5000
19,16,-0.2528726900540865,-1.578388671875,-1.3255159818209135,0.0013127638088747953,-0.0006050872064000972,-0.004189453125,-0.00234375,2.6426130558894227,-0.9459562800480769,-3.5885693359374997,0.0007321906712573843,-0.001052937752516256,-0.0005312875600961538,-0.00078125,-0.0011895282451923075,-0.00048828125,-0.004261850210336538,-0.00234375,-0.15546875,2.401416015625,-0.0036581655649038465,-0.0016601562500000002,0.43846153846153846,0.5230769230769231,0.47692307692307695,-0.007511636587289663,0.00021340942382811807,5000
19,17,-0.25246844951923075,-1.577500751201923,-1.3250323016826921,0.0013186661550386627,-0.001239005798193106,-0.003785212590144231,-0.0015625,2.641516488882211,-0.9465769606370192,-3.588093449519231,0.0007373660122344865,-0.00034837806988006575,-0.0016278545673076921,-0.0005859375000000001,-0.0002502441406249999,0.0,-0.004497821514423077,-0.00244140625,-0.153125,2.397509765625,-0.002157358022836538,0.0003173828125,0.43846153846153846,0.5076923076923077,0.5,-0.005536064734825721,0.0011063373272235577,5000
19,18,-0.252110595703125,-1.57748046875,-1.3253698730468748,0.0013072017146059272,-0.0015665091729235722,-0.003427358774038461,-0.00234375,2.641979792668269,-0.9466316105769231,-3.5886114032451926,0.0007705758912539933,-0.0009122705697876695,-0.00116455078125,-0.00078125,-0.0009998497596153848,-0.00078125,-0.003472243088942308,-0.0015625,-0.14687499999999998,2.3943359375,-0.0022628079927884616,-0.00244140625,0.4076923076923077,0.5307692307692308,0.43846153846153846,-0.005954848069411059,0.0014428757887620187,5000
19,19,-0.25173987755408656,-1.5775307992788463,-1.3257909217247599,0.0013369909488519208,-0.0010885362181754646,-0.003056640625,-0.0017578125,2.6409671724759614,-0.9466233473557693,-3.5875905198317306,0.0007458716486698282,0.00014081028640873793,-0.0021771709735576923,-0.0009765625,-0.0015365835336538462,-0.001025390625,-0.004591909555288461,-0.004199218750000001,-0.15078125,2.397607421875,-0.0008794696514423078,-0.00078125,0.4461538461538462,0.5230769230769231,0.4846153846153846,-0.004573040301983173,0.0028348693847656233,5000
19,20,-0.2535181603064904,-1.5783631310096156,-1.324844970703125,0.0013080476798400678,-0.0018225483962993154,-0.0048349233774038465,-0.0039306640625,2.642537560096154,-0.9458965594951924,-3.588434119591346,0.0007239594137983725,1.329442547608502e-05,-0.0006067833533653844,0.0,-0.00023615910456730786,-0.00078125,-0.004151329627403846,-0.003125,-0.15546875,2.4017578124999996,-0.004228140024038461,-0.00213623046875,0.4076923076923077,0.49230769230769234,0.45384615384615384,-0.00774720177283654,-0.0007657048152043293,5000
19,21,-0.2530323204627404,-1.5784352463942306,-1.3254029259314906,0.001367104590053916,-0.0020816226458218305,-0.004349083533653847,-0.002880859375,2.6417584698016823,-0.9464724496694712,-3.5882309194711537,0.0007548363905129883,-7.346817249787526e-05,-0.0013858736478365382,-0.00078125,-0.0006990872896634614,-0.0005859375000000001,-0.004232365534855769,-0.0037109375,-0.1515625,2.3929199218750004,-0.0029632098858173076,-0.002392578125,0.4,0.5230769230769231,0.43846153846153846,-0.006354560265174279,0.0005047090970552868,5000
19,22,-0.2529868727463942,-1.5783834134615384,-1.3253965407151442,0.0013283859238122082,-0.0018732685880599842,-0.004303635817307693,-0.0038330078125,2.641587383563702,-0.9462284968449519,-3.587815880408654,0.0007333272565266364,6.003375866779851e-05,-0.0015569598858173076,-0.0009765625,-0.0012546011117788463,-0.001904296875,-0.004488055889423077,-0.0033203125000000003,-0.15078124999999998,2.39365234375,-0.002746675931490385,-0.0001953125,0.4230769230769231,0.5230769230769231,0.4846153846153846,-0.0061677269568810094,0.000767737755408653,5000
19,23,-0.25268855168269233,-1.5776171875000002,-1.3249286358173078,0.0012994519315729612,-0.0014467228784651458,-0.004005314753605769,-0.00234375,2.6425617863581725,-0.9459098933293268,-3.5884716796875,0.0007531894869036399,-0.0011386344480855334,-0.0005825570913461541,-0.0001953125,-0.0012937575120192308,-0.0015625,-0.004146352914663461,-0.002197265625,-0.153125,2.3882568359375,-0.0034227576622596154,-0.001220703125,0.43846153846153846,0.5,0.45384615384615384,-0.0069250840407151446,0.00019817176231971028,5000
19,24,-0.25213716947115383,-1.5779687500000001,-1.3258315805288463,0.0013294147001107262,-0.0016475508736515483,-0.003453932542067308,-0.0016601562500000002,2.6417427884615385,-0.9468903996394231,-3.5886331881009617,0.0007489549572881354,-0.0003780124454771158,-0.0014015549879807692,-0.0015625,-0.0005335411658653849,-0.000244140625,-0.003949725811298076,-0.0024169921874999997,-0.14765625,2.3917480468749996,-0.0020523775540865377,-0.001904296875,0.4307692307692308,0.5461538461538461,0.46923076923076923,-0.0055526827298677875,0.0014611417330228367,5000
19,25,-0.25283005934495195,-1.5781663161057693,-1.3253362567608173,0.0012843648662648438,-0.0016183830036830967,-0.004146822415865384,-0.00234375,2.642401874248798,-0.9462534743088943,-3.5886553485576917,0.0007688035423319763,-0.000772791199582618,-0.0007424692007211539,0.0,-0.00034527118389423076,-0.000439453125,-0.0037080265925480767,-0.0011718750000000002,-0.14921875,2.393017578125,-0.0034043532151442307,-0.0015625,0.38461538461538464,0.47692307692307695,0.45384615384615384,-0.007223259559044472,0.00043069927509014326,5000
19,26,-0.2525176532451923,-1.57755859375,-1.3250409405048078,0.0013027371502886533,-0.002258802380575932,-0.003834416316105769,-0.0023193359375,2.640061786358173,-0.9472658128004808,-3.5873275991586544,0.0007368531637529856,0.00013513019039752795,-0.003082557091346154,-0.003125,-0.0020693734975961537,-0.0030517578125,-0.004232459435096154,-0.0017578125,-0.15234375,2.3895507812499996,-0.0007518592247596156,0.001123046875,0.4307692307692308,0.5923076923076923,0.5307692307692308,-0.004621100792518029,0.003091883732722354,5000
19,27,-0.25241210937499997,-1.5780701622596154,-1.3256580528846151,0.001396975545468466,-0.0005822878421710457,-0.003728872445913461,-0.0025390624999999997,2.641564565805288,-0.9466070087139424,-3.588171574519231,0.0007175777075524969,-0.0008709342953275638,-0.0015797776442307693,-0.00021972656249999998,-0.0011382587139423075,0.0,-0.003808312049278847,-0.003125,-0.15390625,2.38994140625,-0.002149094801682693,0.0005859375000000001,0.4,0.5076923076923077,0.5076923076923077,-0.0058366558368389415,0.0016583744929386949,5000
19,28,-0.2520381986177884,-1.5775390625,-1.3255008638822114,0.0013290549860955102,-0.00043397789065685306,-0.0033549616887019232,-0.001416015625,2.64141845703125,-0.9463264347956731,-3.587744891826923,0.0007405596452136338,-0.00021202206664755035,-0.0017258864182692311,-0.00048828125,-0.0008631310096153845,0.0015380859375000002,-0.004884127103365384,-0.004541015625,-0.15234375,2.391845703125,-0.0016290752704326925,0.0008544921875,0.4307692307692308,0.5076923076923077,0.5076923076923077,-0.005082634559044472,0.001792466383713933,5000
19,29,-0.2531639685997596,-1.5785697115384616,-1.325405742938702,0.0012836527580654318,-0.0015672507993690643,-0.004480731670673077,-0.0029296875,2.641754056490385,-0.9464986478365384,-3.588252704326923,0.0007686924403582572,0.0004064585043090156,-0.0013902869591346154,-0.00078125,-0.0012884051983173073,-0.0015625,-0.0037013596754807694,-0.002734375,-0.1515625,2.394091796875,-0.0030904447115384617,-0.00234375,0.38461538461538464,0.5153846153846153,0.4307692307692308,-0.006552074725811298,0.00036276714618389036,5000
19,30,-0.25279503455528846,-1.5775999098557691,-1.3248048753004809,0.0012781423478677102,-0.0015463025862892047,-0.004111797626201923,-0.00234375,2.6421509728064905,-0.9456915752704327,-3.5878425480769227,0.0007798457652058216,-0.0007978340548331519,-0.0009933706430288462,0.0001953125,-0.0015902005709134616,-0.00081787109375,-0.004581862229567308,-0.003125,-0.1515625,2.398291015625,-0.003118426983173077,-0.00224609375,0.4,0.47692307692307695,0.4307692307692308,-0.007113795353816105,0.0008484004094050449,5000
19,31,-0.25246854341947117,-1.5770567908653847,-1.3245882474459134,0.0013055716017734953,-0.0013026148268062692,-0.0037853064903846153,-0.0037109375,2.6413153545673076,-0.9466556490384617,-3.58797100360577,0.0007584388456766616,-5.651196233906966e-05,-0.0018289888822115381,-0.0017578125,-0.0020742563100961536,-0.000390625,-0.004048039362980769,-0.0025390624999999997,-0.153125,2.390576171875,-0.001956317608173077,-0.00126953125,0.3923076923076923,0.5384615384615384,0.46153846153846156,-0.005697336050180289,0.001969874455378605,5000
20,0,-0.25417386568509615,-1.578611027644231,-1.3244371619591346,0.001328948225321499,-0.003007113534278635,-0.005490628756009614,-0.003125,2.643641733022837,-0.9462215482271634,-3.58986328125,0.0007271098813763364,-0.0015651637828431476,0.0004973895733173077,0.0015625,-0.0008903620793269232,-0.0018554687500000001,-0.003807466947115384,-0.00224609375,-0.15000000000000002,2.396826171875,-0.005988018329326921,-0.0029296875,0.36153846153846153,0.43846153846153846,0.4,-0.00985112586388221,-0.00210473398061899,5000
20,1,-0.25277409480168267,-1.5782880108173079,-1.3255139160156248,0.0013456155068057986,-0.0010859058143111713,-0.004090857872596154,-0.0029296875,2.6427505258413464,-0.946181640625,-3.5889321664663463,0.000739509496018987,-0.0016293427393619833,-0.00039381760817307627,-0.0011718750000000002,6.770207331730781e-05,0.0008789062499999999,-0.004771165114182693,-0.0029296875,-0.15390625000000002,2.396337890625,-0.0036970402644230767,-0.001953125,0.4230769230769231,0.5538461538461539,0.46153846153846156,-0.007480783315805288,0.00010370812049278773,5000
20,2,-0.253096923828125,-1.578485576923077,-1.325388653094952,0.0012995804002132378,-0.0011956394816561872,-0.004413686899038461,-0.00283203125,2.642593242938702,-0.9466765887920673,-3.589269831730769,0.0007396071053753856,-0.0008923990178622553,-0.0005511005108173077,-0.00078125,-0.0009475473257211539,0.0,-0.003967660757211538,-0.0029296875,-0.15234375,2.392138671875,-0.003862586388221154,-0.00234375,0.4307692307692308,0.5153846153846153,0.43846153846153846,-0.0077242431640625,-0.00014670738807091792,5000
20,3,-0.2482435021033654,-1.5756062199519232,-1.3273627178485579,0.0014337498410406004,0.001017799857747348,0.00043973482572115443,-0.001025390625,2.6366491699218755,-0.9462151630108172,-3.5828643329326924,0.0007626826210233473,0.0018986644843638437,-0.006495173527644231,-0.0030761718750000003,-0.0017076697716346153,-0.000390625,-0.003596379206730769,-0.00263671875,-0.1515625,2.37763671875,0.006934908353365384,0.0037109375,0.46153846153846156,0.6153846153846154,0.5769230769230769,0.0015657677283653854,0.013211883544921872,5000
20,4,-0.25227069561298077,-1.5782053786057693,-1.3259346829927883,0.0012963498084888976,-0.0013680336239719358,-0.0035874586838942307,-0.0022949218749999997,2.6412564791165867,-0.9460542179987981,-3.587310697115385,0.0007309497193590483,-0.0006268707150492057,-0.0018878643329326926,-0.0015625,-0.0005049954927884613,0.00087890625,-0.004233961838942308,-0.001953125,-0.15234375,2.394970703125,-0.001699594350961538,-0.0011474609375,0.4230769230769231,0.5538461538461539,0.46153846153846156,-0.005409787691556489,0.0020705331655649023,5000
20,5,-0.2537033315805288,-1.5789685997596155,-1.3252652681790866,0.0012927690736402372,-0.0023912867714335345,-0.0050200946514423065,-0.0033935546874999997,2.641877065805288,-0.94625244140625,-3.5881295072115384,0.0007312520079632607,-0.0008179207124518549,-0.0012672776442307692,-0.0015625,-0.0007115760216346153,-0.0015625,-0.004312931941105769,-0.00224609375,-0.159375,2.39755859375,-0.0037528170072115385,-0.0017333984375,0.3769230769230769,0.5230769230769231,0.45384615384615384,-0.007351947490985578,-0.00024437537560096945,5000
20,6,-0.2520946326622596,-1.577615685096154,-1.3255210524338943,0.001349761824462753,-0.0015475188353800732,-0.0034113957331730767,-0.002001953125,2.6420829890324518,-0.9467263559194711,-3.5888093449519234,0.0007562013363203911,-0.0004514575164373388,-0.0010613544170673074,-0.0011718750000000002,-0.00023991511418269273,0.0,-0.004225792518028846,-0.0030029296875,-0.15078125,2.387646484375,-0.002350041316105769,-0.000830078125,0.4230769230769231,0.5153846153846153,0.46153846153846156,-0.005957230788010817,0.0012310673640324498,5000
20,7,-0.2524488243689904,-1.577362530048077,-1.3249137056790867,0.0012738198575766109,-0.0005417667230064032,-0.003765587439903846,-0.002734375,2.642663386418269,-0.9458000300480769,-3.5884634164663463,0.0007271370686274778,-0.0010404742302355123,-0.00048095703124999983,-0.00078125,-0.0012331918569711536,-0.0008789062499999999,-0.00372089092548077,-0.0015625,-0.15078125,2.398876953125,-0.003284630408653846,-0.001123046875,0.4076923076923077,0.5230769230769231,0.46153846153846156,-0.00707836444561298,0.0003369281475360553,5000
20,8,-0.25294724684495196,-1.578253455528846,-1.3253062086838943,0.001303010954558696,-0.0014478919625756028,-0.004264009915865384,-0.0025390624999999997,2.6430816180889423,-0.9459376878004808,-3.589019305889423,0.0007261136669159734,-0.0009894567026466421,-6.272536057692309e-05,0.0010498046875000002,-0.0015667255108173077,-0.0007080078125000001,-0.004501014122596153,-0.0021484375,-0.1546875,2.39013671875,-0.004201284555288461,-0.002874755859375,0.4076923076923077,0.46923076923076923,0.4461538461538462,-0.007787801889272837,-0.0006755347618689975,5000
20,9,-0.2532438777043269,-1.5780220853365383,-1.3247782076322117,0.0013478917700357786,-0.001243834087491604,-0.004560640775240384,-0.003125,2.6422262807992785,-0.9463453087439904,-3.5885715895432693,0.000730612109384863,-0.0007527139720083404,-0.0009180626502403846,0.0001953125,-0.0008465106670673079,0.0,-0.0038663423978365385,-0.0015625,-0.15859375,2.395166015625,-0.0036425781249999995,-0.0015625,0.36153846153846153,0.4846153846153846,0.43846153846153846,-0.0074313777043269235,0.00012550706129807644,5000
20,10,-0.25155545748197117,-1.576935847355769,-1.3253803898737981,0.001376168642776418,-0.0013291786817671864,-0.0028722205528846157,-0.0015625,2.640513916015625,-0.9464944223257212,-3.587008338341346,0.0007687814318991854,-0.0003083223490032031,-0.0026304274338942307,-0.0010986328125,-0.0021012056790865384,-0.0017822265625,-0.00393695537860577,-0.0046875,-0.14765625,2.40283203125,-0.00024179311899038462,-0.0001708984375,0.4307692307692308,0.5230769230769231,0.47692307692307695,-0.0038823805588942295,0.0033695115309495174,5000
20,11,-0.2535791954627404,-1.5785599459134616,-1.3249807504507212,0.0013447412346711783,-0.0019924477917786123,-0.0048959585336538465,-0.0037109375,2.6422628079927883,-0.9466821289062501,-3.588944936899039,0.0007538084891470291,-0.0005083494698028872,-0.0008815354567307692,-0.001025390625,-0.0005647160456730766,-0.00078125,-0.0038346980168269223,-0.002099609375,-0.15234375,2.40390625,-0.004014423076923078,-0.0029541015625000003,0.38461538461538464,0.5153846153846153,0.43846153846153846,-0.007593041053185098,-0.00026493483323317726,5000
20,12,-0.2528545673076923,-1.5781182391826925,-1.325263671875,0.001308768635018753,-0.001972567427700028,-0.004171330378605768,-0.003900146484375,2.6418784743088946,-0.9459603177584135,-3.587838792067308,0.000737544070483539,-8.31444187316368e-05,-0.001265869140625,-0.000390625,-0.00029897836538461567,-1.220703125e-05,-0.0051166240985576926,-0.00234375,-0.1546875,2.39189453125,-0.002905461237980769,-0.00234375,0.3923076923076923,0.5,0.4076923076923077,-0.00639721210186298,0.0006703749436598517,5000
20,13,-0.2523176457331731,-1.5778635817307693,-1.325545935997596,0.0013051972259863994,-0.0014931188028048073,-0.0036344088040865382,-0.001611328125,2.6429710975060097,-0.9458517690805288,-3.5888228665865385,0.0007332834035338432,-0.00028239256895738643,-0.00017324594350961526,-0.0001220703125,-0.0007206843449519229,-0.00078125,-0.0036313100961538457,-0.001611328125,-0.1515625,2.39150390625,-0.003461162860576923,-0.0005859375000000001,0.4076923076923077,0.5,0.46923076923076923,-0.0070990224984975965,0.00026946317232571945,5000
20,14,-0.25276292067307693,-1.5782872596153847,-1.325524338942308,0.0013069981823362652,-0.0014394260060814539,-0.004079683743990385,-0.002001953125,2.641260516826923,-0.9464603365384615,-3.5877208533653846,0.0007408387945315801,-0.0005693566225668387,-0.001883826622596154,-0.0009521484375,-0.0003934420072115383,0.000390625,-0.004089824969951924,-0.0015625,-0.15,2.3986328125,-0.0021958571213942313,-0.0002197265625,0.4230769230769231,0.5384615384615384,0.49230769230769234,-0.005553619384765625,0.001192709115835335,5000
20,15,-0.25375244140625003,-1.5788108473557692,-1.3250584059495194,0.0012881949211792168,-0.0023208414086951248,-0.005069204477163461,-0.00318603515625,2.641199481670673,-0.946554424579327,-3.5877539062499997,0.0007490527909387054,0.00030242234209527555,-0.0019448617788461536,-0.00234375,-0.0005107234074519229,0.00078125,-0.004563269981971154,-0.00341796875,-0.15703125,2.39765625,-0.0031243426983173076,0.00047607421875000004,0.3769230769230769,0.5461538461538461,0.5076923076923077,-0.0065011033278245195,0.0002946706918569715,5000
20,16,-0.2525933368389423,-1.5779484675480768,-1.3253551307091345,0.001321070060698541,-0.0009614690075759064,-0.003910099909855769,-0.002734375,2.6414074707031254,-0.9464256873497596,-3.5878331580528844,0.0007424860342936268,-0.00010592872198475969,-0.0017368727463942311,-0.0013671875,-0.0022650615985576926,-0.000537109375,-0.004097243088942307,-0.0015625,-0.159375,2.387158203125,-0.002173227163461539,0.0015625,0.4461538461538462,0.5153846153846153,0.5076923076923077,-0.005572397085336538,0.00125481708233173,5000
20,17,-0.2527367225060096,-1.5785892427884614,-1.3258525202824518,0.0013234155247235245,-0.0016008783302513352,-0.004053485576923076,-0.003619384765625,2.642272198016827,-0.9458693284254808,-3.5881415264423078,0.0007615718315153485,-0.0012991842142436078,-0.0008721454326923076,-0.00078125,-0.0011884953425480768,2.44140625e-05,-0.004153019831730769,-0.0019287109375,-0.15546875,2.38994140625,-0.00318134014423077,-0.0015625,0.38461538461538464,0.5076923076923077,0.4461538461538462,-0.007018711970402644,0.0006189270019531247,5000
20,18,-0.25257314828725963,-1.578009314903846,-1.3254361666165866,0.0012961432253130103,-0.0009646711017434024,-0.0038899113581730774,-0.00322265625,2.6430753267728364,-0.9463830566406249,-3.589458383413461,0.0007450780969623424,-0.0011610710935446877,-6.901667668269237e-05,-0.00078125,-0.0009114896334134616,-0.0009277343750000001,-0.0035436072716346157,-0.0031005859375,-0.15,2.389794921875,-0.003820894681490384,-0.004443359375000001,0.4,0.5076923076923077,0.43846153846153846,-0.007479637732872598,-0.0003624314528245208,5000
20,19,-0.2529100623497596,-1.578048377403846,-1.3251383150540863,0.0013032628569478353,-0.0013090993530269451,-0.004226825420673076,-0.0028320312500000003,2.642199894831731,-0.9457981520432693,-3.587998046875,0.0007639333106174097,-0.0009581458308511613,-0.0009444486177884614,0.0,-0.001470383864182692,-0.0005859375000000001,-0.004714167668269231,-0.0041015625,-0.15546875,2.395849609375,-0.0032823768028846156,-0.001953125,0.4076923076923077,0.49230769230769234,0.46153846153846156,-0.007040330153245192,0.000440453162560091,5000
20,20,-0.25268545297475964,-1.5781009615384614,-1.3254155085637018,0.0013257332169789864,-0.0010304577225139686,-0.004002216045673076,-0.003125,2.642562068058894,-0.9464820274939904,-3.5890440955528846,0.0007327004508911966,-0.00028137504827770003,-0.0005822753906250001,0.00078125,-0.0028149414062499994,-0.0015625,-0.003109318659855769,-0.0015625,-0.15234375,2.39033203125,-0.003419940655048077,-0.00302734375,0.4,0.4461538461538462,0.46153846153846156,-0.006858654315655049,1.609215369590455e-05,5000
20,21,-0.25308143028846153,-1.5784600360576924,-1.3253786057692307,0.0013267131301398134,-0.0019269764231190773,-0.004398193359374999,-0.00234375,2.6418834510216342,-0.9457157076322115,-3.587599158653846,0.0007555056262273149,-0.00035194764778785615,-0.0012608924278846153,0.0,-0.0011602313701923076,-0.00078125,-0.004367394080528847,-0.00234375,-0.15234375,2.38720703125,-0.003137300931490385,-0.00048828125,0.4153846153846154,0.49230769230769234,0.46923076923076923,-0.006810013991135815,0.0004693227914663463,5000
20,22,-0.2527224496694712,-1.5780573918269232,-1.3253349421574516,0.0013867850281633805,-0.0009922612100817475,-0.004039212740384615,-0.002490234375,2.6424933330829328,-0.9467344313401442,-3.589227764423077,0.0007733473973024946,-0.0009513660662092009,-0.0006510103665865383,0.0,-0.0016275728665865385,-0.0013671875,-0.004407113882211538,-0.00263671875,-0.16171875,2.393359375,-0.003388202373798077,-0.0018310546875,0.4,0.47692307692307695,0.46923076923076923,-0.00687811279296875,9.165602463942301e-05,5000
20,23,-0.25274573692908653,-1.5781790865384617,-1.325433349609375,0.0013383356586518364,-0.0014947280367891373,-0.004062499999999999,-0.00234375,2.642262056790866,-0.9462956355168269,-3.5885576923076923,0.0007475384425710285,-0.0007780102861297323,-0.0008822866586538458,-0.0015625,-0.0010776930588942306,-0.00068359375,-0.004682147686298076,-0.0030517578125,-0.153125,2.390283203125,-0.003180213341346153,-0.000390625,0.4153846153846154,0.5461538461538461,0.49230769230769234,-0.006786733774038459,0.00029518010066105607,5000
20,24,-0.25270629882812495,-1.5783052884615385,-1.3255989896334133,0.001279213807075029,-0.0016840794997915666,-0.004023061899038462,-0.0029541015625,2.6419115271935096,-0.9467907714843751,-3.588702298677885,0.0007419801566548218,-0.00011007946942994269,-0.001232816256009615,-0.00048828125,-0.002245248647836538,-0.001220703125,-0.004306171123798077,-0.003125,-0.15234375,2.390869140625,-0.0027902456430288457,-0.0011718750000000002,0.4461538461538462,0.5076923076923077,0.46923076923076923,-0.005948974609374999,0.000410942664513221,5000
20,25,-0.2535467998798077,-1.5786162860576924,-1.3250694861778847,0.0013526574382082491,-0.0026665685294981144,-0.004863562950721154,-0.00361328125,2.641918194110577,-0.9465621243990385,-3.5884803185096152,0.0007329097420348832,-0.0008686480807792475,-0.0012261493389423075,-0.00078125,-0.0018178147536057692,-0.0015625,-0.004318472055288462,-0.003173828125,-0.1515625,2.395458984375,-0.0036374136117788463,-0.0021484375,0.36153846153846153,0.5230769230769231,0.43846153846153846,-0.007253206693209135,-4.647827148437674e-05,5000
20,26,-0.25249492938701923,-1.5781099759615385,-1.3256150465745193,0.0012925595336141674,-0.0011854711663489964,-0.0038116924579326924,-0.0014160156250000002,2.6411968524639424,-0.9470798903245192,-3.588276742788462,0.0007333692064229936,-0.00024497366660029124,-0.001947490985576923,-0.00234375,-0.0010928109975961537,0.0,-0.003764178936298077,-0.0015625,-0.15234375,2.3819335937500004,-0.0018642014723557697,9.765625e-05,0.4307692307692308,0.5538461538461539,0.5,-0.005673598069411057,0.0018512737567608168,5000
20,27,-0.25289794921875003,-1.5780258413461539,-1.3251278921274041,0.001307007021772343,-0.0015262268383807525,-0.004214712289663461,-0.003173828125,2.6424651630108174,-0.9464377065805288,-3.588902869591346,0.0007631178132032303,-0.0008100874668721164,-0.000679180438701923,0.0,-9.990985576923101e-05,0.00078125,-0.0046477801983173085,-0.003125,-0.15859375,2.39228515625,-0.0035355318509615393,-0.0020751953125,0.4,0.4846153846153846,0.46153846153846156,-0.0070873953012319715,-8.883901742788568e-05,5000
20,28,-0.25241436298076925,-1.5779920372596152,-1.325577674278846,0.0013334764088336047,-0.0013713509536823112,-0.0037311260516826924,-0.0021484375,2.641510291466346,-0.9461395733173077,-3.5876498647836534,0.0007814532104995096,-0.00017779949668383083,-0.0016340519831730769,-0.000390625,-0.00044273963341346165,0.0,-0.004142315204326923,-0.0031982421875000003,-0.15234375,2.3946777343749996,-0.0020970740685096146,-0.00068359375,0.45384615384615384,0.5076923076923077,0.46923076923076923,-0.0056266925518329335,0.0014990938626802876,5000
20,29,-0.25350351186899034,-1.578595252403846,-1.3250917405348557,0.0013132646070645737,-0.0018709635256475737,-0.004820274939903846,-0.0021484375,2.6425506122295674,-0.9458917705829326,-3.5884423828124996,0.0007676495356230212,-0.0012078564816691468,-0.0005937312199519232,9.765625e-05,-0.001147554837740385,0.0,-0.004133300781249999,-0.003125,-0.159375,2.3986328125,-0.004226543719951924,-0.002099609375,0.36923076923076925,0.45384615384615384,0.4307692307692308,-0.00807464364858774,-0.0005836768517127419,5000
20,30,-0.25257361778846155,-1.5783030348557692,-1.3257294170673075,0.001325014894381018,-0.001124196022647041,-0.0038903808593750006,-0.0015625,2.6434950608473557,-0.9460917780949519,-3.589586838942308,0.000702319185446608,-0.0006646347340540003,0.0003507173978365387,0.0020751953125,-0.0017994103064903847,-0.0015625,-0.0041261643629807694,-0.002880859375,-0.15234375,2.3956054687500004,-0.004241098257211539,-0.0018798828125,0.43846153846153846,0.4461538461538462,0.4153846153846154,-0.007868229792668267,-0.0005426776592548116,5000
20,31,-0.2530305363581731,-1.5782121394230768,-1.3251816030649037,0.0013359464055816592,-0.001914059574093542,-0.004347299429086539,-0.003125,2.6420181039663464,-0.9461166616586537,-3.588134765625,0.0007698714734511458,-0.0004543714323754253,-0.0011262394831730769,0.0,-0.0003544734074519231,0.0,-0.004332463191105769,-0.00244140625,-0.1515625,2.39873046875,-0.0032210599459134618,-0.0013671875,0.43846153846153846,0.47692307692307695,0.47692307692307695,-0.00687102801983173,0.00040003615159254797,5000
21,0,-0.2526082669771635,-1.5782744891826925,-1.3256662222055289,0.00126232322842684,-0.0013933965524210918,-0.003925030048076923,-0.00263671875,2.641902231069712,-0.9458580603966347,-3.5877602914663465,0.0007090147373944619,0.00022761147623061157,-0.0012421123798076925,0.0,-0.001102858323317308,-0.000390625,-0.004343731219951923,-0.00234375,-0.153125,2.3778320312499996,-0.002682917668269231,-0.00128173828125,0.4076923076923077,0.49230769230769234,0.46923076923076923,-0.006247652493990384,0.0008413907564603355,5000
21,1,-0.25301945612980775,-1.5783188100961538,-1.3252993539663462,0.0013319626597228169,-0.0016311964661937684,-0.004336219200721154,-0.0025390624999999997,2.642714562049279,-0.9465965857872596,-3.5893111478365385,0.000736403893962712,3.121359675722645e-05,-0.0004297814002403848,0.001171875,-0.0006197415865384617,0.0,-0.003503887469951924,-0.0025390624999999997,-0.15390625000000002,2.397412109375,-0.003906437800480768,-0.002227783203125,0.4076923076923077,0.46153846153846156,0.4076923076923077,-0.007412139892578124,-0.00023429987980769373,5000
21,2,-0.25278620793269224,-1.5777125901442308,-1.3249263822115385,0.0013285083328548957,-0.0015483874253941904,-0.004102971003605769,-0.00244140625,2.6422312575120195,-0.9462625826322114,-3.5884938401442312,0.0007287889560180894,-0.0007544057340735855,-0.0009130859374999999,0.0,-0.0017678598257211539,-0.0009277343750000001,-0.004664682241586538,-0.003564453125,-0.14921875,2.39423828125,-0.0031898850661057697,-0.0023437500000000003,0.3923076923076923,0.47692307692307695,0.4461538461538462,-0.006949969951923076,0.0006998455341045647,5000
21,3,-0.25287109375,-1.5779199218750002,-1.325048828125,0.0012867000246957125,-0.0013355952935439092,-0.0041878568209134616,-0.003125,2.641620812049279,-0.9459941218449518,-3.587614933894231,0.000725880712036045,0.0002734534761760723,-0.0015235314002403843,-0.0005859375000000001,3.145658052884626e-05,0.0001220703125,-0.004762432391826923,-0.002880859375,-0.14921875,2.397216796875,-0.0026643254206730766,-0.001171875,0.38461538461538464,0.5076923076923077,0.4461538461538462,-0.006375492976262018,0.0008301250751201916,5000
21,4,-0.2528554124098558,-1.5780551382211538,-1.3251997258112982,0.0013461360113378813,-0.0011709172708812229,-0.004172175480769231,-0.003125,2.6416966834435094,-0.946234130859375,-3.5879308143028843,0.0007339677620811478,-0.0003757337646853313,-0.0014476600060096155,0.0,-0.0012434269831730772,0.0,-0.004372652493990385,-0.003515625,-0.1515625,2.395654296875,-0.002724515474759616,-0.0015625,0.4153846153846154,0.49230769230769234,0.46923076923076923,-0.006278010441706731,0.0007836749737079292,5000
21,5,-0.2525018780048077,-1.578232421875,-1.3257305438701923,0.0013493958152628516,-0.0015908663364679729,-0.0038186410757211544,-0.003125,2.643177020733173,-0.9460447340745191,-3.589221754807692,0.0007650308916186408,-0.0005926995899160781,3.267728365384611e-05,-0.000390625,-0.0014775202824519227,-0.00029296875,-0.0037573242187499997,-0.0015625,-0.1546875,2.3907714843749996,-0.003851318359375,-0.0015625,0.4,0.5,0.46923076923076923,-0.007680321326622598,-0.00022605309119591406,5000
21,6,-0.2526594426081731,-1.577549579326923,-1.32489013671875,0.0013922650666381335,-0.0011303930850427742,-0.003976205679086539,-0.00234375,2.642035663311298,-0.9461576960637018,-3.588193359375,0.0007318823561886815,-0.0014861354308002487,-0.0011086801382211536,-0.00078125,0.0004083721454326923,0.0005859375000000001,-0.003949350210336538,-0.00234375,-0.1515625,2.3941406250000004,-0.002867525540865385,-0.00107421875,0.43846153846153846,0.5307692307692308,0.46923076923076923,-0.00629310255784255,0.0003833031287560084,5000
21,7,-0.2527567232572116,-1.5777043269230768,-1.3249476036658652,0.0013151601821719944,-0.0017102912281255732,-0.0040734863281250006,-0.002374267578125,2.641665978064904,-0.9461705603966346,-3.5878365384615383,0.0007809099420807919,-0.0006675844717478715,-0.0014783653846153844,0.0,-0.000924353966346154,-0.0012451171875,-0.004034517728365385,-0.003271484375,-0.153125,2.392333984375,-0.0025951209435096153,-0.002001953125,0.4153846153846154,0.46923076923076923,0.4461538461538462,-0.005875028170072116,0.0006634075458233173,5000
21,8,-0.2531503530649039,-1.578516376201923,-1.325366023137019,0.0013925921200916714,-0.002063607940661142,-0.004467116135817308,-0.0029296875,2.6405149489182693,-0.9466515174278847,-3.5871664663461535,0.0007705197137335781,0.00023019854098364415,-0.0026293945312500003,-0.0013671875,-5.333533653846107e-05,-0.00087890625,-0.0049603740985576916,-0.00390625,-0.1515625,2.390185546875,-0.0018377216045673073,0.0005859375000000001,0.4,0.5153846153846153,0.5076923076923077,-0.005469224196213943,0.0018033611591045666,5000
21,9,-0.2523612154447115,-1.5777892127403845,-1.3254279972956728,0.0012676687608564423,-0.0009434764396622127,-0.0036779785156250003,-0.00303955078125,2.6414306640625,-0.9463848407451924,-3.5878155048076925,0.0007602308695228756,0.00018751555568206741,-0.0017136793870192312,-0.0006591796875,-0.00037935697115384594,0.000390625,-0.0043015700120192304,-0.00234375,-0.15078125,2.39140625,-0.0019642991286057698,-0.0013671875,0.4076923076923077,0.5230769230769231,0.4230769230769231,-0.005739804781400239,0.0018677696814903841,5000
21,10,-0.2523599008413462,-1.5778748497596156,-1.3255149489182692,0.0013637777196778516,-0.001067730012220534,-0.003676663912259615,-0.003125,2.6424475097656246,-0.9462254920372597,-3.588673001802884,0.0007830463327784642,-0.0012157352664305895,-0.0006968336838942306,0.0005859375000000001,-0.0013347919170673076,-0.00078125,-0.004302978515625,-0.0027832031249999997,-0.153125,2.399462890625,-0.002979830228365385,-0.002734375,0.36153846153846153,0.4846153846153846,0.43846153846153846,-0.006482989971454326,0.0005182354266826883,5000
21,11,-0.2530274376502404,-1.578536658653846,-1.325509221003606,0.0013705037959999347,-0.00024040792789750324,-0.004344200721153846,-0.001953125,2.6434061373197113,-0.9462238957331731,-3.589630033052885,0.000739586425928603,-0.0005401131498565508,0.0002617938701923071,0.0011718750000000002,-0.0010997596153846153,0.0,-0.004445143479567307,-0.003125,-0.1515625,2.39384765625,-0.004605994591346155,-0.0033203125000000003,0.4230769230769231,0.4461538461538462,0.4307692307692308,-0.008347574087289665,-0.0009316805326021649,5000
21,12,-0.2537405160757212,-1.5784164663461537,-1.3246759502704326,0.0013079607098149494,-0.0019065867459183623,-0.0050572791466346155,-0.003173828125,2.6428172889122594,-0.9459037898137019,-3.5887210787259614,0.0007618400520592511,-0.00048364657043836295,-0.00032705453725961523,-0.0001953125,-0.0011129995492788463,-0.00224609375,-0.003533090444711539,-0.0017578125,-0.15234375,2.38955078125,-0.004730224609375,-0.0031494140625,0.36923076923076925,0.5076923076923077,0.43846153846153846,-0.008376281738281248,-0.0009938589242788503,5000
21,13,-0.25205125075120194,-1.5770770733173076,-1.3250258225661058,0.0012719491417741038,-0.0013794123335993617,-0.003368013822115385,-0.003125,2.6416094501201925,-0.9462075570913461,-3.5878170072115383,0.0007269206421266486,-5.26121239160789e-05,-0.0015348933293269232,-0.001171875,-0.0008885779747596154,-0.0001953125,-0.004206730769230769,-0.003125,-0.146875,2.388037109375,-0.0018331204927884614,-0.0001953125,0.4230769230769231,0.5769230769230769,0.4846153846153846,-0.0055999943659855765,0.0019538339468148933,5000
21,14,-0.2520933180588943,-1.5772385817307693,-1.3251452636718752,0.001324011191099773,-0.0014372953291275806,-0.0034100811298076916,-0.0033203125000000003,2.640700307992788,-0.9469165039062499,-3.587616811899039,0.0007217581587318844,-1.646309270911441e-05,-0.0024440354567307693,-0.00068359375,-0.0016669170673076922,-0.0005859375000000001,-0.004594538762019231,-0.003125,-0.15703125,2.3902343750000004,-0.0009660456730769228,-0.00078125,0.4,0.5076923076923077,0.47692307692307695,-0.00431181922325721,0.0023907987154447104,5000
21,15,-0.25216815655048075,-1.577529296875,-1.3253611403245193,0.0013462966895428858,-0.0007075574259896586,-0.0034849196213942307,-0.002105712890625,2.6416248497596153,-0.9459006911057691,-3.5875255408653848,0.0007474214802260127,-0.0006774104093590156,-0.001519493689903846,-0.0011718750000000002,1.9719050480769045e-06,0.0,-0.00464111328125,-0.00234375,-0.15234375,2.3990234375000004,-0.001965425931490384,-0.00078125,0.4461538461538462,0.5307692307692308,0.46153846153846156,-0.005597313514122596,0.0017706181452824504,5000
21,16,-0.2530600210336539,-1.578036358173077,-1.324976337139423,0.0013115182896471344,-0.0017548937624125949,-0.004376784104567308,-0.003271484375,2.6425149301382214,-0.9462850247896634,-3.588799954927885,0.0007133405342124225,-0.0008580897070943471,-0.0006294133112980768,0.0,-0.0009092360276442303,-0.00146484375,-0.004389085036057693,-0.0017822265625,-0.1515625,2.3924316406250004,-0.003747370793269231,-0.002197265625,0.4230769230769231,0.47692307692307695,0.45384615384615384,-0.007131558931790864,-0.00039920513446514407,5000
21,17,-0.25225229116586534,-1.577883112980769,-1.3256308218149038,0.001257722002996752,-0.0012614671984979419,-0.003569054236778846,-0.003125,2.6425384990985576,-0.9461179762620193,-3.5886564753605765,0.0007904950631787772,-0.0008835250209207466,-0.0006058443509615385,-0.00078125,-0.0007438777043269232,0.0008300781250000001,-0.004145038311298077,-0.00244140625,-0.1515625,2.389892578125,-0.0029632098858173085,-0.0001953125,0.4,0.5384615384615384,0.46923076923076923,-0.006460860032301683,0.00035592181865985435,5000
21,18,-0.2522499436598558,-1.5779169170673075,-1.325666973407452,0.0013738498748396347,-0.0015801741086029536,-0.0035667067307692305,-0.0014404296875,2.6434083909254804,-0.9457555213341345,-3.5891639122596155,0.0007640185409319107,-0.0010844956131422312,0.00026404747596153863,0.000390625,-0.0018723707932692304,-0.0015625,-0.0036286808894230773,-0.0015625,-0.15000000000000002,2.38994140625,-0.0038307542067307692,4.8828125e-05,0.46153846153846156,0.46153846153846156,0.5,-0.007425095778245192,-0.00047361403245192355,5000
21,19,-0.2525714580829327,-1.5781077223557691,-1.3255362642728366,0.0013378197855501363,-0.0014374220724970004,-0.003888221153846155,-0.00302734375,2.6419388521634617,-0.9462342247596155,-3.5881730769230766,0.0007344675536083198,-0.0006696277832685235,-0.0012054912860576922,-0.0001953125,-0.0003702486478365383,0.00078125,-0.004222975510817307,-0.003125,-0.153125,2.391064453125,-0.0026827298677884613,-0.001318359375,0.4230769230769231,0.5,0.45384615384615384,-0.006456308218149038,0.0012509436974158608,5000
21,20,-0.2524468524639423,-1.5773640324519227,-1.3249171799879806,0.0013197836846018521,-0.0016487814565344125,-0.0037636155348557696,-0.002593994140625,2.642594745342548,-0.9460838904747596,-3.588678635817308,0.0007591593377414547,-0.0010822766845228786,-0.0005495981069711539,-0.0011718750000000002,-0.0009961876502403847,0.0,-0.004318284254807693,-0.00234375,-0.15390625,2.384912109375,-0.003214017427884615,-0.0015625,0.4076923076923077,0.5230769230769231,0.45384615384615384,-0.00689709003155048,0.0004140390249399022,5000
21,21,-0.2526969088040865,-1.5776404747596153,-1.3249435659555289,0.0013293539535273074,-0.0013276068437589213,-0.0040136718749999994,-0.003125,2.6426985990084133,-0.9460157189002403,-3.5887143179086536,0.0007457178605577585,-0.0009772781513781438,-0.0004457444411057693,-0.0001953125,-0.00010206956129807707,0.0,-0.004607496995192308,-0.003125,-0.15703125,2.3967529296875,-0.0035679274338942303,-0.0017578125,0.4230769230769231,0.5,0.4230769230769231,-0.0073018728402944695,6.142953725961062e-05,5000
21,22,-0.2524474158653846,-1.577687800480769,-1.3252403846153846,0.001385537556055298,-0.0018509469574856249,-0.003764178936298077,-0.0028564453125,2.6422132286658657,-0.9460176908052884,-3.5882309194711537,0.0007582017277786625,-0.0008972414668230815,-0.0009311147836538461,-0.0017578125,-0.0006207744891826921,0.0,-0.004908822866586538,-0.0029541015625000003,-0.1515625,2.397119140625,-0.0028330641526442307,-0.0025634765625,0.4153846153846154,0.5153846153846153,0.4461538461538462,-0.006525665283203126,0.0009422466571514384,5000
21,23,-0.25347825270432695,-1.5781017127403847,-1.3246234600360578,0.001313887812962712,-0.0016709660259454596,-0.004795015775240385,-0.00302734375,2.6423157677283653,-0.9464334810697116,-3.5887492487980768,0.0007529671234102056,-0.0006473822111490943,-0.0008285757211538461,-0.00234375,-0.001800443209134615,-0.0015625,-0.004573317307692309,-0.00361328125,-0.15078124999999998,2.3875,-0.003966440054086538,-0.000244140625,0.4076923076923077,0.5769230769230769,0.47692307692307695,-0.007866128774789663,-0.00017654184194711763,5000
21,24,-0.25293691781850963,-1.5776329627403847,-1.3246960449218748,0.001358926048932028,-0.0021651639301851493,-0.004253680889423077,-0.0033203125000000003,2.6418883338341344,-0.9461070838341346,-3.587995417668269,0.0007398343083750639,0.00033644409960448593,-0.0012560096153846152,-0.0013671875,-0.0023414024939903844,-0.0015625,-0.0038714130108173073,-0.001953125,-0.15078125,2.3962890625,-0.002997671274038461,-0.0037109375,0.4076923076923077,0.5307692307692308,0.45384615384615384,-0.006564389742337741,0.000622624323918263,5000
21,25,-0.25317664513221155,-1.5783097956730767,-1.3251331505408654,0.0013712508296417367,-0.0013725207466839776,-0.004493408203124999,-0.003125,2.6433321439302886,-0.9460586313100963,-3.589390775240384,0.0007289128959419906,-0.0008274197215227605,0.00018780048076923092,-0.000390625,-0.0005876277043269232,-0.0005859375000000001,-0.004371807391826923,-0.003125,-0.15234375,2.4009765625000004,-0.00468120868389423,-0.002978515625,0.38461538461538464,0.5,0.4076923076923077,-0.008236288217397837,-0.0012746417705829358,5000
21,26,-0.25232957106370196,-1.5776832932692308,-1.325353722205529,0.001352781176624333,-0.0009999226199313834,-0.003646334134615384,-0.0021484375,2.6417698317307696,-0.9463104717548078,-3.588080303485577,0.0007555250300433433,-0.00041835037166026875,-0.0013745117187500002,-0.001220703125,-0.0003351299579326924,0.000390625,-0.004386549729567308,-0.00390625,-0.151171875,2.3890136718750004,-0.002271822415865385,-0.001611328125,0.4,0.5384615384615384,0.43846153846153846,-0.0056639404296875,0.0011404371995192293,5000
21,27,-0.25282958984375,-1.5781107271634616,-1.3252811373197115,0.001379966407208295,-0.0018352573087591678,-0.004146352914663461,-0.00234375,2.642771183894231,-0.9460422926682692,-3.5888134765625,0.0007328802724149044,-0.0008877519805248139,-0.0003731595552884614,0.0,-0.0015232496995192307,-0.0005859375,-0.0044486177884615384,-0.00234375,-0.14921875,2.3859375,-0.003773193359375,-0.0026489257812500003,0.3923076923076923,0.46923076923076923,0.4461538461538462,-0.007516068678635818,-0.00020618145282451898,5000
21,28,-0.25331824669471154,-1.5782189002403846,-1.3249006535456733,0.0013066290924022299,-0.0017896820535326327,-0.004635009765625001,-0.00234375,2.6415664438100963,-0.9463895357572115,-3.5879559795673073,0.0007575984203013509,5.2068625769077774e-05,-0.0015778996394230772,-0.00078125,-0.0017271071213942307,-0.0013671875,-0.003876483623798076,-0.002734375,-0.15546875,2.39833984375,-0.0030571101262019235,-0.0015625,0.4230769230769231,0.5076923076923077,0.43846153846153846,-0.006805732140174278,0.0005321232722355722,5000
21,29,-0.2532380558894231,-1.5786253004807693,-1.3253872445913462,0.0013194323907207725,-0.0020255336218202593,-0.004554818960336538,-0.001611328125,2.642091064453125,-0.9460140286959136,-3.588105093149039,0.0007957636735739372,-0.0003614276631697866,-0.0010532789963942307,-0.000732421875,-0.0014175180288461542,-0.00107421875,-0.004201847956730769,-0.003125,-0.15000000000000002,2.3788085937499996,-0.0035015399639423076,-0.0015625,0.36153846153846153,0.5076923076923077,0.43846153846153846,-0.007178494966947116,9.820556640624658e-05,5000
21,30,-0.2531392728365385,-1.5779912860576923,-1.3248520132211539,0.0013266405087076667,-0.002505071464886726,-0.004456035907451923,-0.003125,2.6426761568509614,-0.9463108473557692,-3.588987004206731,0.0007215524749487663,-0.001385144969667937,-0.00046818659855769266,0.00068359375,-0.0004981407752403846,-0.000390625,-0.003983529897836538,-0.0028564453125,-0.15,2.38857421875,-0.00398784930889423,-0.0015625,0.4153846153846154,0.4461538461538462,0.43846153846153846,-0.007503291203425481,-0.00044712477463942354,5000
21,31,-0.25311401367187497,-1.578124248798077,-1.3250102351262019,0.001321404245523393,-0.0020201938485626533,-0.004430776742788462,-0.0013671875,2.641016751802885,-0.9465955528846153,-3.5876123046874997,0.0007336689283786713,-0.0007950934683112143,-0.0021275916466346155,-0.00078125,-0.0005632136418269228,0.0,-0.004501201923076924,-0.0030761718750000003,-0.149609375,2.4013671875,-0.0023031850961538454,-0.0015625,0.4461538461538462,0.5153846153846153,0.47692307692307695,-0.005819396972656251,0.0010646690955528814,5000
22,0,-0.2526708045372596,-1.5782128906250001,-1.3255420860877405,0.0013072611867727063,-0.0012865080540983107,-0.003987567608173077,-0.0025390624999999997,2.642572303185096,-0.9458152418870192,-3.588387545072115,0.0007588767973475136,-0.0008733546880400447,-0.0005720402644230772,-0.00078125,-0.0015969613882211534,-0.00037841796875,-0.003185941256009615,-0.00078125,-0.15078125,2.393359375,-0.00341552734375,-0.0029296875,0.4,0.5076923076923077,0.4461538461538462,-0.006951770489032452,0.00021444232647235476,5000
22,1,-0.2528282752403846,-1.5782564603365385,-1.3254281850961538,0.0013166111881008145,-0.0015930526273955686,-0.004145038311298076,-0.003125,2.6422195199819707,-0.9464981783353364,-3.588717698317308,0.0007608753508387139,-0.0008946505610976998,-0.0009248234675480767,-0.00078125,-0.001501746544471154,-0.001220703125,-0.003783991887019231,-0.001953125,-0.15078125,2.3902343750000004,-0.00322021484375,-0.0028320312500000003,0.4,0.5153846153846153,0.43846153846153846,-0.0067735290527343745,0.00023083965594951732,5000
22,2,-0.2531045297475961,-1.5783030348557694,-1.325198505108173,0.0013119084943517105,-0.0020902909210032444,-0.004421292818509615,-0.00205078125,2.641724665715144,-0.9463740422175481,-3.588098707932692,0.0007298092938761006,-0.0012132955728154369,-0.0014196777343749997,-0.00078125,-0.000520489032451923,0.0,-0.004221567007211538,-0.0017578125,-0.159375,2.3904296875,-0.003001615084134615,-0.0019287109375,0.4076923076923077,0.5153846153846153,0.46923076923076923,-0.006935802753155048,0.0011164785531850945,5000
22,3,-0.2528263972355769,-1.5773091947115385,-1.3244827974759614,0.0013110083279895513,-0.0015639916445812497,-0.004143160306490385,-0.003466796875,2.642639066256009,-0.9461931903545673,-3.588832256610577,0.0007378606240010674,-0.00010783007274386039,-0.0005052771935096155,-0.000537109375,-0.0009412560096153845,-0.00018310546875,-0.003629995492788461,-0.0029296875,-0.15390625,2.39306640625,-0.003637883112980769,-0.0033203125000000003,0.4153846153846154,0.5076923076923077,0.4461538461538462,-0.007256497896634615,-1.1854905348598605e-06,5000
22,4,-0.25290874774639427,-1.577587890625,-1.3246791428786056,0.0013460971659757866,-0.0020821950616717417,-0.004225510817307692,-0.00234375,2.6419907789963943,-0.9457173039362982,-3.5877080829326924,0.0007425113335874286,-0.0005261524051112356,-0.001153564453125,0.0,-0.0004574819711538465,-0.00078125,-0.004322415865384615,-0.0023681640625,-0.1515625,2.3923828125,-0.0030719463641826913,-0.0027587890625,0.3923076923076923,0.4846153846153846,0.4153846153846154,-0.006712076040414665,0.0006088679387019235,5000
22,5,-0.2530300668569711,-1.5783255709134614,-1.3252955040564904,0.0013207435875695933,-0.0016621672188878052,-0.0043468299278846155,-0.0033203125000000003,2.642120736929087,-0.9467547137920672,-3.5888754507211535,0.0007210664181902482,-0.00029487302428832663,-0.0010236065204326924,-4.8828125e-05,-0.0015899188701923078,-4.8828125e-05,-0.004066537710336538,-0.0020507812499999997,-0.15546875,2.388916015625,-0.0033232234074519235,-0.00238037109375,0.36923076923076925,0.5,0.4153846153846154,-0.006712019700270432,7.915320763220988e-05,5000
22,6,-0.25386117788461543,-1.5787943209134614,-1.3249331430288462,0.0013190230761536048,-0.0020685468766876622,-0.005177940955528846,-0.004046630859375001,2.642584228515625,-0.9465672889122595,-3.5891515174278843,0.0007585038048655973,-0.0010731127940403122,-0.0005601149338942307,0.0005859375,-0.0013617412860576924,-0.00078125,-0.004278376652644231,-0.00263671875,-0.1515625,2.39501953125,-0.004617826021634615,-0.0042724609375,0.35384615384615387,0.47692307692307695,0.3769230769230769,-0.007983055701622596,-0.0013767418494591364,5000
22,7,-0.25190232496995196,-1.5777366286057692,-1.3258343036358173,0.0012720200473259444,-0.001393692252062873,-0.003219088040865385,-0.0017578125,2.642755878155048,-0.946382117638221,-3.589137995793269,0.0007467820861053535,-0.000608938129543556,-0.0003884652944711538,0.0007568359375,-0.0010332782451923073,0.0,-0.0035807917668269234,-0.0011718750000000002,-0.153125,2.3924804687499996,-0.002830622746394231,-0.0014892578125,0.4461538461538462,0.43846153846153846,0.46153846153846156,-0.006573746901292068,0.0009027076134314897,5000
22,8,-0.25347994290865383,-1.5785223858173079,-1.3250424429086538,0.0012782965709821586,-0.002158978578704948,-0.004796705979567307,-0.0028320312500000003,2.6425804725060096,-0.9461999511718749,-3.5887804236778846,0.0007575442016139979,-0.0015637671213955884,-0.0005638709435096152,0.00078125,-0.0012958233173076923,-0.0011718750000000002,-0.004450965294471154,-0.003125,-0.15078125,2.39169921875,-0.004232835036057692,-0.0033203125000000003,0.4076923076923077,0.46153846153846156,0.38461538461538464,-0.008214130108173076,-0.00019388052133413613,5000
22,9,-0.2537936636117788,-1.5783188100961538,-1.324525146484375,0.0013056814218502827,-0.0022505930027423926,-0.0051104266826923084,-0.0046875,2.64291015625,-0.9464205228365384,-3.589330679086539,0.0007607581281482722,-0.0003247845963631976,-0.00023418719951923069,0.0,-0.0014019305889423077,-0.0005126953125,-0.004771259014423077,-0.002685546875,-0.15546875,2.3908203125,-0.004876239483173077,-0.0033203125000000003,0.3384615384615385,0.47692307692307695,0.36153846153846153,-0.008123699481670672,-0.001631981482872597,5000
22,10,-0.2529669658954327,-1.5776600060096158,-1.3246930401141828,0.0013200714483940412,-0.0009120663148444779,-0.004283728966346154,-0.002197265625,2.641164738581731,-0.9462462439903845,-3.587410982572115,0.000734247080476465,-0.0004969651959973458,-0.0019796048677884616,-0.0009765625,-0.001029052734375,-0.0001220703125,-0.004551156850961538,-0.002789306640625,-0.15000000000000002,2.3861328125,-0.0023041240985576922,-0.00048828125,0.45384615384615384,0.5307692307692308,0.4846153846153846,-0.00567889404296875,0.0010151038536658644,5000
22,11,-0.2532908278245193,-1.5783503605769231,-1.3250595327524037,0.0012770575054317492,-0.002329240246673665,-0.004607590895432692,-0.00234375,2.6422296612079332,-0.9463475623497597,-3.5885772235576923,0.0007520225773298993,-0.0013107943311654613,-0.0009146822415865385,-0.00078125,-0.0012759164663461535,-0.0005859375000000001,-0.004447772686298077,-0.001953125,-0.15234375,2.3896484375,-0.003692908653846154,-0.00390625,0.4230769230769231,0.5153846153846153,0.4461538461538462,-0.007350670447716346,-2.1193284254808214e-05,5000
22,12,-0.2530572979266827,-1.578231670673077,-1.3251743727463943,0.0013241940716130732,-0.0016772190282633346,-0.004374060997596154,-0.003125,2.642031062199519,-0.946634051983173,-3.5886651141826924,0.0007463740321953838,-0.0009210208066550495,-0.00111328125,0.00043945312499999996,-0.001715839092548077,-0.00078125,-0.005162259615384615,-0.00234375,-0.153125,2.39013671875,-0.0032607797475961544,-0.003515625,0.38461538461538464,0.46153846153846156,0.4076923076923077,-0.006950174184945913,0.0003910592886117779,5000
22,13,-0.2531604942908654,-1.5778560697115385,-1.324695575420673,0.0012709379960191003,-0.0018755079389259986,-0.004477257361778846,-0.0027832031249999997,2.642011249248798,-0.946479961688702,-3.5884912109375007,0.000745910897816295,-0.0009928331448849767,-0.0011330942007211537,-0.0015625,-0.0013379845252403848,-0.00078125,-0.004514817457932693,-0.003515625,-0.15546875,2.392822265625,-0.003344163161057692,-0.0001708984375,0.4076923076923077,0.5692307692307692,0.47692307692307695,-0.006821735088641826,-3.806480994591403e-05,5000
22,14,-0.2529190767728366,-1.5777088341346157,-1.3247897573617786,0.0012967271126357116,-0.0014975397729893596,-0.00423583984375,-0.002197265625,2.643027531550481,-0.9461074594350961,-3.589134990985577,0.0007647248560930108,-0.0013127662905618456,-0.00011681189903846122,0.0,-0.0005772047776442307,0.000390625,-0.004892202524038462,-0.00390625,-0.1484375,2.385498046875,-0.004119027944711538,-0.00078125,0.4230769230769231,0.4846153846153846,0.46153846153846156,-0.007662841796875,-0.0006064218374399087,5000
22,15,-0.2529442420372596,-1.577987530048077,-1.3250432880108172,0.0013507555173606237,-0.0023295452972156385,-0.004261005108173076,-0.0029296875,2.6422000826322116,-0.9459590970552886,-3.5881591796875,0.0007396989849216306,-0.0005789907422703333,-0.0009442608173076922,0.0,-0.0007081017127403848,-0.00078125,-0.004048602764423076,-0.0022949218749999997,-0.15781250000000002,2.3880859375,-0.003316744290865384,-0.0015625,0.4076923076923077,0.46153846153846156,0.46153846153846156,-0.00676330331655649,1.8918550931489012e-05,5000
22,16,-0.2526483623798077,-1.5785892427884614,-1.3259408804086539,0.001324279209827355,-0.0008762409068872242,-0.003965125450721155,-0.0015625,2.6426906174879807,-0.9460849233774038,-3.5887755408653845,0.0007412001216058168,-0.0007757641951962644,-0.0004537259615384616,0.0,-0.0009051983173076927,-0.0006103515625,-0.0049313589242788464,-0.004296875,-0.1578125,2.3978027343750004,-0.003511399489182693,-0.0015625,0.4461538461538462,0.47692307692307695,0.43846153846153846,-0.00715087186373197,0.00011143141526442084,5000
22,17,-0.25314284104567314,-1.5783841646634615,-1.3252413236177882,0.0013451274323861369,-0.001724918405610426,-0.004459604116586539,-0.004296875,2.642347975510817,-0.9457826585036058,-3.5881306340144232,0.0007395331367346801,-0.0011785252392619606,-0.0007963679387019235,-0.0011718750000000002,-0.0011733774038461542,0.0,-0.0036423903245192298,-0.0015625,-0.153125,2.397216796875,-0.0036632361778846153,-0.0018798828124999998,0.4,0.5153846153846153,0.46923076923076923,-0.007156818096454326,-0.00031049522986779135,5000
22,18,-0.25327129657451924,-1.5782774939903845,-1.3250061974158656,0.0012918294494233356,-0.0023248046238365815,-0.004588059645432693,-0.0029296875,2.6420563213641826,-0.945953369140625,-3.5880096905048076,0.0007598922208605692,-0.0003280003502518333,-0.0010880220853365385,-0.00078125,-0.0011927208533653844,0.0,-0.004121657151442308,-0.0012695312499999998,-0.15078125,2.39033203125,-0.0035000375600961536,-0.00234375,0.3769230769230769,0.5307692307692308,0.4307692307692308,-0.00736602548452524,0.000300884540264423,5000
22,19,-0.2524806565504808,-1.5778109975961538,-1.3253303410456732,0.0013233106173635857,-0.0023836391027455455,-0.0037974196213942306,-0.003857421875,2.643133451021634,-0.9458156174879808,-3.5889490685096157,0.0007541865333993101,-0.000836071905363596,-1.0892427884615513e-05,0.00078125,-0.00022198016826923067,-0.00078125,-0.0046733210637019225,-0.0015625,-0.1515625,2.395458984375,-0.003786527193509616,-0.0044921875,0.4076923076923077,0.45384615384615384,0.4076923076923077,-0.007555220383864182,3.0653733473548885e-05,5000
22,20,-0.25292471078725964,-1.5774909855769228,-1.3245662747896636,0.0012937435350715675,-0.0014809603492157615,-0.004241473858173077,-0.0025390625,2.6420766977163463,-0.9462218299278846,-3.588298527644231,0.0007557243844385491,-1.8240969163247015e-06,-0.0010676457331730768,-0.00078125,-0.0008573091947115385,0.00068359375,-0.003993201622596154,-0.0031982421875000003,-0.153125,2.38798828125,-0.003173828125,-0.0018554687500000001,0.3923076923076923,0.5153846153846153,0.46153846153846156,-0.006734774076021634,0.0004795860877403794,5000
22,21,-0.25375629131610583,-1.5785223858173076,-1.3247660945012019,0.0013516617182762678,-0.0024095193536063982,-0.005073054387019231,-0.00302734375,2.6424828162560097,-0.9458374962439904,-3.5883203125,0.0007589440765597686,-0.0012972910214568696,-0.0006615271935096154,-0.000390625,-0.00010854867788461551,0.000341796875,-0.004347017728365385,-0.00205078125,-0.15390625,2.3916015625,-0.004411527193509616,-0.00400390625,0.4,0.5076923076923077,0.4153846153846154,-0.007995218130258414,-0.0008346604567307693,5000
22,22,-0.2524088228665865,-1.5773407451923078,-1.3249319223257212,0.0012665337972907523,-0.001515466223309258,-0.0037255859375,-0.002392578125,2.642435021033654,-0.9458158052884615,-3.588250826322116,0.0007293192350918879,-0.001019509141448509,-0.0007093224158653846,0.0,-0.0013741361177884617,-0.0005859375000000001,-0.004776893028846154,-0.002734375,-0.15000000000000002,2.39541015625,-0.003016263521634615,-0.0009765625,0.36923076923076925,0.49230769230769234,0.46923076923076923,-0.006699631911057691,0.000729088416466345,5000
22,23,-0.25290686974158655,-1.5780205829326923,-1.3251137131911057,0.0012998327435704625,-0.0015998066472856355,-0.0042236328125,-0.003125,2.6407952411358173,-0.9468223219651442,-3.5876175631009617,0.0007547119410946191,0.0006224342033098475,-0.002349102313701923,-0.0009765625,1.7371544471153632e-05,0.000390625,-0.003650465745192307,-0.0028320312500000003,-0.1515625,2.3863281250000004,-0.0018745304987980772,-0.0001953125,0.38461538461538464,0.5230769230769231,0.49230769230769234,-0.005531458928034855,0.0017941941481370142,5000
22,24,-0.2535633263221153,-1.5785118689903845,-1.3249485426682694,0.0013592099807935153,-0.002454909455044971,-0.004880089393028846,-0.00234375,2.642261493389423,-0.9460475510817308,-3.588309044471154,0.0007455689503842747,-0.00021264882865219435,-0.0008828500600961539,-0.0015625,-0.0014144193209134617,-0.0009765625,-0.00429912860576923,-0.003125,-0.15625,2.387890625,-0.0039972393329326915,-0.0015869140625,0.4153846153846154,0.5384615384615384,0.45384615384615384,-0.007603710467998798,-0.0005799349271334159,5000
22,25,-0.2533418156550481,-1.5777080829326924,-1.3243662672776444,0.0013203565440020365,-0.0022143838611743474,-0.004658578725961538,-0.0025390624999999997,2.6430633075420675,-0.9459477351262019,-3.589011042668269,0.0007545165456229984,-0.0006937601549264895,-8.103590745192285e-05,0.0,0.00025155874399038436,0.00078125,-0.0041259765625,-0.00244140625,-0.15625,2.388623046875,-0.004577542818509615,-0.002197265625,0.3923076923076923,0.4846153846153846,0.4307692307692308,-0.008342843862680286,-0.0010147658128004835,5000
22,26,-0.2530653733473558,-1.5778891225961538,-1.3248237492487982,0.0013108242003962917,-0.0020225929893527774,-0.004382136418269232,-0.0025390624999999997,2.642775409405048,-0.9465706693209134,-3.5893460787259617,0.0007424858910623081,-0.00010446290842825827,-0.0003689340444711536,0.0,-2.460186298076906e-05,0.000390625,-0.003863900991586539,-0.0025390624999999997,-0.15703125,2.3895507812499996,-0.004013202373798076,-0.0013671875,0.43846153846153846,0.49230769230769234,0.4153846153846154,-0.007530825101412259,-0.0005337219238281252,5000
22,27,-0.252881610576923,-1.5777493990384615,-1.3248677884615383,0.0013605698481300845,-0.0010387732338489066,-0.004198373647836539,-0.003125,2.6419649564302885,-0.9461330003004809,-3.588097956730769,0.0007505356304696097,-0.0006264698591874478,-0.001179387019230769,-0.00078125,-0.0013050255408653848,-0.000439453125,-0.004836613581730769,-0.0037109375,-0.153125,2.388134765625,-0.0030189866286057694,-0.0012939453125,0.4076923076923077,0.5153846153846153,0.46153846153846156,-0.0066520432692307695,0.0006560880220853365,5000
22,28,-0.2534538386418269,-1.5787665264423079,-1.3253126878004808,0.001296352698462424,-0.0018673450243218682,-0.004770601712740384,-0.003125,2.6413300030048075,-0.9461200420673077,-3.5874500450721154,0.0007663869748417579,-0.0003261991128860003,-0.0018143404447115387,-0.002197265625,-0.0011627666766826925,0.0,-0.004459510216346154,-0.00234375,-0.15625,2.38916015625,-0.0029562612680288465,-0.000244140625,0.3769230769230769,0.5615384615384615,0.4846153846153846,-0.006493703988882213,0.0005653287447415861,5000
22,29,-0.2530554199218751,-1.5782181490384615,-1.3251627291165866,0.0013014252739169294,-0.0016404665005705272,-0.004372182992788462,-0.0030517578125,2.642252948467548,-0.9459430401141827,-3.588195988581731,0.0007602818130942655,-0.0005063251169192791,-0.0008913949819711538,-0.000439453125,-0.000678992638221154,0.00029296875000000004,-0.004887977013221154,-0.0035888671875,-0.15468749999999998,2.39072265625,-0.0034807880108173083,-0.001953125,0.4,0.5076923076923077,0.46923076923076923,-0.006929037240835337,-0.00011990356445312684,5000
22,30,-0.2527385066105769,-1.5778042367788463,-1.3250657301682693,0.0013211841608352791,-0.002154705650775983,-0.004055269681490384,-0.002978515625,2.6420972618689906,-0.9463139460637019,-3.588411207932692,0.0007414381088655499,-0.0008026524305939874,-0.0010470815805288464,-0.0005859375000000001,-0.0008331768329326924,0.0,-0.0042396897536057685,-0.003125,-0.15546875,2.39091796875,-0.0030081881009615392,-0.00234375,0.38461538461538464,0.5076923076923077,0.43846153846153846,-0.0066583862304687505,0.0007732849121093747,5000
22,31,-0.253751220703125,-1.5783435997596154,-1.3245923790564902,0.0013478440882164135,-0.0029423253990861482,-0.0050679837740384625,-0.004443359375000001,2.6417219426081733,-0.9461885892427885,-3.5879105318509614,0.0007357769279188242,-0.0002010413155012783,-0.001422400841346154,-0.001123046875,-0.0010808856670673076,0.0,-0.004540452223557692,-0.0025390624999999997,-0.15078125,2.380322265625,-0.0036455829326923067,-0.00341796875,0.36923076923076925,0.5153846153846153,0.43846153846153846,-0.0072102661132812515,-0.00024102548452524256,5000
23,0,-0.25315072866586535,-1.578182842548077,-1.3250321138822116,0.0013236127522372363,-0.0012559132006044063,-0.004467491736778846,-0.00234375,2.6418638258713942,-0.946000507061298,-3.5878643329326922,0.00078176036458579,-0.00021822407655332226,-0.0012805175781249998,-0.000244140625,-0.0019460824819711538,-0.0015625,-0.004037522536057693,-0.003125,-0.15859374999999998,2.389453125,-0.003186974158653847,-0.00230712890625,0.4076923076923077,0.5076923076923077,0.4461538461538462,-0.00701397470327524,0.0004459322415865369,5000
23,1,-0.25290452223557686,-1.578010066105769,-1.3251055438701922,0.0012681114570051734,-0.0016110377246248068,-0.004221285306490384,-0.0025390624999999997,2.6425501427283655,-0.9457679161658654,-3.5883180588942305,0.0007388264998530441,-0.0006377950142195138,-0.000594200721153846,0.0,-0.0007641601562499998,-0.00087890625,-0.0040064415564903845,-0.0025390624999999997,-0.15390625,2.387841796875,-0.0036270845853365384,-0.0021484375,0.4230769230769231,0.4846153846153846,0.4230769230769231,-0.0071229083721454315,-0.00011837299053486288,5000
23,2,-0.2529373873197115,-1.5779860276442308,-1.325048640324519,0.001351039192923362,-0.0016695586756596112,-0.004254150390625,-0.003125,2.6413169508713943,-0.9464925443209137,-3.5878094951923076,0.0007357990400056444,0.0004960618474164634,-0.0018273925781250003,-0.0015625,-0.0020486215444711535,-0.0008300781250000001,-0.004012826772836538,-0.003125,-0.15390625,2.389892578125,-0.0024267578125000003,-0.0016357421875,0.4076923076923077,0.5384615384615384,0.43846153846153846,-0.006117389385516828,0.0010798457219050395,5000
23,3,-0.25310866135817306,-1.5782346754807692,-1.325126014122596,0.0012900489999070858,-0.002189130439039401,-0.004425424429086538,-0.003125,2.6427759728064903,-0.9461565692608174,-3.5889325420673077,0.0007296389561546232,9.018302004946038e-05,-0.00036837064302884634,1.220703125e-05,-0.0006593674879807693,0.00078125,-0.0037088716947115386,-0.002685546875,-0.14882812499999998,2.38291015625,-0.004057053786057692,-0.002734375,0.3923076923076923,0.46153846153846156,0.4307692307692308,-0.007478372427133413,-0.000756396953876203,5000
23,4,-0.2531014310396635,-1.578127253605769,-1.3250258225661058,0.001296752659870986,-0.0017217122185920958,-0.004418194110576923,-0.002734375,2.642059420072115,-0.9470819561298077,-3.589141376201923,0.0007347882431057955,0.00034160158823016377,-0.0010849233774038458,0.0,-0.0006162672776442307,0.0009765625,-0.003520977313701923,-0.00244140625,-0.1546875,2.393896484375,-0.003333270733173077,-0.00234375,0.38461538461538464,0.4846153846153846,0.4,-0.006988145094651443,9.782996544470664e-05,5000
23,5,-0.2532087590144231,-1.578485576923077,-1.3252768179086538,0.0013000638650969372,-0.0018080432820322466,-0.004525522085336539,-0.00234375,2.641850116436298,-0.9464224947415865,-3.5882726111778847,0.000732704089838348,-0.0012045356137001379,-0.0012942270132211536,-0.00078125,-0.0011980731670673077,0.0,-0.003150353064903846,-0.00078125,-0.15234375,2.391748046875,-0.0032312950721153843,-0.004345703125,0.4,0.5153846153846153,0.43846153846153846,-0.006796508789062501,0.0003568913386418246,5000
23,6,-0.25192918043870194,-1.577723106971154,-1.3257939265324519,0.0013049286116661417,-0.0011097640766312283,-0.0032459435096153844,-0.0015869140625,2.6427575683593756,-0.9461802321213943,-3.5889378004807693,0.0007521925124779757,-0.0003403617906441145,-0.0003867750901442305,-0.00078125,-0.0005233999399038464,-0.0015625,-0.0040369591346153845,-0.002587890625,-0.14609375000000002,2.392041015625,-0.0028591684194711545,-0.000244140625,0.4230769230769231,0.5153846153846153,0.49230769230769234,-0.006583003117487982,0.0008527315579927859,5000
23,7,-0.2528441443810096,-1.5785208834134616,-1.3256767390324522,0.0013267482641798444,-0.0017735701573882614,-0.004160907451923077,-0.0017578125,2.6421232722355765,-0.9470045823317308,-3.589127854567308,0.0007547965821548697,-0.00039734011132476797,-0.0010210712139423078,-0.00078125,-0.0008610652043269232,0.0,-0.0036400428185096164,-0.000390625,-0.15546875,2.3907714843749996,-0.003139836237980769,-0.0015625,0.43846153846153846,0.5307692307692308,0.47692307692307695,-0.006955726036658653,0.0005425039438100939,5000
23,8,-0.2531405874399038,-1.5782301682692308,-1.325089580829327,0.0013112658350523758,-0.0019342969120358976,-0.004457350510817307,-0.001953125,2.6417374361478365,-0.9465209021935097,-3.588258338341346,0.0007324360429781633,-0.0003396025138279087,-0.0014069073016826925,-0.00078125,-0.0016947115384615382,-0.00078125,-0.004578951322115384,-0.0033203125000000003,-0.15468749999999998,2.38837890625,-0.0030504432091346158,-0.0009277343750000001,0.3769230769230769,0.5230769230769231,0.4461538461538462,-0.006591836782602165,0.0004344341571514421,5000
23,9,-0.25224665715144234,-1.5773955829326924,-1.32514892578125,0.0013097447123122461,-0.0007272084751498997,-0.0035634202223557695,-0.0015625,2.64184063251202,-0.9463673753004808,-3.5882080078125,0.000744331900883126,-6.950688809693331e-05,-0.0013037109375000002,0.0,-0.00111083984375,0.0008056640625,-0.004019493689903846,-0.0015625,-0.15078125,2.392236328125,-0.0022597092848557687,-0.0008300781250000001,0.4076923076923077,0.49230769230769234,0.46153846153846156,-0.0056746685321514435,0.0012229496882511996,5000
23,10,-0.2531679124098557,-1.5780821814903847,-1.3249142690805287,0.00130181540510709,-0.0020565323146079268,-0.0044846754807692304,-0.001666259765625,2.640925011268029,-0.9460934682992788,-3.5870184795673077,0.0007742054821405414,0.0008832574262804623,-0.002219332181490385,-0.001025390625,-0.0015141413762019228,-0.001123046875,-0.00510638897235577,-0.002734375,-0.15234375,2.380517578125,-0.002265343299278847,-9.765625e-05,0.4307692307692308,0.5230769230769231,0.5,-0.005896315354567307,0.001495281512920671,5000
23,11,-0.2529269643930288,-1.5779740084134617,-1.3250470440204327,0.0013027240115707972,-0.0022769180345506277,-0.004243727463942307,-0.002001953125,2.6412698129507213,-0.9461937537560097,-3.587463566706731,0.0007705595011164762,1.0215634138211556e-05,-0.0018745304987980772,-0.00087890625,-0.0004290301983173077,0.0,-0.004409273587740385,-0.003515625,-0.153125,2.39091796875,-0.0023691969651442302,-0.001702880859375,0.4307692307692308,0.5538461538461539,0.46153846153846156,-0.006207204965444711,0.0016514493502103348,5000
23,12,-0.25211341271033655,-1.5779048978365386,-1.3257914851262018,0.0013599157789988435,-0.0014371562093168709,-0.00343017578125,-0.00078125,2.6424106069711537,-0.9459585336538462,-3.5883691406250002,0.0007520090021280329,-0.000360487612456696,-0.0007337364783653845,-0.00029296875,-0.00010695237379807695,0.0,-0.004602989783653846,-0.00361328125,-0.153125,2.3920166015625,-0.002696439302884615,-0.0004638671875,0.43846153846153846,0.5,0.4846153846153846,-0.006263624924879806,0.000747753436748791,5000
23,13,-0.2522459998497596,-1.5777824519230772,-1.3255364520733175,0.0012976240046016789,-0.0016841978097272515,-0.0035627629206730765,-0.0025146484375,2.642859637920673,-0.94593505859375,-3.588794696514423,0.000765673569066147,-0.0006291436081041263,-0.0002847055288461536,0.0,-0.0008876389723557692,-0.0007568359375,-0.004206730769230769,-0.0016357421875,-0.15,2.39736328125,-0.0032780573918269225,-0.001513671875,0.4230769230769231,0.46923076923076923,0.45384615384615384,-0.006747995229867787,0.00013523043118990322,5000
23,14,-0.2531252817007212,-1.5784119591346155,-1.3252866774338943,0.0013375982841529526,-0.0019978350336075593,-0.004442044771634615,-0.003369140625,2.642475304236779,-0.9461991999699519,-3.5886745042067307,0.0007550043601845687,-0.0005804491351500595,-0.0006690392127403844,-0.00078125,-0.0007247220552884613,-0.0005126953125,-0.003932448167067308,-0.00244140625,-0.15000000000000002,2.39150390625,-0.0037730055588942307,-0.00234375,0.4230769230769231,0.5307692307692308,0.47692307692307695,-0.007393761268028844,-0.00032874004657452413,5000
23,15,-0.2525850736177885,-1.5779184194711537,-1.3253333458533654,0.0012834430896864995,-0.0014747310586868555,-0.0039018366887019233,-0.00361328125,2.642369572566106,-0.9463526329627403,-3.5887222055288466,0.0007706976951390313,-0.0006254848624946416,-0.0007747708834134618,0.0001953125,-0.0012263371394230767,-0.0015625,-0.004090857872596154,-0.001953125,-0.15234375,2.383935546875,-0.0031270658052884614,-0.000390625,0.4230769230769231,0.4846153846153846,0.49230769230769234,-0.006681239201472358,0.00029198749248797836,5000
23,16,-0.25332735501802883,-1.5777779447115385,-1.3244505896935097,0.001324713032851127,-0.00206162377413073,-0.004644118088942307,-0.0015625,2.6423133263221152,-0.9459791917067307,-3.588292518028846,0.0007201796164808394,-0.0006712982021391304,-0.0008310171274038462,0.0,-0.0016053185096153845,-0.001123046875,-0.004399226262019231,-0.00352783203125,-0.15390625,2.39404296875,-0.0038131009615384615,-0.003125,0.4230769230769231,0.4846153846153846,0.47692307692307695,-0.007415184607872596,-0.0003719365046574523,5000
23,17,-0.2529881873497596,-1.5783826622596153,-1.3253944749098558,0.0012905218043756186,-0.002149467812468626,-0.004304950420673077,-0.0025390624999999997,2.6428819861778843,-0.9462680288461538,-3.5891500150240385,0.0007499595890121481,-0.00022971528206748666,-0.00026235727163461547,0.0,1.3052133413461303e-05,0.00113525390625,-0.004220815805288462,-0.003125,-0.153125,2.3961425781249996,-0.004042593149038461,-0.000634765625,0.3769230769230769,0.45384615384615384,0.46923076923076923,-0.007183138333834135,-0.0010078617976262026,5000
23,18,-0.2524273212139423,-1.577614933894231,-1.3251876126802884,0.001332739078795218,-0.0012603829599597187,-0.0037440842848557696,-0.0015625,2.6413109412560094,-0.9468226975661058,-3.5881336388221152,0.0006992752595524018,-6.244389122553594e-05,-0.0018334021935096155,-0.00078125,-0.0011322490985576923,-0.00078125,-0.004524864783653847,-0.003125,-0.15000000000000002,2.393994140625,-0.0019106820913461536,-0.00074462890625,0.4307692307692308,0.5384615384615384,0.4846153846153846,-0.0054502704326923074,0.0014467867337740361,5000
23,19,-0.25243389423076923,-1.57765625,-1.3252223557692306,0.0013338620801872677,-0.0008269556635890728,-0.0037506573016826924,-0.001953125,2.64190185546875,-0.9465172400841346,-3.5884190955528843,0.000766510855116999,0.00014704771486712633,-0.0012424879807692306,0.0,-0.000987079326923077,-0.0009765625,-0.005022442157451924,-0.003094482421875,-0.1546875,2.3846923828125,-0.0025081693209134614,-0.0015625,0.4461538461538462,0.4846153846153846,0.45384615384615384,-0.006311481182391826,0.0013290663499098557,5000
23,20,-0.25272583007812505,-1.5777020733173077,-1.3249762432391827,0.001318354267714377,-0.0015110277264661358,-0.004042593149038462,-0.0015625,2.6424461951622598,-0.9459815392127404,-3.588427734375,0.0007444079098671629,-0.0006010978005313529,-0.0006981482872596152,-0.001318359375,-0.001623816856971154,-0.0014160156250000002,-0.004374530498798076,-0.0029296875,-0.1515625,2.391748046875,-0.003344444861778846,-0.0006591796875,0.4230769230769231,0.5384615384615384,0.46923076923076923,-0.006759371243990384,-1.7425537109375073e-05,5000
23,21,-0.25242713341346157,-1.5775428185096154,-1.325115685096154,0.0013050281140969057,-0.0018876095182850374,-0.0037438964843749993,-0.0018798828124999998,2.6423131385216343,-0.9462374173677884,-3.588550555889423,0.0007584272974842682,-0.0003024747702542844,-0.0008312049278846157,0.0,-0.0013729154146634617,-0.000390625,-0.004116398737980769,-0.0027587890625,-0.15234375,2.3966796875,-0.002912691556490385,-0.0024169921874999997,0.4307692307692308,0.47692307692307695,0.43846153846153846,-0.006711256760817308,0.0007884286733774033,5000
23,22,-0.2521959510216346,-1.5775157752403843,-1.32531982421875,0.0013494436200858734,-0.0016090634839334948,-0.0035127140925480765,-0.001953125,2.642328913762019,-0.9468451397235577,-3.5891740534855767,0.0007103574435505573,-0.00044454534866711544,-0.0008154296874999999,0.000439453125,-0.001044170673076923,-0.0001953125,-0.00492534930889423,-0.00322265625,-0.1515625,2.39013671875,-0.002697284405048077,-0.0017578125,0.43846153846153846,0.46923076923076923,0.4461538461538462,-0.0064428241436298075,0.0011988055889423073,5000
23,23,-0.2534246356670673,-1.5785862379807691,-1.325161602313702,0.0013279403018101672,-0.0019335929447279404,-0.0047413987379807685,-0.002734375,2.641998666616586,-0.9466123610276442,-3.5886110276442307,0.0007593145976630152,0.00025313843805534994,-0.0011456768329326926,-0.00078125,-0.0013484074519230767,-0.001953125,-0.005161132812499999,-0.002978515625,-0.15625,2.393017578125,-0.0035957219050480765,-0.00234375,0.4,0.5384615384615384,0.4461538461538462,-0.007048567551832931,-0.00027154775766226005,5000
23,24,-0.25357093224158656,-1.5785697115384616,-1.3249987792968752,0.001320562752479472,-0.0018579216432262206,-0.004887695312500001,-0.0041748046875,2.642625075120193,-0.9456276292067308,-3.5882527043269237,0.0007556587787470141,-0.0005194151726888254,-0.0005192683293269234,-0.0015625,-0.0010075495793269232,-0.001171875,-0.004007380558894231,-0.001953125,-0.153125,2.3900390624999996,-0.004368426983173077,-0.00234375,0.38461538461538464,0.5538461538461539,0.4153846153846154,-0.00805742469200721,-0.000880666879507213,5000
23,25,-0.2527482722355769,-1.5778125000000003,-1.3250642277644231,0.0013292684364506022,-0.0018445443292221019,-0.004065035306490384,-0.00234375,2.642528076171875,-0.9462760103665866,-3.5888040865384614,0.0007505809297208281,-0.0005313470272501749,-0.0006162672776442308,-0.0015380859375000002,-0.001182391826923077,-0.0011718750000000002,-0.004070857121394231,-0.0015625,-0.1515625,2.3897460937500004,-0.003448768028846154,-0.002734375,0.4076923076923077,0.5461538461538461,0.4461538461538462,-0.0069088698167067315,-0.00015029202974759743,5000
23,26,-0.2528567270132211,-1.5778455528846154,-1.3249888258713942,0.0013075382315249065,-0.0020181039584750804,-0.004173490084134617,-0.00169677734375,2.6417865459735577,-0.946585223858173,-3.5883717698317312,0.00074150349235613,-0.00027570835231922793,-0.0013577974759615384,0.0013671875,-0.0009884878305288464,0.0,-0.004352276141826924,-0.003125,-0.15546875,2.394140625,-0.0028156926081730764,-0.0008056640625,0.4,0.46153846153846156,0.4846153846153846,-0.0062485257662259625,0.0006922466571514389,5000
23,27,-0.25284395658052883,-1.578043118990385,-1.3251991624098558,0.0013002379294265141,-0.002110241262666121,-0.0041607196514423074,-0.0021484375,2.641752647986779,-0.9463276554987982,-3.588080303485577,0.0007532194543335551,-0.00033630641530865723,-0.0013916954627403845,-0.0015625,-0.0002726862980769232,-0.0005859375000000001,-0.004548621544471154,-0.003955078125,-0.151953125,2.38994140625,-0.0027690241887019227,-0.00043945312499999996,0.3923076923076923,0.5615384615384615,0.47692307692307695,-0.006640404334435095,0.0010006878192608142,5000
23,28,-0.2528453650841346,-1.5777396334134615,-1.3248942683293268,0.0013120156416362488,-0.002120008525427433,-0.004162128155048077,-0.0017578125,2.642040546123798,-0.9462606107271634,-3.5883011568509615,0.0007173965912458649,-0.00029703141111416713,-0.0011037973257211537,-0.0017578125,-0.0015457857572115385,-0.0014160156250000002,-0.0042262620192307695,-0.003643798828125,-0.1546875,2.39033203125,-0.0030583308293269233,-0.001318359375,0.4230769230769231,0.5461538461538461,0.46923076923076923,-0.0064715270996093775,0.0003154156024639426,5000
23,29,-0.2531434983473558,-1.5782023737980768,-1.3250588754507209,0.001299537145606802,-0.00199143391590071,-0.004460261418269231,-0.0020263671875,2.6425690166766826,-0.9456378643329327,-3.588206881009615,0.0007175433238639292,-0.00038929912536185264,-0.0005753267728365384,0.0,-0.0016990309495192308,-0.001123046875,-0.0047309758112980774,-0.00263671875,-0.15,2.389208984375,-0.0038849346454326917,-0.0030273437499999997,0.4,0.47692307692307695,0.4307692307692308,-0.007849574162409854,-3.952730618990445e-05,5000
23,30,-0.2525550255408654,-1.577549579326923,-1.3249945537860575,0.001311653664106966,-0.001292789809445477,-0.0038717886117788465,-0.00234375,2.6431305401141825,-0.945973651592548,-3.5891041917067312,0.0007388222144784925,-0.001621730378296696,-1.3803335336538251e-05,0.0005859375000000001,0.00014019305889423112,0.000390625,-0.004454721304086539,-0.0019775390625,-0.14921875,2.3924316406250004,-0.003857985276442308,-0.00078125,0.4,0.45384615384615384,0.45384615384615384,-0.007588277963491586,5.493868314302861e-05,5000
23,31,-0.2531418081430289,-1.5781775841346153,-1.3250357759915867,0.001291253276136422,-0.00208058190977116,-0.004458571213942307,-0.0021484375,2.6421012056790865,-0.9456324181189903,-3.587733623798077,0.0007738558692801653,-0.000468821496443252,-0.0010431377704326924,-0.00029296875000000004,-0.0015546123798076917,-0.0015625,-0.003550086388221154,-0.00078125,-0.1515625,2.389990234375,-0.003415433443509616,-0.00234375,0.4076923076923077,0.5076923076923077,0.4461538461538462,-0.0071236008864182685,0.0003519122783954318,5000
24,0,-0.2529183255709135,-1.5781114783653847,-1.3251931527944711,0.001301843718923319,-0.001479793774186498,-0.004235088641826923,-0.002734375,2.6417323655348555,-0.9464439039963942,-3.5881762695312496,0.0007440325826476558,7.984094465617667e-05,-0.0014119779146634613,-0.00078125,-0.0009357158954326925,0.0,-0.004205603966346154,-0.0028747558593749997,-0.1546875,2.39482421875,-0.0028231107271634616,-0.0005859375000000001,0.4153846153846154,0.5230769230769231,0.4846153846153846,-0.006114893986628608,0.00034712336613581667,5000
24,1,-0.2529418006310096,-1.5779920372596152,-1.3250502366286057,0.0013233508534524984,-0.0016513744542776129,-0.004258563701923077,-0.002734375,2.6409039776141823,-0.9471590482271635,-3.588063025841346,0.0007443778817274809,-0.000106365710948594,-0.002240365835336538,-0.0015625,-0.000565748948317308,0.0,-0.004698674128605769,-0.0015625,-0.15078125,2.3934082031250004,-0.002018197866586538,-0.000390625,0.3923076923076923,0.5769230769230769,0.4846153846153846,-0.005745204045222355,0.0018940054086538463,5000
24,2,-0.2529788912259615,-1.5784329927884615,-1.3254541015625,0.0013175625696061793,-0.0024294668940605434,-0.004295654296875001,-0.003125,2.6414556415264423,-0.9458933668870192,-3.5873490084134616,0.0007463292430832376,6.484569681007239e-05,-0.0016887019230769228,-0.00078125,-0.0007575871394230771,-0.0015625,-0.00469867412860577,-0.003515625,-0.153125,2.38994140625,-0.0026069523737980767,-0.000244140625,0.4153846153846154,0.5307692307692308,0.46923076923076923,-0.00627551034780649,0.0011572406475360564,5000
24,3,-0.25314293494591344,-1.578644080528846,-1.3255011455829326,0.001346202345100598,-0.0018296869841730708,-0.0044596980168269225,-0.002734375,2.6421395169771635,-0.9458006873497595,-3.587940204326923,0.0007542751444567158,-0.00033690441105726723,-0.0010048264723557692,0.0,-0.0004386080228365387,-0.000146484375,-0.004244478665865384,-0.0035156249999999997,-0.15546875,2.391748046875,-0.0034548715444711535,-0.002001953125,0.38461538461538464,0.4846153846153846,0.4,-0.00674963613656851,-0.00012504695012019297,5000
24,4,-0.2526872370793269,-1.5776494891826924,-1.3249622521033657,0.0013101169287895388,-0.0016862438253301768,-0.004004000150240384,-0.0021484375,2.6412983586237977,-0.9464363919771634,-3.5877347506009616,0.0007407072999052909,-0.0005097456287873074,-0.001845984825721154,-0.00185546875,-0.001055720402644231,0.0,-0.0035320575420673076,-0.002685546875,-0.15,2.389697265625,-0.0021580153245192306,-0.0007690429687500001,0.43846153846153846,0.5538461538461539,0.4846153846153846,-0.005812370887169471,0.0015154747596153833,5000
24,5,-0.2526835749699519,-1.5777636718749999,-1.325080096905048,0.0013473887493884494,-0.0015093499297527593,-0.004000338040865385,-0.0029296875,2.6417001577524037,-0.9465108548677884,-3.5882110126201923,0.0007620373135358183,2.8275034719778884e-05,-0.0014441856971153847,0.00078125,-0.0007301682692307691,0.0,-0.004348989633413462,-0.0029296875,-0.15390625,2.397705078125,-0.002556152343749999,-0.003173828125,0.38461538461538464,0.46923076923076923,0.4230769230769231,-0.006466505784254809,0.0014996150090144235,5000
24,6,-0.25254112830528846,-1.578037860576923,-1.3254967322716347,0.0013162790727666263,-0.0021285801982823967,-0.003857891376201923,-0.001953125,2.6424582143930286,-0.9460634202223557,-3.5885216346153848,0.0007611766211690958,-0.0013720530627399493,-0.0006861290564903848,-0.0015625,-0.001753680889423077,0.0,-0.005049954927884615,-0.003125,-0.15468749999999998,2.3902343750000004,-0.0031717623197115388,-0.0015625,0.4153846153846154,0.5384615384615384,0.43846153846153846,-0.007035421518179086,0.0006945706881009603,5000
24,7,-0.25351008488581733,-1.578662109375,-1.3251520244891826,0.0013409725119326022,-0.0020877370310604373,-0.004826847956730769,-0.003125,2.6417713341346154,-0.9463870943509615,-3.5881584284855768,0.0007554664391893994,-0.0002394893490357977,-0.001373009314903846,-0.000634765625,-0.001187274639423077,-0.00078125,-0.004691725510817308,-0.00390625,-0.15703125,2.3953613281250004,-0.003453838641826923,-0.001611328125,0.4,0.5076923076923077,0.4461538461538462,-0.007342303936298076,0.00038685021033653595,5000
24,8,-0.25292780949519234,-1.577616436298077,-1.3246886268028848,0.0013148394029889774,-0.001964523684627787,-0.004244572566105769,-0.00322265625,2.6429497821514425,-0.9461893404447116,-3.589139122596154,0.0007223907006393318,-0.0013736475506056756,-0.0001945612980769231,0.0009765625,-0.0002851750300480772,0.0,-0.003956298828125001,-0.0037109375,-0.15234375,2.3873046875000004,-0.004050011268028846,-0.0037841796875,0.36923076923076925,0.45384615384615384,0.43846153846153846,-0.007581038254957932,-0.0005123737041766876,5000
24,9,-0.25356623722956734,-1.5780694110576923,-1.3245031738281252,0.0013135643393716436,-0.0025397596504435492,-0.004883000300480768,-0.003125,2.641814809945913,-0.9462538499098557,-3.588068659855769,0.0007422611177862383,-0.0010063712840601973,-0.0013295335036057694,0.0,-0.0008573091947115386,-0.00078125,-0.0037632399338942304,-0.0021484375,-0.15000000000000002,2.3871093749999996,-0.003553466796875,-0.0029296875,0.3923076923076923,0.4846153846153846,0.47692307692307695,-0.007508150540865386,0.0002471712552584104,5000
24,10,-0.2528228290264423,-1.5778951322115384,-1.3250723031850962,0.0013341614358259488,-0.0017864230973268298,-0.004139592097355769,-0.0029296875,2.6417574368990384,-0.9468580979567308,-3.5886155348557693,0.0007324426556606543,-0.001086198959045817,-0.0013869065504807697,-0.00078125,-0.001138728215144231,0.0,-0.004253211388221154,-0.0025390625,-0.1515625,2.3953125,-0.002752685546875,-0.002978515625,0.4,0.5461538461538461,0.4230769230769231,-0.006299234243539663,0.0008059621957632211,5000
24,11,-0.25320293719951925,-1.5784097055288464,-1.3252067683293272,0.0013192329746978765,-0.002165094875020929,-0.0045197002704326925,-0.002880859375,2.642526292067308,-0.9466394981971153,-3.589165790264423,0.0007617805471901365,-0.0006056070720473022,-0.0006180513822115381,-0.0001953125,-0.0011070838341346158,0.0,-0.003754695012019231,-0.0015625,-0.15390625000000002,2.389794921875,-0.0039016488882211535,-0.0033935546875,0.3923076923076923,0.5,0.4076923076923077,-0.007241173377403845,-0.0006265751765324536,5000
24,12,-0.2523191481370192,-1.5775841346153847,-1.3252649864783654,0.001349524025608329,-0.0007458102568212369,-0.0036359112079326927,-0.0011474609375,2.6432576810396635,-0.9459764685997597,-3.589234149639423,0.0007329368834336579,-0.0015869898936476637,0.00011333759014423116,0.00029296875000000004,-0.0006159855769230768,0.0004638671875,-0.003732910156250001,-0.002606201171875,-0.1515625,2.39765625,-0.0037492487980769224,-0.0009765625,0.45384615384615384,0.45384615384615384,0.46153846153846156,-0.007464932955228366,-6.590857872596341e-05,5000
24,13,-0.25212627704326923,-1.5774083533653847,-1.3252820763221154,0.0013744169572676096,-0.0015179696249150926,-0.0034430401141826925,-0.0018798828125,2.641372539813702,-0.947313232421875,-3.588685772235577,0.0007281794224761,-0.0001629023517529776,-0.0017718036358173078,-0.0009765625,-0.0005472506009615383,0.0,-0.004495474008413462,-0.001953125,-0.153125,2.390673828125,-0.0016712364783653842,-0.0009521484375,0.45384615384615384,0.5153846153846153,0.46923076923076923,-0.005165848952073317,0.001961808424729561,5000
24,14,-0.2530666879507212,-1.5778440504807694,-1.324777362530048,0.001331430516524165,-0.0020192884780179097,-0.004383451021634616,-0.00146484375,2.6414778019831733,-0.9465341421274039,-3.588011944110577,0.0007570826980956049,-0.0012474764089492483,-0.001666541466346154,-0.0011718750000000002,-0.0005487530048076925,0.00068359375,-0.004033015324519231,-0.0030761718750000003,-0.15234375,2.383349609375,-0.002716909555288461,-0.0010498046875000002,0.4307692307692308,0.5461538461538461,0.45384615384615384,-0.006562556340144229,0.0009172598031850926,5000
24,15,-0.253353271484375,-1.578562950721154,-1.3252096792367787,0.0013319466829518436,-0.002293182877067724,-0.004670034555288462,-0.002734375,2.641959885817308,-0.9462710336538461,-3.5882309194711537,0.0007673311505197962,-0.0005811518622077814,-0.0011844576322115386,-0.00029296875,-0.0008051006610576922,-0.0009765625,-0.0037665264423076923,-0.0022949218749999997,-0.15625,2.390576171875,-0.0034855769230769224,-0.00234375,0.4076923076923077,0.5076923076923077,0.4153846153846154,-0.007297475961538461,0.00042868746243990215,5000
24,16,-0.2528851787860577,-1.5779725060096155,-1.3250873272235577,0.0013313187169984291,-0.0025310294314294093,-0.004201941856971154,-0.0015625,2.641827486478365,-0.9467677659254807,-3.588595252403846,0.0007439753779467731,-0.0005912373192858931,-0.0013168569711538463,-0.0015625,-0.0009883939302884617,0.0,-0.004325514573317308,-0.002734375,-0.1546875,2.39423828125,-0.0028850848858173075,0.0005859375000000001,0.45384615384615384,0.5307692307692308,0.5153846153846153,-0.006533998929537259,0.0006515667255108131,5000
24,17,-0.2529402982271635,-1.5775533353365387,-1.324613037109375,0.0012932477163302037,-0.0018061353926397041,-0.004257061298076924,-0.00283203125,2.6423414024939906,-0.9461432354266827,-3.5884846379206725,0.0007245906246836643,-0.0005428436962637764,-0.0008029409555288462,-0.00146484375,-0.0014609938401442305,-0.0005859375000000001,-0.004448148287259616,-0.0029296875,-0.153125,2.3924316406250004,-0.003454120342548077,-0.0029296875,0.3923076923076923,0.5307692307692308,0.3923076923076923,-0.007182499812199518,0.0001924649752103321,5000
24,18,-0.25266845703125,-1.5774136117788462,-1.3247451547475961,0.0013056900696204337,-0.0015443743417278822,-0.003985220102163462,-0.0025390624999999997,2.6428016075721152,-0.9459498948317309,-3.588751502403846,0.000744591941952181,-0.001428667739412708,-0.0003427358774038464,-0.001220703125,-0.00017118013822115398,0.0,-0.004289175180288461,-0.003515625,-0.1515625,2.38876953125,-0.0036424842247596155,-0.003125,0.4230769230769231,0.5384615384615384,0.4307692307692308,-0.00709405048076923,-0.00028742394080528955,5000
24,19,-0.25338651216947117,-1.5780701622596154,-1.3246836500901442,0.0013337894235245797,-0.0025359706988502865,-0.004703275240384615,-0.003125,2.6423291954627404,-0.9469443922776443,-3.5892735877403843,0.0007572450430439245,-4.286912158347371e-05,-0.0008151479867788459,0.0,-0.0005055588942307692,0.0,-0.004104473407451924,-0.00234375,-0.15078124999999998,2.38603515625,-0.003888127253605769,-0.003125,0.3923076923076923,0.4846153846153846,0.46153846153846156,-0.007386645977313704,-0.00033101947490985655,5000
24,20,-0.2527992600661058,-1.5777862079326923,-1.3249869478665866,0.0013510184060650885,-0.001917595381895882,-0.00411602313701923,-0.00390625,2.6430194561298075,-0.9460648287259615,-3.589084284855769,0.0007508639553790275,-6.857884428528991e-05,-0.00012488731971153845,-0.00078125,-0.0008173076923076923,0.0001953125,-0.003186129056490384,-0.00263671875,-0.153125,2.393310546875,-0.003991135817307693,-0.0033935546875,0.4230769230769231,0.5153846153846153,0.4307692307692308,-0.007712820199819712,-0.0003302753155048078,5000
24,21,-0.25403461162860574,-1.5785945012019231,-1.3245598895733173,0.0013332842903333675,-0.0027837976262355553,-0.005351374699519231,-0.00377197265625,2.6423982121394225,-0.946851337139423,-3.5892495492788465,0.0007485399979504729,-0.0008442919668937341,-0.0007461313100961538,-0.0013671875,-0.0014783653846153846,-0.0005859375000000001,-0.004650127704326924,-0.003125,-0.15781250000000002,2.383837890625,-0.0046052433894230764,-0.003125,0.4,0.5384615384615384,0.4230769230769231,-0.00829705810546875,-0.001057819073016828,5000
24,22,-0.2536808894230769,-1.5784743088942308,-1.324793419471154,0.001354155311258907,-0.0025454466670051753,-0.004997652493990386,-0.0035400390625,2.6432459435096156,-0.946165489783654,-3.58941143329327,0.0007488787595819316,-0.0020410358385662074,0.00010160006009615357,0.00029296875,-0.0007958984375000003,-0.0001708984375,-0.004191988431490386,-0.00169677734375,-0.15234375,2.38984375,-0.005099252554086538,-0.003857421875,0.35384615384615387,0.46923076923076923,0.4076923076923077,-0.008626326340895432,-0.0016003300593449535,5000
24,23,-0.2538441819411058,-1.5786966646634617,-1.3248524827223558,0.0012804677607190357,-0.001975194153392416,-0.00516094501201923,-0.0037109375,2.6425732421875003,-0.9464682241586538,-3.589041466346154,0.0007452751886793141,-0.0003013399512362351,-0.0005711012620192304,-0.000390625,-0.0015965857872596151,0.00029296875,-0.004433218149038462,-0.002001953125,-0.15546875,2.390087890625,-0.00458984375,-0.0019042968750000002,0.4076923076923077,0.5,0.4230769230769231,-0.008424375093900241,-0.000761401836688702,5000
24,24,-0.25303063025841344,-1.578046123798077,-1.3250154935396634,0.0013360770855908772,-0.002084016901715566,-0.004347393329326922,-0.003125,2.6423102276141823,-0.9465028733473557,-3.5888131009615383,0.0007413383606329851,-0.0011103596142523057,-0.0008341158353365384,-0.00029296875,-0.0011453951322115386,-0.0015625,-0.004303354116586539,-0.0015625,-0.15078124999999998,2.3994140625,-0.0035132774939903846,-0.0012695312499999998,0.4,0.5,0.43846153846153846,-0.00725146484375,0.00021196101262018982,5000
24,25,-0.2528060208834135,-1.5779852764423075,-1.3251792555588942,0.0012589116067716671,-0.0018668077869458993,-0.004122783954326923,-0.0041015625,2.6428720327524045,-0.946087364783654,-3.588959397536058,0.0007301081879201512,-0.0010816060763368931,-0.0002723106971153848,-0.0005859375000000001,-0.0009272648737980767,0.0,-0.003753192608173077,-0.002099609375,-0.1515625,2.3876953125,-0.0038504732572115386,-0.003125,0.38461538461538464,0.5153846153846153,0.4,-0.0076233285757211534,2.7449387770429483e-05,5000
24,26,-0.25261681189903845,-1.5775668569711538,-1.3249500450721152,0.001331078591217534,-0.0016861901335389737,-0.003933574969951922,-0.002734375,2.641990215594952,-0.9460607910156249,-3.5880510066105766,0.0007478979264789999,-0.0013580024075248442,-0.0011541278545673076,-0.0001953125,-0.0012164776141826924,-0.0005859375000000001,-0.004122877854567308,-0.002734375,-0.15,2.3890136718750004,-0.0027794471153846146,-0.0021484375,0.4153846153846154,0.5,0.43846153846153846,-0.006284231332632213,0.0007395676832932695,5000
24,27,-0.2530243389423077,-1.577795222355769,-1.3247708834134615,0.0013410110731059608,-0.00216007119083169,-0.0043411020132211545,-0.003125,2.6421480618990385,-0.9462443659855768,-3.5883924278846155,0.0007486812730755196,-0.0002513998344306222,-0.000996281550480769,0.0,-0.00025916466346153825,0.000341796875,-0.0038207068810096156,-0.0015625,-0.1515625,2.3955078125,-0.003344820462740385,-0.002197265625,0.3769230769230769,0.49230769230769234,0.43846153846153846,-0.006954456035907449,0.000236105111929081,5000
24,28,-0.2529328801081731,-1.578349609375,-1.325416729266827,0.0012907424306884273,-0.0014615351593214635,-0.004249643179086539,-0.004138183593750001,2.6424320162259614,-0.9462695312499999,-3.5887015474759614,0.0007711871663612835,-0.0009689890152634247,-0.0007123272235576923,0.0001953125,0.00021296574519230743,0.0011718750000000002,-0.004212083082932692,-0.001953125,-0.1515625,2.39072265625,-0.0035373159555288467,-0.0023193359375,0.4076923076923077,0.47692307692307695,0.43846153846153846,-0.0070643920898437506,1.9531249999990683e-06,5000
24,29,-0.2536441744290865,-1.577901141826923,-1.3242569673978366,0.0013135044439221055,-0.0017795402732998895,-0.0049609375,-0.0029296875,2.642745830829327,-0.9464702899639423,-3.589216120793269,0.0007430208022818988,-0.0010458344269439572,-0.0003985126201923077,-0.000390625,-0.001524376502403846,-0.0008056640625,-0.003942213792067307,-0.0028076171875,-0.15234375,2.3873779296875,-0.004562424879807693,-0.0021484375,0.3769230769230769,0.5,0.4307692307692308,-0.00831084500826322,-0.0007825458233173128,5000
24,30,-0.25264526367187495,-1.577588641826923,-1.3249433781550481,0.0013046306633012112,-0.0017169530510600741,-0.003962026742788461,-0.0025390624999999997,2.642200739933894,-0.9458810659555289,-3.5880818058894226,0.0007667870769387791,4.100020726803864e-05,-0.0009436035156249997,0.0,-0.00034095177283653856,0.000390625,-0.004232365534855769,-0.0015625,-0.153125,2.3933837890625,-0.0030184232271634613,0.0,0.4461538461538462,0.47692307692307695,0.47692307692307695,-0.006638531024639423,0.0005424875112680258,5000
24,31,-0.25291672926682696,-1.5776998197115384,-1.3247830904447115,0.0013211208060222314,-0.0021563146175403686,-0.004233492337740384,-0.00224609375,2.642452204777644,-0.9456697904146636,-3.588121995192308,0.000720222223978147,-0.0007751542385964828,-0.000692138671875,0.00078125,-0.0008744929387019229,-0.0001953125,-0.003993858924278846,-0.003125,-0.14921875,2.3904296875,-0.003541353665865385,-0.0044921875,0.4307692307692308,0.46153846153846156,0.4153846153846154,-0.007207458496093751,7.09956242487978e-05,5000
25,0,-0.2529189828725961,-1.578125751201923,-1.325206768329327,0.0013187964581895016,-0.002049587492094648,-0.004235745943509616,-0.00302734375,2.642284498948317,-0.9471329439603365,-3.589417442908654,0.0007689904777809311,-0.0012302023554096413,-0.0008598445012019232,0.0,-0.0008092322716346153,-0.0025390625,-0.004202223557692308,-0.00234375,-0.1515625,2.3911865234375,-0.003375901442307692,-0.002734375,0.4,0.49230769230769234,0.4461538461538462,-0.006850649320162259,-4.6715369591457065e-07,5000
25,1,-0.2527999173677884,-1.57787109375,-1.3250711763822114,0.0013159628886470483,-0.002150791717151156,-0.004116680438701923,-0.00264892578125,2.6429341008112983,-0.9465768667367789,-3.589510967548077,0.0007376546131505914,-0.0013449389237179085,-0.00021024263822115393,0.001171875,-0.0002541879507211537,0.0,-0.004809382512019231,-0.0030761718750000003,-0.1515625,2.393310546875,-0.003906437800480769,-0.002734375,0.4,0.46923076923076923,0.4461538461538462,-0.007538233830378605,-0.0003129671536959127,5000
25,2,-0.25246760441706734,-1.5780190805288463,-1.3255514761117788,0.0013324443857546757,-0.0013589230586745313,-0.003784367487980769,-0.0013671875,2.6425735238882213,-0.9456588979867789,-3.588232421875,0.000719281139193355,-0.0009647385245268669,-0.0005708195612980768,-0.000732421875,-0.0006506347656249999,-0.0001953125,-0.0043295522836538465,-0.003125,-0.153125,2.385302734375,-0.0032135479266826917,0.00078125,0.45384615384615384,0.5153846153846153,0.5076923076923077,-0.0067233182466947105,0.00024494581956129756,5000
25,3,-0.25327561598557696,-1.5777463942307695,-1.3244707782451925,0.0013539194172648675,-0.0023867949173517725,-0.004592379056490383,-0.003125,2.641762507512019,-0.9465138596754807,-3.5882763671875,0.0007616804173337824,-0.00028563611261008686,-0.0013818359375000003,-0.0014160156250000002,-0.0013096266526442307,-0.000390625,-0.004046536959134615,-0.00234375,-0.15546875,2.386328125,-0.003210543118990385,-0.0011718750000000002,0.38461538461538464,0.5230769230769231,0.4461538461538462,-0.006401897723858174,-5.5757962740386695e-05,5000
25,4,-0.2526570951021635,-1.577872596153846,-1.3252155010516824,0.001349370945355109,-0.0015699883652471117,-0.003973858173076923,-0.002734375,2.6421182016225964,-0.9465330153245193,-3.5886512169471154,0.0007586375684312744,-0.0005147718795864345,-0.0010261418269230768,-0.00078125,-0.0010396634615384614,0.0010009765625,-0.004383638822115384,-0.00283203125,-0.1546875,2.3962890625,-0.002947716346153847,-0.0021240234375,0.4,0.5307692307692308,0.4846153846153846,-0.006378385103665865,0.0002470703124999959,5000
25,5,-0.2521932279146635,-1.5774474158653848,-1.325254187950721,0.001310750320408155,-0.001694973089993873,-0.003509990985576923,-0.0018554687500000001,2.6415970552884613,-0.9463754507211538,-3.5879725060096153,0.0007449863322902526,-0.00040145545359413317,-0.001547288161057692,-0.0015625,-0.0008402193509615385,0.0,-0.004127197265625,-0.0025390624999999997,-0.15546875,2.389990234375,-0.0019627028245192304,-0.00152587890625,0.43846153846153846,0.5692307692307692,0.4846153846153846,-0.0055859468900240385,0.0016053419846754746,5000
25,6,-0.25340247521033654,-1.5783173076923076,-1.324914832481971,0.0012833594652553483,-0.001700634798171436,-0.0047192382812500005,-0.0036865234375,2.6426695838341345,-0.9461119666466346,-3.588781550480769,0.0007421350928376016,-0.0001274890961422495,-0.0004747596153846153,0.001220703125,-0.0007906400240384614,-0.000390625,-0.004276029146634616,-0.003125,-0.15468749999999998,2.3827148437499996,-0.004244478665865386,-0.003271484375,0.4,0.46153846153846156,0.4153846153846154,-0.007918109600360579,-0.0005693171574519236,5000
25,7,-0.2527832970252404,-1.578146784855769,-1.325363487830529,0.0012851934169121671,-0.0018914590484564637,-0.004100060096153846,-0.0021484375,2.641812086838942,-0.9463677509014423,-3.5881798377403844,0.0007789718720415001,-0.001291068554807274,-0.0013322566105769232,-0.0015625,-0.0010528094951923078,0.000341796875,-0.0045181978665865385,-0.0015625,-0.15546875,2.396875,-0.0027678034855769225,-0.0023681640625,0.3923076923076923,0.5461538461538461,0.4307692307692308,-0.006327850341796877,0.0007718623234675478,5000
25,8,-0.25344482421875,-1.5780265925480772,-1.324581768329327,0.0013220009779517897,-0.001977947833031345,-0.004761587289663461,-0.0038330078125,2.6417941518930284,-0.9465141413762019,-3.5883082932692307,0.0007379326327111299,-0.0007364482734676882,-0.0013501915564903847,-0.001025390625,0.0010929987980769235,0.00078125,-0.0038967660757211536,-0.003125,-0.15546875,2.3848632812500004,-0.0034113957331730763,-0.00029296875000000004,0.4076923076923077,0.5307692307692308,0.4846153846153846,-0.0071984980656550485,0.00029334435096153855,5000
25,9,-0.25295607346754806,-1.5782466947115386,-1.32529062124399,0.0013143018060994868,-0.0019738240262174404,-0.004272836538461538,-0.0021484375,2.6416938664362983,-0.9470580115685096,-3.5887518780048073,0.0007582712957716494,-0.0008404371991282487,-0.0014504770132211541,-0.0014160156250000002,-0.0006551419771634617,0.0,-0.0034509277343750004,-0.0016601562500000002,-0.14765625,2.3900390624999996,-0.002822359525240385,-0.00078125,0.38461538461538464,0.5307692307692308,0.43846153846153846,-0.006405019906850961,0.0005817119891826912,5000
25,10,-0.25334313025841343,-1.5783511117788465,-1.3250079815204328,0.0013400889935481109,-0.0026278468381782383,-0.0046598933293269225,-0.003515625,2.642259145883414,-0.946689922626202,-3.5889490685096157,0.0007652353437406458,-0.000452146492742553,-0.000885197566105769,0.0001953125,-0.001262958233173077,-0.0005859375000000001,-0.004482891376201923,-0.003125,-0.15390625,2.39404296875,-0.0037746957632211545,-0.00341796875,0.4,0.4846153846153846,0.4,-0.007298328106219951,-0.00034364670973557903,5000
25,11,-0.25256695087139425,-1.5773392427884616,-1.3247722919170672,0.0012954723194936923,-0.00160377372411064,-0.0038837139423076933,-0.003125,2.6434436974158655,-0.9462227689302884,-3.589666466346154,0.000752135124136324,-0.0009973909621524995,0.00029935396634615374,0.0,-0.00044283353365384606,0.00078125,-0.0043536846454326926,-0.0013671875,-0.15078125,2.388427734375,-0.004183067908653846,-0.003125,0.3923076923076923,0.49230769230769234,0.38461538461538464,-0.0077107966496394245,-0.0007521362304687524,5000
25,12,-0.25307204026442304,-1.5783586237980767,-1.3252865835336538,0.0013332178566338342,-0.0017168854669713724,-0.004388803335336538,-0.00234375,2.6423481633112975,-0.946793212890625,-3.589141376201923,0.0007357716140147422,-0.00011344228770924876,-0.0007961801382211539,0.0,-0.0011416391225961536,-0.00078125,-0.004110670823317308,-0.0021484375,-0.153125,2.3865234375,-0.003592623197115385,-0.003125,0.4076923076923077,0.46923076923076923,0.43846153846153846,-0.0070883155235877396,-0.00020339026817909025,5000
25,13,-0.25209773137019226,-1.5774384014423075,-1.3253406700721153,0.0013214511655668436,-0.0016146874438689003,-0.003414494441105769,-0.001708984375,2.6413166691706733,-0.9464195838341346,-3.587736253004808,0.0007502953882879409,0.0003164233406663197,-0.0018276742788461537,-0.0031005859375,-0.0009441669170673075,0.0,-0.0049281663161057695,-0.002734375,-0.15468749999999998,2.387939453125,-0.0015868201622596155,-0.00107421875,0.3923076923076923,0.5769230769230769,0.46923076923076923,-0.00506085674579327,0.0018648681640625006,5000
25,14,-0.2533056640625,-1.5780934495192307,-1.324787785456731,0.0012747956448568686,-0.001947433702168748,-0.004622427133413461,-0.0033203125000000003,2.641169621394231,-0.9467153695913462,-3.587884990985577,0.000741021695171264,0.00020932788469666294,-0.0019747220552884617,-0.00078125,-0.001415921724759616,-0.00234375,-0.004677734375,-0.0029296875,-0.1515625,2.3970703125,-0.002647705078125,-0.00430908203125,0.43846153846153846,0.5230769230769231,0.46153846153846156,-0.00620862520658053,0.0009070997971754738,5000
25,15,-0.25268348106971156,-1.5775833834134616,-1.32489990234375,0.001324399905629037,-0.0018660945278599927,-0.004000244140625,-0.004077148437500001,2.6414165790264423,-0.9462047400841346,-3.5876213191105766,0.0007534961422155556,-0.0008323397443309919,-0.001727764423076923,-9.765625e-05,-0.0006158916766826923,-0.0011718750000000002,-0.004630220853365384,-0.002880859375,-0.1515625,2.3853271484375,-0.002272479717548077,-0.0021484375,0.4,0.5,0.43846153846153846,-0.00608910193810096,0.0015496755746694693,5000
25,16,-0.2527749399038461,-1.5778853665865387,-1.3251104266826923,0.0013462730472170773,-0.0011183787466933547,-0.004091702974759615,-0.00234375,2.6421898475060095,-0.9468226975661057,-3.5890125450721153,0.0007190956128105279,-0.0004953709114581973,-0.0009544959435096156,0.000390625,-0.0008691406249999999,0.000390625,-0.0039013671874999992,-0.003125,-0.15234375,2.3902343750000004,-0.00313720703125,-0.00234375,0.4230769230769231,0.46153846153846156,0.45384615384615384,-0.006688248854417067,0.0003802091158353363,5000
25,17,-0.25287006084735575,-1.5779086538461538,-1.3250385929987982,0.0012754749075015919,-0.0026943141517608627,-0.004186823918269231,-0.002734375,2.6421110652043267,-0.9463185471754808,-3.588429612379808,0.0007484916394301521,-0.0006308306694915024,-0.0010332782451923073,-0.0015625,-0.00023240309495192298,0.0,-0.004292649489182692,-0.0015625,-0.15,2.38837890625,-0.0031535456730769225,-0.003125,0.3769230769230769,0.5384615384615384,0.4461538461538462,-0.006758777324969951,0.0004733816293569683,5000
25,18,-0.25253014197716345,-1.5778125000000003,-1.3252823580228368,0.0013203736087436307,-0.0016296254754542107,-0.0038469050480769225,-0.002734375,2.6414018366887015,-0.9467836350661057,-3.588185471754808,0.0007821309976720453,-0.0002725414712085878,-0.0017425067608173076,-0.0016845703125,-0.0020075871394230767,-0.0010009765625,-0.0041943359375,-0.00234375,-0.14882812499999998,2.3856445312499996,-0.002104398287259615,-0.000390625,0.4461538461538462,0.5230769230769231,0.47692307692307695,-0.005640864445612981,0.0014028461162860508,5000
25,19,-0.2525363393930289,-1.5778515624999998,-1.3253152231069714,0.0012907436788428446,-0.001235113420518915,-0.0038531024639423075,-0.0029052734375,2.642486853966346,-0.9461399489182691,-3.5886268028846153,0.0007465222367717767,-0.0011723882843063845,-0.0006574894831730768,-0.0009765625,-0.002076416015625,-0.00078125,-0.0038122558593749996,-0.00234375,-0.14921875,2.3836425781250004,-0.00319561298076923,0.0001220703125,0.43846153846153846,0.5153846153846153,0.5,-0.006777944711538461,0.0003580369215745103,5000
25,20,-0.25282818134014423,-1.5780228365384614,-1.3251946551983174,0.0013112614782378423,-0.0019067424369229897,-0.004144944411057693,-0.003125,2.6425833834134616,-0.9469489933894231,-3.589532376802884,0.000761492521513394,-0.0008255667914542651,-0.0005609600360576923,-0.000634765625,-0.0012142240084134614,0.0,-0.005030705378605769,-0.0037109375,-0.1546875,2.389794921875,-0.0035839843749999995,-0.0015625,0.4,0.5153846153846153,0.45384615384615384,-0.006943514310396634,-0.00030800687349759895,5000
25,21,-0.25326866736778847,-1.5780258413461539,-1.3247571739783652,0.001291327255478519,-0.0020699206962034207,-0.0045854304387019235,-0.003466796875,2.641570857121394,-0.9462179800180288,-3.5877888371394233,0.0007656418697891377,-0.0003819021871948115,-0.0015734863281250003,-0.001171875,-0.002093411959134615,-0.0015625,-0.004049447866586538,-0.003216552734375,-0.15,2.38671875,-0.003011944110576922,-0.0015380859375000002,0.3769230769230769,0.5230769230769231,0.47692307692307695,-0.006445920504056491,0.0005328063964843675,5000
25,22,-0.25203416090745195,-1.5776607572115386,-1.3256265963040867,0.001331311364577759,-0.001329859450830604,-0.003350923978365385,-0.00234375,2.643611403245192,-0.9458402193509614,-3.5894516225961532,0.000752613343968274,-0.0006797251449279786,0.00046705979567307677,0.000390625,9.577824519230652e-06,0.0013671875,-0.004523268479567308,-0.0043212890625,-0.15390625000000002,2.393994140625,-0.0038179837740384623,-0.0021484375,0.4461538461538462,0.46923076923076923,0.4461538461538462,-0.007353163499098559,-0.0003378272423377408,5000
25,23,-0.2527786020132211,-1.5781167367788462,-1.325338134765625,0.001330444779934348,-0.001696584449188999,-0.004095365084134616,-0.0029296875,2.6421465594951927,-0.9465591195913461,-3.5887056790865386,0.0007525312130461137,9.89628758509022e-05,-0.0009977839543269232,-0.000732421875,-0.0007812500000000002,-0.001416015625,-0.004392559344951923,-0.0030151367187500003,-0.15234375,2.39091796875,-0.0030975811298076922,-0.002001953125,0.38461538461538464,0.5230769230769231,0.45384615384615384,-0.0068699904221754815,0.0005678006685697052,5000
25,24,-0.2530310997596154,-1.5779199218750002,-1.3248888221153845,0.0013203743176390201,-0.0018241086963527208,-0.004347862830528846,-0.003125,2.6430700683593753,-0.9460652982271635,-3.589135366586538,0.0007483531433076071,-0.0017867110235161125,-7.42750901442309e-05,0.0,-0.0008090444711538458,0.0001953125,-0.003789625901442308,-0.00390625,-0.153125,2.39501953125,-0.004273587740384615,-0.00361328125,0.3769230769230769,0.49230769230769234,0.4230769230769231,-0.007875413161057693,-0.0006668748121995224,5000
25,25,-0.2526253568209134,-1.5773309795673076,-1.3247056227463943,0.0013421451455347762,-0.001385879654064026,-0.003942119891826923,-0.0015625,2.641107835036058,-0.9459046349158654,-3.587012469951923,0.0007378439881249648,-0.0008603712484699648,-0.002036508413461538,-4.8828125e-05,-0.0007516714242788461,-0.001123046875,-0.004776705228365385,-0.00419921875,-0.15234375,2.3853515625000004,-0.0019056114783653848,0.0,0.4307692307692308,0.5,0.49230769230769234,-0.005529818021334134,0.0016898568960336511,5000
25,26,-0.2531050931490385,-1.5774444110576922,-1.3243393179086538,0.0013863552355096722,-0.0021355387086777556,-0.004421856219951923,-0.004296875,2.6421259014423075,-0.9463683143028846,-3.5884942157451922,0.0007265394960122632,-0.00020585887245226544,-0.0010184420072115385,0.000537109375,-0.0003363506610576923,0.0,-0.004925631009615385,-0.0029296875,-0.15390625,2.3939453124999996,-0.0034034142127403848,-0.00361328125,0.4076923076923077,0.43846153846153846,0.4307692307692308,-0.007014265794020433,0.00024161001352163473,5000
25,27,-0.25289888822115386,-1.577578876201923,-1.3246799879807691,0.0013154374246139833,-0.0023281417512350253,-0.004215651292067308,-0.002001953125,2.64153310922476,-0.947257080078125,-3.5887901893028844,0.0007388899028200766,-0.0003333475274101193,-0.0016112342247596155,-0.001611328125,-0.0005926044170673078,-0.000634765625,-0.004308330829326924,-0.003125,-0.1515625,2.3895507812499996,-0.0026044170673076928,-0.001953125,0.4307692307692308,0.5384615384615384,0.4461538461538462,-0.006163853571965143,0.0008840895432692238,5000
25,28,-0.2526778470552885,-1.5782880108173079,-1.325610163762019,0.0013057534767633562,-0.001917810057196802,-0.003994610126201922,-0.002294921875,2.6426302396334136,-0.946427001953125,-3.5890572415865383,0.0007215248610473681,0.0001446346107072477,-0.0005141038161057695,0.000390625,-0.0014203350360576924,-0.00078125,-0.003869722806490385,-0.0025390624999999997,-0.1515625,2.388427734375,-0.0034805063100961536,-0.000341796875,0.45384615384615384,0.46923076923076923,0.49230769230769234,-0.006982957106370192,7.656156099759406e-05,5000
25,29,-0.2529729755108173,-1.5778470552884616,-1.3248740797776442,0.001309384673539237,-0.001050801908484143,-0.00428973858173077,-0.0023193359375,2.6413436185396635,-0.9464162973257212,-3.5877599158653846,0.000726208415773624,-0.0012738462980525294,-0.0018007249098557691,0.0,-0.0006548602764423076,-0.00068359375,-0.003497783954326923,-0.0021484375,-0.15390625,2.3806640625,-0.0024890136718749996,-0.0017211914062500002,0.4,0.49230769230769234,0.4461538461538462,-0.006264655480018031,0.0012828251765324514,5000
25,30,-0.2530058405949519,-1.5778267728365383,-1.3248209322415863,0.0013309172283523395,-0.001889870622630942,-0.004322603665865384,-0.0029296875,2.6423060021033655,-0.9467249474158653,-3.5890309495192305,0.0007610662880923133,-0.0005448661434127001,-0.0008383413461538461,9.765625e-05,-0.0009509277343750001,-0.0001953125,-0.0041933969350961536,-0.0041015625,-0.15546875,2.3929687499999996,-0.003484262319711538,-0.0012695312499999998,0.4076923076923077,0.45384615384615384,0.45384615384615384,-0.006786653958834133,-0.00014394437349759759,5000
25,31,-0.25281634990985574,-1.5777231069711537,-1.3249067570612978,0.001324476157105993,-0.00147577815580289,-0.004133112980769231,-0.0029541015625000003,2.642098670372596,-0.9456447190504808,-3.587743389423077,0.0007359032357473519,2.6884430892264164e-06,-0.0010456730769230769,0.0,-2.910907451923077e-05,0.0,-0.004781775841346154,-0.003125,-0.153125,2.3845703125,-0.0030874399038461537,-0.0021484375,0.4153846153846154,0.49230769230769234,0.46923076923076923,-0.006727032001201923,0.0005997572678786057,5000
26,0,-0.2537226750300481,-1.5786914062500002,-1.3249687312199518,0.0013146245200308607,-0.0022829934417397256,-0.005039438100961539,-0.0033447265625,2.6420022348257213,-0.9464810884915865,-3.5884833233173077,0.0007608902486003059,0.0001967814751310218,-0.0011421086237980772,-0.000390625,-0.0013564828725961538,-0.0017578125,-0.004316687950721154,-0.0021484375,-0.153125,2.38623046875,-0.0038973294771634617,-0.0027832031249999997,0.38461538461538464,0.5076923076923077,0.4076923076923077,-0.007376929649939901,-0.000363363412710338,5000
26,1,-0.2534562800480769,-1.5779717548076921,-1.3245154747596153,0.001326954210277487,-0.0020946387206383496,-0.004773043118990385,-0.0035644531250000003,2.6423636568509616,-0.9460392878605769,-3.588402944711539,0.0007534417422774262,-0.00013666979203707765,-0.0007806865985576922,-0.00078125,-0.0013124436598557691,-0.000634765625,-0.004412184495192308,-0.002099609375,-0.1515625,2.390771484375,-0.003992356520432693,-0.0029296875,0.3923076923076923,0.5384615384615384,0.4307692307692308,-0.00738506141075721,-0.000647827148437504,5000
26,2,-0.2531659405048077,-1.5776908052884617,-1.3245248647836538,0.001366161258322306,-0.0027247371083073185,-0.004482703575721153,-0.0023193359375,2.643390080378606,-0.9457174917367788,-3.5891075721153847,0.000769595830155662,-0.0015850487813897588,0.00024573692908653853,0.00078125,-0.0004624586838942306,0.0015625,-0.004610877403846154,-0.003125,-0.15000000000000002,2.39287109375,-0.004728440504807693,-0.0044921875,0.36923076923076925,0.4846153846153846,0.4,-0.008291306715745192,-0.0013157254732572127,5000
26,3,-0.2531487567608173,-1.5778545673076922,-1.324705810546875,0.001388339051190424,-0.0019073761847479545,-0.00446551983173077,-0.00361328125,2.641966928335336,-0.9462992976262018,-3.5882662259615383,0.00074537947595109,-0.0008996466358712357,-0.0011774151141826924,-0.0009765625,-0.0016189340444711538,-0.00126953125,-0.004389930138221154,-0.0030517578125,-0.15078124999999998,2.393505859375,-0.0032881047175480765,-0.002392578125,0.3923076923076923,0.5153846153846153,0.43846153846153846,-0.006681732177734373,-7.627047025240504e-05,5000
26,4,-0.25293776292067305,-1.5774646935096153,-1.324526930588942,0.0013124048028163066,-0.0018652637018434786,-0.004254525991586538,-0.002734375,2.643118802584135,-0.9461803260216346,-3.589299128605769,0.0007424446063929492,-0.0006127658324329841,-2.5540865384615427e-05,0.0,-0.0008510178786057691,0.0,-0.004865910456730769,-0.00390625,-0.15234375,2.38896484375,-0.004228985126201922,-0.0024169921874999997,0.38461538461538464,0.49230769230769234,0.4461538461538462,-0.007840224045973558,-0.0006784034142127404,5000
26,5,-0.25320340670072117,-1.5779957932692308,-1.3247923865685098,0.001329088652483786,-0.0018769129073866763,-0.004520169771634615,-0.00390625,2.6428366323617785,-0.9464048414963943,-3.589241473858173,0.0007491506544794415,-0.0010872266682454839,-0.0003077110877403846,-0.00078125,-0.0008189978966346154,0.0005859375000000001,-0.004306546724759615,-0.00244140625,-0.15234375,2.3970703125,-0.00421245868389423,-0.00205078125,0.43846153846153846,0.5153846153846153,0.46153846153846156,-0.008051156850961541,-0.0004693087064302904,5000
26,6,-0.25379122220552885,-1.5785937500000002,-1.324802527794471,0.001344668925429453,-0.0025963569831404304,-0.005107985276442308,-0.00234375,2.642252197265625,-0.9462416428786058,-3.5884938401442312,0.0007460433838292502,-0.0006033105329129188,-0.0008921461838942308,-0.0011718750000000002,-0.0014870981069711536,-0.000390625,-0.004067101111778847,-0.0015625,-0.15234375,2.391943359375,-0.004215839092548078,-0.0037841796875,0.4,0.5076923076923077,0.4230769230769231,-0.007940136249248799,-0.0006181077223557712,5000
26,7,-0.25302452674278847,-1.5780371093749999,-1.3250125826322114,0.0013736406732306912,-0.002077003763359665,-0.004341289813701923,-0.0025390625,2.642132568359375,-0.9459308330829327,-3.588063401442308,0.0007654949724292414,-0.00016162179355457454,-0.0010117750901442308,-7.32421875e-05,-0.0007415301983173077,-0.00078125,-0.005057279146634615,-0.00224609375,-0.15078125,2.393603515625,-0.0033295147235576925,-0.002734375,0.43846153846153846,0.5,0.43846153846153846,-0.006918064997746396,0.0003404282789963933,5000
26,8,-0.25308725210336536,-1.5782504507211539,-1.3251631986177883,0.0013427588760452985,-0.0019168981737002885,-0.004404015174278846,-0.002880859375,2.640801814152644,-0.9468551870492787,-3.587657001201923,0.0007168882450037928,-0.001042023939761534,-0.0023425292968749997,-0.0014160156250000002,-0.001591702974759615,-0.001513671875,-0.00432373046875,-0.00234375,-0.1515625,2.39033203125,-0.0020614858774038467,-0.00234375,0.3923076923076923,0.5230769230769231,0.43846153846153846,-0.005853144719050483,0.0015642770620492722,5000
26,9,-0.25245107797475963,-1.5773737980769231,-1.3249227201021634,0.0013216697089575597,-0.0017137138383779746,-0.0037678410456730774,-0.0015625,2.6419734074519226,-0.9464922626201923,-3.588465670072115,0.0007238920355692545,-0.0013270444742181046,-0.0011709359975961538,-0.0015625,-0.001175818810096154,-0.0001953125,-0.0042648550180288455,-0.0015625,-0.14921875,2.3875,-0.0025969050480769236,-0.00152587890625,0.4076923076923077,0.5461538461538461,0.43846153846153846,-0.006462829589843753,0.0011069617638221154,5000
26,10,-0.25306452824519227,-1.5777388822115386,-1.3246743539663464,0.0013431615755495547,-0.0015712915575085166,-0.004381291316105769,-0.0037109375,2.6416583721454328,-0.9468193171574519,-3.5884776893028847,0.0007540029158321217,-0.001057982792661942,-0.0014859713040865387,-0.0014160156250000002,-0.0005409592848557693,0.0,-0.003816199669471154,-0.0025390624999999997,-0.1484375,2.393212890625,-0.0028953200120192305,-0.00390625,0.38461538461538464,0.5384615384615384,0.4153846153846154,-0.0066408574030949515,0.0008051593487079304,5000
26,11,-0.2528822678786058,-1.577578876201923,-1.3246966083233171,0.0013481815074941064,-0.0012274262008451476,-0.00419903094951923,-0.00224609375,2.641977914663461,-0.9460186298076924,-3.5879965444711535,0.0007322969078753486,-0.001629741660703469,-0.0011664287860576924,0.0,-0.001373197115384615,-0.0015625,-0.004127666766826923,-0.003125,-0.153125,2.39072265625,-0.0030326021634615387,-0.0019775390625,0.3923076923076923,0.4846153846153846,0.4307692307692308,-0.00664128934420072,0.000487760103665862,5000
26,12,-0.25361365685096154,-1.5780859374999998,-1.3244722806490385,0.0013439212162900801,-0.0023059703686958448,-0.004930419921875001,-0.002734375,2.641779033954327,-0.9463219275841346,-3.588100961538461,0.0007267309573172726,-0.0011771506313905853,-0.0013653094951923076,-0.0013671875,-0.0015916090745192305,-0.0015625,-0.0043848595252403855,-0.0022949218749999997,-0.1546875,2.388720703125,-0.003565110426682692,-0.0015625,0.3923076923076923,0.5538461538461539,0.4461538461538462,-0.007343184251051683,5.8241624098557325e-05,5000
26,13,-0.25315082256610577,-1.5779927884615386,-1.324841965895433,0.001368440186838826,-0.00218415549104162,-0.00446758563701923,-0.00341796875,2.6412869027944716,-0.9470612041766826,-3.588348106971154,0.0007382831800529098,0.000605551301591659,-0.0018574406550480765,-0.0014160156250000002,-0.001127460186298077,0.0,-0.0040149864783653845,-0.003955078125,-0.14921875,2.388720703125,-0.002610144981971154,-0.0021484375,0.4307692307692308,0.5230769230769231,0.45384615384615384,-0.006488429142878606,0.0012798344538762004,5000
26,14,-0.2528333458533654,-1.578313551682692,-1.3254802058293271,0.001318073525283804,-0.001973686825900625,-0.004150108924278846,-0.002880859375,2.6424082594651437,-0.9467440091646635,-3.5891522686298076,0.0007168456430751862,-0.0003546605322292702,-0.0007360839843750001,0.0,-0.0005147611177884615,0.000390625,-0.004183537409855769,-0.0015625,-0.15234375,2.39990234375,-0.003414024939903846,-0.003662109375,0.45384615384615384,0.4846153846153846,0.4461538461538462,-0.0071308617225060095,0.0002987201397235569,5000
26,15,-0.25279109074519235,-1.578193359375,-1.3254022686298077,0.001337057959439012,-0.0016591910347025464,-0.00410785381610577,-0.0015625,2.642102614182692,-0.9466319861778846,-3.588734600360577,0.0007249459004715287,-0.0006132771211205096,-0.0010417292668269229,0.0,-0.0005692232572115382,-0.000390625,-0.005177753155048077,-0.0035156249999999997,-0.15468749999999998,2.387548828125,-0.0030661245492788454,-0.001708984375,0.4461538461538462,0.49230769230769234,0.4076923076923077,-0.0067291071965144235,0.0006129009540264431,5000
26,16,-0.25271935096153847,-1.5779154146634613,-1.3251960637019229,0.0013223538962361208,-0.0021250867394385082,-0.004036114032451924,-0.0015625,2.6422083458533656,-0.9463358248197116,-3.5885441706730767,0.0007433088557369341,-0.00018754216020467468,-0.000935997596153846,0.0,-0.0007847243088942307,-0.00078125,-0.0042012845552884615,-0.003125,-0.1515625,2.385205078125,-0.003100116436298078,-0.00234375,0.4153846153846154,0.47692307692307695,0.4461538461538462,-0.0067839425893930294,0.0005178175706129747,5000
26,17,-0.25281954251802885,-1.5777095853365386,-1.3248900428185095,0.0013393766766966097,-0.0016742908262581604,-0.004136305588942308,-0.003271484375,2.641581092247596,-0.9460787259615384,-3.5876598182091346,0.0007284130430596769,-0.0005393980754238799,-0.001563251201923077,-0.0009277343750000001,-0.0008482008713942309,0.0,-0.005171931340144232,-0.0037109375,-0.15234375,2.398046875,-0.002573054387019231,-0.0028076171875,0.4,0.5153846153846153,0.4461538461538462,-0.006244934082031251,0.001100191556490383,5000
26,18,-0.25255324143629804,-1.5772986778846154,-1.3247454364483173,0.001332830625258245,-0.001968092315118039,-0.003870004507211538,-0.0025390624999999997,2.6418190354567304,-0.9465775240384614,-3.5883965594951928,0.0007157624882307419,-0.00019586179283152656,-0.0013253079927884612,-0.0001953125,-0.0013824932391826924,0.000146484375,-0.0035906512920673077,-0.0015686035156250002,-0.14921875,2.38994140625,-0.002544696514423078,-0.0030761718750000003,0.43846153846153846,0.5,0.4307692307692308,-0.0060626408503605764,0.0010198857234074497,5000
26,19,-0.2529153207632212,-1.578195612980769,-1.3252802922175482,0.0012964875711699996,-0.0021190721281116884,-0.004232083834134616,-0.00302734375,2.6418801645132213,-0.9463361065204327,-3.588216271033654,0.0007356429012831543,-0.0015571341326222332,-0.0012641789362980767,0.00014648437500000002,0.0002409480168269231,0.00078125,-0.004622614933894231,-0.00224609375,-0.15234375,2.3929931640625,-0.0029679048978365377,-0.005078124999999999,0.3769230769230769,0.4846153846153846,0.4307692307692308,-0.006692544790414662,0.0007600121131310067,5000
26,20,-0.25308640700120194,-1.5778823617788462,-1.3247959547776442,0.0013008613012648858,-0.0020864934678598156,-0.004403170072115385,-0.0016601562500000002,2.6420272122896633,-0.9461946927584135,-3.5882219050480773,0.0007655738610790376,-0.0009791197368556092,-0.001117131159855769,0.0,-0.0007246281550480774,0.0,-0.004344951923076924,-0.0025146484375,-0.153125,2.402197265625,-0.0032860389122596153,-0.002001953125,0.4076923076923077,0.49230769230769234,0.43846153846153846,-0.006987990159254809,0.0005056927020733166,5000
26,21,-0.2529951359675481,-1.5780806790865383,-1.3250855431189905,0.0013439589822165443,-0.0024966168561607284,-0.004311899038461539,-0.00234375,2.641853590745192,-0.9465707632211539,-3.5884243539663463,0.0007651462140519835,0.00021700527756664912,-0.0012907527043269228,-0.0017211914062500002,-0.0008401254507211539,0.0,-0.0050374661959134625,-0.00341796875,-0.15390625000000002,2.3783203124999996,-0.003021146334134616,-0.0024658203125,0.4153846153846154,0.5615384615384615,0.4307692307692308,-0.006451754056490382,0.0004205228365384611,5000
26,22,-0.2538233360877403,-1.5787379807692308,-1.3249146446814906,0.0012899314422564962,-0.0027378639239274485,-0.0051400991586538465,-0.0025390624999999997,2.6411375075120196,-0.9464586463341347,-3.587596153846154,0.0007449685322297611,-0.0002908447760328622,-0.0020068359374999997,-0.0021240234375,-0.0004351337139423081,-0.000439453125,-0.004165884164663462,-0.003125,-0.15000000000000002,2.3876953125,-0.0031332632211538464,-0.0017333984375,0.4153846153846154,0.5461538461538461,0.49230769230769234,-0.006708298903245192,0.0003227163461538455,5000
26,23,-0.25333186222956733,-1.5782579627403848,-1.3249261005108175,0.0013228017725109066,-0.0024112031613610103,-0.00464862530048077,-0.00341796875,2.6414572378305285,-0.946646728515625,-3.5881039663461536,0.0007176032240334462,-0.00019522272201630563,-0.0016871056189903847,-0.00078125,-0.00040301983173076907,0.0015625,-0.004776141826923076,-0.0019287109375,-0.15,2.386669921875,-0.0029615196814903842,-0.002587890625,0.36153846153846153,0.5153846153846153,0.4153846153846154,-0.006656451885516826,0.0006668888972355766,5000
26,24,-0.2533728966346154,-1.578233173076923,-1.3248602764423076,0.0013264159499270455,-0.0020944355262225056,-0.004689659705528846,-0.00234375,2.642559438852163,-0.9465321702223557,-3.589091609074519,0.0007329071130266725,-0.0007500424957908018,-0.0005849045973557691,0.0005859375000000001,-0.0009298940805288465,0.0,-0.004394343449519231,-0.0048828125,-0.15078125,2.391162109375,-0.004104755108173076,-0.002490234375,0.4230769230769231,0.46153846153846156,0.43846153846153846,-0.007453359750600961,-0.0007941706730769236,5000
26,25,-0.25339702899639427,-1.5785426682692307,-1.3251456392728365,0.0012928763869080816,-0.002254671113871195,-0.004713792067307692,-0.003125,2.6418843900240385,-0.9466124549278846,-3.5884968449519232,0.0007291332828140484,-0.0006909715488624204,-0.0012599534254807692,-0.0012451171875,-0.001592829777644231,-0.0011718750000000002,-0.004332275390625,-0.00234375,-0.1515625,2.3919921875,-0.003453838641826923,-0.0023681640625,0.38461538461538464,0.5384615384615384,0.4307692307692308,-0.006938495342548077,1.8057016225961e-05,5000
26,26,-0.25303889347956726,-1.5784217247596153,-1.3253828312800482,0.0013777619529365902,-0.002036793005585541,-0.00435565655048077,-0.0020751953125,2.6415700120192303,-0.9470325646033654,-3.588602576622596,0.0007441695518647043,-0.0005335599607030905,-0.0015743314302884613,-0.0015625,-0.0003765399639423077,-0.000244140625,-0.00493549053485577,-0.0037109375,-0.15078125,2.386767578125,-0.0027813251201923082,-0.0015625,0.4230769230769231,0.5384615384615384,0.4307692307692308,-0.006452547513521632,0.0009511812650240365,5000
26,27,-0.2543041053185096,-1.5786373197115386,-1.3243332143930289,0.0013104521756946259,-0.002430702648959194,-0.005620868389423077,-0.004296875,2.6424158653846157,-0.9466763070913461,-3.5890921724759615,0.0007366619692960966,-0.0014854619601941909,-0.0007284780649038461,0.000390625,-0.0008510178786057693,-0.00068359375,-0.0040576171875,-0.00234375,-0.15390625000000002,2.391162109375,-0.004892390324519231,-0.00234375,0.3384615384615385,0.49230769230769234,0.4153846153846154,-0.008535625751201923,-0.0012825599083533658,5000
26,28,-0.25400512695312505,-1.578523888221154,-1.324518761268029,0.0013756633600053234,-0.001993056468136673,-0.0053218900240384615,-0.003125,2.642575026292067,-0.9463270920973558,-3.588902118389423,0.0007329801817610487,-0.0012775048719317003,-0.000569317157451923,0.0009765625,-0.0016626915564903844,0.0,-0.003858454777644231,-0.0025390624999999997,-0.15078125,2.38896484375,-0.004752572866586539,-0.003515625,0.38461538461538464,0.43846153846153846,0.36923076923076925,-0.008451693021334136,-0.0009503854604867818,5000
26,29,-0.25255126953125,-1.5780934495192307,-1.3255421799879807,0.001323538179814074,-0.001386402902823719,-0.003868032602163461,-0.00263671875,2.6415399639423076,-0.9463115985576923,-3.5878515625000005,0.0007643808310377817,-0.00027752825755669367,-0.0016043795072115384,-0.0015625,-0.0016374323918269228,-0.0010009765625,-0.003795166015625,-0.001953125,-0.15,2.38349609375,-0.002263653094951923,-0.0013671875,0.4076923076923077,0.5538461538461539,0.4846153846153846,-0.006013087346003605,0.0014410048264723548,5000
26,30,-0.2529072453425481,-1.5777899639423076,-1.3248827185997598,0.0013106990466832235,-0.0021008824199732525,-0.004224008413461538,-0.00234375,2.6418209134615385,-0.9457226562500001,-3.587543569711539,0.000737511400337477,-0.00028702191026258573,-0.0013234299879807696,0.0,-0.0005504432091346155,0.0,-0.004133864182692308,-0.0020507812499999997,-0.151171875,2.390087890625,-0.002900578425480769,-0.00126953125,0.4076923076923077,0.4846153846153846,0.46923076923076923,-0.006470562274639423,0.0005637019230769217,5000
26,31,-0.25287823016826927,-1.577938701923077,-1.3250604717548076,0.0013454591363443338,-0.0012167170780073592,-0.004194993239182692,-0.00390625,2.6424790602463943,-0.9458559006911057,-3.5883349609375004,0.0007245160180514032,-0.0018356701038427297,-0.000665283203125,-0.000390625,-0.0011160982572115381,-0.0011718750000000002,-0.0038192983774038456,-0.0022705078125,-0.1515625,2.3916015625,-0.003529710036057692,-0.00234375,0.4153846153846154,0.5,0.47692307692307695,-0.007225269024188702,0.0002110149676983132,5000
27,0,-0.2536883075420673,-1.578399939903846,-1.3247116323617787,0.0013548889787653765,-0.002252811007362091,-0.00500507061298077,-0.00390625,2.641982609675481,-0.9467782827524038,-3.5887608924278847,0.0007330137500975933,-0.0003458444560918541,-0.0011617337740384617,-0.000146484375,-0.0017154634915865382,-0.00078125,-0.003790564903846154,-0.00234375,-0.1484375,2.387109375,-0.0038433368389423086,-0.0025390624999999997,0.38461538461538464,0.5,0.43846153846153846,-0.007580829326923075,-7.478215144230942e-05,5000
27,1,-0.25336463341346155,-1.5785742187499998,-1.3252095853365384,0.0013083673411503022,-0.002177226244162021,-0.004681396484375,-0.0033203125000000003,2.640819279597356,-0.9469391338641826,-3.587758413461539,0.0007643068454611222,-0.000319490610230051,-0.002325063852163461,-0.000244140625,-0.0013501915564903843,-0.000244140625,-0.004637451171875,-0.0029296875,-0.15390625000000002,2.3857421875,-0.002356332632211538,-0.001953125,0.4076923076923077,0.5,0.4153846153846154,-0.005907090407151442,0.0013635066105769178,5000
27,2,-0.253208759014423,-1.5781422776442307,-1.324933518629808,0.0013139140066914924,-0.0022713068652105766,-0.004525522085336539,-0.00234375,2.641855750450721,-0.9467068246694711,-3.5885625751201924,0.0007487148513451436,-3.470408106178643e-05,-0.001288592998798077,-0.00078125,-0.0025245079627403844,-0.0011474609374999998,-0.004465613731971153,-0.00283203125,-0.1546875,2.38330078125,-0.0032369290865384617,-0.001611328125,0.38461538461538464,0.5307692307692308,0.4307692307692308,-0.006879643366887019,0.0004212529109074487,5000
27,3,-0.2532453801081731,-1.5786523437500002,-1.3254069636418269,0.0013236481047214307,-0.00220639667680412,-0.004562143179086538,-0.003125,2.6414277531550483,-0.9466484187199519,-3.5880761718749996,0.000755137711840759,1.1186832876819244e-05,-0.0017165902944711537,-0.0015625,-0.0016197791466346153,-0.00078125,-0.004573317307692308,-0.00234375,-0.15078125,2.3888671875,-0.0028455528846153847,4.8828125e-05,0.4153846153846154,0.5461538461538461,0.5,-0.006481975848858173,0.0007709702711838943,5000
27,4,-0.25304208608774037,-1.5781918569711537,-1.3251497708834135,0.0013546006846384918,-0.0019971078431642525,-0.004358849158653846,-0.003125,2.642390512319712,-0.9462839918870192,-3.5886745042067307,0.0007303411835161335,-0.0020635654333648395,-0.0007538311298076919,-0.0005859375000000001,-0.00208740234375,-0.001953125,-0.005246300330528846,-0.0028320312500000003,-0.15078125,2.3857421875,-0.0036050180288461535,-0.003125,0.4,0.5076923076923077,0.4076923076923077,-0.007314744215745191,4.71214881310083e-05,5000
27,5,-0.2533076359675481,-1.5782098858173077,-1.3249022498497596,0.0013440627651063884,-0.002303796414177957,-0.004624399038461539,-0.0025390624999999997,2.641621187650241,-0.9462247408353365,-3.5878459284855775,0.0007416217167721457,0.00020118876002873877,-0.001523155799278846,-0.0009887695312500002,-0.001230187049278846,-0.0005859375000000001,-0.004506178635817307,-0.00244140625,-0.15390625000000002,2.389697265625,-0.003101243239182693,-0.004193115234375,0.4307692307692308,0.5076923076923077,0.4230769230769231,-0.006989774263822115,0.0007608806903545674,5000
27,6,-0.2531633112980769,-1.5781234975961538,-1.324960186298077,0.001361730231736781,-0.0019012694037692432,-0.004480074368990384,-0.003759765625,2.6420567908653845,-0.9466999699519232,-3.588756760817308,0.0007351011334313173,-0.0006985795766805704,-0.0010875525841346151,-0.001220703125,-0.0011629544771634616,0.0,-0.004228515625000001,-0.003515625,-0.1515625,2.3868652343749996,-0.0033925217848557697,-0.0011718750000000002,0.34615384615384615,0.5307692307692308,0.4846153846153846,-0.0068599900465745175,0.00010029249924879821,5000
27,7,-0.25268470177283653,-1.5779890324519228,-1.3253043306790866,0.0013012531943823477,-0.0018831233772549723,-0.004001464843749999,-0.003125,2.641443246694712,-0.9466836313100961,-3.5881268780048075,0.0007527015700385799,-0.0004080570704794261,-0.0017010967548076923,-0.0013549804687500002,-0.0010349684495192307,-0.0005859375000000001,-0.005031362680288461,-0.0041015625,-0.15234375,2.390087890625,-0.0023003680889423076,-0.00089111328125,0.4,0.5384615384615384,0.47692307692307695,-0.0060231041541466334,0.0014062499999999973,5000
27,8,-0.253370361328125,-1.578790564903846,-1.3254202035757212,0.0013066016782847312,-0.0020558608104408733,-0.004687124399038462,-0.004199218750000001,2.6423920147235576,-0.9463140399639423,-3.5887060546875,0.0007437583333257376,-0.0008489117317991607,-0.0007523287259615386,-0.000390625,-0.001619309645432692,-0.00234375,-0.0051065767728365385,-0.003369140625,-0.15078125,2.388037109375,-0.003934795673076923,-0.0032470703125,0.38461538461538464,0.5076923076923077,0.4307692307692308,-0.007632502629206731,-0.00021105957031250627,5000
27,9,-0.2538153545673077,-1.578371394230769,-1.3245560396634617,0.0013549424847477522,-0.0021788957274196897,-0.005132117638221154,-0.0025390624999999997,2.6412462439903845,-0.9471875000000001,-3.5884337439903846,0.000718196013026761,0.0001062607612697725,-0.0018980994591346156,-0.00078125,-0.0019086162860576922,-0.001318359375,-0.004417724609375,-0.003515625,-0.15390625000000002,2.392333984375,-0.0032340181790865385,-0.0009765625,0.4076923076923077,0.5384615384615384,0.47692307692307695,-0.006915891207181491,0.0004632615309495173,5000
27,10,-0.2529574819711538,-1.5780348557692305,-1.3250773737980768,0.00132785646025017,-0.0017240429799456102,-0.004274245042067307,-0.0025390624999999997,2.6415023099459134,-0.9465105731670673,-3.588012883112981,0.0007437892947326008,-0.001265024209304441,-0.0016420335036057695,-0.00078125,-0.0013542292668269232,-9.765625e-05,-0.004711914062500001,-0.003125,-0.1484375,2.39111328125,-0.0026322115384615386,0.000390625,0.3923076923076923,0.5230769230769231,0.5,-0.006471163236177884,0.0011533860426682612,5000
27,11,-0.2530697866586538,-1.5784818209134615,-1.3254120342548077,0.0013512479657855523,-0.002207863079782945,-0.004386549729567308,-0.00361328125,2.642615215594952,-0.9466275728665865,-3.5892427884615383,0.0007250739565901125,-0.0007129302624885672,-0.0005291278545673075,-0.000634765625,-0.001434513972355769,-0.00078125,-0.004437725360576923,-0.003125,-0.153125,2.392626953125,-0.003857421875,-0.00389404296875,0.38461538461538464,0.5,0.3923076923076923,-0.007316584660456733,-0.00044486412635216636,5000
27,12,-0.25353271484375,-1.578466045673077,-1.324933330829327,0.0013160198392800407,-0.0017980285823669877,-0.004849477914663462,-0.003515625,2.64163808969351,-0.9463802396334136,-3.588018329326923,0.0007477253686944019,-0.00047803890094569486,-0.0015062537560096155,0.0,-0.001728703425480769,-0.0001953125,-0.0045337853064903845,-0.0026611328124999997,-0.1515625,2.389404296875,-0.0033432241586538467,-0.003125,0.36153846153846153,0.47692307692307695,0.4153846153846154,-0.006967374361478363,0.00015369356595552704,5000
27,13,-0.25286724384014425,-1.577850811298077,-1.3249835674579327,0.0013034510015380695,-0.0017918970476471327,-0.004184006911057692,-0.003125,2.6421505033052886,-0.9465651292067307,-3.588715632512019,0.0007314246668458754,-0.00014684100781644962,-0.000993840144230769,-0.0005615234375,-0.00031156099759615407,-0.0001953125,-0.004634352463942308,-0.0033203125000000003,-0.1515625,2.387158203125,-0.0031901667668269235,-0.00234375,0.4076923076923077,0.5076923076923077,0.43846153846153846,-0.006858823336087741,0.0005180382361778808,5000
27,14,-0.2527621694711538,-1.5781896033653844,-1.3254274338942307,0.0013349122679538138,-0.002391632061991316,-0.004078932542067307,-0.003125,2.641433574969952,-0.9463026780348558,-3.5877362530048074,0.0007355334206873164,-0.0005669705442256105,-0.0017107684795673078,-0.0015625,-0.0010896183894230766,-0.0011474609374999998,-0.00484375,-0.0034912109375,-0.153125,2.388720703125,-0.0023681640624999994,-2.44140625e-05,0.3923076923076923,0.5538461538461539,0.49230769230769234,-0.006128417968749999,0.001337012657752402,5000
27,15,-0.25337073692908657,-1.578310546875,-1.3249398099459133,0.0013465016602853847,-0.001858039094141097,-0.0046875,-0.00224609375,2.641732928936298,-0.9473445951021635,-3.5890775240384616,0.0007455754336461547,0.0006586139597554864,-0.0014114145132211537,-0.001171875,-0.0018624173677884617,-0.00078125,-0.0043615722656250005,-0.00302734375,-0.1546875,2.39453125,-0.0032760854867788457,-0.002734375,0.4307692307692308,0.5384615384615384,0.4461538461538462,-0.006941725510817308,0.00032876586914062185,5000
27,16,-0.2534090482271635,-1.5785434194711538,-1.3251343712439905,0.0013468158609692906,-0.002594354457795859,-0.004725811298076923,-0.0037109375,2.6416859788161062,-0.9463605205829326,-3.5880464993990384,0.0007460148556109165,-0.0004715088680345463,-0.0014583646334134618,-0.0015625,-0.0010475510817307694,-0.00078125,-0.004411714993990384,-0.0029296875,-0.1484375,2.390087890625,-0.0032674466646634612,-0.0013427734375,0.4153846153846154,0.5692307692307692,0.46153846153846156,-0.007013782207782452,0.00035952054537259404,5000
27,17,-0.2536299954927885,-1.5783218149038463,-1.3246918194110577,0.0013508204367612352,-0.002162907915773595,-0.0049467585637019236,-0.0031005859375,2.6423363318810096,-0.946614239032452,-3.5889505709134615,0.0007548447058572557,-1.0686326369913482e-05,-0.0008080115685096152,-0.00048828125,-0.0021583909254807698,-0.0001953125,-0.004136117788461539,-0.0017578125,-0.1515625,2.390283203125,-0.004138746995192308,-0.002130126953125,0.36153846153846153,0.5230769230769231,0.46153846153846156,-0.007878636286808894,-0.00037603290264423127,5000
27,18,-0.2528711876502404,-1.5780964543269231,-1.3252252666766828,0.0013163396081750207,-0.0021261483561077973,-0.004187950721153846,-0.0029296875,2.6414702899639426,-0.9470089017427884,-3.5884791917067305,0.0007486868936903881,-0.0002811554809742549,-0.0016740534855769235,-0.001171875,-0.002232196514423077,-0.0025390624999999997,-0.004780836838942307,-0.0027832031249999997,-0.15,2.395947265625,-0.0025138972355769227,-0.00037841796875,0.4307692307692308,0.5307692307692308,0.46923076923076923,-0.006342994103064902,0.0013221905048076915,5000
27,19,-0.2540697303185096,-1.578621544471154,-1.324551814152644,0.0013436890585651535,-0.002291201491487678,-0.005386493389423076,-0.005419921875,2.6415315129206727,-0.9465848482572116,-3.588116361177885,0.0007704044271487771,-0.0012980486029493534,-0.0016128305288461535,-0.0001953125,-0.001239013671875,0.0,-0.004344858022836539,-0.00224609375,-0.153125,2.3943359375,-0.0037736628605769236,-0.0048828125,0.4230769230769231,0.5,0.4076923076923077,-0.007460641714242789,-0.00014516507662259572,5000
27,20,-0.2531419959435096,-1.578672626201923,-1.3255306302584136,0.0013217762069223033,-0.002076571218211431,-0.004458759014423078,-0.002734375,2.6406713867187506,-0.9468545297475962,-3.587525916466346,0.0007289306478568784,-0.00022792434258280545,-0.002472956730769231,-0.0033203125000000003,-0.0014593036358173076,-0.0005859375000000001,-0.005234375,-0.003515625,-0.15390625,2.39052734375,-0.0019858022836538457,-0.0009033203125,0.3923076923076923,0.6,0.46923076923076923,-0.005633840707632212,0.0016571514423076926,5000
27,21,-0.25349280724158657,-1.5786703725961537,-1.3251775653545674,0.0013231306007585452,-0.0022109886275149026,-0.0048095703125,-0.002734375,2.642474365234375,-0.9463883150540865,-3.588862680288462,0.0007466495387901054,-0.0005904423116779977,-0.0006699782151442308,0.00078125,-0.0008007812500000001,-0.000439453125,-0.004363168569711539,-0.003125,-0.15546875,2.390625,-0.004139592097355769,-0.00234375,0.4076923076923077,0.4846153846153846,0.43846153846153846,-0.007794008695162263,-0.0004761352539062505,5000
27,22,-0.253370361328125,-1.5784465144230768,-1.325076153094952,0.0012946559500562663,-0.0019347097671776165,-0.004687124399038462,-0.0021484375,2.6418414776141828,-0.9466399676983173,-3.5884814453125,0.0007426482085311996,-0.00031480362035838456,-0.0013028658353365385,-0.001513671875,-0.0015087890625,-0.00078125,-0.004401385967548076,-0.0041015625,-0.15078125,2.391015625,-0.003384258563701923,-0.001416015625,0.3769230769230769,0.5384615384615384,0.46923076923076923,-0.007065579927884616,0.0002714045597956709,5000
27,23,-0.253424072265625,-1.578564453125,-1.325140380859375,0.0013374857414667014,-0.0021170913112723206,-0.004740835336538461,-0.00341796875,2.642271728515625,-0.9467631648137018,-3.589034893329327,0.0007214172941611009,-0.0005525944859810173,-0.000872614933894231,-0.000244140625,-0.0007805926983173076,0.0,-0.004397066556490386,-0.00234375,-0.153125,2.3978515625,-0.0038682204026442317,-0.002587890625,0.4153846153846154,0.5,0.4307692307692308,-0.007404667780949522,-0.00031299532376803316,5000
27,24,-0.2531573016826923,-1.5785096153846154,-1.3253523137019232,0.0013116568613367433,-0.0018186116203242717,-0.004474064753605768,-0.00283203125,2.6420197941706736,-0.9465882286658654,-3.5886080228365387,0.0007266988685918567,2.5721626664870074e-05,-0.0011245492788461541,-0.0001953125,-0.0014345139723557691,0.0,-0.004375563401442308,-0.00234375,-0.1515625,2.387646484375,-0.0033495154747596157,-0.00234375,0.3923076923076923,0.5,0.43846153846153846,-0.007020589975210335,0.0004482304499699503,5000
27,25,-0.25280264047475964,-1.5780776742788463,-1.3252750338040864,0.0013374529879045835,-0.00192601254560489,-0.004119403545673077,-0.0015625,2.6416218449519233,-0.9466417518028846,-3.5882635967548078,0.0007248918896625333,-0.00091983496023821,-0.001522498497596154,0.0,-0.0022594275841346153,-0.0005859375000000001,-0.004878117487980768,-0.003125,-0.153125,2.390087890625,-0.0025969050480769236,-0.001806640625,0.4076923076923077,0.49230769230769234,0.45384615384615384,-0.006330268272986777,0.0009884479229266823,5000
27,26,-0.2534767503004807,-1.5781881009615386,-1.3247113506610577,0.0013312982183366427,-0.0024389811439959144,-0.0047935133713942315,-0.003173828125,2.6418358435997598,-0.946309063251202,-3.588144906850961,0.0007537466816970039,9.176074677363362e-06,-0.0013084998497596154,0.0006347656249999999,-0.0009195650540865386,-0.000390625,-0.004889197716346153,-0.002880859375,-0.15,2.38427734375,-0.003485013521634616,-0.001611328125,0.4153846153846154,0.4846153846153846,0.46923076923076923,-0.007268775353064905,0.0001661517803485545,5000
27,27,-0.25333392803485577,-1.57875,-1.3254160719651442,0.0013328978439649266,-0.0021889786488269386,-0.00465069110576923,-0.0044921875,2.6422378305288463,-0.9467025991586538,-3.5889404296875,0.0007548622893901277,-0.0008568643339792798,-0.0009065129206730768,-0.00126953125,-0.0008306415264423076,0.0,-0.004441575270432692,-0.002978515625,-0.15,2.391845703125,-0.0037441781850961536,-0.002734375,0.4,0.5153846153846153,0.4461538461538462,-0.007257986215444713,-0.00029925067608173214,5000
27,28,-0.2532990910456731,-1.5779957932692308,-1.3246967022235576,0.0013400749308341872,-0.002347154583600884,-0.004615854116586538,-0.0037597656249999997,2.642350323016827,-0.9468466421274038,-3.589196965144231,0.0007393771150741505,-0.0007923520337089754,-0.0007940204326923078,-0.00078125,-0.0008960899939903842,-0.0009277343750000001,-0.004684776893028847,-0.00322265625,-0.15,2.3865234375,-0.00382183368389423,-0.003125,0.36153846153846153,0.5153846153846153,0.43846153846153846,-0.007408264160156251,-0.00019322791466346283,5000
27,29,-0.2534443547175481,-1.5779176682692309,-1.3244733135516829,0.0013315499265996724,-0.0019996484529035768,-0.004761117788461538,-0.003125,2.6411183518629806,-0.9468996018629807,-3.5880179537259616,0.0007400101151341168,-0.0001457292990792849,-0.002025991586538462,-0.001318359375,-0.000982759915865385,0.0,-0.004433124248798077,-0.0046875,-0.15234375,2.397216796875,-0.0027351262019230764,-0.0015625,0.4076923076923077,0.5307692307692308,0.45384615384615384,-0.006296705979567307,0.0007417414738581674,5000
27,30,-0.2526701472355769,-1.5781926081730768,-1.3255224609374998,0.0013019373978687449,-0.001970517160967071,-0.003986910306490384,-0.002734375,2.641474421574519,-0.9464676607572116,-3.5879420823317307,0.0007197327286695586,-0.0003551631743146219,-0.0016699218750000002,-0.00078125,-0.0012905649038461539,-0.0001953125,-0.005000469501201923,-0.00244140625,-0.15078125,2.391162109375,-0.0023169884314903836,-0.0010498046875000002,0.4,0.5230769230769231,0.4461538461538462,-0.00599590360201322,0.0014383615347055264,5000
27,31,-0.2532048152043269,-1.5782609675480768,-1.3250561523437498,0.0012915671443094958,-0.0021685254936636253,-0.004521578275240384,-0.00439453125,2.641712364783654,-0.9466477614182692,-3.588360126201923,0.0007364347004559466,-0.0009050476684928154,-0.001431978665865384,-0.00078125,-0.0012160081129807692,-0.0013671875,-0.0050324894831730764,-0.003125,-0.15234375,2.391748046875,-0.0030895996093750007,-0.003125,0.34615384615384615,0.5230769230769231,0.4307692307692308,-0.006425621619591346,0.0002151348407451921,5000
28,0,-0.25393348106971153,-1.5784292367788462,-1.3244957557091346,0.001318676449267982,-0.0025729802165589946,-0.005250244140624999,-0.003955078125,2.640672795222356,-0.9469310584435098,-3.5876038536658656,0.0007288898761583847,0.0004651981785062641,-0.0024715482271634613,-0.00078125,-0.002006460336538462,-0.0009277343750000001,-0.0046582031250000005,-0.00302734375,-0.153125,2.3890625,-0.002778695913461539,-0.0015625,0.3769230769230769,0.5076923076923077,0.46153846153846156,-0.006428006685697114,0.0006980825570913455,5000
28,1,-0.25389995868389414,-1.5786335637019229,-1.324733605018029,0.0013084030038540114,-0.002627183895556068,-0.005216721754807693,-0.002734375,2.642103553185096,-0.946285869891827,-3.588389423076923,0.0007280469677005311,-0.0006926035210830696,-0.0010407902644230767,-0.000390625,-0.000999755859375,-0.0005859375000000001,-0.004786564753605769,-0.003515625,-0.153125,2.3947265625,-0.004175931490384616,-0.0025390624999999997,0.36153846153846153,0.5,0.4230769230769231,-0.0077747403658353365,-0.0007288818359375042,5000
28,2,-0.2532865084134616,-1.5781903545673077,-1.3249038461538463,0.0013121887749676072,-0.002577186540350085,-0.004603271484375,-0.00302734375,2.6418941556490387,-0.94670654296875,-3.5886006986177885,0.0007583221675876341,-0.0005089654673188978,-0.0012501878004807692,-0.0005859375000000001,-0.0013730093149038462,-0.00078125,-0.0045995154747596155,-0.002734375,-0.1515625,2.3937011718749996,-0.003353083683894231,-0.0015625,0.35384615384615387,0.5307692307692308,0.4461538461538462,-0.006810518704927884,0.00017959594726562407,5000
28,3,-0.25368765024038464,-1.5786974158653846,-1.325009765625,0.0013256953837889262,-0.0024626994765193037,-0.005004413311298076,-0.003125,2.641393103966346,-0.9462546950120192,-3.587647798978365,0.0007505723127210584,0.0007140103568091714,-0.0017512394831730768,-0.000146484375,-0.0011145958533653843,-0.0017578125,-0.004850510817307693,-0.0029296875,-0.15234375,2.390087890625,-0.003253173828125,-0.0030517578125,0.4153846153846154,0.5,0.4153846153846154,-0.00680517108623798,0.0002576646071213931,5000
28,4,-0.2540285081129808,-1.578796574519231,-1.32476806640625,0.0013310499465086522,-0.0031513089025145156,-0.005345271183894231,-0.0044921875,2.641497990534856,-0.9462044583834135,-3.587702448918269,0.0007449776362645935,4.034833089131658e-05,-0.0016463529146634615,-0.0013671875,-0.0018902118389423077,-0.001953125,-0.0046283428485576926,-0.004296875,-0.1515625,2.389599609375,-0.003698918269230769,-0.0018798828124999998,0.36153846153846153,0.5615384615384615,0.43846153846153846,-0.007071631798377404,-0.000339090200570914,5000
28,5,-0.25308236929086536,-1.5785126201923076,-1.325430250901442,0.0013377911508364426,-0.0022233934535600213,-0.0043991323617788465,-0.0025390624999999997,2.6412009840745196,-0.9467936823918269,-3.587994666466346,0.0007415739401929638,-0.0002717905630985123,-0.001943359375,-0.00078125,-0.0024204664963942304,-0.0013427734375,-0.004871920072115384,-0.002734375,-0.1484375,2.396435546875,-0.0024557729867788463,-0.00244140625,0.38461538461538464,0.5076923076923077,0.4307692307692308,-0.006036571796123798,0.0011544236403245199,5000
28,6,-0.25325955904447117,-1.577901141826923,-1.3246415827824518,0.0013258147851604174,-0.002296940131499369,-0.004576322115384615,-0.002734375,2.6420076810396633,-0.9468734036959136,-3.5888810847355765,0.0007531278219428174,-0.0009998662117904138,-0.0011366624098557692,0.0,-0.0010585374098557691,-0.0015625,-0.004753042367788462,-0.0035888671875,-0.15546875,2.38974609375,-0.003439659705528846,-0.00234375,0.36153846153846153,0.49230769230769234,0.4230769230769231,-0.006829681396484375,-1.855703500601073e-05,5000
28,7,-0.25388446514423074,-1.579024939903846,-1.3251404747596152,0.0013443977168927134,-0.0030385338290945235,-0.005201228215144231,-0.003125,2.640301231971154,-0.9475604717548077,-3.5878617037259617,0.0007450187705321945,0.001283376339495325,-0.002843111478365385,-0.00234375,-0.0011942232572115382,-0.000439453125,-0.004427584134615384,-0.0015625,-0.15078124999999998,2.38271484375,-0.002358116736778846,-0.0015380859375000002,0.4,0.5307692307692308,0.45384615384615384,-0.0057858628493088924,0.000996319110576923,5000
28,8,-0.2536573204627404,-1.5782504507211537,-1.3245931302584135,0.0013211345280908825,-0.0023899276757840425,-0.004974083533653846,-0.0025390624999999997,2.6410718712439905,-0.9466054124098556,-3.587677283653846,0.000733943728447853,-6.395835859024382e-05,-0.0020724722055288462,-0.0009521484375,-0.002103740985576923,-0.0011718750000000002,-0.004415658804086538,-0.0028564453125,-0.15078125,2.390478515625,-0.0029016113281250004,-0.00078125,0.38461538461538464,0.5230769230769231,0.4461538461538462,-0.00659826425405649,0.0007688809908353352,5000
28,9,-0.253192138671875,-1.5783668870192307,-1.325174748347356,0.0013207858396083645,-0.0025452651798595852,-0.004508901742788462,-0.002734375,2.6423688213641823,-0.946574237530048,-3.5889430588942304,0.0007436762862684126,-0.0013437251005257774,-0.0007755220853365384,-0.0001953125,-0.001623816856971154,-0.0015625,-0.005216064453125,-0.003515625,-0.1515625,2.39404296875,-0.0037333796574519234,-0.003125,0.38461538461538464,0.5,0.4076923076923077,-0.007358323317307691,-0.00023476703350360872,5000
28,10,-0.25278789813701924,-1.5780235877403845,-1.3252356896033655,0.0013255194254229812,-0.0024870128170133695,-0.004104661207932693,-0.003125,2.6418036358173076,-0.9463718825120192,-3.5881755183293267,0.000739364655583235,-0.0001377018516232377,-0.001340707632211538,0.00078125,-0.0014420259915865383,-0.0015625,-0.0044569749098557696,-0.0023681640625,-0.15234375,2.390966796875,-0.002763953575721154,-0.001806640625,0.3923076923076923,0.46923076923076923,0.4461538461538462,-0.006420292780949521,0.0009555757962740361,5000
28,11,-0.2532766488882211,-1.5781993689903848,-1.3249227201021634,0.0013343155633205816,-0.0024613509874856247,-0.004593411959134616,-0.002001953125,2.6421155724158654,-0.9469337815504808,-3.5890493539663466,0.0007374464047258431,-4.1242171907356544e-05,-0.0010287710336538464,-0.0015625,-0.0009305513822115384,-0.0001953125,-0.004874643179086538,-0.002734375,-0.15234375,2.390087890625,-0.0035646409254807693,-0.0015625,0.4461538461538462,0.5384615384615384,0.43846153846153846,-0.007177278958834135,6.468552809494936e-05,5000
28,12,-0.2536679311899039,-1.5779439603365386,-1.3242760291466347,0.0013317811218655914,-0.002584604241439483,-0.0049846942608173074,-0.004248046875,2.6418790377103365,-0.9465830641526444,-3.5884621018629805,0.0007323701970691795,0.0001855626252670996,-0.0012653057391826923,-0.00078125,-0.001422400841346154,0.0,-0.0048780235877403854,-0.003125,-0.15234375,2.392041015625,-0.003719388521634615,-0.0046142578125,0.3384615384615385,0.5076923076923077,0.4153846153846154,-0.007289614163912258,-0.00018213125375601708,5000
28,13,-0.2530980506310096,-1.5777110877403844,-1.324613037109375,0.0013243852418643115,-0.0022648924781191095,-0.004414813701923077,-0.004321289062500001,2.6416236290564905,-0.9470381047175481,-3.5886617337740385,0.0007649530742984356,-0.0005583909039738824,-0.001520714393028846,0.000146484375,-0.0017600661057692308,-0.001416015625,-0.004348989633413462,-0.00234375,-0.153125,2.398583984375,-0.002894099308894231,-0.00263671875,0.38461538461538464,0.47692307692307695,0.45384615384615384,-0.0064548410268930306,0.0005399240347055219,5000
28,14,-0.2533700796274038,-1.5784975961538463,-1.3251275165264425,0.0013175129855801109,-0.002198240067063977,-0.004686842698317308,-0.002734375,2.64234628530649,-0.9466076660156251,-3.588953951322116,0.000728615724868283,-0.0006817600455566272,-0.0007980581430288457,-0.0009765625,-0.0005815241887019228,-0.0005126953125,-0.004754732572115384,-0.0027587890625,-0.1515625,2.3897949218749996,-0.003888784555288462,-0.0033203125,0.4,0.5307692307692308,0.3923076923076923,-0.00760731154221755,-0.00022766113281250095,5000
28,15,-0.25401076096754804,-1.5784682992788461,-1.3244575383112984,0.0013562760908617754,-0.0027252980106087046,-0.005327524038461538,-0.0044921875,2.64252685546875,-0.9465401517427884,-3.5890670072115385,0.0007189953340057567,-0.0005300587718706608,-0.0006174879807692307,0.00078125,-0.0011849271334134618,-0.00035400390625000004,-0.004335280198317307,-0.0021484375,-0.15,2.394873046875,-0.0047100360576923074,-0.00390625,0.35384615384615387,0.46153846153846156,0.4230769230769231,-0.00838354257436899,-0.0009989670973557716,5000
28,16,-0.25335599459134617,-1.5779101562500002,-1.3245541616586538,0.001346410510725368,-0.002469144581509897,-0.004672757662259616,-0.0018554687500000001,2.641133469801683,-0.9466914250300481,-3.587824894831731,0.0007612571641123732,-0.0005799924511217087,-0.0020108736478365386,-0.0011718750000000002,-0.0007089468149038459,0.0,-0.004751164362980769,-0.003515625,-0.1484375,2.393505859375,-0.0026618840144230767,-0.0001953125,0.4153846153846154,0.5230769230769231,0.47692307692307695,-0.006168398343599759,0.0008274137056790779,5000
28,17,-0.25284630408653846,-1.578114483173077,-1.3252681790865386,0.0013600525977037357,-0.002334134259632512,-0.004163067157451923,-0.0037109375,2.642108154296875,-0.9463088754507213,-3.588417029747596,0.000748053988856546,-0.001071679552605505,-0.0010361891526442307,-0.00078125,-0.002295015775240384,-0.0021484375,-0.004999060997596154,-0.002880859375,-0.1515625,2.3854003906249996,-0.0031268780048076925,-0.0037597656249999997,0.4076923076923077,0.5230769230769231,0.43846153846153846,-0.00693340594951923,0.000597407414362981,5000
28,18,-0.2536078350360577,-1.5783834134615387,-1.3247755784254807,0.0013508529848169398,-0.002766395381861686,-0.004924598106971154,-0.004296875,2.6413048377403845,-0.9468609149639423,-3.588165752704327,0.000744315777288714,0.00011002649403917531,-0.0018395057091346154,-0.00234375,-0.0008081054687500001,-0.00087890625,-0.0046959510216346145,-0.0015625,-0.15625,2.3904785156250004,-0.003085092397836539,-0.0015625,0.3923076923076923,0.5461538461538461,0.43846153846153846,-0.006726539024939905,0.00043837092472956575,5000
28,19,-0.2536021071213942,-1.5785471754807694,-1.324945068359375,0.001332202783020507,-0.002466238333569596,-0.004918870192307692,-0.0016601562500000002,2.6419305889423077,-0.9469672100360577,-3.588897798978365,0.0007469241146447179,-0.0004623112490831526,-0.0012137545072115384,-0.002197265625,-0.0016783728966346155,-0.0015625,-0.00501079852764423,-0.003125,-0.1515625,2.39560546875,-0.0037051156850961536,-0.0025390624999999997,0.4076923076923077,0.5538461538461539,0.43846153846153846,-0.007215106670673077,-0.00036480243389423533,5000
28,20,-0.253570556640625,-1.5786838942307693,-1.3251133375901445,0.001348288581513044,-0.0025516990144913466,-0.004887319711538461,-0.003125,2.642047682542067,-0.9470474947415864,-3.5890951772836535,0.0007414702991277325,-4.602521814096765e-06,-0.0010966609074519232,-0.0001953125,-0.001977163461538462,-0.0011718750000000002,-0.004409555288461538,-0.0021484375,-0.14921875,2.3914794921875,-0.003790658804086538,-0.00263671875,0.3769230769230769,0.5,0.45384615384615384,-0.007504840557391828,-4.3832632211543706e-05,5000
28,21,-0.25407113882211535,-1.5789693509615381,-1.3248982121394233,0.001367222848743857,-0.0028646657429976063,-0.005387901893028846,-0.0029296875,2.6419461763822114,-0.9464466271033655,-3.5883928034855765,0.0007247458880261292,0.00029163668637871733,-0.0011981670673076924,0.0,-0.0013250262920673076,-0.00029296875000000004,-0.004907414362980768,-0.00439453125,-0.15546875,2.394482421875,-0.004189734825721153,-0.00244140625,0.38461538461538464,0.4846153846153846,0.3769230769230769,-0.0076732811560997595,-0.0006456768329326934,5000
28,22,-0.2537376990685096,-1.5786185396634616,-1.324880840594952,0.0012984406658753248,-0.0029556246039001478,-0.005054462139423076,-0.003125,2.6415785569411057,-0.9469765061598558,-3.5885550631009613,0.0007562538773367693,0.0004440251751901444,-0.0015657865084134613,-0.0001953125,-0.0024384014423076924,-0.0011718750000000002,-0.005009390024038461,-0.00322265625,-0.153125,2.396337890625,-0.0034886756310096158,-0.0034423828125000003,0.3769230769230769,0.5,0.4153846153846154,-0.006964324951171875,7.007774939903945e-05,5000
28,23,-0.25378258338341353,-1.5787244591346152,-1.324941875751202,0.0013339079403077124,-0.002658911961548356,-0.0050993464543269236,-0.00390625,2.641082294170673,-0.9467925555889423,-3.5878748497596153,0.0007421231064455351,-0.0002681955120793025,-0.002062049278846154,-0.00078125,-0.0029588904747596153,-0.0015625,-0.004672851562499999,-0.002587890625,-0.1515625,2.389990234375,-0.0030372971754807697,-0.00224609375,0.4076923076923077,0.5230769230769231,0.46153846153846156,-0.006707237830528846,0.0006668630746694691,5000
28,24,-0.2536722506009616,-1.5781325120192307,-1.3244602614182694,0.0012814264086126322,-0.0021844528156182205,-0.0049890136718750006,-0.00369873046875,2.641933875450721,-0.946409160907452,-3.588343036358173,0.0007497095375946029,-0.00020362354685309801,-0.0012104679987980768,-0.0005615234375,-0.0018105844350961536,-0.00234375,-0.005098595252403845,-0.00234375,-0.15546875,2.39326171875,-0.003778545673076923,-0.004296875,0.4,0.5307692307692308,0.4461538461538462,-0.007356898381159854,-0.0002294334998497614,5000
28,25,-0.25379525991586543,-1.5783240685096154,-1.3245288085937497,0.0013811116053203975,-0.0027729617911237754,-0.005112022986778847,-0.002734375,2.641647010216346,-0.9468539663461538,-3.5885009765625,0.0007430470487770001,0.0003061250563243383,-0.001497333233173077,0.00068359375,-0.0010785381610576926,-0.00078125,-0.0047621506911057696,-0.00244140625,-0.1484375,2.38505859375,-0.003614689753605769,-0.0015625,0.3923076923076923,0.46923076923076923,0.46153846153846156,-0.0071968994140625,-0.00018561260516827114,5000
28,26,-0.25369290865384614,-1.578389423076923,-1.3246965144230767,0.0013370319876938026,-0.00267537276465741,-0.005009671724759615,-0.0037109375,2.641444279597356,-0.9467186560997596,-3.5881629356971154,0.0007378345067563896,-0.000935776883220324,-0.0017000638521634615,-0.00107421875,-0.0008312049278846156,0.0,-0.00467529296875,-0.00205078125,-0.1515625,2.380322265625,-0.0033096078725961538,-0.0017578125,0.36923076923076925,0.5384615384615384,0.4461538461538462,-0.006888577974759617,0.00023657461313100913,5000
28,27,-0.25378511868990383,-1.578526893028846,-1.3247417743389422,0.0013361286060615087,-0.0024692335289228495,-0.005101881760817307,-0.00283203125,2.641766075721154,-0.9464963942307691,-3.588262469951923,0.0007594891901139375,3.0978473007145886e-06,-0.0013782677283653846,-0.0016601562500000002,-0.0016842886117788465,-0.00146484375,-0.00480365459735577,-0.003125,-0.14921875,2.385009765625,-0.0037236140324519236,-0.000390625,0.3769230769230769,0.5307692307692308,0.47692307692307695,-0.007279764028695914,-0.00019555429311899126,5000
28,28,-0.2539601487379808,-1.5786786358173077,-1.324718487079327,0.001342347776405991,-0.0027796015466728216,-0.0052769118088942316,-0.002392578125,2.642203275240385,-0.9465756460336539,-3.5887789212740384,0.00074008561453144,-0.00027077718781192686,-0.0009410682091346154,0.000390625,-0.00022695688100961563,-0.00078125,-0.004266451322115385,-0.001953125,-0.153125,2.383251953125,-0.004335843599759615,-0.0033203125000000003,0.4153846153846154,0.47692307692307695,0.4,-0.007984215369591346,-0.0006915353628305308,5000
28,29,-0.253802490234375,-1.5784502704326921,-1.3246477801983174,0.0013306470775719102,-0.0026429241467648716,-0.005119253305288463,-0.00390625,2.6410547814002405,-0.9468234487680289,-3.5878782301682692,0.0007527230553810994,6.486385486758723e-05,-0.0020895620492788463,-0.0015625,-0.001586068960336538,-4.8828125e-05,-0.004783559945913462,-0.0024658203125,-0.15234375,2.384033203125,-0.003029691256009614,-0.001171875,0.36923076923076925,0.5384615384615384,0.46153846153846156,-0.006758709247295673,0.0006586538461538461,5000
28,30,-0.25323345477764425,-1.57826171875,-1.3250282639723558,0.001342761598863189,-0.001999048769900149,-0.0045502178485576925,-0.003125,2.642098858173077,-0.9462777944711539,-3.588376652644231,0.0007228729344937181,-0.00022304776111506651,-0.0010454852764423073,0.0,-0.0029022686298076925,-0.00234375,-0.004586838942307691,-0.003662109375,-0.153125,2.389697265625,-0.003504732572115384,-0.00234375,0.4076923076923077,0.47692307692307695,0.4153846153846154,-0.00688409893329327,-0.00012163837139423659,5000
28,31,-0.2534575946514423,-1.5779184194711537,-1.3244608248197114,0.0013125716846787577,-0.0024546665249557094,-0.004774357722355769,-0.003369140625,2.642628831129808,-0.9466015625,-3.5892303936298076,0.0007580633898909169,-0.0007161642149450408,-0.000515512319711538,-0.0005126953125,-0.002024864783653846,-0.000390625,-0.004203256460336539,-0.0018554687500000001,-0.15468749999999998,2.3923828125,-0.004258845402644231,-0.0040283203125,0.35384615384615387,0.5076923076923077,0.4307692307692308,-0.007854243351862982,-0.0007119140625000003,5000
29,0,-0.2534848257211539,-1.5780814302884614,-1.3245966045673077,0.001330291968827592,-0.002306318234101526,-0.0048015887920673074,-0.0046875,2.6421021446814907,-0.9465090707632212,-3.588611215444711,0.0007330270154366955,-0.00046284668271688383,-0.001042198768028846,-0.0013671875,-0.001196758563701923,-0.0009765625,-0.00430034930889423,-0.0015625,-0.1515625,2.3902343750000004,-0.003759390024038462,-0.003125,0.38461538461538464,0.5461538461538461,0.4153846153846154,-0.007125016432542067,-0.000388214111328127,5000
29,1,-0.25222834660456733,-1.577849308894231,-1.3256209622896635,0.0013372279771181462,-0.0014464833682964271,-0.003545109675480769,-0.0009765625,2.641765606219952,-0.9467402531550481,-3.588505859375,0.0007512090373174138,-0.00013857470281059713,-0.0013787372295673078,-0.0011718750000000002,-0.00048292893629807687,0.0,-0.004764216496394231,-0.002734375,-0.15078124999999998,2.3868164062500004,-0.0021663724459134604,-0.001953125,0.46153846153846156,0.5307692307692308,0.45384615384615384,-0.005671973595252402,0.0012049114520733106,5000
29,2,-0.2526776592548077,-1.5779154146634615,-1.325237755408654,0.001337551966263929,-0.0014941233689438093,-0.003994422325721154,-0.0017578125,2.642142521784856,-0.9466206242487979,-3.588763146033654,0.0007373064289456944,-0.0002585924013849008,-0.0010018216646634618,-0.0015625,-0.000711857722355769,0.0,-0.004554443359375,-0.00390625,-0.15,2.383740234375,-0.0029926006610576927,-0.0009277343750000001,0.4307692307692308,0.5384615384615384,0.46153846153846156,-0.006576434795673077,0.00045226111778846027,5000
29,3,-0.25345909705528846,-1.5782481971153846,-1.324789100060096,0.0013184678211571295,-0.0024995804737797216,-0.004775860126201924,-0.004052734375,2.6420564152644235,-0.9463487830528845,-3.588405198317308,0.0007471187178404016,-0.0007371431856360938,-0.001087928185096154,-0.0005859375000000001,-0.00026733398437500026,0.00087890625,-0.004291053185096154,-0.00341796875,-0.15390625,2.387158203125,-0.003687931941105768,-0.0015625,0.36923076923076925,0.5230769230769231,0.4461538461538462,-0.0073459167480468745,-0.00019254479041466957,5000
29,4,-0.2534178748497596,-1.5786651141826924,-1.3252472393329326,0.0013139637865684061,-0.002465252497500577,-0.004734637920673077,-0.003125,2.6422809307391826,-0.946500244140625,-3.5887811748798075,0.0007257637893246431,-0.0005754599126650249,-0.0008634127103365385,-0.0001953125,-0.0009776893028846155,-0.001123046875,-0.004592566856971154,-0.0029296875,-0.14921875,2.39169921875,-0.0038712252103365384,-0.00078125,0.3923076923076923,0.5,0.43846153846153846,-0.0075299799992487974,-0.00037584040715144283,5000
29,5,-0.25307570237379806,-1.5782339242788461,-1.3251582219050482,0.001365806692078557,-0.0023098518382812104,-0.004392465444711538,-0.00224609375,2.641437706580529,-0.9465231557992789,-3.5879608623798074,0.0007323694045157344,-0.00032610943710281644,-0.0017066368689903845,-0.00078125,-0.0013636192908653845,-0.0017578125,-0.004309363731971153,-0.00400390625,-0.1515625,2.38603515625,-0.002685828575721153,-0.0023437500000000003,0.4076923076923077,0.5153846153846153,0.45384615384615384,-0.006159390963040865,0.0007524273212139414,5000
29,6,-0.2531061260516827,-1.578185847355769,-1.3250797213040864,0.0013276922224272417,-0.0024584806690219397,-0.004422889122596153,-0.00234375,2.6415074744591345,-0.9468045748197117,-3.5883120492788465,0.000735811840850592,-0.0008707874912829135,-0.0016368689903846153,-0.0009765625,-0.001083984375,-0.00078125,-0.004231050931490384,-0.0016845703125,-0.15234375,2.3873046875,-0.0027860201322115383,-0.0013671875,0.4076923076923077,0.5307692307692308,0.46153846153846156,-0.006053363506610577,0.00034571721003605685,5000
29,7,-0.2530249962439904,-1.578038611778846,-1.3250136155348557,0.0013553404250173868,-0.0021552238715924965,-0.0043417593149038475,-0.002880859375,2.6417019418569705,-0.9471614896334135,-3.5888634314903847,0.0007446145348556251,4.813772292593607e-05,-0.0014424015925480769,-0.00078125,-0.001733680138221154,-0.00078125,-0.004231708233173077,-0.0018554687500000001,-0.15234375,2.387939453125,-0.002899357722355769,-0.0010009765625,0.4153846153846154,0.5307692307692308,0.46153846153846156,-0.006366217980018027,0.0005136624849759596,5000
29,8,-0.25199622521033654,-1.5776652644230769,-1.3256690392127404,0.0013076996239961302,-0.0014728774519133193,-0.0033129882812499996,-0.0013671875,2.641681377704327,-0.94649658203125,-3.588177959735577,0.000735283611087544,-0.0005740992241568082,-0.0014629657451923077,-0.0016357421875,-0.0005869704026442308,0.0,-0.004736703725961538,-0.0017822265625000002,-0.1515625,2.385986328125,-0.0018500225360576924,-0.003125,0.46153846153846156,0.5307692307692308,0.43846153846153846,-0.005628986065204326,0.0018579876239483138,5000
29,9,-0.2532686673677884,-1.5780866887019231,-1.3248180213341347,0.001345516831723551,-0.002136659066030527,-0.0045854304387019235,-0.0022705078125,2.6413105656550475,-0.9466469163161059,-3.587957481971154,0.0007417718479402191,-0.0007318667214761921,-0.0018337777944711538,-0.0015625,-0.0011520620492788463,-0.0010498046875000002,-0.0045384803185096155,-0.0024169921874999997,-0.15468749999999998,2.38720703125,-0.0027516526442307693,-0.0005615234375,0.4,0.5307692307692308,0.4846153846153846,-0.0066922466571514416,0.0010860407902644196,5000
29,10,-0.2534186260516827,-1.578176081730769,-1.3247574556790864,0.0013316613009074902,-0.00254794887380401,-0.004735389122596154,-0.003662109375,2.6428437687800477,-0.9461090557391827,-3.588952824519231,0.0007573035392875387,-0.0006094117595055037,-0.00030057466947115355,0.0,-0.0006202110877403844,-0.00078125,-0.003955359825721154,-0.003125,-0.1546875,2.39091796875,-0.004434814453125,-0.00625,0.3923076923076923,0.4846153846153846,0.38461538461538464,-0.007956277700570913,-0.0008872563288762012,5000
29,11,-0.2527238581730769,-1.57775390625,-1.325030048076923,0.0013364487287005455,-0.0020280090974816134,-0.004040621243990385,-0.00234375,2.641141826923077,-0.9470708759014422,-3.5882127028245194,0.0007367644595610052,0.00035292774597301036,-0.002002516526442307,-0.0015625,-0.00041860727163461523,-0.00078125,-0.004883657602163461,-0.00390625,-0.15390625,2.383349609375,-0.0020381047175480767,-0.00087890625,0.4,0.5615384615384615,0.4461538461538462,-0.005532883864182693,0.001506490854116581,5000
29,12,-0.25259305513822117,-1.5777869591346154,-1.3251939039963943,0.0013067231153553861,-0.001976243903372302,-0.003909818209134616,-0.0021240234375,2.6419977276141826,-0.9469530310997595,-3.5889507587139424,0.0007375555908474159,-0.0013058541261561725,-0.0011466158353365384,0.0,-0.001051588792067308,-0.0009765625,-0.005007605919471154,-0.003515625,-0.153125,2.390478515625,-0.002763202373798077,-0.0016601562500000002,0.4153846153846154,0.49230769230769234,0.4230769230769231,-0.006358323317307691,0.0008440082256610551,5000
29,13,-0.2528435809795673,-1.5777043269230768,-1.3248607459435098,0.0013081087003714875,-0.002010632292332185,-0.00416034405048077,-0.00224609375,2.642259427584135,-0.946289813701923,-3.588549241286058,0.000732479777221044,-0.000900852987070814,-0.0008849158653846151,-0.00107421875,-0.0005922288161057693,0.0,-0.004582989032451923,-0.0015625,-0.1515625,2.386572265625,-0.0032754281850961545,-0.002587890625,0.38461538461538464,0.5230769230769231,0.43846153846153846,-0.00667785409780649,-5.9488149789664196e-05,5000
29,14,-0.2535228553185096,-1.5781535456730769,-1.324630690354567,0.0012983969962170544,-0.0025505361646740773,-0.004839618389423077,-0.003125,2.6422319148137023,-0.9466131122295672,-3.588845027043269,0.0007312704845663317,-0.0015986085161784833,-0.0009124286358173076,-0.001220703125,-0.0015767728365384613,-0.00078125,-0.004023625300480769,-0.00234375,-0.15234375,2.392138671875,-0.003927189753605769,-0.002734375,0.38461538461538464,0.5230769230769231,0.4461538461538462,-0.007606217604417065,-0.0003386958195613021,5000
29,15,-0.25401151216947115,-1.5786283052884615,-1.3246167931189903,0.001343524068339277,-0.002751761652706953,-0.005328275240384615,-0.003955078125,2.6417443847656252,-0.9465932053786058,-3.588337590144231,0.0007376044291656684,-0.0008707161391299848,-0.0013999586838942305,-0.0009765625,-0.0006832181490384615,-0.0015625,-0.004424485426682692,-0.0021484375,-0.148828125,2.390673828125,-0.003928316556490385,-0.003515625,0.4,0.5461538461538461,0.4307692307692308,-0.007498563326322115,-0.0005641033466045756,5000
29,16,-0.25292311448317306,-1.5782234074519228,-1.3253002929687503,0.0013705548701012928,-0.002003073354064809,-0.0042398775540865375,-0.00322265625,2.642383469801683,-0.946568603515625,-3.588952073317308,0.0007225766869938293,-0.0002458195702096615,-0.0007608736478365387,-0.000390625,-0.0010342172475961541,-0.0015625,-0.004279503455528846,-0.0025390624999999997,-0.153125,2.391650390625,-0.0034790039062499996,-0.0027587890625,0.36923076923076925,0.5,0.4461538461538462,-0.0070067068246694696,0.00011380239633413196,5000
29,17,-0.25291015625,-1.5778680889423076,-1.3249579326923078,0.0013246702871526647,-0.002196962053563537,-0.004226919320913462,-0.0029296875,2.641715087890625,-0.9462296236478365,-3.587944711538462,0.0007273774628800334,-3.886605834999319e-05,-0.0014292555588942305,-0.0011718750000000002,-0.000956280048076923,-0.001220703125,-0.0047412109374999995,-0.00234375,-0.15390625000000002,2.387646484375,-0.0027976637620192304,-0.0033203125000000003,0.4,0.5153846153846153,0.4076923076923077,-0.0065406940166766805,0.0008550015963040836,5000
29,18,-0.2525968111478366,-1.5775277944711539,-1.3249309833233174,0.0013066652292993656,-0.0015953361946229529,-0.00391357421875,-0.00263671875,2.6421664663461537,-0.9466306715745193,-3.5887971379206736,0.0007377467819803267,-0.0005758456369112802,-0.0009778771033653847,-0.0009765625,-0.0007130784254807695,0.000390625,-0.0042378117487980775,-0.0015625,-0.15078124999999998,2.388427734375,-0.0029356971153846156,-0.0025390625,0.4307692307692308,0.5384615384615384,0.4461538461538462,-0.006567774846003607,0.0006539799616887003,5000
29,19,-0.2532740196814903,-1.5783984375,-1.3251244178185095,0.0013285237277234113,-0.0024125052652138497,-0.0045907827524038465,-0.0025390624999999997,2.6424854454627402,-0.946405029296875,-3.5888904747596153,0.0007319909934052961,-0.0005552571142880514,-0.0006588979867788459,-0.0010009765625,-0.00039419320913461526,-0.000146484375,-0.0046357609675480764,-0.002734375,-0.15546875,2.38662109375,-0.003931884765625,-0.0021484375,0.38461538461538464,0.5307692307692308,0.4307692307692308,-0.007416001539963941,-0.0004681044358473599,5000
29,20,-0.2533297025240385,-1.5782887620192307,-1.3249590594951923,0.0013620074543497392,-0.0020537697299266256,-0.0046464655949519235,-0.0029296875,2.642217266376202,-0.946894061748798,-3.589111328125,0.0007557389071204222,-0.00040796355126429166,-0.000927077073317308,-0.0012695312499999998,-0.0009586275540865381,0.0,-0.0042732121394230774,-0.003125,-0.15234375,2.3904785156250004,-0.0037193885216346154,-0.00078125,0.4307692307692308,0.5307692307692308,0.43846153846153846,-0.007376509446364183,-0.00019661536583534146,5000
29,21,-0.2534903658353365,-1.5780904447115385,-1.324600078876202,0.0013192875533207188,-0.0025079152391091824,-0.0048071289062499994,-0.00400390625,2.6430047137920676,-0.9460160945012018,-3.5890208082932693,0.0007431269750104071,-0.001082847008274023,-0.00013962965745192306,-7.32421875e-05,-0.0004965444711538463,0.0,-0.0045624248798076935,-0.003125,-0.15390625,2.386181640625,-0.004667499248798078,-0.0046875,0.38461538461538464,0.5,0.4076923076923077,-0.008088287353515623,-0.0013040513258713957,5000
29,22,-0.25316199669471157,-1.5779920372596152,-1.3248300405649038,0.0013346828429803511,-0.0020997574298424566,-0.004478759765625,-0.003125,2.6416970590444713,-0.9466499211237981,-3.5883469801682693,0.0007357279178660292,-0.00020654060067882424,-0.0014472844050480772,-0.0015625,-0.0005794583834134615,0.0,-0.004335374098557693,-0.00234375,-0.1515625,2.38642578125,-0.003031475360576923,-0.003125,0.36153846153846153,0.5307692307692308,0.43846153846153846,-0.006500352125901445,0.0003343904935396576,5000
29,23,-0.2527015099158654,-1.5782061298076921,-1.3255046198918268,0.0013458113067623067,-0.0019650586352376273,-0.004018272986778845,-0.0015625,2.6420875901442313,-0.9463654972956732,-3.5884530874399037,0.0007320903970523833,-0.0003782576824646899,-0.0010567533052884613,0.0,-0.0013651216947115385,-0.0011718750000000002,-0.0044443922776442315,-0.002978515625,-0.15234375,2.39033203125,-0.0029615196814903847,-0.0009765625,0.4153846153846154,0.4846153846153846,0.46923076923076923,-0.006456000694861777,0.0003305429311899034,5000
29,24,-0.25369544396033655,-1.5787154447115388,-1.3250200007512019,0.0013064172421616254,-0.0022895343190688475,-0.005012207031250001,-0.0046875,2.641642784705529,-0.9468159367487979,-3.588458721454327,0.0007344004891449194,0.0001604369434797071,-0.0015015587439903845,-0.0015625,-0.0018914325420673075,-9.765625e-05,-0.004520357572115385,-0.003759765625,-0.15234375,2.389794921875,-0.0035106482872596157,-0.0013427734375,0.4076923076923077,0.5384615384615384,0.46153846153846156,-0.00701031024639423,1.3523982121393442e-05,5000
29,25,-0.2533954326923077,-1.578282752403846,-1.3248873197115385,0.0013413128487320472,-0.0027467125007674263,-0.004712195763221154,-0.0021484375,2.6419147198016826,-0.9467994103064904,-3.588714130108173,0.0007491126500033754,-0.0004963751797928179,-0.0012296236478365385,-0.0022949218749999997,-0.0005380483774038463,0.0,-0.004289362980769231,-0.003125,-0.15234375,2.38974609375,-0.0034825721153846152,-0.001611328125,0.4,0.5461538461538461,0.45384615384615384,-0.00727307833158053,0.00011148071289062297,5000
29,26,-0.25259136493389417,-1.5782865084134616,-1.3256951434795676,0.0013465911032421727,-0.002207330205355984,-0.003908128004807693,-0.0021484375,2.6417210036057694,-0.9464227764423077,-3.588143780048077,0.0007342684943601836,-0.0008848743308384261,-0.00142333984375,0.0,-0.0011825796274038461,-0.0014404296875,-0.004316500150240384,-0.0025390624999999997,-0.15234375,2.389404296875,-0.0024847881610576927,-0.001708984375,0.43846153846153846,0.4846153846153846,0.43846153846153846,-0.006023817795973557,0.0008794860839843749,5000
29,27,-0.25346858097956726,-1.5783946814903849,-1.324926100510817,0.0013396166517936864,-0.0022348699041729323,-0.004785344050480769,-0.003125,2.641290471003606,-0.9468660794771635,-3.5881565504807695,0.0007167563745340431,-0.0008131135492865425,-0.0018538724459134612,0.0,-0.0007060359074519231,0.0,-0.00540771484375,-0.00390625,-0.153125,2.390771484375,-0.0029314716045673074,-0.001953125,0.4153846153846154,0.49230769230769234,0.43846153846153846,-0.006535395695612982,0.0008004033015324488,5000
29,28,-0.2531010554387019,-1.5780987079326922,-1.3249976524939904,0.0013216094550925522,-0.001963857991313881,-0.004417818509615385,-0.003125,2.6424822528545677,-0.9464393967848557,-3.588921649639423,0.0007433412965584574,-0.0002512208365596828,-0.0006620905949519231,-0.0005859375000000001,-0.0013009878305288462,-0.00078125,-0.004666841947115385,-0.00234375,-0.15078124999999998,2.384521484375,-0.0037557279146634617,-0.002490234375,0.36923076923076925,0.5153846153846153,0.4,-0.007369666466346156,-0.00015740732046274123,5000
29,29,-0.2532999361478366,-1.5778951322115384,-1.324595196063702,0.0013264760971665214,-0.0019201927132449451,-0.00461669921875,-0.003515625,2.6422407414362983,-0.9464878493088942,-3.588728590745192,0.0007471905859452404,-5.742322790438525e-05,-0.0009036020132211539,-0.00078125,-0.00033062274639423047,-0.0001953125,-0.004298001802884616,-0.0044921875,-0.15390625,2.386376953125,-0.0037130972055288464,-0.001953125,0.38461538461538464,0.5307692307692308,0.4461538461538462,-0.0072689701960637005,-0.000389256403996396,5000
29,30,-0.2536658653846154,-1.578180588942308,-1.324514723557692,0.0013102217658283865,-0.002484333783806332,-0.004982628455528846,-0.0037109375,2.6422878793569713,-0.9464440917968749,-3.5887319711538463,0.0007346887070546854,-0.0003412694804366625,-0.0008564640925480769,-0.0011718750000000002,-0.0011604191706730768,-0.00078125,-0.004470027043269231,-0.00234375,-0.15468749999999998,2.391650390625,-0.0041261643629807694,-0.0022705078125,0.4230769230769231,0.5076923076923077,0.4461538461538462,-0.007866537240835338,-0.0006203941932091359,5000
29,31,-0.2534442608173077,-1.5780829326923078,-1.3246386718750003,0.001302960725634847,-0.0025408040579019075,-0.004761023888221154,-0.0044921875,2.6413965782752404,-0.9465836275540866,-3.5879802058293273,0.0007474076859075305,0.0005583027165058848,-0.0017477651742788464,0.0,-0.0010411658653846152,-0.000390625,-0.0038989257812500006,-0.00078125,-0.15,2.3896484375,-0.0030132587139423076,-0.0025146484375,0.38461538461538464,0.49230769230769234,0.4307692307692308,-0.006497955322265624,0.00038589712289663423,5000
30,0,-0.253245849609375,-1.5782466947115383,-1.3250008451021633,0.0013062142132953703,-0.002462547636465236,-0.004562612680288462,-0.003515625,2.6415743314302884,-0.9468868314302884,-3.588461162860577,0.0007421265092509066,-2.434515568666247e-05,-0.0015700120192307693,-0.001953125,-0.0010472693810096153,-0.00078125,-0.004515756460336538,-0.00157470703125,-0.15234375,2.39169921875,-0.0029926006610576923,-0.0011718750000000002,0.4230769230769231,0.5461538461538461,0.45384615384615384,-0.006554448054387018,0.0004764075646033601,5000
30,1,-0.2535132774939904,-1.5783924278846153,-1.3248791503906248,0.0013240429634520233,-0.002224065584184763,-0.004830040564903847,-0.00234375,2.641642127403846,-0.946547100360577,-3.588189227764423,0.0007418616834601677,0.0003339084590365216,-0.0015022160456730769,-0.0020996093750000003,-0.001277606670673077,-0.0017578125,-0.004341759314903847,-0.001171875,-0.15234375,2.389892578125,-0.003327824519230769,-0.00380859375,0.38461538461538464,0.5615384615384615,0.4307692307692308,-0.006907850999098557,0.0001944720928485535,5000
30,2,-0.2532419996995192,-1.5780634014423076,-1.3248214017427884,0.001319145053722048,-0.00214814946844221,-0.004558762770432692,-0.00185546875,2.641665508563702,-0.9468219463641827,-3.5884874549278853,0.0007192025583145107,-4.660085229034968e-06,-0.001478834885817308,-0.00146484375,-0.0018223219651442306,-0.0015625,-0.004557635967548076,-0.00234375,-0.15234375,2.3897460937500004,-0.0030799278846153836,-0.00224609375,0.4076923076923077,0.5461538461538461,0.4153846153846154,-0.006569972111628608,0.0003452758789062507,5000
30,3,-0.25341759314903844,-1.5781850961538462,-1.3247675030048076,0.0013187820846990122,-0.002164005632368784,-0.0047343562199519225,-0.00234375,2.6415363957331737,-0.9464389272836539,-3.587975323016827,0.0007418238026471415,9.364272138656841e-05,-0.0016079477163461542,-0.0015625,-0.001144080528846154,-0.0015625,-0.004564208984375,-0.00234375,-0.15234375,2.389599609375,-0.0031264085036057697,-0.00234375,0.4076923076923077,0.5461538461538461,0.46923076923076923,-0.006743363600510816,0.0004212317833533625,5000
30,4,-0.25339824969951924,-1.5784292367788462,-1.3250309870793269,0.0013267924393713612,-0.0022136832639812008,-0.004715012770432693,-0.0031005859375,2.6418382850060094,-0.9468891789362982,-3.5887274639423072,0.0007239144119170242,-0.0003089522736487408,-0.0013060584435096155,-0.0015625,-0.0014602426382211537,-0.001708984375,-0.004805814302884615,-0.002734375,-0.1515625,2.3902343750000004,-0.0034089543269230768,-0.00093994140625,0.4153846153846154,0.5461538461538461,0.43846153846153846,-0.007022207406850961,0.00010679274338941566,5000
30,5,-0.25321589543269224,-1.5785238882211536,-1.3253079927884615,0.0012975645125175,-0.001998906160640326,-0.004532658503605769,-0.0017578125,2.6417610990084137,-0.9463019268329327,-3.588063025841347,0.0007252047891293331,0.00014535389427293866,-0.0013832444411057694,-0.0010009765625,-0.001486628605769231,-0.0015625,-0.004601299579326922,-0.00234375,-0.15234375,2.39130859375,-0.0031494140625,-0.0025390624999999997,0.4153846153846154,0.5307692307692308,0.4461538461538462,-0.006764009915865386,0.0003468228853665854,5000
30,6,-0.2532804987980769,-1.5780153245192305,-1.324734825721154,0.0013204260495340062,-0.0022041864507831343,-0.004597261868990384,-0.00234375,2.6417518028846154,-0.9464580829326923,-3.5882098858173075,0.0007357964948717044,-0.00016061673434317452,-0.0013925405649038462,-0.0013916015625,-0.0013584547776442305,-0.0015625,-0.004880558894230769,-0.0015625,-0.1515625,2.38994140625,-0.0032047213040865383,-0.002099609375,0.4153846153846154,0.5384615384615384,0.46153846153846156,-0.006921950120192307,0.0004053297776442303,5000
30,7,-0.252991473858173,-1.577898888221154,-1.3249074143629807,0.0013234153114619208,-0.002021992171987358,-0.004308236929086539,-0.00078125,2.6416486065204325,-0.9465150803786058,-3.5881636868990383,0.000728080609181167,-0.00016228567146839767,-0.001495736929086538,-0.0016601562500000002,-0.0011459585336538462,-0.00078125,-0.004501201923076924,-0.0028076171875,-0.15234375,2.388232421875,-0.0028125,-0.0020996093750000003,0.4461538461538462,0.5384615384615384,0.46153846153846156,-0.0064066889836237985,0.000663125845102162,5000
30,8,-0.253226318359375,-1.5781588040865384,-1.3249324857271634,0.0013028782563045908,-0.0023501180954280825,-0.004543081430288462,-0.0017578125,2.641297137920673,-0.9463521634615384,-3.5876493013822115,0.0007368649507154915,-0.00025274535910619993,-0.0018472055288461537,-0.0017578125,-0.0015549879807692309,-0.0025390624999999997,-0.0048075984074519235,-0.0025390624999999997,-0.1515625,2.3916015625,-0.0026958759014423083,-0.002880859375,0.4076923076923077,0.5692307692307692,0.46153846153846156,-0.006275606595552885,0.0007398634690504791,5000
30,9,-0.25322021484375,-1.5784863281250001,-1.32526611328125,0.0013088410142700266,-0.0026172892764696944,-0.0045369779146634615,-0.001910400390625,2.6414500075120197,-0.9465131084735576,-3.587963115985577,0.0007467769237580726,0.00024562855268118387,-0.0016943359375000003,-0.0015625,-0.001643817608173077,-0.0011962890625,-0.004970703125000001,-0.001910400390625,-0.15234375,2.390185546875,-0.0028426419771634616,-0.0013671875,0.4230769230769231,0.5538461538461539,0.46923076923076923,-0.006585317758413462,0.0007552865835336531,5000
30,10,-0.2536089618389423,-1.5779905348557692,-1.324381573016827,0.001313869788582533,-0.0022216569103744328,-0.004925724909855768,-0.00234375,2.642243464543269,-0.9464415564903845,-3.5886850210336543,0.0007421392723160041,-0.0003848555077376927,-0.0009008789062500001,-0.0008300781250000001,-0.0014329176682692307,-0.0016601562500000002,-0.004274808443509615,-0.0020751953125,-0.1515625,2.38544921875,-0.00402484600360577,-0.003125,0.3923076923076923,0.5076923076923077,0.4230769230769231,-0.0074401432917668275,-0.0006059265136718748,5000
30,11,-0.2532952411358173,-1.578182842548077,-1.3248876014122595,0.0013068344789380188,-0.0020889757707537363,-0.00461200420673077,-0.002490234375,2.641443903996394,-0.9469083345853365,-3.588352238581731,0.0007381441838097127,0.0001864422444238495,-0.0017004394531250002,-0.0017578125,-0.001236008864182692,-0.00078125,-0.004771165114182692,-0.001953125,-0.1515625,2.3892578125,-0.0029115647536057695,-0.0015625,0.3923076923076923,0.5538461538461539,0.46923076923076923,-0.006451526348407452,0.0005786602313701918,5000
30,12,-0.25310021033653846,-1.5779732572115384,-1.3248730468749998,0.0013015260278348764,-0.0018627349839280276,-0.004416973407451923,-0.00234375,2.6415879469651444,-0.9466587477463941,-3.588246694711539,0.000740749330326719,-0.0002846957557775497,-0.0015563964843750002,-0.0016601562500000002,-0.001473670372596154,-0.0009277343750000001,-0.004822904146634615,-0.001708984375,-0.15234375,2.39150390625,-0.0028605769230769227,-0.0013916015625,0.4307692307692308,0.5230769230769231,0.46923076923076923,-0.006388298621544471,0.0005896935096153837,5000
30,13,-0.2531698843149039,-1.577751652644231,-1.324581768329327,0.0013109922735789945,-0.001946314671287961,-0.004486647385817308,-0.00234375,2.641138070913462,-0.9468122746394231,-3.587950345552885,0.0007439475592915021,-0.0007452014024201483,-0.002006272536057692,-0.0012939453125,-0.0008374023437500001,-0.0015625,-0.0047378305288461545,-0.001953125,-0.153125,2.387060546875,-0.0024803748497596156,-0.0013671875,0.36923076923076925,0.5384615384615384,0.4307692307692308,-0.0060294447678786054,0.0010344003530649,5000
30,14,-0.2534622896634615,-1.578466796875,-1.3250045072115384,0.0013361969424586049,-0.002221651722988431,-0.004779052734375,-0.00234375,2.6408897047776447,-0.9466805326021636,-3.587570237379808,0.0007435538312085422,0.0002488780512016329,-0.002254638671875,-0.00224609375,-0.0010192871093750002,-0.0010498046875000002,-0.004512845552884615,-0.0015625,-0.15000000000000002,2.389892578125,-0.002524414062499999,-0.0015625,0.36153846153846153,0.5692307692307692,0.45384615384615384,-0.0060431189903846156,0.0009024024376502302,5000
30,15,-0.25329711914062497,-1.578435997596154,-1.3251388784555287,0.001322036092505069,-0.002150376208806602,-0.004613882211538461,-0.0025390624999999997,2.6417938701923074,-0.946922137920673,-3.5887160081129807,0.0007479759103912138,-0.00023321840347337566,-0.0013504732572115386,-0.00078125,-0.001500995342548077,-0.0017578125,-0.004342134915865385,-0.0010498046875,-0.1515625,2.385791015625,-0.003263408954326923,-0.0025390624999999997,0.3769230769230769,0.5384615384615384,0.4461538461538462,-0.006858428955078125,0.00022999220628004368,5000
30,16,-0.25345308743990386,-1.5783263221153847,-1.3248732346754808,0.001319941245136538,-0.002378995572049825,-0.004769850510817308,-0.0029296875,2.6416285118689906,-0.9464116023137019,-3.5880401141826925,0.0007535789430673123,6.470293064181973e-05,-0.0015158315805288462,-0.0005859375000000001,-0.0019270207331730771,-0.0015625,-0.004631253756009615,-0.0025634765625,-0.15390625000000002,2.3902832031249996,-0.0032540189302884617,-0.0035400390625,0.3923076923076923,0.5153846153846153,0.4307692307692308,-0.0069088134765625,0.00028839580829326977,5000
30,17,-0.25315166766826924,-1.578292518028846,-1.3251408503605768,0.0013208745268697287,-0.002006655596042954,-0.004468430739182693,-0.00269775390625,2.641080979567308,-0.9466068209134615,-3.587687800480769,0.0007309276496582126,6.08511669083804e-06,-0.0020633638822115385,-0.0015625,-0.0009177809495192307,-0.0010009765625,-0.004538949819711538,-0.0025390624999999997,-0.15390625,2.388525390625,-0.0024050668569711537,-0.0015625,0.4,0.5615384615384615,0.4461538461538462,-0.00604296640249399,0.0011377422626201905,5000
30,18,-0.25336716871995196,-1.578152794471154,-1.3247856257512018,0.001302691820040932,-0.002454789767711942,-0.004683931790865385,-0.0017578125,2.6411033278245193,-0.9465754582331731,-3.5876787860576926,0.0007475723253758122,-0.0004566951163248788,-0.0020410156250000003,-0.0011962890625,-0.0011651141826923082,-0.0013916015625,-0.004414344200721154,-0.0009765625,-0.1515625,2.386181640625,-0.0026429161658653847,-0.0013916015625,0.4076923076923077,0.5230769230769231,0.46923076923076923,-0.00625537344125601,0.0008535672701322089,5000
30,19,-0.253047344501202,-1.5778898737980769,-1.3248425292968748,0.001327502814711212,-0.0020796113617773944,-0.004364107572115385,-0.0017578125,2.641827955979567,-0.9463950758713942,-3.5882230318509616,0.0007324555584459975,3.639034232489261e-05,-0.0013163874699519229,-0.0015625,-0.0015563964843749998,-0.0015625,-0.004253305288461539,-0.001611328125,-0.149609375,2.3869140625,-0.0030477201021634616,-0.00244140625,0.4,0.5538461538461539,0.4230769230769231,-0.006526688795823316,0.00040509972205528873,5000
30,20,-0.2530517578125,-1.5779101562500002,-1.3248583984375,0.001312787456914641,-0.0020778971667451598,-0.004368520883413462,-0.0021484375,2.6414181753305286,-0.9467331167367787,-3.588151292067308,0.000718113118945137,6.189912381504132e-05,-0.0017261681189903843,-0.0012939453125000002,-0.001660719651442308,-0.0013671875,-0.004719613882211538,-0.0021484375,-0.15234375,2.390087890625,-0.002642352764423078,-0.001953125,0.4307692307692308,0.5307692307692308,0.45384615384615384,-0.00625244140625,0.0008002601036658656,5000
30,21,-0.25288564828725957,-1.577919170673077,-1.3250335223858174,0.001292030657823933,-0.00180351075402056,-0.004202411358173077,-0.00234375,2.642285062349759,-0.9465423114483172,-3.588827373798077,0.0007342229698675209,-0.00030223474935962364,-0.0008592810997596152,-0.0015625,-0.002060171274038461,-0.00123291015625,-0.0045644906850961535,-0.0017333984375,-0.1515625,2.3902832031249996,-0.0033431302584134618,-0.0015625,0.4230769230769231,0.5230769230769231,0.45384615384615384,-0.006940023568960337,0.00014447490985576602,5000
30,22,-0.2534097055288462,-1.5784104567307693,-1.3250007512019228,0.0013232558229355105,-0.002352679547690298,-0.004726468599759615,-0.0029296875,2.641621563251202,-0.9467734938401442,-3.5883950570913465,0.0007274238836188663,-0.0003278267825104885,-0.0015227801983173075,-0.001220703125,-0.0014778958834134614,-0.0015625,-0.00421649639423077,-0.0014404296875,-0.15390625000000002,2.39072265625,-0.003203688401442307,-0.0010986328125,0.3923076923076923,0.5307692307692308,0.47692307692307695,-0.006859689565805288,0.0003397803673377394,5000
30,23,-0.2535604154146635,-1.5781678185096155,-1.3246074030949517,0.0012963050169094317,-0.0020095130433920704,-0.004877178485576923,-0.001953125,2.641903827373798,-0.9462987342247596,-3.5882025615985578,0.0007449434661946823,-0.0004348585344226046,-0.0012405160757211538,-0.00078125,-0.0015047513521634613,-0.0015625,-0.0045096529447115384,-0.00189208984375,-0.15390625000000002,2.3919921875,-0.003636662409855769,-0.0013671875,0.4230769230769231,0.5307692307692308,0.45384615384615384,-0.0073170025165264435,-9.7513052133422e-05,5000
30,24,-0.2530110051081731,-1.5781557992788462,-1.3251447941706729,0.0013244567526993355,-0.0019434024738538187,-0.004327768179086538,-0.002734375,2.642283090444711,-0.9461979792668269,-3.5884810697115386,0.0007364737856543133,-0.0008854712727471215,-0.0008612530048076923,-0.0013916015625,-0.0011776029146634615,-0.0015625,-0.004042405348557692,-0.0015625,-0.15234375,2.389892578125,-0.003466515174278846,-0.00234375,0.4,0.5230769230769231,0.4307692307692308,-0.007039872389573315,0.00011643160306489972,5000
30,25,-0.25352820763221157,-1.5784540264423077,-1.324925818810096,0.0013252901760754344,-0.002876657109599069,-0.004844970703125,-0.003125,2.6418918081430287,-0.9465002441406251,-3.5883920522836537,0.0007326871921190988,-0.000273473773057144,-0.0012525353064903847,0.0006103515625,-0.0014058743990384617,-0.001953125,-0.004471529447115385,-0.001171875,-0.15234375,2.3904296875,-0.0035924353966346155,-0.00361328125,0.3769230769230769,0.47692307692307695,0.4307692307692308,-0.007123159555288462,-1.1455829326925436e-05,5000
30,26,-0.2532589017427884,-1.5778936298076924,-1.3246347280649038,0.0013061701401626852,-0.002210701113925121,-0.004575664813701923,-0.003125,2.6410934682992786,-0.9467096416766826,-3.5878031099759613,0.0007409084724956881,0.0004648334490899916,-0.002050875150240385,-0.00234375,-0.0010053898737980766,-0.0015625,-0.00442157451923077,-0.0015625,-0.15234375,2.3888671875,-0.0025247896634615383,-0.0013671875,0.3923076923076923,0.5538461538461539,0.4846153846153846,-0.0059860534667968745,0.0008792231633112963,5000
30,27,-0.25334397536057696,-1.5783608774038462,-1.3250169020432692,0.0013123272487239157,-0.0020375804528054244,-0.004660738431490384,-0.00234375,2.6417018479567305,-0.9463746995192309,-3.5880765474759615,0.000726291528727778,-0.00011218539667349083,-0.0014424954927884615,-0.0015625,-0.0015929236778846152,-0.001953125,-0.004285325270432692,-0.0013671875,-0.15234375,2.38388671875,-0.003218242938701923,-0.0032958984375,0.4076923076923077,0.5461538461538461,0.4461538461538462,-0.006976046048677885,0.0003282165527343676,5000
30,28,-0.25356313852163465,-1.5778117487980767,-1.3242486102764426,0.0013225089484389223,-0.0024712096672386136,-0.0048799015925480764,-0.00185546875,2.641869929387019,-0.9466334885817308,-3.5885034179687505,0.0007354678878963009,0.00019170447739451274,-0.0012744140624999997,-0.001318359375,-0.0018301156850961536,-0.0015625,-0.004477257361778847,-0.0021484375,-0.153125,2.387060546875,-0.0036054875300480763,-0.0029296875,0.43846153846153846,0.5307692307692308,0.4307692307692308,-0.007204655573918269,-9.689800555889756e-05,5000
30,29,-0.2531660344050481,-1.5781783353365384,-1.3250123009314905,0.0013088383811387704,-0.0023582699717175424,-0.0044827974759615394,-0.0017578125,2.641855844350961,-0.9466586538461539,-3.5885144981971147,0.0007406541967437403,-0.0009679064879925942,-0.0012884990985576922,-0.0011962890625,-0.0015318885216346154,-0.001318359375,-0.004235464242788462,-0.0018310546875,-0.15234375,2.3897460937500004,-0.003194298377403846,-0.0016357421875,0.4461538461538462,0.5307692307692308,0.4461538461538462,-0.006907583383413459,0.0004448429987980695,5000
30,30,-0.25341656024639425,-1.5781790865384617,-1.3247625262920675,0.0013204757537160178,-0.0023124943981016823,-0.004733323317307692,-0.0023193359375,2.641742225060096,-0.9468124624399039,-3.5885546875000003,0.000726135967699447,-0.00025035447025675145,-0.001402118389423077,-0.0015625,-0.001196758563701923,-0.0021484375,-0.005014178936298077,-0.002734375,-0.1515625,2.390087890625,-0.003331204927884615,-0.001953125,0.4,0.5538461538461539,0.4461538461538462,-0.00695531287560096,0.0002801654522235527,5000
30,31,-0.25306790865384615,-1.577947716346154,-1.3248798076923076,0.0013197967490958156,-0.002052455663338842,-0.004384671724759616,-0.0017578125,2.6418303973858173,-0.9465594012920674,-3.588389798677884,0.0007402989326344182,-0.000594584475314892,-0.001313946063701923,-0.001123046875,-0.0011099008413461538,-0.001123046875,-0.0041622220552884615,-0.0010986328125,-0.1515625,2.388134765625,-0.003070725661057693,-0.002099609375,0.4153846153846154,0.5461538461538461,0.4461538461538462,-0.0065994027944711545,0.00047299194335937583,5000
31,0,-0.25310828575721156,-1.5782842548076923,-1.325175969050481,0.0013457630430400906,-0.0020509367498875554,-0.004425048828125,-0.0021484375,2.641796217698317,-0.946619873046875,-3.588416090745192,0.0007350668323554207,-0.00027726830395416284,-0.0013481257512019229,-0.0010009765625,-0.0013481257512019229,-0.0010009765625,-0.004425048828125,-0.0021484375,-0.1515625,2.386669921875,-0.003076923076923076,-0.00146484375,0.4076923076923077,0.5307692307692308,0.46153846153846156,-0.00646161592923678,0.00033092322716346155,5000
31,1,-0.25310828575721156,-1.5782842548076923,-1.325175969050481,0.0013457630430400906,-0.0020509367498875554,-0.004425048828125,-0.0021484375,2.641796217698317,-0.946619873046875,-3.588416090745192,0.0007350668323554207,-0.00027726830395416284,-0.0013481257512019229,-0.0010009765625,-0.0013481257512019229,-0.0010009765625,-0.004425048828125,-0.0021484375,-0.1515625,2.386669921875,-0.003076923076923076,-0.00146484375,0.4076923076923077,0.5307692307692308,0.46153846153846156,-0.00646161592923678,0.00033092322716346155,5000
31,2,-0.25310828575721156,-1.5782842548076923,-1.325175969050481,0.0013457630430400906,-0.0020509367498875554,-0.004425048828125,-0.0021484375,2.641796217698317,-0.946619873046875,-3.588416090745192,0.0007350668323554207,-0.00027726830395416284,-0.0013481257512019229,-0.0010009765625,-0.0013481257512019229,-0.0010009765625,-0.004425048828125,-0.0021484375,-0.1515625,2.386669921875,-0.003076923076923076,-0.00146484375,0.4076923076923077,0.5307692307692308,0.46153846153846156,-0.00646161592923678,0.00033092322716346155,5000
31,3,-0.25310828575721156,-1.5782842548076923,-1.325175969050481,0.0013457630430400906,-0.0020509367498875554,-0.004425048828125,-0.0021484375,2.641796217698317,-0.946619873046875,-3.588416090745192,0.0007350668323554207,-0.00027726830395416284,-0.0013481257512019229,-0.0010009765625,-0.0013481257512019229,-0.0010009765625,-0.004425048828125,-0.0021484375,-0.1515625,2.386669921875,-0.003076923076923076,-0.00146484375,0.4076923076923077,0.5307692307692308,0.46153846153846156,-0.00646161592923678,0.00033092322716346155,5000
31,4,-0.25310828575721156,-1.5782842548076923,-1.325175969050481,0.0013457630430400906,-0.0020509367498875554,-0.004425048828125,-0.0021484375,2.641796217698317,-0.946619873046875,-3.588416090745192,0.0007350668323554207,-0.00027726830395416284,-0.0013481257512019229,-0.0010009765625,-0.0013481257512019229,-0.0010009765625,-0.004425048828125,-0.0021484375,-0.1515625,2.386669921875,-0.003076923076923076,-0.00146484375,0.4076923076923077,0.5307692307692308,0.46153846153846156,-0.00646161592923678,0.00033092322716346155,5000
31,5,-0.25310828575721156,-1.5782842548076923,-1.325175969050481,0.0013457630430400906,-0.0020509367498875554,-0.004425048828125,-0.0021484375,2.641796217698317,-0.946619873046875,-3.588416090745192,0.0007350668323554207,-0.00027726830395416284,-0.0013481257512019229,-0.0010009765625,-0.0013481257512019229,-0.0010009765625,-0.004425048828125,-0.0021484375,-0.1515625,2.386669921875,-0.003076923076923076,-0.00146484375,0.4076923076923077,0.5307692307692308,0.46153846153846156,-0.00646161592923678,0.00033092322716346155,5000
31,6,-0.25310828575721156,-1.5782842548076923,-1.325175969050481,0.0013457630430400906,-0.0020509367498875554,-0.004425048828125,-0.0021484375,2.641796217698317,-0.946619873046875,-3.588416090745192,0.0007350668323554207,-0.00027726830395416284,-0.0013481257512019229,-0.0010009765625,-0.0013481257512019229,-0.0010009765625,-0.004425048828125,-0.0021484375,-0.1515625,2.386669921875,-0.003076923076923076,-0.00146484375,0.4076923076923077,0.5307692307692308,0.46153846153846156,-0.00646161592923678,0.00033092322716346155,5000
31,7,-0.25310828575721156,-1.5782842548076923,-1.325175969050481,0.0013457630430400906,-0.0020509367498875554,-0.004425048828125,-0.0021484375,2.641796217698317,-0.946619873046875,-3.588416090745192,0.0007350668323554207,-0.00027726830395416284,-0.0013481257512019229,-0.0010009765625,-0.0013481257512019229,-0.0010009765625,-0.004425048828125,-0.0021484375,-0.1515625,2.386669921875,-0.003076923076923076,-0.00146484375,0.4076923076923077,0.5307692307692308,0.46153846153846156,-0.00646161592923678,0.00033092322716346155,5000
31,8,-0.25310828575721156,-1.5782842548076923,-1.325175969050481,0.0013457630430400906,-0.0020509367498875554,-0.004425048828125,-0.0021484375,2.641796217698317,-0.946619873046875,-3.588416090745192,0.0007350668323554207,-0.00027726830395416284,-0.0013481257512019229,-0.0010009765625,-0.0013481257512019229,-0.0010009765625,-0.004425048828125,-0.0021484375,-0.1515625,2.386669921875,-0.003076923076923076,-0.00146484375,0.4076923076923077,0.5307692307692308,0.46153846153846156,-0.00646161592923678,0.00033092322716346155,5000
31,9,-0.25310828575721156,-1.5782842548076923,-1.325175969050481,0.0013457630430400906,-0.0020509367498875554,-0.004425048828125,-0.0021484375,2.641796217698317,-0.946619873046875,-3.588416090745192,0.0007350668323554207,-0.00027726830395416284,-0.0013481257512019229,-0.0010009765625,-0.0013481257512019229,-0.0010009765625,-0.004425048828125,-0.0021484375,-0.1515625,2.386669921875,-0.003076923076923076,-0.00146484375,0.4076923076923077,0.5307692307692308,0.46153846153846156,-0.00646161592923678,0.00033092322716346155,5000
31,10,-0.25310828575721156,-1.5782842548076923,-1.325175969050481,0.0013457630430400906,-0.0020509367498875554,-0.004425048828125,-0.0021484375,2.641796217698317,-0.946619873046875,-3.588416090745192,0.0007350668323554207,-0.00027726830395416284,-0.0013481257512019229,-0.0010009765625,-0.0013481257512019229,-0.0010009765625,-0.004425048828125,-0.0021484375,-0.1515625,2.386669921875,-0.003076923076923076,-0.00146484375,0.4076923076923077,0.5307692307692308,0.46153846153846156,-0.00646161592923678,0.00033092322716346155,5000
31,11,-0.25310828575721156,-1.5782842548076923,-1.325175969050481,0.0013457630430400906,-0.0020509367498875554,-0.004425048828125,-0.0021484375,2.641796217698317,-0.946619873046875,-3.588416090745192,0.0007350668323554207,-0.00027726830395416284,-0.0013481257512019229,-0.0010009765625,-0.0013481257512019229,-0.0010009765625,-0.004425048828125,-0.0021484375,-0.1515625,2.386669921875,-0.003076923076923076,-0.00146484375,0.4076923076923077,0.5307692307692308,0.46153846153846156,-0.00646161592923678,0.00033092322716346155,5000
31,12,-0.25310828575721156,-1.5782842548076923,-1.325175969050481,0.0013457630430400906,-0.0020509367498875554,-0.004425048828125,-0.0021484375,2.641796217698317,-0.946619873046875,-3.588416090745192,0.0007350668323554207,-0.00027726830395416284,-0.0013481257512019229,-0.0010009765625,-0.0013481257512019229,-0.0010009765625,-0.004425048828125,-0.0021484375,-0.1515625,2.386669921875,-0.003076923076923076,-0.00146484375,0.4076923076923077,0.5307692307692308,0.46153846153846156,-0.00646161592923678,0.00033092322716346155,5000
31,13,-0.25310828575721156,-1.5782842548076923,-1.325175969050481,0.0013457630430400906,-0.0020509367498875554,-0.004425048828125,-0.0021484375,2.641796217698317,-0.946619873046875,-3.588416090745192,0.0007350668323554207,-0.00027726830395416284,-0.0013481257512019229,-0.0010009765625,-0.0013481257512019229,-0.0010009765625,-0.004425048828125,-0.0021484375,-0.1515625,2.386669921875,-0.003076923076923076,-0.00146484375,0.4076923076923077,0.5307692307692308,0.46153846153846156,-0.00646161592923678,0.00033092322716346155,5000
31,14,-0.25310828575721156,-1.5782842548076923,-1.325175969050481,0.0013457630430400906,-0.0020509367498875554,-0.004425048828125,-0.0021484375,2.641796217698317,-0.946619873046875,-3.588416090745192,0.0007350668323554207,-0.00027726830395416284,-0.0013481257512019229,-0.0010009765625,-0.0013481257512019229,-0.0010009765625,-0.004425048828125,-0.0021484375,-0.1515625,2.386669921875,-0.003076923076923076,-0.00146484375,0.4076923076923077,0.5307692307692308,0.46153846153846156,-0.00646161592923678,0.00033092322716346155,5000
31,15,-0.25310828575721156,-1.5782842548076923,-1.325175969050481,0.0013457630430400906,-0.0020509367498875554,-0.004425048828125,-0.0021484375,2.641796217698317,-0.946619873046875,-3.588416090745192,0.0007350668323554207,-0.00027726830395416284,-0.0013481257512019229,-0.0010009765625,-0.0013481257512019229,-0.0010009765625,-0.004425048828125,-0.0021484375,-0.1515625,2.386669921875,-0.003076923076923076,-0.00146484375,0.4076923076923077,0.5307692307692308,0.46153846153846156,-0.00646161592923678,0.00033092322716346155,5000
31,16,-0.25310828575721156,-1.5782842548076923,-1.325175969050481,0.0013457630430400906,-0.0020509367498875554,-0.004425048828125,-0.0021484375,2.641796217698317,-0.946619873046875,-3.588416090745192,0.0007350668323554207,-0.00027726830395416284,-0.0013481257512019229,-0.0010009765625,-0.0013481257512019229,-0.0010009765625,-0.004425048828125,-0.0021484375,-0.1515625,2.386669921875,-0.003076923076923076,-0.00146484375,0.4076923076923077,0.5307692307692308,0.46153846153846156,-0.00646161592923678,0.00033092322716346155,5000
31,17,-0.25310828575721156,-1.5782842548076923,-1.325175969050481,0.0013457630430400906,-0.0020509367498875554,-0.004425048828125,-0.0021484375,2.641796217698317,-0.946619873046875,-3.588416090745192,0.0007350668323554207,-0.00027726830395416284,-0.0013481257512019229,-0.0010009765625,-0.0013481257512019229,-0.0010009765625,-0.004425048828125,-0.0021484375,-0.1515625,2.386669921875,-0.003076923076923076,-0.00146484375,0.4076923076923077,0.5307692307692308,0.46153846153846156,-0.00646161592923678,0.00033092322716346155,5000
31,18,-0.25310828575721156,-1.5782842548076923,-1.325175969050481,0.0013457630430400906,-0.0020509367498875554,-0.004425048828125,-0.0021484375,2.641796217698317,-0.946619873046875,-3.588416090745192,0.0007350668323554207,-0.00027726830395416284,-0.0013481257512019229,-0.0010009765625,-0.0013481257512019229,-0.0010009765625,-0.004425048828125,-0.0021484375,-0.1515625,2.386669921875,-0.003076923076923076,-0.00146484375,0.4076923076923077,0.5307692307692308,0.46153846153846156,-0.00646161592923678,0.00033092322716346155,5000
31,19,-0.25310828575721156,-1.5782842548076923,-1.325175969050481,0.0013457630430400906,-0.0020509367498875554,-0.004425048828125,-0.0021484375,2.641796217698317,-0.946619873046875,-3.588416090745192,0.0007350668323554207,-0.00027726830395416284,-0.0013481257512019229,-0.0010009765625,-0.0013481257512019229,-0.0010009765625,-0.004425048828125,-0.0021484375,-0.1515625,2.386669921875,-0.003076923076923076,-0.00146484375,0.4076923076923077,0.5307692307692308,0.46153846153846156,-0.00646161592923678,0.00033092322716346155,5000
31,20,-0.25310828575721156,-1.5782842548076923,-1.325175969050481,0.0013457630430400906,-0.0020509367498875554,-0.004425048828125,-0.0021484375,2.641796217698317,-0.946619873046875,-3.588416090745192,0.0007350668323554207,-0.00027726830395416284,-0.0013481257512019229,-0.0010009765625,-0.0013481257512019229,-0.0010009765625,-0.004425048828125,-0.0021484375,-0.1515625,2.386669921875,-0.003076923076923076,-0.00146484375,0.4076923076923077,0.5307692307692308,0.46153846153846156,-0.00646161592923678,0.00033092322716346155,5000
31,21,-0.25310828575721156,-1.5782842548076923,-1.325175969050481,0.0013457630430400906,-0.0020509367498875554,-0.004425048828125,-0.0021484375,2.641796217698317,-0.946619873046875,-3.588416090745192,0.0007350668323554207,-0.00027726830395416284,-0.0013481257512019229,-0.0010009765625,-0.0013481257512019229,-0.0010009765625,-0.004425048828125,-0.0021484375,-0.1515625,2.386669921875,-0.003076923076923076,-0.00146484375,0.4076923076923077,0.5307692307692308,0.46153846153846156,-0.00646161592923678,0.00033092322716346155,5000
31,22,-0.25310828575721156,-1.5782842548076923,-1.325175969050481,0.0013457630430400906,-0.0020509367498875554,-0.004425048828125,-0.0021484375,2.641796217698317,-0.946619873046875,-3.588416090745192,0.0007350668323554207,-0.00027726830395416284,-0.0013481257512019229,-0.0010009765625,-0.0013481257512019229,-0.0010009765625,-0.004425048828125,-0.0021484375,-0.1515625,2.386669921875,-0.003076923076923076,-0.00146484375,0.4076923076923077,0.5307692307692308,0.46153846153846156,-0.00646161592923678,0.00033092322716346155,5000
31,23,-0.25310828575721156,-1.5782842548076923,-1.325175969050481,0.0013457630430400906,-0.0020509367498875554,-0.004425048828125,-0.0021484375,2.641796217698317,-0.946619873046875,-3.588416090745192,0.0007350668323554207,-0.00027726830395416284,-0.0013481257512019229,-0.0010009765625,-0.0013481257512019229,-0.0010009765625,-0.004425048828125,-0.0021484375,-0.1515625,2.386669921875,-0.003076923076923076,-0.00146484375,0.4076923076923077,0.5307692307692308,0.46153846153846156,-0.00646161592923678,0.00033092322716346155,5000
31,24,-0.25310828575721156,-1.5782842548076923,-1.325175969050481,0.0013457630430400906,-0.0020509367498875554,-0.004425048828125,-0.0021484375,2.641796217698317,-0.946619873046875,-3.588416090745192,0.0007350668323554207,-0.00027726830395416284,-0.0013481257512019229,-0.0010009765625,-0.0013481257512019229,-0.0010009765625,-0.004425048828125,-0.0021484375,-0.1515625,2.386669921875,-0.003076923076923076,-0.00146484375,0.4076923076923077,0.5307692307692308,0.46153846153846156,-0.00646161592923678,0.00033092322716346155,5000
31,25,-0.25310828575721156,-1.5782842548076923,-1.325175969050481,0.0013457630430400906,-0.0020509367498875554,-0.004425048828125,-0.0021484375,2.641796217698317,-0.946619873046875,-3.588416090745192,0.0007350668323554207,-0.00027726830395416284,-0.0013481257512019229,-0.0010009765625,-0.0013481257512019229,-0.0010009765625,-0.004425048828125,-0.0021484375,-0.1515625,2.386669921875,-0.003076923076923076,-0.00146484375,0.4076923076923077,0.5307692307692308,0.46153846153846156,-0.00646161592923678,0.00033092322716346155,5000
31,26,-0.25310828575721156,-1.5782842548076923,-1.325175969050481,0.0013457630430400906,-0.0020509367498875554,-0.004425048828125,-0.0021484375,2.641796217698317,-0.946619873046875,-3.588416090745192,0.0007350668323554207,-0.00027726830395416284,-0.0013481257512019229,-0.0010009765625,-0.0013481257512019229,-0.0010009765625,-0.004425048828125,-0.0021484375,-0.1515625,2.386669921875,-0.003076923076923076,-0.00146484375,0.4076923076923077,0.5307692307692308,0.46153846153846156,-0.00646161592923678,0.00033092322716346155,5000
31,27,-0.25310828575721156,-1.5782842548076923,-1.325175969050481,0.0013457630430400906,-0.0020509367498875554,-0.004425048828125,-0.0021484375,2.641796217698317,-0.946619873046875,-3.588416090745192,0.0007350668323554207,-0.00027726830395416284,-0.0013481257512019229,-0.0010009765625,-0.0013481257512019229,-0.0010009765625,-0.004425048828125,-0.0021484375,-0.1515625,2.386669921875,-0.003076923076923076,-0.00146484375,0.4076923076923077,0.5307692307692308,0.46153846153846156,-0.00646161592923678,0.00033092322716346155,5000
31,28,-0.25310828575721156,-1.5782842548076923,-1.325175969050481,0.0013457630430400906,-0.0020509367498875554,-0.004425048828125,-0.0021484375,2.641796217698317,-0.946619873046875,-3.588416090745192,0.0007350668323554207,-0.00027726830395416284,-0.0013481257512019229,-0.0010009765625,-0.0013481257512019229,-0.0010009765625,-0.004425048828125,-0.0021484375,-0.1515625,2.386669921875,-0.003076923076923076,-0.00146484375,0.4076923076923077,0.5307692307692308,0.46153846153846156,-0.00646161592923678,0.00033092322716346155,5000
31,29,-0.25310828575721156,-1.5782842548076923,-1.325175969050481,0.0013457630430400906,-0.0020509367498875554,-0.004425048828125,-0.0021484375,2.641796217698317,-0.946619873046875,-3.588416090745192,0.0007350668323554207,-0.00027726830395416284,-0.0013481257512019229,-0.0010009765625,-0.0013481257512019229,-0.0010009765625,-0.004425048828125,-0.0021484375,-0.1515625,2.386669921875,-0.003076923076923076,-0.00146484375,0.4076923076923077,0.5307692307692308,0.46153846153846156,-0.00646161592923678,0.00033092322716346155,5000
31,30,-0.25310828575721156,-1.5782842548076923,-1.325175969050481,0.0013457630430400906,-0.0020509367498875554,-0.004425048828125,-0.0021484375,2.641796217698317,-0.946619873046875,-3.588416090745192,0.0007350668323554207,-0.00027726830395416284,-0.0013481257512019229,-0.0010009765625,-0.0013481257512019229,-0.0010009765625,-0.004425048828125,-0.0021484375,-0.1515625,2.386669921875,-0.003076923076923076,-0.00146484375,0.4076923076923077,0.5307692307692308,0.46153846153846156,-0.00646161592923678,0.00033092322716346155,5000
31,31,-0.25310828575721156,-1.5782842548076923,-1.325175969050481,0.0013457630430400906,-0.0020509367498875554,-0.004425048828125,-0.0021484375,2.641796217698317,-0.946619873046875,-3.588416090745192,0.0007350668323554207,-0.00027726830395416284,-0.0013481257512019229,-0.0010009765625,-0.0013481257512019229,-0.0010009765625,-0.004425048828125,-0.0021484375,-0.1515625,2.386669921875,-0.003076923076923076,-0.00146484375,0.4076923076923077,0.5307692307692308,0.46153846153846156,-0.00646161592923678,0.00033092322716346155,5000
