layer,head,ac_answer_logprob_diff_mean,ac_primary_lp_mean,ac_alt_lp_mean,ac_kl_div_mean,ac_normalized_mean,ac_ie_mean,ac_ie_median,ca_answer_logprob_diff_mean,ca_primary_lp_mean,ca_alt_lp_mean,ca_kl_div_mean,ca_normalized_mean,ca_ie_mean,ca_ie_median,aa_ie_mean,aa_ie_median,cc_ie_mean,cc_ie_median,ac_answer_logprob_diff_median,ca_answer_logprob_diff_median,bidirectional_ie_mean,bidirectional_ie_median,p_ac_ie_gt_zero,p_ca_ie_lt_zero,p_bidirectional_ie_gt_zero,bidirectional_ie_bootstrap_ci_2_5,bidirectional_ie_bootstrap_ci_97_5,bootstrap_resamples
0,0,-0.0012349446614583334,-1.4642252604166666,-1.4629903157552084,0.002076661127596796,-0.006575960076153449,-0.005857340494791667,-0.0068359375,2.82418212890625,-0.8741414388020833,-3.6983235677083335,0.0006927228842681699,0.0022780009426270416,-0.008382161458333334,-0.005859375,-0.0057942708333333336,-0.0013427734375,-0.005448404947916667,-0.001953125,0.5,2.65625,0.0025248209635416667,0.0086669921875,0.4666666666666667,0.6666666666666666,0.6,-0.013371734619140624,0.018176422119140622,5000
0,1,0.004988606770833333,-1.45830078125,-1.4632893880208333,0.002322134454709777,-0.009149387870851218,0.0003662109375,0.01171875,2.83409423828125,-0.8727091471354167,-3.706803385416667,0.0007754137264621974,0.000221403025517702,0.0015299479166666667,0.001953125,-0.0086181640625,-0.00390625,-0.002467854817708333,-0.0068359375,0.5390625,2.65625,-0.0011637369791666667,0.012451171875,0.5333333333333333,0.3333333333333333,0.5333333333333333,-0.01608174641927083,0.011914876302083321,5000
0,2,-0.001580810546875,-1.45029296875,-1.448712158203125,0.007002675961931988,-0.009378567977377381,-0.006203206380208334,-0.0498046875,2.833451334635417,-0.86907958984375,-3.702530924479167,0.0008577924339751941,-0.0025968514785835984,0.0008870442708333333,0.0,-0.008964029947916667,-0.001708984375,2.8483072916666667e-05,0.0,0.4765625,2.73046875,-0.007090250651041667,-0.04931640625,0.3333333333333333,0.4,0.4,-0.04979436238606771,0.042410278320312425,5000
0,3,0.032999674479166664,-1.4430989583333333,-1.4760986328125,0.008429513853873857,0.016809279743336736,0.028377278645833334,0.015625,2.8368408203125,-0.8707275390625,-3.707568359375,0.001157517081563077,-0.0017791014345526753,0.0042765299479166664,0.0,-0.0038859049479166665,-0.00390625,0.0047648111979166664,0.0107421875,0.56640625,2.6640625,0.024100748697916667,0.0159912109375,0.7333333333333333,0.4,0.7333333333333333,-0.006461588541666666,0.05500203450520826,5000
0,4,0.005999755859375,-1.4580078125,-1.464007568359375,0.001170310976510164,0.0005044002627092941,0.0013773600260416667,0.0,2.83046875,-0.8793131510416666,-3.7097819010416666,0.0006589167988335878,0.003760264285178929,-0.0020955403645833335,-0.00390625,-0.00057373046875,0.0,-0.0033650716145833333,-0.01171875,0.546875,2.6796875,0.003472900390625,0.01422119140625,0.4666666666666667,0.5333333333333333,0.6666666666666666,-0.013491617838541666,0.018561096191406248,5000
0,5,0.00050048828125,-1.4650716145833333,-1.4655721028645834,0.0015799832899821454,-0.007580521678122812,-0.004121907552083333,0.0,2.8276326497395834,-0.8717488606770833,-3.6993815104166665,0.0007652896659788888,0.004301262049526627,-0.004931640625,-0.0078125,-0.00091552734375,-0.00811767578125,0.00369873046875,0.013671875,0.5,2.6796875,0.0008097330729166667,0.00494384765625,0.4666666666666667,0.6,0.6666666666666666,-0.013249003092447916,0.013725891113281234,5000
0,6,0.008347574869791667,-1.4611328125,-1.4694803873697917,0.005884368294701678,-0.007135935613557709,0.0037251790364583332,0.0,2.8393880208333333,-0.866259765625,-3.7056477864583335,0.0009139431185736351,-0.00923355911767171,0.00682373046875,0.0078125,-0.007100423177083333,-0.0078125,0.0006144205729166667,0.0,0.54296875,2.65625,-0.0030985514322916666,-0.005615234375,0.4666666666666667,0.4,0.4,-0.03599873860677083,0.035779012044270836,5000
0,7,0.0048258463541666664,-1.4580729166666666,-1.4628987630208334,0.0019520161617009736,0.0052839009327398994,0.00020345052083333334,-0.00537109375,2.8287068684895833,-0.8732218424479167,-3.7019287109375,0.0009138048114265444,0.005550925652987937,-0.003857421875,-0.003173828125,-0.00994873046875,-0.01171875,-0.00159912109375,0.0,0.51171875,2.65625,0.004060872395833333,-0.0078125,0.4,0.5333333333333333,0.4,-0.013167317708333333,0.02202168782552083,5000
0,8,0.009806315104166666,-1.4566080729166666,-1.4664143880208333,0.001515695100906295,-0.0002480192147851663,0.0051839192708333336,0.005859375,2.8359619140625,-0.8717936197916667,-3.707755533854167,0.0007619654704244344,-0.0020205850772943785,0.0033976236979166665,0.0,-0.0023640950520833334,-0.001953125,0.0005818684895833333,0.00390625,0.55078125,2.6640625,0.0017862955729166666,0.0,0.6666666666666666,0.3333333333333333,0.4666666666666667,-0.0087890625,0.011957194010416632,5000
0,9,0.008577473958333333,-1.457421875,-1.4659993489583334,0.0013956243148988436,0.0002646176095590483,0.003955078125,0.001953125,2.83236083984375,-0.8753865559895834,-3.707747395833333,0.0007706271762916671,0.0036308173093341496,-0.00020345052083333334,0.0,-0.00496826171875,0.0,0.005859375,0.008056640625,0.53125,2.671875,0.004158528645833334,0.0078125,0.5333333333333333,0.4666666666666667,0.5333333333333333,-0.010506795247395832,0.019930419921874994,5000
0,10,0.006817626953125,-1.4579427083333334,-1.4647603352864584,0.001397715973437117,0.00020558969591168405,0.0021952311197916668,0.001953125,2.8323323567708334,-0.873095703125,-3.705428059895833,0.0008355011006730372,-0.001582160132379626,-0.00023193359375,0.0,0.0022908528645833332,-0.001708984375,-0.0073974609375,-0.015625,0.53515625,2.6484375,0.0024271647135416666,0.001953125,0.5333333333333333,0.4666666666666667,0.5333333333333333,-0.009985555013020833,0.01574920654296875,5000
0,11,0.016868082682291667,-1.45078125,-1.4676493326822917,0.0017899694434971977,0.003149732364304989,0.012245686848958333,0.0078125,2.8265665690104167,-0.8691609700520834,-3.6957275390625,0.0008892759150121732,-0.0005077597499310446,-0.005997721354166667,-0.003662109375,-0.0043986002604166664,-0.00390625,0.0020914713541666666,0.0,0.53125,2.6484375,0.018243408203125,0.0126953125,0.6666666666666666,0.5333333333333333,0.7333333333333333,0.0034300231933593753,0.033803558349609374,5000
0,12,0.011330159505208333,-1.4543294270833333,-1.4656595865885416,0.0013253714413284242,0.0014357606586921244,0.006707763671875,0.00390625,2.831901041666667,-0.8712320963541667,-3.703133138020833,0.0007505408879286795,0.006868519403504377,-0.0006632486979166667,0.0,-0.005729166666666666,-0.00390625,0.00021565755208333333,0.0,0.5390625,2.6875,0.007371012369791667,0.0106201171875,0.5333333333333333,0.4666666666666667,0.6666666666666666,-0.002107899983723958,0.01635253906249998,5000
0,13,0.004526774088541667,-1.4596028645833334,-1.464129638671875,0.0015279347779405539,-0.004792800349694277,-9.562174479166667e-05,-0.0048828125,2.8320068359375,-0.8716634114583334,-3.7036702473958334,0.0009038694189860275,0.0007426460854443624,-0.0005574544270833333,0.0,-0.006298828125,-0.00390625,0.00335693359375,0.005859375,0.51171875,2.6640625,0.00046183268229166665,0.00390625,0.3333333333333333,0.4,0.5333333333333333,-0.013065745035807291,0.014542083740234352,5000
0,14,0.0026448567708333335,-1.4604817708333333,-1.4631266276041666,0.0013703194142029745,-0.004038372995417334,-0.0019775390625,0.0,2.829056803385417,-0.8771199544270833,-3.7061767578125,0.0008752743289277583,0.0017525801594407624,-0.0035074869791666668,-0.0078125,-0.0012125651041666667,0.00390625,0.00301513671875,0.00390625,0.53515625,2.65625,0.0015299479166666667,0.00634765625,0.4666666666666667,0.6666666666666666,0.5333333333333333,-0.0135516357421875,0.015291544596354163,5000
0,15,0.005318196614583334,-1.457421875,-1.4627400716145833,0.0015598875784190106,-0.0010734491422650036,0.00069580078125,-0.0029296875,2.8313883463541667,-0.8773518880208333,-3.708740234375,0.0008452777734555786,0.005692221965100932,-0.0011759440104166666,0.001953125,-0.0058349609375,-0.00390625,-0.005393473307291666,0.00048828125,0.54296875,2.673828125,0.0018717447916666667,0.005126953125,0.4666666666666667,0.4,0.5333333333333333,-0.011253662109375,0.013956807454427081,5000
0,16,0.005877685546875,-1.45654296875,-1.462420654296875,0.0013516161502318618,-0.004014851359608152,0.0012552897135416667,0.0,2.830367024739583,-0.8741902669270833,-3.7045572916666667,0.0006883273871531437,0.0045190266607608364,-0.002197265625,-0.00390625,-0.00494384765625,-0.001953125,0.003452555338541667,0.0029296875,0.55078125,2.685546875,0.003452555338541667,0.00390625,0.4,0.5333333333333333,0.6,-0.00987147013346354,0.017728678385416637,5000
0,17,0.0029927571614583332,-1.4593424479166666,-1.462335205078125,0.0012924139157705673,0.0012322594920233377,-0.001629638671875,-0.0029296875,2.83134765625,-0.8775553385416667,-3.7089029947916665,0.0008323653278031894,0.002273327510969265,-0.0012166341145833333,0.0,-0.010416666666666666,-0.0162353515625,-0.0008158365885416667,-0.0068359375,0.53125,2.662109375,-0.00041300455729166666,0.007293701171875,0.4,0.4666666666666667,0.5333333333333333,-0.01720148722330729,0.014511311848958314,5000
0,18,0.006608072916666667,-1.4591471354166667,-1.4657552083333334,0.0013904968310516953,0.003255924075568966,0.0019856770833333332,0.00390625,2.8251708984375,-0.87470703125,-3.6998779296875,0.000515574941768388,0.005350355639137902,-0.007393391927083334,-0.009765625,-0.005806477864583334,-0.001708984375,-0.00024820963541666665,0.00390625,0.53515625,2.6796875,0.009379069010416666,0.0,0.5333333333333333,0.6666666666666666,0.4666666666666667,-0.0074709065755208335,0.027035115559895826,5000
0,19,0.009468587239583333,-1.4594075520833334,-1.4688761393229166,0.0016680849734074072,0.00024806779472425367,0.00484619140625,0.0068359375,2.8239095052083334,-0.8718424479166667,-3.695751953125,0.0006647462781974811,0.0042146292338293674,-0.00865478515625,-0.0078125,-0.007670084635416667,-0.001708984375,-0.00011800130208333333,-0.0068359375,0.5078125,2.65625,0.0135009765625,0.015625,0.6,0.8666666666666667,0.6,0.00011088053385416771,0.026713968912760403,5000
0,20,0.005938720703125,-1.4542643229166667,-1.4602030436197917,0.001464005824835031,-0.003476430613057761,0.0013163248697916667,9.1552734375e-05,2.8257120768229167,-0.8741984049479167,-3.6999104817708335,0.0007692467089127428,0.00568452036492725,-0.006852213541666667,-0.0078125,-0.010445149739583333,-0.00390625,0.003729248046875,0.00390625,0.53125,2.65625,0.008168538411458334,0.0068359375,0.5333333333333333,0.7333333333333333,0.6,-0.0057722473144531244,0.022217356363932284,5000
0,21,0.003989664713541666,-1.4609375,-1.4649271647135416,0.002070605048673082,-0.00523098248409759,-0.0006327311197916667,0.001953125,2.83048095703125,-0.8730753580729167,-3.7035563151041666,0.0006876033909030632,0.0007964740104326202,-0.0020833333333333333,-0.00390625,-0.0035319010416666667,0.00390625,-0.008036295572916666,-0.008056640625,0.50390625,2.671875,0.0014506022135416666,0.005859375,0.5333333333333333,0.5333333333333333,0.5333333333333333,-0.015956675211588542,0.018996785481770827,5000
0,22,-0.0025390625,-1.4629557291666666,-1.4604166666666667,0.0013629561750589851,-0.0072709778426226866,-0.007161458333333333,0.00390625,2.82578125,-0.8720540364583333,-3.6978352864583335,0.0007850106717158614,0.0008057703368673579,-0.006783040364583334,-0.00390625,-0.005912272135416666,-0.00341796875,-0.005157470703125,-0.005859375,0.53125,2.65625,-0.00037841796875,-0.001220703125,0.5333333333333333,0.6,0.3333333333333333,-0.016732686360677082,0.017579040527343735,5000
0,23,0.0077860514322916664,-1.4598307291666666,-1.4676167805989584,0.001994179122918733,-0.003920763271653237,0.0031636555989583335,0.00732421875,2.827156575520833,-0.8715901692708333,-3.698746744791667,0.000771588807215825,0.004946613282763407,-0.00540771484375,-0.00390625,-0.00970458984375,-0.0078125,0.0005900065104166666,-0.001953125,0.5546875,2.703125,0.008571370442708334,0.0146484375,0.5333333333333333,0.5333333333333333,0.6666666666666666,-0.008205668131510416,0.02497833251953124,5000
0,24,0.080438232421875,-1.40517578125,-1.485614013671875,0.07566038644115954,0.02222011327023505,0.07581583658854167,0.015625,2.83896484375,-0.8615315755208334,-3.7004964192708334,0.001656320744756998,-0.004653749159985256,0.006400553385416666,0.00390625,-0.005574544270833333,-0.00390625,-0.004317220052083333,-0.0068359375,0.61328125,2.671875,0.069415283203125,0.01171875,0.6666666666666666,0.3333333333333333,0.6,-0.02805084228515625,0.2290515645345052,5000
0,25,0.010518391927083334,-1.4542317708333334,-1.4647501627604167,0.0015249494023769974,0.0003185636943024895,0.00589599609375,0.0078125,2.833976236979167,-0.8721516927083334,-3.7061279296875,0.0007428683752449317,0.0018993551753900427,0.0014119466145833333,-0.003662109375,-0.006180826822916667,-0.001708984375,0.002459716796875,0.009765625,0.52734375,2.65625,0.004484049479166667,0.01171875,0.6666666666666666,0.5333333333333333,0.6666666666666666,-0.009240926106770833,0.017545776367187495,5000
0,26,0.006874593098958334,-1.451953125,-1.4588277180989584,0.0033353358149509154,-0.00944193382659097,0.002252197265625,0.0,2.827010091145833,-0.8751302083333333,-3.702140299479167,0.0009497150801911606,-0.0034663887838497593,-0.00555419921875,-0.01171875,-0.007356770833333333,-0.00390625,0.0082275390625,0.00390625,0.53515625,2.646484375,0.007806396484375,-0.00390625,0.4666666666666667,0.5333333333333333,0.4666666666666667,-0.018170318603515624,0.04852355957031249,5000
0,27,0.0113037109375,-1.4552408854166667,-1.4665445963541666,0.0010414787319488969,0.003927952023949301,0.006681315104166667,0.0068359375,2.8325154622395834,-0.87010498046875,-3.702620442708333,0.0008109277128663943,0.0014431184475241895,-4.8828125e-05,0.00390625,-0.0014241536458333333,-0.001953125,-0.00125732421875,0.0,0.52734375,2.671875,0.006730143229166667,0.01171875,0.5333333333333333,0.26666666666666666,0.6666666666666666,-0.007578125,0.020117797851562494,5000
0,28,0.008083089192708334,-1.4564127604166666,-1.464495849609375,0.0014522740794488725,0.0055290800843807416,0.003460693359375,0.0009765625,2.8267822265625,-0.8763427734375,-3.703125,0.0007917747298050737,0.005360855014374258,-0.005782063802083333,-0.0078125,-0.00819091796875,-0.001953125,-0.0019490559895833333,0.0009765625,0.52734375,2.671875,0.009242757161458334,0.0087890625,0.5333333333333333,0.6,0.6666666666666666,-0.0052819824218749995,0.0237195841471354,5000
0,29,0.0016215006510416667,-1.4600911458333334,-1.461712646484375,0.0018292023108274415,-0.00963920112262154,-0.0030008951822916665,-0.0078125,2.835274251302083,-0.86890869140625,-3.7041829427083335,0.0007522894655464202,-0.001539406066333301,0.0027099609375,0.0040283203125,-0.009053548177083334,-0.00390625,0.0014119466145833333,0.0009765625,0.52734375,2.6796875,-0.0057108561197916664,-0.01025390625,0.4666666666666667,0.3333333333333333,0.4666666666666667,-0.020286458333333333,0.008482411702473951,5000
0,30,0.004302978515625,-1.4646484375,-1.468951416015625,0.0015409541960679312,-0.0036527668031920823,-0.00031941731770833334,0.0029296875,2.831717936197917,-0.8734659830729167,-3.705183919270833,0.0007731060288710069,0.006501834747243269,-0.0008463541666666667,0.0,-0.008085123697916667,-0.001953125,0.00284423828125,0.005859375,0.52734375,2.671875,0.0005269368489583333,-0.004302978515625,0.5333333333333333,0.4666666666666667,0.4,-0.012147115071614582,0.014225362141927081,5000
0,31,0.00694580078125,-1.4588216145833333,-1.4657674153645834,0.0013038984092746237,-0.005053752917309712,0.002323404947916667,-0.001953125,2.821525065104167,-0.8703125,-3.6918375651041666,0.0008407305898321149,0.0045307098918806405,-0.011039225260416667,-0.00390625,-0.007149251302083334,-0.001953125,-0.00281982421875,0.0,0.53515625,2.6640625,0.013362630208333334,0.009765625,0.4,0.7333333333333333,0.6,0.0011392211914062502,0.027282816569010417,5000
1,0,-0.0035603841145833335,-1.4616861979166667,-1.4581258138020834,0.0020638373968586104,-0.008007342008338173,-0.008182779947916666,-0.0078125,2.8256103515625,-0.8737711588541667,-3.6993815104166665,0.0005831697092944024,0.004207476694707185,-0.0069539388020833336,-0.004638671875,-0.0002685546875,-0.0078125,-0.00106201171875,-0.001953125,0.546875,2.671875,-0.0012288411458333333,0.00482177734375,0.4,0.6,0.5333333333333333,-0.01839711507161458,0.015210774739583321,5000
1,1,-8.138020833333333e-05,-1.462109375,-1.4620279947916666,0.0014878895990965914,-0.007585355339752765,-0.0047037760416666664,-0.005859375,2.8279622395833335,-0.8739990234375,-3.7019612630208334,0.0006577105440074044,0.00454370824064187,-0.00460205078125,0.0,0.00091552734375,0.005859375,-0.006131998697916667,0.0,0.5,2.6640625,-0.00010172526041666667,-0.0048828125,0.4,0.4,0.4666666666666667,-0.0193035888671875,0.018674723307291637,5000
1,2,0.005586751302083333,-1.45595703125,-1.4615437825520834,0.0014338308976062342,9.267555615045906e-05,0.00096435546875,0.0078125,2.832625325520833,-0.8705485026041667,-3.703173828125,0.000758138633196803,-0.005122499677054703,6.103515625e-05,-0.00390625,-0.0023722330729166667,-0.0078125,-0.0022745768229166666,0.0029296875,0.546875,2.6484375,0.0009033203125,0.00390625,0.5333333333333333,0.5333333333333333,0.5333333333333333,-0.013830769856770833,0.015580444335937497,5000
1,3,0.00291748046875,-1.4605143229166666,-1.4634318033854166,0.0013478333935992193,-0.004248432601823202,-0.0017049153645833333,-0.00390625,2.8281290690104166,-0.8713582356770834,-3.6994873046875,0.0006408057971129218,0.002505949283912699,-0.004435221354166667,-0.00390625,-0.0072062174479166664,-0.0078125,-0.00216064453125,-0.0009765625,0.52734375,2.6640625,0.0027303059895833334,-0.00341796875,0.3333333333333333,0.6,0.4,-0.008618774414062499,0.016471455891927084,5000
1,4,0.00465087890625,-1.4588541666666666,-1.4635050455729166,0.0016094303195995437,-0.0023707867367086756,2.8483072916666667e-05,0.001953125,2.83096923828125,-0.8712361653645834,-3.7022054036458334,0.0006202194958828411,0.0025589613816221933,-0.0015950520833333333,-0.001953125,-0.010831705729166667,-0.015625,-0.002659098307291667,-0.0029296875,0.53125,2.6796875,0.00162353515625,0.00177001953125,0.5333333333333333,0.5333333333333333,0.5333333333333333,-0.01376556396484375,0.016784769694010417,5000
1,5,0.004831949869791667,-1.45751953125,-1.4623514811197917,0.0013106625772787732,-0.005945341559930445,0.00020955403645833332,0.0078125,2.82669677734375,-0.87528076171875,-3.7019775390625,0.0005241041018505727,0.005283908817174848,-0.005867513020833334,-0.001953125,-0.00338134765625,0.001953125,0.0034586588541666665,-0.00048828125,0.55078125,2.65625,0.0060770670572916664,0.00390625,0.5333333333333333,0.5333333333333333,0.5333333333333333,-0.011507517496744791,0.024412078857421873,5000
1,6,0.010941569010416667,-1.4556640625,-1.4666056315104166,0.0011604891891118143,-0.001334926828118666,0.006319173177083333,0.009765625,2.8215006510416667,-0.8721354166666667,-3.6936360677083333,0.0007005968540703887,0.007596989233239768,-0.011063639322916667,-0.017578125,-0.010017903645833333,-0.0078125,0.0022562662760416668,0.009765625,0.52734375,2.6875,0.0173828125,0.0166015625,0.5333333333333333,0.7333333333333333,0.8666666666666667,0.007197774251302084,0.027579752604166667,5000
1,7,0.008349609375,-1.4563802083333333,-1.4647298177083334,0.001247845692604814,0.0023409713378973857,0.003727213541666667,-0.00390625,2.8271809895833333,-0.8770263671875,-3.704207356770833,0.0007383091493855591,-0.00011294438859556163,-0.00538330078125,-0.005126953125,-0.005814615885416667,-0.0078125,0.0035074869791666668,0.00146484375,0.52734375,2.65625,0.009110514322916667,0.00390625,0.4,0.6,0.7333333333333333,4.028320312500014e-05,0.018722737630208316,5000
1,8,-0.00377197265625,-1.4619791666666666,-1.4582071940104167,0.0013555890263602193,-0.005121601742377167,-0.008394368489583333,-0.009765625,2.823868815104167,-0.874853515625,-3.698722330729167,0.0008446214081510449,0.00832653942343818,-0.008695475260416667,-0.009765625,-0.0047648111979166664,-0.00390625,0.007497151692708333,0.007720947265625,0.51953125,2.6484375,0.00030110677083333335,-0.001953125,0.3333333333333333,0.6666666666666666,0.4666666666666667,-0.01120208740234375,0.011800231933593749,5000
1,9,0.012327067057291667,-1.4536783854166666,-1.4660054524739583,0.0015435640070882856,0.002549909453297583,0.007704671223958333,0.0078125,2.83402099609375,-0.8717569986979167,-3.7057779947916667,0.0007109340997519291,0.002219725524018727,0.0014567057291666667,0.00390625,-0.008394368489583333,-0.0078125,-0.0016438802083333333,0.0,0.54296875,2.671875,0.006247965494791666,0.009765625,0.6666666666666666,0.4,0.6666666666666666,-0.009070536295572916,0.021628824869791667,5000
1,10,0.008294677734375,-1.46142578125,-1.469720458984375,0.0014089251317111922,-0.0007986480367689167,0.0036722819010416665,0.0087890625,2.829085286458333,-0.8713623046875,-3.700447591145833,0.0006712035780397279,0.004934066783219977,-0.00347900390625,-0.00244140625,-0.009285481770833333,-0.0078125,-0.002716064453125,-0.0078125,0.55078125,2.6484375,0.007151285807291667,0.01123046875,0.6666666666666666,0.5333333333333333,0.6,-0.006604105631510417,0.0203443400065104,5000
1,11,0.0034993489583333335,-1.4562174479166667,-1.459716796875,0.0013714197530262451,-0.008286148553806057,-0.001123046875,0.0,2.82918701171875,-0.87276611328125,-3.701953125,0.0006956752995791609,0.0030049710264665468,-0.0033772786458333335,-0.00390625,-0.00413818359375,-0.00390625,-0.0028279622395833335,-0.0068359375,0.53515625,2.6328125,0.002254231770833333,0.005859375,0.4666666666666667,0.6,0.6,-0.013550211588541666,0.016072591145833332,5000
1,12,0.009775797526041666,-1.4587565104166667,-1.4685323079427084,0.0013239920921115373,0.004416787341495971,0.0051534016927083336,0.005859375,2.833447265625,-0.8689290364583333,-3.702376302083333,0.0006266892103246922,-0.0014702907417104298,0.0008829752604166667,0.0,-0.00162353515625,0.0,0.006109619140625,0.000213623046875,0.56640625,2.6796875,0.004270426432291667,0.0078125,0.5333333333333333,0.4,0.7333333333333333,-0.012716318766276042,0.02015401204427083,5000
1,13,-0.002048746744791667,-1.46142578125,-1.4593770345052084,0.001743814161722486,-0.005655178698701089,-0.006671142578125,-0.021484375,2.8255289713541667,-0.874072265625,-3.699601236979167,0.0005506300992338174,0.005004958566517149,-0.007035319010416667,-0.0078125,-0.0025390625,0.00390625,0.0005594889322916666,0.00390625,0.51171875,2.6484375,0.0003641764322916667,-0.002197265625,0.3333333333333333,0.6666666666666666,0.4666666666666667,-0.014874572753906249,0.016127929687499962,5000
1,14,0.0030029296875,-1.4583984375,-1.4614013671875,0.0011165020032004114,-0.006190612533514346,-0.0016194661458333334,-0.01220703125,2.8309285481770834,-0.8722208658854167,-3.7031494140625,0.0006412925643384715,0.0016566786887436044,-0.0016357421875,0.0,-0.004048665364583333,-0.0130615234375,0.0026102701822916666,0.0078125,0.5078125,2.6796875,1.6276041666666666e-05,0.01171875,0.4666666666666667,0.4666666666666667,0.6,-0.01979248046875,0.019206136067708327,5000
1,15,0.012459309895833333,-1.4539388020833333,-1.4663981119791667,0.0019873353857008543,0.0025856361230921308,0.0078369140625,0.001953125,2.825569661458333,-0.8747965494791666,-3.7003662109375,0.000468977928993668,0.010413661444064408,-0.00699462890625,-0.00390625,-0.0034016927083333334,0.0,0.0030659993489583334,0.0078125,0.4765625,2.671875,0.01483154296875,0.019287109375,0.6,0.5333333333333333,0.6,-0.002643534342447916,0.031929728190104166,5000
1,16,0.007578531901041667,-1.4580403645833333,-1.465618896484375,0.001563876086484423,-3.1282325429790274e-06,0.002956136067708333,3.0517578125e-05,2.83115234375,-0.8744710286458334,-3.7056233723958334,0.0006087695223413555,0.0015459354243721848,-0.0014119466145833333,-0.001953125,-0.004195149739583333,-0.00390625,0.0023111979166666667,0.001953125,0.5078125,2.650390625,0.0043680826822916664,0.0130615234375,0.5333333333333333,0.5333333333333333,0.6,-0.021487528483072917,0.027928975423177065,5000
1,17,0.0028238932291666666,-1.4577799479166667,-1.4606038411458333,0.0017915455317335017,-0.009232512470347405,-0.0017985026041666666,-0.0068359375,2.8335001627604166,-0.86756591796875,-3.701066080729167,0.000658297645684696,-0.0006119273998163709,0.0009358723958333334,0.0,-0.00496826171875,0.002197265625,0.00015055338541666667,0.0,0.51953125,2.701171875,-0.002734375,-0.001953125,0.4,0.4666666666666667,0.4666666666666667,-0.018758544921875,0.013379720052083321,5000
1,18,0.060906982421875,-1.4073893229166667,-1.4682963053385416,0.017048090087799186,0.010387095663249267,0.056284586588541664,0.00390625,2.8414713541666665,-0.869873046875,-3.7113444010416665,0.0007499460319824587,-0.000964483304137539,0.008907063802083334,0.00762939453125,-0.007340494791666667,-0.0078125,-0.00103759765625,0.001953125,0.5390625,2.7109375,0.047377522786458334,0.001495361328125,0.6666666666666666,0.4,0.5333333333333333,-0.008392842610677083,0.12116343180338542,5000
1,19,0.0087158203125,-1.4553059895833333,-1.4640218098958333,0.0013465362461328163,-0.002193964364506527,0.0040934244791666664,0.0,2.831473795572917,-0.8717081705729167,-3.7031819661458334,0.000744248096172577,-0.0024383140133817254,-0.0010904947916666667,-0.001953125,-0.001957194010416667,-0.00018310546875,-0.009537760416666667,-0.01171875,0.53125,2.662109375,0.0051839192708333336,0.0048828125,0.4,0.5333333333333333,0.6,-0.004956258138020833,0.015446166992187496,5000
1,20,-0.015525309244791667,-1.47060546875,-1.4550801595052083,0.0019817171896933774,-0.010190433407262289,-0.020147705078125,-0.01171875,2.82183837890625,-0.87554931640625,-3.6973876953125,0.0008623719840008809,0.00835908161673156,-0.010725911458333333,-0.0078125,0.002880859375,0.00390625,-0.0010721842447916667,-0.00390625,0.54296875,2.662109375,-0.009421793619791667,0.001708984375,0.4,0.8,0.5333333333333333,-0.037053578694661464,0.01456237792968748,5000
1,21,0.0008768717447916667,-1.4597981770833333,-1.460675048828125,0.0019117691212181505,-0.00156550808020168,-0.0037455240885416667,-0.00634765625,2.8189697265625,-0.8762369791666667,-3.695206705729167,0.0007001753868540337,0.01573041593257799,-0.013594563802083333,-0.009765625,-0.00709228515625,-0.00946044921875,-0.006058756510416667,-0.0078125,0.55078125,2.654296875,0.009849039713541667,0.015625,0.4,0.7333333333333333,0.6,-0.007011006673177083,0.02631713867187499,5000
1,22,0.0048177083333333336,-1.4569661458333334,-1.4617838541666666,0.0010830739931389152,-0.0036551908634175133,0.0001953125,0.0068359375,2.8253580729166665,-0.8719401041666667,-3.6972981770833333,0.0005829774429761235,0.0010929343988482646,-0.0072062174479166664,-0.0078125,-0.008553059895833333,-0.0123291015625,-0.0035990397135416668,-0.01171875,0.55078125,2.65625,0.007401529947916667,0.00390625,0.5333333333333333,0.8,0.6,-0.00579498291015625,0.02020304361979166,5000
1,23,0.011409505208333334,-1.4513346354166667,-1.462744140625,0.0016920060224238872,0.00031745680138268957,0.006787109375,0.0,2.8340779622395833,-0.87620849609375,-3.7102864583333335,0.0006660022126191838,0.001814968036358733,0.001513671875,0.0030517578125,-0.0035847981770833334,-0.005859375,0.003985595703125,0.0078125,0.5234375,2.6640625,0.0052734375,0.01171875,0.4,0.3333333333333333,0.6,-0.012004597981770832,0.023746948242187496,5000
1,24,0.014780680338541666,-1.4471028645833333,-1.461883544921875,0.005195015247073454,-0.003664390385160529,0.010158284505208334,0.00244140625,2.828759765625,-0.8718017578125,-3.7005615234375,0.0008700084927078492,0.0046701290237114975,-0.0038045247395833335,-0.00390625,0.00281982421875,0.00390625,0.0037862141927083332,0.005859375,0.55859375,2.703125,0.013962809244791667,0.006591796875,0.5333333333333333,0.6,0.5333333333333333,-0.01866048177083333,0.04856989542643226,5000
1,25,0.010723876953125,-1.4542317708333334,-1.4649556477864583,0.0019268970091497856,0.0020227690576376154,0.006101481119791667,0.015625,2.824348958333333,-0.8692952473958333,-3.6936442057291665,0.00048181012766368333,0.004454513419342854,-0.00821533203125,-0.0078125,-0.00850830078125,-0.0078125,-0.0027384440104166667,0.0,0.55078125,2.65625,0.014316813151041666,0.0078125,0.6666666666666666,0.7333333333333333,0.6666666666666666,-0.004736785888671874,0.03349136352539061,5000
1,26,0.033799235026041666,-1.42197265625,-1.4557718912760416,0.007507034357375934,0.001498811514394029,0.029176839192708335,-0.008270263671875,2.8316243489583335,-0.8689371744791666,-3.7005615234375,0.0007310463521275283,-0.0014784187284164944,-0.00093994140625,-0.001953125,-0.0050618489583333336,0.0,0.00027872721354166665,0.0,0.51171875,2.6640625,0.030116780598958334,0.00830078125,0.4666666666666667,0.5333333333333333,0.5333333333333333,-0.016677144368489584,0.08753524780273438,5000
1,27,-0.005757649739583333,-1.4705729166666666,-1.4648152669270833,0.0016253563608621341,-0.008062656175685443,-0.010380045572916666,-0.009765625,2.82940673828125,-0.87166748046875,-3.70107421875,0.0007160714715688964,0.0033437493580502965,-0.0031575520833333334,-0.0078125,-0.00762939453125,-0.00897216796875,0.0014750162760416667,0.0009765625,0.53515625,2.65625,-0.007222493489583333,-0.00396728515625,0.3333333333333333,0.6,0.4,-0.02448333740234375,0.009322611490885408,5000
1,28,0.0158935546875,-1.4478841145833334,-1.4637776692708333,0.0017750395343921785,-0.0029540292506702163,0.011271158854166666,0.0009765625,2.831734212239583,-0.8717814127604167,-3.703515625,0.0006053943491388838,0.0022691501662235286,-0.000830078125,0.0,-0.005232747395833333,-0.00390625,-0.0012166341145833333,0.0,0.546875,2.6796875,0.012101236979166667,0.0048828125,0.5333333333333333,0.4666666666666667,0.5333333333333333,-0.008741455078124998,0.03485514322916667,5000
1,29,-0.0006266276041666667,-1.4623372395833334,-1.4617106119791667,0.0013315270276002694,-0.002543876772352625,-0.0052490234375,-0.005859375,2.8279093424479167,-0.87313232421875,-3.701041666666667,0.0005820592519131841,-0.0012027298454824443,-0.004654947916666667,0.0,-0.003902180989583333,0.0,0.0008402506510416667,0.0,0.53515625,2.6796875,-0.0005940755208333333,-0.002685546875,0.3333333333333333,0.4666666666666667,0.3333333333333333,-0.014446004231770832,0.013868204752604151,5000
1,30,0.01456298828125,-1.44345703125,-1.45802001953125,0.004186879434933223,-0.004244144579094893,0.009940592447916667,0.00390625,2.827156575520833,-0.872216796875,-3.6993733723958333,0.0006218893050594465,0.00514996193538409,-0.00540771484375,-0.00390625,-0.00753173828125,-0.0078125,0.002789306640625,0.0,0.53125,2.6953125,0.015348307291666667,0.00469970703125,0.5333333333333333,0.6,0.6666666666666666,-0.009291585286458333,0.0467499796549479,5000
1,31,-0.00150146484375,-1.4587565104166667,-1.4572550455729167,0.002217779168315701,-0.0027406484423886787,-0.006123860677083333,-0.0068359375,2.8257731119791667,-0.8732096354166666,-3.698982747395833,0.0007206506182679336,0.0033064878521691615,-0.006791178385416667,-0.00762939453125,-0.0010457356770833333,-0.00390625,-0.003192138671875,0.007415771484375,0.484375,2.669921875,0.0006673177083333333,0.001953125,0.26666666666666666,0.6,0.6666666666666666,-0.01845733642578125,0.01944264729817707,5000
2,0,0.007875569661458333,-1.4560546875,-1.4639302571614583,0.002189652744914575,0.00048287341194682754,0.003253173828125,-0.000274658203125,2.82579345703125,-0.87459716796875,-3.700390625,0.0006949122430226388,0.0074951661476262135,-0.0067708333333333336,-0.0020751953125,-0.008463541666666666,-0.00390625,0.0019388834635416666,0.001953125,0.53125,2.6640625,0.010024007161458333,0.009765625,0.4666666666666667,0.5333333333333333,0.5333333333333333,-0.006935628255208334,0.02828384399414062,5000
2,1,3.662109375e-05,-1.4630208333333334,-1.4630574544270833,0.0014395700817096222,-0.007452418494461753,-0.004585774739583334,-0.00634765625,2.831368001302083,-0.87528076171875,-3.706648763020833,0.0006115106896932423,0.00048779198731093386,-0.0011962890625,-0.0076904296875,0.00029703776041666664,0.0,-0.0006591796875,-0.0068359375,0.51171875,2.6484375,-0.0033894856770833332,-0.00250244140625,0.3333333333333333,0.5333333333333333,0.3333333333333333,-0.01759857177734375,0.011611328124999964,5000
2,2,0.05682576497395833,-1.4142903645833333,-1.4711161295572917,0.02184112302033683,0.009879563046366713,0.052203369140625,0.01171875,2.82880859375,-0.8727783203125,-3.7015869140625,0.0006894076565347772,0.003473299618175892,-0.0037556966145833332,0.002197265625,-0.0041748046875,-0.0076904296875,-0.002132161458333333,-0.001953125,0.580078125,2.6875,0.055959065755208336,0.010986328125,0.5333333333333333,0.4666666666666667,0.6666666666666666,0.0009963480631510419,0.15094874064127603,5000
2,3,0.0071146647135416664,-1.4595377604166666,-1.4666524251302084,0.0013951653409354655,-0.005832333609670536,0.0024922688802083335,0.0,2.8207600911458335,-0.8753499348958333,-3.6961100260416666,0.0005510700003181766,0.0082052321239305,-0.01180419921875,-0.01556396484375,-0.0056111653645833336,0.0,-0.0019917805989583333,0.01171875,0.51953125,2.634765625,0.014296468098958333,0.018310546875,0.4666666666666667,0.7333333333333333,0.6666666666666666,-0.00011250813802083243,0.027995198567708327,5000
2,4,0.0005961100260416667,-1.4654947916666667,-1.4660909016927084,0.002602686069973148,0.000362259592615057,-0.004026285807291667,-0.001953125,2.8287394205729166,-0.8758504231770833,-3.70458984375,0.0006267037589220893,0.003994737285984578,-0.0038248697916666665,-0.00390625,-0.005403645833333333,-0.0078125,-0.002254231770833333,-0.0001220703125,0.46875,2.6640625,-0.000201416015625,-0.0029296875,0.4666666666666667,0.6,0.4666666666666667,-0.024737548828125,0.022625223795572896,5000
2,5,0.024298095703125,-1.4428059895833334,-1.4671040852864583,0.0024827604932808863,0.0017255640633971714,0.019675699869791667,0.0078125,2.823982747395833,-0.8754801432291667,-3.699462890625,0.0005943229746761407,0.0035421963462217445,-0.00858154296875,-0.005859375,-0.0072021484375,-0.009765625,-0.00205078125,-0.0029296875,0.54296875,2.677734375,0.028257242838541665,0.02093505859375,0.6666666666666666,0.6,0.7333333333333333,0.004380137125651042,0.05495763142903643,5000
2,6,0.004345703125,-1.4563802083333333,-1.4607259114583333,0.00116032164144014,-0.004688247297679685,-0.0002766927083333333,0.00390625,2.8314453125,-0.8710530598958334,-3.702498372395833,0.0008284287140699869,0.005948889901767513,-0.0011189778645833333,0.001953125,-0.007234700520833333,-0.0078125,0.001904296875,0.0048828125,0.55859375,2.671875,0.00084228515625,-0.0025634765625,0.5333333333333333,0.4666666666666667,0.4666666666666667,-0.011279500325520834,0.012577412923177081,5000
2,7,0.006201171875,-1.46201171875,-1.468212890625,0.0016075489504287306,-0.0055203284566553955,0.0015787760416666667,0.005859375,2.826521809895833,-0.875439453125,-3.7019612630208334,0.0007547740814087989,0.007295483032424912,-0.00604248046875,-0.00787353515625,-0.00782470703125,-0.0078125,-0.0016092936197916667,0.00244140625,0.5625,2.671875,0.007621256510416666,0.009765625,0.6666666666666666,0.5333333333333333,0.6,-0.005420532226562499,0.020854187011718744,5000
2,8,0.002895100911458333,-1.4585611979166666,-1.461456298828125,0.0023268285671514647,0.00027074331187529587,-0.001727294921875,9.1552734375e-05,2.8289388020833335,-0.8751220703125,-3.7040608723958335,0.0006616266008270026,0.0045561943915561785,-0.00362548828125,-0.0078125,-0.0170166015625,-0.013671875,-0.005208333333333333,-0.0078125,0.52734375,2.65625,0.001898193359375,0.001953125,0.5333333333333333,0.6,0.5333333333333333,-0.026041717529296876,0.026098531087239526,5000
2,9,0.012990315755208334,-1.4535807291666667,-1.466571044921875,0.0017181331482741557,-0.0009244496475071388,0.008367919921875,0.0009765625,2.8298543294270835,-0.8736775716145834,-3.7035319010416665,0.0006869729490565831,0.0014445932465239819,-0.0027099609375,-0.00390625,-0.00556640625,-0.009765625,-0.00384521484375,-0.0009765625,0.5234375,2.6640625,0.011077880859375,0.005523681640625,0.5333333333333333,0.5333333333333333,0.5333333333333333,-0.010880126953124998,0.03385498046874998,5000
2,10,0.0045430501302083336,-1.4564778645833334,-1.4610209147135416,0.0017526045219294132,0.0012917490333445062,-7.9345703125e-05,-0.001953125,2.82537841796875,-0.8765909830729167,-3.7019694010416666,0.00058711473332848,0.007836778068671973,-0.007185872395833333,-0.0078125,0.00137939453125,0.0,0.00360107421875,0.005859375,0.5390625,2.6640625,0.0071065266927083336,0.0062255859375,0.3333333333333333,0.6,0.5333333333333333,-0.008217976888020832,0.02403778076171875,5000
2,11,0.0043986002604166664,-1.4599609375,-1.4643595377604166,0.0017020934905041525,-0.0021181530319861804,-0.00022379557291666666,-0.00390625,2.8285563151041666,-0.8718668619791666,-3.700423177083333,0.0005719195090189239,0.0022008773092806974,-0.004007975260416667,-0.00390625,-0.001318359375,0.0,-0.006166585286458333,-0.00390625,0.53125,2.6796875,0.0037841796875,0.0,0.3333333333333333,0.6,0.4666666666666667,-0.011121012369791666,0.01873779296875,5000
2,12,0.0051839192708333336,-1.458203125,-1.4633870442708334,0.0008981428033344403,0.00047544880540526506,0.0005615234375,-0.000244140625,2.8192708333333334,-0.8750244140625,-3.6942952473958335,0.0005126501656534507,0.009313824525387794,-0.01329345703125,-0.013671875,0.00022786458333333334,0.001953125,-0.0028849283854166666,-0.009765625,0.53515625,2.640625,0.01385498046875,0.017578125,0.3333333333333333,0.7333333333333333,0.7333333333333333,0.0019040934244791666,0.025520833333333333,5000
2,13,-0.0012898763020833333,-1.4620768229166667,-1.4607869466145833,0.0012138732628879738,-0.009398053104113319,-0.005912272135416666,0.001953125,2.834602864583333,-0.8746663411458333,-3.7092692057291665,0.0005858103670175919,0.0012548718137640766,0.00203857421875,0.0,-0.0020345052083333335,0.0,-0.009991455078125,-0.01171875,0.5390625,2.669921875,-0.007950846354166667,-0.0078125,0.5333333333333333,0.4,0.4666666666666667,-0.020907999674479167,0.003198343912760415,5000
2,14,0.003167724609375,-1.45986328125,-1.463031005859375,0.0012938564901321013,-0.002625616014537793,-0.0014546712239583333,-0.000213623046875,2.826668294270833,-0.872314453125,-3.698982747395833,0.0005493460234525365,0.006043631898764019,-0.00589599609375,-0.00762939453125,-0.0026692708333333334,-0.00390625,-0.0045166015625,0.00390625,0.5390625,2.65625,0.004441324869791667,0.0107421875,0.4,0.6,0.6,-0.011037750244140625,0.019515177408854164,5000
2,15,-0.00026652018229166664,-1.45966796875,-1.4594014485677083,0.0013635210245838238,-0.008013592658938489,-0.004888916015625,0.0,2.82242431640625,-0.8738566080729167,-3.696280924479167,0.0006803960190563021,0.0037515237439139765,-0.010139973958333333,-0.0078125,-0.0047566731770833336,-0.0015869140625,-0.00394287109375,-0.0029296875,0.53515625,2.671875,0.005251057942708333,0.0078125,0.4666666666666667,0.7333333333333333,0.5333333333333333,-0.005833435058593749,0.017059580485026038,5000
2,16,0.00909423828125,-1.4548828125,-1.46397705078125,0.0016691314864864118,0.00012029807262795647,0.004471842447916667,0.00390625,2.8251302083333334,-0.8716389973958333,-3.696769205729167,0.0009214603011346486,0.006595799826590708,-0.00743408203125,-0.009765625,-0.012255859375,-0.011962890625,-0.000433349609375,-0.00390625,0.546875,2.6640625,0.011905924479166666,0.01220703125,0.5333333333333333,0.6666666666666666,0.6,-0.004550882975260416,0.028555806477864532,5000
2,17,0.010847981770833333,-1.4569986979166667,-1.4678466796875,0.0019301436367401342,0.0007367410411578797,0.0062255859375,0.001953125,2.829597981770833,-0.8713785807291666,-3.7009765625,0.0006593546125519874,9.297352574298428e-05,-0.00296630859375,0.0,-0.011539713541666666,-0.015625,0.0016215006510416667,0.0068359375,0.52734375,2.671875,0.00919189453125,0.0123291015625,0.6,0.4666666666666667,0.7333333333333333,-0.016260986328124998,0.0314495849609375,5000
2,18,0.0037984212239583334,-1.4580729166666666,-1.461871337890625,0.0011972684292836844,-0.00591176731463193,-0.000823974609375,0.0068359375,2.8324381510416665,-0.8691324869791667,-3.7015706380208333,0.0006296321789639089,-0.0022276115484891838,-0.00012613932291666668,0.003662109375,-0.00614013671875,-0.00390625,0.006459554036458333,0.0078125,0.53515625,2.65625,-0.0006978352864583333,-0.0048828125,0.5333333333333333,0.4666666666666667,0.4666666666666667,-0.01757441202799479,0.016142171223958324,5000
2,19,0.007456461588541667,-1.4580078125,-1.4654642740885417,0.0013028382882074238,0.0011624427402008447,0.002834065755208333,-0.0009765625,2.830391438802083,-0.87427978515625,-3.7046712239583335,0.0006696392534965127,0.0035631147366077718,-0.0021728515625,0.0,-0.004435221354166667,-0.005859375,-0.0038309733072916666,-0.00390625,0.57421875,2.671875,0.005006917317708333,0.0078125,0.4666666666666667,0.4666666666666667,0.6666666666666666,-0.013056386311848958,0.021824493408203093,5000
2,20,-0.0011433919270833334,-1.460546875,-1.4594034830729166,0.0016462764906838938,-0.004242591127260832,-0.005765787760416667,-0.01171875,2.820869954427083,-0.8738566080729167,-3.6947265625,0.0005460203217622631,0.008592371857585027,-0.0116943359375,-0.009765625,-0.00693359375,-0.0078125,-0.0014546712239583333,-0.00390625,0.52734375,2.642578125,0.005928548177083334,0.011474609375,0.26666666666666666,0.6666666666666666,0.6666666666666666,-0.007283732096354166,0.01875081380208332,5000
2,21,0.00701904296875,-1.4572591145833333,-1.4642781575520833,0.001437880231791602,0.0027649001005466125,0.0023966471354166666,0.0,2.82545166015625,-0.87442626953125,-3.6998779296875,0.0005935396955861506,0.006790278681933571,-0.007112630208333333,0.001953125,0.00013834635416666666,0.001953125,-0.002691650390625,-0.0078125,0.54296875,2.640625,0.00950927734375,0.015625,0.4666666666666667,0.4666666666666667,0.6666666666666666,-0.006451009114583333,0.024040120442708326,5000
2,22,0.005263264973958333,-1.4597330729166667,-1.464996337890625,0.001245823758447993,-0.00040367299619865893,0.000640869140625,-0.0078125,2.8266805013020835,-0.8705851236979166,-3.697265625,0.0006474496171233228,0.005450785633481602,-0.0058837890625,-0.00390625,-0.00748291015625,-0.009765625,-0.0020121256510416668,-0.005859375,0.52734375,2.671875,0.006524658203125,0.0,0.4,0.6,0.4666666666666667,-0.0052518208821614575,0.01842503865559895,5000
2,23,0.0043680826822916664,-1.4591145833333334,-1.463482666015625,0.001377221489796046,-0.004588765749613171,-0.0002543131510416667,-0.01171875,2.8296223958333333,-0.8771402994791667,-3.7067626953125,0.0007518997009566268,0.004584994975691919,-0.00294189453125,0.0,-0.00303955078125,-0.00341796875,-0.0006856282552083333,-0.005859375,0.51953125,2.6640625,0.0026875813802083332,0.0,0.3333333333333333,0.4666666666666667,0.4666666666666667,-0.01533350626627604,0.020747426350911435,5000
2,24,0.0017313639322916667,-1.46142578125,-1.4631571451822916,0.001401315335993368,-0.0054886184410092445,-0.0028910319010416667,0.00390625,2.828238932291667,-0.8727213541666666,-3.7009602864583333,0.000620573848771927,0.007587053720881146,-0.004325358072916666,-0.0078125,-0.0033121744791666666,-0.00390625,-0.0024393717447916668,0.0048828125,0.52734375,2.6875,0.001434326171875,0.005096435546875,0.5333333333333333,0.5333333333333333,0.5333333333333333,-0.014235839843749999,0.017769215901692684,5000
2,25,0.0056640625,-1.4597330729166667,-1.4653971354166666,0.0013794108685733564,-0.00746710272657605,0.0010416666666666667,0.0078125,2.8310262044270833,-0.8685831705729167,-3.699609375,0.0006117440805833488,-0.0001753228967206996,-0.0015380859375,-0.00390625,-0.00753173828125,-0.00811767578125,-0.006606038411458333,-0.007537841796875,0.53515625,2.6640625,0.0025797526041666666,0.0078125,0.5333333333333333,0.5333333333333333,0.6,-0.0159912109375,0.018783162434895827,5000
2,26,0.0034200032552083332,-1.4595052083333333,-1.4629252115885416,0.0015551008881167915,0.00028057995153911355,-0.001202392578125,0.001953125,2.837089029947917,-0.87132568359375,-3.7084147135416665,0.0006521369094318931,-0.0010842632873719654,0.004524739583333334,0.00390625,-0.0121826171875,-0.011962890625,0.003662109375,0.00146484375,0.54296875,2.6796875,-0.005727132161458333,0.00390625,0.5333333333333333,0.4666666666666667,0.5333333333333333,-0.02305658976236979,0.01142578125,5000
2,27,0.00592041015625,-1.4590494791666666,-1.4649698893229166,0.0013132381851575204,0.0010520436185070278,0.0012980143229166666,0.00390625,2.8262898763020834,-0.87020263671875,-3.6964925130208335,0.000676194440692104,0.00287710959031298,-0.0062744140625,-0.0078125,-0.003422037760416667,-0.00390625,0.0008402506510416667,0.001953125,0.5546875,2.6640625,0.0075724283854166664,0.0128173828125,0.5333333333333333,0.5333333333333333,0.7333333333333333,-0.0073130289713541664,0.021561991373697912,5000
2,28,0.0005208333333333333,-1.4624674479166666,-1.46298828125,0.0013769401370631756,-0.007527145076850303,-0.0041015625,0.0,2.82349853515625,-0.8758748372395834,-3.6993733723958333,0.0006022992337118562,0.008222053184579196,-0.009065755208333333,-0.00390625,-0.0015665690104166667,-0.007080078125,-0.00897216796875,-0.009765625,0.51171875,2.6640625,0.004964192708333333,0.0087890625,0.4666666666666667,0.5333333333333333,0.6,-0.010026448567708334,0.021013183593749988,5000
2,29,0.003951009114583333,-1.459375,-1.4633260091145834,0.0013768835054595039,6.596661114803051e-05,-0.00067138671875,-0.00042724609375,2.827018229166667,-0.869873046875,-3.696891276041667,0.0006129987849164703,-0.0001873276091894432,-0.005546061197916666,-0.0040283203125,-0.009944661458333334,-0.0078125,-0.0004292805989583333,0.00390625,0.546875,2.6796875,0.004874674479166666,0.005859375,0.4666666666666667,0.5333333333333333,0.6666666666666666,-0.014498087565104166,0.02395263671874996,5000
2,30,0.0035725911458333332,-1.4621744791666667,-1.4657470703125,0.0013452156919096367,-0.0044622404408364395,-0.0010498046875,-0.001953125,2.8275349934895835,-0.87496337890625,-3.702498372395833,0.0006565928573611746,0.005541008453533876,-0.005029296875,-0.0078125,-0.0031046549479166667,0.0,0.005808512369791667,0.01171875,0.54296875,2.65625,0.0039794921875,0.0,0.4,0.6,0.4,-0.012093302408854166,0.020402425130208325,5000
2,31,-0.0023701985677083335,-1.4590169270833333,-1.456646728515625,0.0016897272846850824,-0.008340998804942717,-0.0069925944010416664,-0.01171875,2.82509765625,-0.8763590494791667,-3.7014567057291665,0.0006812441113121691,0.00801032143913757,-0.007466634114583333,-0.013427734375,-0.008858235677083333,-0.005859375,-0.0007975260416666667,-0.00390625,0.5234375,2.671875,0.00047403971354166666,0.0029296875,0.3333333333333333,0.5333333333333333,0.6,-0.017947336832682292,0.017817077636718734,5000
3,0,0.0018229166666666667,-1.4611328125,-1.4629557291666666,0.0014274936398064107,-0.00015214746854516815,-0.0027994791666666667,0.0,2.8292032877604165,-0.87369384765625,-3.702897135416667,0.0005602228194124717,0.0014919671443972564,-0.003361002604166667,-0.0078125,-0.008182779947916666,-0.013427734375,-0.004683430989583333,-0.001953125,0.50390625,2.669921875,0.0005615234375,0.005859375,0.4,0.6,0.5333333333333333,-0.013330078125,0.012622680664062491,5000
3,1,0.0023518880208333332,-1.4589518229166667,-1.4613037109375,0.001450470358962359,-0.0005457854732615068,-0.0022705078125,-0.0029296875,2.824658203125,-0.8742106119791667,-3.698868815104167,0.0006778487838386887,0.0067002481386184976,-0.007906087239583333,-0.0078125,-0.010628255208333333,-0.01171875,-0.006943766276041667,-0.009765625,0.55078125,2.671875,0.005635579427083333,0.0078125,0.4,0.6,0.6666666666666666,-0.010787150065104166,0.021590576171874994,5000
3,2,0.001708984375,-1.4624348958333333,-1.4641438802083333,0.0011793792534715113,-0.0073939185344472965,-0.0029134114583333334,0.0078125,2.82918701171875,-0.8743367513020833,-3.7035237630208333,0.0007402089955745359,0.005020614919181743,-0.0033772786458333335,0.00390625,-0.00579833984375,-0.0078125,-0.005118815104166666,0.0,0.55859375,2.640625,0.0004638671875,0.0107421875,0.5333333333333333,0.4666666666666667,0.6,-0.015837198893229164,0.015170084635416655,5000
3,3,0.00078125,-1.4622395833333333,-1.4630208333333334,0.0014829545218391306,-0.007536047598822446,-0.003841145833333333,-0.009765625,2.8281046549479165,-0.8732950846354167,-3.701399739583333,0.0005587118401253241,0.004679966824448391,-0.0044596354166666664,-0.005859375,-0.0025390625,-0.005859375,-0.000848388671875,-3.0517578125e-05,0.52734375,2.6484375,0.0006184895833333333,0.0057373046875,0.3333333333333333,0.6,0.5333333333333333,-0.015251057942708333,0.017627766927083323,5000
3,4,0.008498128255208333,-1.4510091145833333,-1.4595072428385416,0.00482042707181557,-0.005923282781778419,0.003875732421875,-0.0166015625,2.8336507161458333,-0.8724853515625,-3.7061360677083335,0.0012884450142625187,0.005731663934724092,0.00108642578125,0.00390625,-0.0035685221354166668,-0.00390625,-0.0015360514322916667,-0.0078125,0.484375,2.6875,0.002789306640625,0.001220703125,0.4666666666666667,0.4666666666666667,0.5333333333333333,-0.030277099609375,0.03477294921874999,5000
3,5,-0.004209391276041667,-1.46064453125,-1.4564351399739583,0.001608618464517299,-0.0037542075270921406,-0.008831787109375,-0.0078125,2.8256876627604166,-0.8743123372395833,-3.7,0.0007483574500276787,0.003939330226571231,-0.006876627604166667,-0.015625,-0.0098876953125,-0.009765625,-0.00198974609375,0.0,0.52734375,2.6640625,-0.0019551595052083332,0.00390625,0.26666666666666666,0.6,0.6,-0.018701273600260415,0.014410654703776038,5000
3,6,0.011179606119791666,-1.4582356770833333,-1.469415283203125,0.0014271053825536664,0.001345026911569574,0.0065572102864583336,0.0107421875,2.82799072265625,-0.8726033528645833,-3.7005940755208333,0.0008039178676232849,-0.0015219895281475332,-0.0045735677083333336,-0.01171875,-0.0006795247395833333,-0.00341796875,-0.008034261067708333,-0.0087890625,0.546875,2.671875,0.011130777994791667,0.01171875,0.6,0.6,0.6666666666666666,-0.004675394694010416,0.027099049886067685,5000
3,7,0.022072347005208333,-1.45263671875,-1.4747090657552084,0.012737978841586813,0.004258661232196277,0.017449951171875,0.015625,2.833837890625,-0.8759602864583333,-3.7097981770833335,0.0005456773303409712,0.00252674461217619,0.0012736002604166667,0.00390625,-0.0024739583333333332,0.0,-0.004536946614583333,-0.001953125,0.474609375,2.65625,0.016176350911458335,0.0234375,0.6,0.4666666666666667,0.6666666666666666,-0.031134847005208334,0.05772984822591145,5000
3,8,0.00467529296875,-1.4581705729166667,-1.4628458658854167,0.0014800029213770055,-0.0020089229795280353,5.289713541666667e-05,0.0,2.8264729817708334,-0.876416015625,-3.702888997395833,0.0005740716963025932,0.008267609436178273,-0.00609130859375,-0.00390625,-0.0056722005208333336,-0.00390625,-0.003802490234375,-0.001953125,0.51171875,2.6875,0.006144205729166667,0.00390625,0.4,0.6666666666666666,0.5333333333333333,-0.006640726725260416,0.020675252278645827,5000
3,9,0.0007609049479166667,-1.4581705729166667,-1.4589314778645834,0.0015956836188502205,-0.0037468634023988803,-0.0038614908854166666,-0.00018310546875,2.83033447265625,-0.8717325846354167,-3.7020670572916665,0.0006907653696306258,0.004397180321184868,-0.0022298177083333332,0.0,-0.004349772135416667,0.0,-0.005523681640625,-0.01171875,0.53515625,2.669921875,-0.0016316731770833334,0.0,0.4,0.4666666666666667,0.4,-0.018507080078124998,0.014101969401041626,5000
3,10,0.00011189778645833333,-1.4603515625,-1.4604634602864583,0.0014683314286008287,-0.00010002586244173862,-0.004510498046875,-0.00732421875,2.831681315104167,-0.8712239583333333,-3.7029052734375,0.0007685572251548931,0.004343368238902248,-0.0008829752604166667,-0.002197265625,-0.00731201171875,-0.0078125,-0.008323160807291667,-0.0078125,0.5390625,2.671875,-0.003627522786458333,-0.005126953125,0.4666666666666667,0.5333333333333333,0.4,-0.020446980794270833,0.013104553222656246,5000
3,11,0.010518391927083334,-1.4528971354166667,-1.46341552734375,0.002024218816298888,-0.0006101062505019778,0.00589599609375,0.0,2.83023681640625,-0.87122802734375,-3.70146484375,0.0005364510553751643,0.0036879332338186073,-0.0023274739583333333,0.0,-0.009077962239583333,-0.01171875,-0.007057698567708334,-0.001953125,0.5390625,2.6796875,0.008223470052083333,0.01171875,0.4666666666666667,0.4666666666666667,0.6,-0.010359802246093749,0.02680053710937497,5000
3,12,0.004128011067708334,-1.4618815104166667,-1.466009521484375,0.001683655532703131,-0.0055749309770834355,-0.000494384765625,0.0,2.8334635416666667,-0.873193359375,-3.706656901041667,0.0006380274035566534,0.0045778189559976205,0.0008992513020833333,0.009765625,-0.0038533528645833333,-0.003662109375,0.001507568359375,0.00390625,0.53125,2.6796875,-0.0013936360677083333,0.00390625,0.4666666666666667,0.4,0.6,-0.017090911865234374,0.013211720784505184,5000
3,13,-0.01134033203125,-1.46708984375,-1.45574951171875,0.0020833102898500573,-0.013334177579827682,-0.015962727864583335,-0.0126953125,2.823486328125,-0.8748209635416667,-3.6983072916666666,0.0006897625232072433,0.008604644462469635,-0.009077962239583333,-0.00390625,-0.011820475260416666,0.0,-0.0005961100260416667,-0.00390625,0.484375,2.6640625,-0.006884765625,0.001708984375,0.3333333333333333,0.6,0.5333333333333333,-0.02632649739583333,0.012620747884114542,5000
3,14,0.008274332682291666,-1.4427734375,-1.4510477701822917,0.0026418698701892018,-0.0029774054774504366,0.0036519368489583335,0.01171875,2.82633056640625,-0.8772013346354167,-3.7035319010416665,0.000783806320941173,0.007321496355600218,-0.006233723958333334,-0.005859375,-0.003230794270833333,-0.01171875,-0.005177815755208333,-0.0078125,0.4921875,2.6640625,0.009885660807291667,0.005462646484375,0.5333333333333333,0.6,0.5333333333333333,-0.017092742919921872,0.03656305948893228,5000
3,15,-0.019291178385416666,-1.46689453125,-1.4476033528645833,0.006688640227607693,-0.012226364345511066,-0.02391357421875,-0.02362060546875,2.837141927083333,-0.8751871744791667,-3.7123291015625,0.000637521159595794,0.005268615658648922,0.00457763671875,0.0078125,-0.0029093424479166665,-0.0078125,-0.005942789713541666,-0.00390625,0.5234375,2.6796875,-0.0284912109375,-0.01953125,0.2,0.4666666666666667,0.3333333333333333,-0.05643575032552083,-0.0036905924479166668,5000
3,16,0.000225830078125,-1.4607096354166667,-1.4609354654947917,0.0013142523288369652,-0.006456180896958963,-0.004396565755208333,0.0,2.83372802734375,-0.8739786783854167,-3.7077067057291666,0.0006482852157109705,0.0014298529052921623,0.0011637369791666667,0.00390625,-0.00457763671875,0.0078125,0.005989583333333334,0.005859375,0.53515625,2.671875,-0.005560302734375,-0.002471923828125,0.4666666666666667,0.3333333333333333,0.4666666666666667,-0.026092529296874997,0.0115546162923177,5000
3,17,0.0006001790364583334,-1.4581380208333334,-1.4587381998697917,0.002116755994196106,-0.001703958389093734,-0.004022216796875,-0.0015869140625,2.828751627604167,-0.8754231770833333,-3.7041748046875,0.0005314082239210069,0.002803233254919921,-0.0038126627604166668,-0.00390625,-0.008235677083333334,-0.01171875,-0.000567626953125,-0.0009765625,0.52734375,2.65625,-0.00020955403645833332,0.0009765625,0.4666666666666667,0.5333333333333333,0.5333333333333333,-0.018614298502604164,0.019233398437499983,5000
3,18,0.0061767578125,-1.4584309895833334,-1.4646077473958334,0.00170940139465329,-0.002244973283596697,0.0015543619791666666,-0.001953125,2.8279459635416666,-0.8741129557291667,-3.7020589192708333,0.0006171160203756192,0.0017442049963903568,-0.004618326822916667,-0.0078125,-0.00640869140625,-0.01171875,-0.006803385416666667,-0.00390625,0.51953125,2.6640625,0.006172688802083334,0.006591796875,0.4666666666666667,0.5333333333333333,0.6666666666666666,-0.010327351888020832,0.022701619466145826,5000
3,19,-0.0009541829427083333,-1.4666341145833333,-1.465679931640625,0.0014877617819536826,-0.007389756824912825,-0.005576578776041666,0.0076904296875,2.831103515625,-0.8737223307291667,-3.704825846354167,0.0006788940947205685,0.0021510804523024157,-0.0014607747395833333,0.0,-0.00421142578125,-0.00390625,-0.0032023111979166668,-0.01220703125,0.51171875,2.6640625,-0.0041158040364583336,-0.0013427734375,0.6,0.4666666666666667,0.4666666666666667,-0.017078196207682292,0.008160858154296837,5000
3,20,0.002435302734375,-1.4625651041666667,-1.4650004069010416,0.001958731453788126,-0.0019480231049660275,-0.0021870930989583335,-0.0068359375,2.819344075520833,-0.8778076171875,-3.697151692708333,0.0006143289441011459,0.007660383835449076,-0.01322021484375,-0.00799560546875,-0.0037109375,-0.004150390625,-0.002398681640625,-0.0009765625,0.51953125,2.640625,0.011033121744791667,0.0107421875,0.4,0.8,0.6666666666666666,0.0013995361328125,0.02112431844075521,5000
3,21,0.008030192057291666,-1.45625,-1.4642801920572917,0.001998055942862799,0.0026504343160866865,0.0034077962239583335,-3.0517578125e-05,2.824776204427083,-0.87877197265625,-3.7035481770833334,0.0007303011334908411,0.006390067736036438,-0.0077880859375,-0.00390625,-0.0008951822916666666,-0.0078125,-0.0008626302083333333,-0.00390625,0.5234375,2.640625,0.011195882161458334,0.0125732421875,0.4,0.6666666666666666,0.6,-0.0038032531738281246,0.027861582438151025,5000
3,22,-0.0023885091145833333,-1.4636067708333333,-1.46121826171875,0.0017053082383535882,-0.007381486586602416,-0.007010904947916666,-0.00390625,2.8268758138020833,-0.87420654296875,-3.7010823567708333,0.0008211665384938118,0.0059119226991793785,-0.0056884765625,-0.007568359375,0.0011474609375,0.0,-0.003688557942708333,-0.0029296875,0.53515625,2.6796875,-0.0013224283854166667,-0.00390625,0.26666666666666666,0.6666666666666666,0.3333333333333333,-0.012784932454427083,0.010401611328124982,5000
3,23,0.0010213216145833334,-1.4625651041666667,-1.46358642578125,0.00206544029654571,-0.005133102622773641,-0.00360107421875,0.0068359375,2.8293660481770835,-0.8722371419270833,-3.7016031901041666,0.0005776107141738,0.000878552296928517,-0.0031982421875,-0.005859375,0.0030965169270833334,0.0,-0.00079345703125,-0.00390625,0.51171875,2.640625,-0.00040283203125,-0.0035400390625,0.5333333333333333,0.6,0.4666666666666667,-0.016390482584635418,0.01455098470052083,5000
3,24,0.0022196451822916667,-1.4527669270833334,-1.454986572265625,0.0019055335315644386,-0.0016750054285181828,-0.0024027506510416667,-0.0078125,2.8324259440104167,-0.8715128580729167,-3.7039388020833335,0.0005999838017847841,0.004937590201735039,-0.00013834635416666666,0.0,0.00030517578125,0.00390625,0.000799560546875,0.0,0.5078125,2.6640625,-0.002264404296875,0.0078125,0.4666666666666667,0.4,0.6,-0.02507787068684896,0.019857686360677067,5000
3,25,0.0031351725260416667,-1.46103515625,-1.4641703287760417,0.0010533833847660597,0.0025099209618495997,-0.0014872233072916667,-0.0078125,2.819893391927083,-0.87493896484375,-3.694832356770833,0.0004220935564527769,0.006089727713986038,-0.0126708984375,-0.009033203125,-0.009159342447916666,-0.00390625,0.0023722330729166667,0.00244140625,0.52734375,2.654296875,0.011183675130208333,0.015625,0.4666666666666667,0.8,0.6,-0.0026774088541666667,0.024149729410807258,5000
3,26,-0.002984619140625,-1.46083984375,-1.457855224609375,0.001349562303191578,-0.006363012374967527,-0.007607014973958334,-0.001953125,2.83116455078125,-0.87091064453125,-3.7020751953125,0.0006367907256281981,0.003905362322249544,-0.0013997395833333333,-0.0032958984375,-0.00091552734375,-0.0013427734375,-0.0026021321614583333,-0.0068359375,0.54296875,2.640625,-0.006207275390625,-0.00390625,0.4666666666666667,0.6,0.4,-0.021615346272786457,0.007775319417317687,5000
3,27,0.00068359375,-1.4604817708333333,-1.4611653645833333,0.001317293442544394,-0.0030757495356892764,-0.003938802083333333,-0.0003662109375,2.8309122721354165,-0.87315673828125,-3.7040690104166667,0.0006341914154063651,0.004891448426552212,-0.0016520182291666667,0.00390625,-0.0056396484375,-0.009765625,-0.005647786458333333,-0.01171875,0.53515625,2.671875,-0.0022867838541666668,-0.0078125,0.4,0.4666666666666667,0.4,-0.019476928710937497,0.015584920247395825,5000
3,28,0.0042378743489583336,-1.4611979166666667,-1.465435791015625,0.0013781774309547432,-0.00710341336820084,-0.000384521484375,-0.005859375,2.8235677083333335,-0.871630859375,-3.695198567708333,0.0007509336509809087,0.004647077319851298,-0.00899658203125,-0.01171875,-0.010481770833333333,-0.009765625,-0.002864583333333333,-0.0029296875,0.51953125,2.6484375,0.008612060546875,0.0,0.4,0.6,0.4666666666666667,-0.0051677449544270835,0.022396443684895826,5000
3,29,-0.00609130859375,-1.4640625,-1.45797119140625,0.001799691275270868,-0.014657206050043937,-0.010713704427083333,-0.01171875,2.84036865234375,-0.8694132486979167,-3.7097819010416666,0.000725168389542983,0.0006047395833983557,0.007804361979166666,0.0078125,-0.00418701171875,-0.005859375,0.0015604654947916667,-3.0517578125e-05,0.51171875,2.701171875,-0.01851806640625,-0.02490234375,0.4,0.26666666666666666,0.4,-0.037052815755208336,-0.0010206095377604271,5000
3,30,0.00234375,-1.4565755208333333,-1.4589192708333334,0.001590543120080459,0.0004546958642904526,-0.0022786458333333335,-0.00390625,2.83150634765625,-0.87305908203125,-3.7045654296875,0.0006697398574442776,0.004974628054494351,-0.0010579427083333333,0.0,-0.00784912109375,-0.0078125,-0.013250732421875,-0.017578125,0.53125,2.671875,-0.001220703125,0.00390625,0.4666666666666667,0.4666666666666667,0.6,-0.0190350341796875,0.014958089192708328,5000
3,31,0.005074055989583334,-1.457421875,-1.4624959309895833,0.0013521684567859458,-0.0013135344565254382,0.00045166015625,-0.00390625,2.828483072916667,-0.87451171875,-3.702994791666667,0.0005481140474281815,0.006826483214238331,-0.004081217447916666,0.0078125,-0.011348470052083334,-0.0078125,-0.008917236328125,-0.0068359375,0.515625,2.6796875,0.004532877604166667,-0.0030517578125,0.4666666666666667,0.4666666666666667,0.4666666666666667,-0.010511169433593748,0.02029673258463541,5000
4,0,0.002874755859375,-1.45478515625,-1.457659912109375,0.0017475139732157808,-0.005300374517176961,-0.0017476399739583333,-0.0078125,2.828564453125,-0.8749267578125,-3.7034912109375,0.0005902261180317143,0.006074873772801465,-0.003999837239583333,-0.0078125,-0.00233154296875,-0.00390625,-0.004541015625,-0.005859375,0.54296875,2.6796875,0.002252197265625,0.00390625,0.4666666666666667,0.5333333333333333,0.6666666666666666,-0.015927327473958332,0.01969207763671875,5000
4,1,0.000201416015625,-1.4582682291666667,-1.4584696451822916,0.0013191544127672751,-0.006523948045511362,-0.0044209798177083336,-0.0078125,2.8245564778645833,-0.8737833658854167,-3.69833984375,0.0005730141039494528,0.005474596177634528,-0.0080078125,-0.0078125,-0.005338541666666667,-0.005859375,-0.0008585611979166667,-0.00030517578125,0.53125,2.6484375,0.0035868326822916666,0.0,0.3333333333333333,0.6,0.4666666666666667,-0.011284128824869791,0.01842041015625,5000
4,2,-0.001556396484375,-1.4605143229166666,-1.4589579264322916,0.0012150143291161924,-0.006352372187657248,-0.006178792317708333,-0.001953125,2.831001790364583,-0.8735799153645833,-3.704581705729167,0.0005339445646791203,0.004808003916399925,-0.0015625,0.0,-0.0033854166666666668,0.0029296875,-0.00579833984375,-0.005859375,0.53125,2.6484375,-0.004616292317708334,0.0072021484375,0.3333333333333333,0.4666666666666667,0.6,-0.022193247477213542,0.010738169352213542,5000
4,3,0.009346516927083333,-1.4585611979166666,-1.46790771484375,0.0014402793942370766,0.00030224982852602235,0.00472412109375,0.0,2.8187215169270834,-0.87230224609375,-3.691023763020833,0.0007010305648689423,0.005861631612713822,-0.0138427734375,-0.01171875,-0.004951985677083334,-0.00811767578125,0.00126953125,0.001953125,0.53515625,2.642578125,0.01856689453125,0.01373291015625,0.4666666666666667,0.6666666666666666,0.6666666666666666,0.0015581258138020835,0.03597279866536455,5000
4,4,0.003057861328125,-1.4594401041666667,-1.4624979654947916,0.0014137267529672653,-0.0010067512257177452,-0.0015645345052083333,-0.00146484375,2.828369140625,-0.8735921223958333,-3.7019612630208334,0.0007084289759740151,0.005553333206351785,-0.004195149739583333,-0.0013427734375,-0.007218424479166667,-0.01171875,0.002262369791666667,0.0078125,0.5234375,2.6796875,0.002630615234375,0.000732421875,0.4666666666666667,0.5333333333333333,0.5333333333333333,-0.011611989339192707,0.01576563517252604,5000
4,5,-0.00301513671875,-1.4641276041666667,-1.4611124674479166,0.0022941690621721147,-0.006094193060443983,-0.007637532552083334,0.0078125,2.828719075520833,-0.8766031901041667,-3.705322265625,0.0007095356272504143,0.004155420623527055,-0.00384521484375,-0.0078125,-0.006278483072916666,0.0,-0.0008076985677083333,-9.1552734375e-05,0.54296875,2.671875,-0.0037923177083333333,0.0,0.6666666666666666,0.5333333333333333,0.4666666666666667,-0.028971659342447918,0.018661600748697903,5000
4,6,0.0015340169270833333,-1.4587565104166667,-1.46029052734375,0.0013955533350849846,-0.0055382751703791444,-0.00308837890625,0.0029296875,2.8268310546875,-0.8747233072916667,-3.701554361979167,0.0006652718108434639,0.006908759967293963,-0.0057332356770833336,-0.00390625,-0.008492024739583333,-0.00390625,0.00022786458333333334,-0.005859375,0.50390625,2.6640625,0.0026448567708333335,0.0,0.5333333333333333,0.5333333333333333,0.4666666666666667,-0.015886535644531248,0.019040018717447902,5000
4,7,-0.00443115234375,-1.4670572916666667,-1.4626261393229167,0.001720200043401871,-0.00525188100111794,-0.009053548177083334,-0.00390625,2.824906412760417,-0.87081298828125,-3.6957194010416665,0.0006342331736321036,0.002202730462434067,-0.007657877604166667,-0.004638671875,-0.0050008138020833336,-0.0078125,0.00016682942708333334,-0.00238037109375,0.51953125,2.671875,-0.0013956705729166667,0.002685546875,0.4,0.6,0.6666666666666666,-0.01882741292317708,0.014205118815104162,5000
4,8,0.010127766927083334,-1.4579427083333334,-1.4680704752604166,0.0016273724992012253,0.002383379604564842,0.00550537109375,0.00390625,2.831254069010417,-0.87200927734375,-3.703263346354167,0.0007461793946070053,0.0031440698832023548,-0.0013102213541666666,0.0,-0.004541015625,-0.00390625,0.0014607747395833333,0.0146484375,0.5390625,2.6484375,0.006815592447916667,0.01171875,0.6,0.4666666666666667,0.7333333333333333,-0.009111328125,0.021842956542968743,5000
4,9,0.0031819661458333333,-1.4523111979166667,-1.4554931640625,0.0018844976451956896,-0.005325554183623991,-0.0014404296875,0.0,2.8289591471354165,-0.87471923828125,-3.7036783854166666,0.0007052876641352163,0.004600420065906424,-0.003605143229166667,-0.0078125,-0.0064697265625,-0.0076904296875,-0.00042317708333333335,0.0,0.49609375,2.640625,0.0021647135416666668,0.021484375,0.4666666666666667,0.6666666666666666,0.6,-0.018058268229166667,0.020955403645833332,5000
4,10,0.0012308756510416667,-1.4584309895833334,-1.459661865234375,0.0012793600687773278,-0.006113298750278879,-0.003391520182291667,-0.015625,2.822998046875,-0.8726236979166667,-3.6956217447916666,0.0008517970606311978,0.007210541686167069,-0.009566243489583333,-0.007080078125,-0.012044270833333334,-0.01171875,-0.008357747395833334,-0.01171875,0.5390625,2.6484375,0.006174723307291667,0.00390625,0.4666666666666667,0.7333333333333333,0.5333333333333333,-0.00785395304361979,0.019509480794270825,5000
4,11,-0.01134033203125,-1.4737630208333334,-1.4624226888020833,0.0028586801767867057,-0.006103211834050406,-0.015962727864583335,-0.01171875,2.82962646484375,-0.87547607421875,-3.7051025390625,0.0008092081247919076,0.005360344978547946,-0.0029378255208333333,-0.00146484375,-0.006193033854166667,-0.005859375,-0.005448404947916667,-0.00390625,0.4921875,2.640625,-0.01302490234375,-0.005859375,0.4,0.5333333333333333,0.4666666666666667,-0.0366998291015625,0.009077962239583333,5000
4,12,0.007171630859375,-1.4545572916666667,-1.4617289225260417,0.001651159582820382,-0.0006076460154665913,0.0025492350260416666,-0.00390625,2.82545166015625,-0.8768513997395834,-3.7023030598958333,0.0007043275606853572,0.011244090513461258,-0.007112630208333333,-0.001953125,-0.009830729166666666,-0.0078125,-0.0021830240885416666,0.0,0.53125,2.646484375,0.009661865234375,0.00390625,0.3333333333333333,0.5333333333333333,0.5333333333333333,-0.012076975504557292,0.028615163167317683,5000
4,13,-0.029726155598958335,-1.4692708333333333,-1.439544677734375,0.005396992034249638,-0.01650192342759074,-0.034348551432291666,-0.0244140625,2.826285807291667,-0.8752604166666667,-3.701546223958333,0.0006303377854628637,0.006058840285470219,-0.006278483072916666,-0.005859375,0.00013020833333333333,0.0,-0.00103759765625,0.00390625,0.44140625,2.666015625,-0.028070068359375,0.004150390625,0.26666666666666666,0.5333333333333333,0.5333333333333333,-0.06575291951497396,0.0038092549641926985,5000
4,14,0.0010172526041666667,-1.4619791666666666,-1.4629964192708333,0.0015733171106771368,-0.0026613301248856144,-0.003605143229166667,-0.0078125,2.8276774088541665,-0.8744547526041667,-3.702132161458333,0.0005629025806858347,0.005154937325643507,-0.0048868815104166664,-0.0145263671875,-0.00755615234375,-0.009765625,-0.0010843912760416666,0.0078125,0.5,2.6484375,0.00128173828125,-0.0048828125,0.4,0.6,0.4666666666666667,-0.014355672200520832,0.0179126993815104,5000
4,15,0.002475992838541667,-1.4611328125,-1.4636088053385417,0.0010783949413639242,-0.0021409473971606436,-0.0021464029947916665,-0.0029296875,2.828299967447917,-0.8717000325520833,-3.7,0.0006743933690644333,0.0007293332403794443,-0.004264322916666666,-0.0078125,-0.005179850260416666,0.0,-0.00025838216145833334,0.00390625,0.53515625,2.671875,0.002117919921875,0.0,0.3333333333333333,0.6666666666666666,0.4666666666666667,-0.010203196207682291,0.014612223307291661,5000
4,16,0.0001708984375,-1.4597330729166667,-1.4599039713541666,0.0012984929211313494,-0.00621596134560067,-0.0044514973958333336,-0.00390625,2.822998046875,-0.8712320963541667,-3.694230143229167,0.000632035658710924,0.008639205257892826,-0.009566243489583333,-0.013671875,0.0016560872395833333,0.0008544921875,-0.00347900390625,-0.009765625,0.546875,2.6953125,0.00511474609375,0.0107421875,0.26666666666666666,0.6,0.6,-0.011206156412760416,0.02015421549479166,5000
4,17,0.0026997884114583334,-1.4554036458333333,-1.4581034342447916,0.0013363844692038742,-0.004517587802509214,-0.001922607421875,-0.00390625,2.82593994140625,-0.8713419596354167,-3.697281901041667,0.000736368859012261,0.005046386613095727,-0.006624348958333333,-0.001953125,-0.0016194661458333334,0.0,-0.0058553059895833336,-0.0078125,0.53515625,2.6484375,0.004701741536458333,0.01171875,0.4,0.6,0.6,-0.008124033610026041,0.01686614990234375,5000
4,18,0.0033365885416666665,-1.4607096354166667,-1.4640462239583334,0.0013636828200112479,-0.0031037335485892023,-0.0012858072916666667,0.005859375,2.826607259114583,-0.8764119466145833,-3.703019205729167,0.0006685775457034691,0.005492783098944836,-0.00595703125,-0.004638671875,-0.006437174479166667,-0.001953125,-0.004372151692708334,-0.015625,0.54296875,2.640625,0.004671223958333333,0.0057373046875,0.6,0.6,0.6666666666666666,-0.006705729166666666,0.016529947916666645,5000
4,19,0.0020772298177083332,-1.4607096354166667,-1.462786865234375,0.0015493396106447603,-0.003997418592569085,-0.002545166015625,-0.01171875,2.8282511393229166,-0.8702189127604166,-3.698470052083333,0.0007126062016766107,0.002515919470760079,-0.004313151041666667,-0.003662109375,-0.0076171875,-0.013916015625,-0.008097330729166666,-0.0078125,0.5234375,2.640625,0.0017679850260416666,0.00390625,0.4,0.6,0.6666666666666666,-0.009869435628255208,0.013081868489583334,5000
4,20,0.0030537923177083332,-1.4566731770833334,-1.4597269694010417,0.0014497035853919733,-0.001957815953137319,-0.001568603515625,0.0,2.8293701171875,-0.8716715494791667,-3.701041666666667,0.0007242709196343802,-5.705625113053472e-05,-0.0031941731770833335,0.0,-0.0036173502604166666,-0.001953125,-0.002437337239583333,-0.00439453125,0.5,2.6640625,0.0016255696614583333,0.004180908203125,0.4,0.4666666666666667,0.6666666666666666,-0.016980692545572915,0.018231862386067697,5000
4,21,-0.0046956380208333336,-1.4614908854166666,-1.4567952473958334,0.0014302941538117725,-0.007129048274835971,-0.009318033854166666,-0.0146484375,2.821272786458333,-0.8718505859375,-3.693123372395833,0.0006127135938783691,0.00712838373340004,-0.01129150390625,-0.009765625,0.0033854166666666668,0.00390625,-0.003513590494791667,-0.0078125,0.51171875,2.65625,0.0019734700520833335,0.005615234375,0.3333333333333333,0.7333333333333333,0.6,-0.010416666666666666,0.014009806315104163,5000
4,22,0.00552978515625,-1.4565104166666667,-1.4620402018229166,0.0013202897189046373,-0.0020407646900334054,0.0009073893229166667,0.0,2.8287109375,-0.8748046875,-3.703515625,0.0008027757948912281,0.006884725966524984,-0.0038533528645833333,-0.00390625,-0.002628580729166667,-0.00390625,-0.005082194010416667,-0.009765625,0.53515625,2.65625,0.0047607421875,0.0152587890625,0.4666666666666667,0.6,0.6,-0.0130218505859375,0.02014668782552082,5000
4,23,0.0102294921875,-1.4538736979166667,-1.4641031901041666,0.001609522394526011,0.0007485492687214073,0.005607096354166666,0.01171875,2.8274820963541667,-0.8742024739583333,-3.7016845703125,0.0006847609660150464,0.0049696253464764145,-0.005082194010416667,-0.01171875,-0.010982259114583334,-0.0146484375,-0.005155436197916667,0.001953125,0.5234375,2.640625,0.010689290364583333,0.01953125,0.5333333333333333,0.6,0.7333333333333333,-0.003591308593749999,0.023197631835937496,5000
4,24,0.009720865885416667,-1.4549479166666666,-1.4646687825520834,0.0013425895643227835,-0.00216568411670817,0.005098470052083333,0.00146484375,2.82646484375,-0.8730143229166667,-3.699479166666667,0.0006901519369471875,0.0027782541199192763,-0.0060994466145833336,-0.0078125,-0.00361328125,0.0,-0.0020731608072916668,0.0,0.5078125,2.6484375,0.011197916666666667,0.015625,0.5333333333333333,0.6666666666666666,0.6666666666666666,-0.0035364786783854164,0.025736592610677084,5000
4,25,-0.003485107421875,-1.4592447916666667,-1.4557596842447917,0.0013059084612517106,-0.00838365059254368,-0.008107503255208334,-0.01171875,2.8265625,-0.87490234375,-3.70146484375,0.0007180308645070503,0.005410574831920758,-0.006001790364583333,-0.013671875,-0.0005126953125,0.0,-0.007826741536458333,-0.005859375,0.515625,2.6484375,-0.002105712890625,0.001953125,0.4,0.7333333333333333,0.6,-0.019481455485026042,0.012418619791666667,5000
4,26,0.0034037272135416666,-1.460546875,-1.4639506022135416,0.0014250454897245855,-0.003626824789921502,-0.0012186686197916666,0.005859375,2.819901529947917,-0.8734334309895834,-3.6933349609375,0.0005986031109295876,0.003489573701113438,-0.012662760416666667,-0.01171875,-0.005265299479166667,-0.003662109375,-0.003045654296875,-0.0068359375,0.54296875,2.681640625,0.011444091796875,0.002593994140625,0.5333333333333333,0.6666666666666666,0.6,-0.003861745198567708,0.027380676269531248,5000
4,27,0.004585774739583334,-1.45888671875,-1.4634724934895833,0.001288150055819472,-0.0028386131754110856,-3.662109375e-05,-0.00390625,2.830550130208333,-0.8728841145833334,-3.7034342447916666,0.0007360357973624758,0.00585376736158164,-0.00201416015625,0.0,-0.0078125,-0.0078125,-0.00633544921875,-0.0068359375,0.53125,2.6484375,0.0019775390625,0.0078125,0.4666666666666667,0.4666666666666667,0.5333333333333333,-0.014144185384114582,0.01704559326171874,5000
4,28,-0.0033040364583333333,-1.4598958333333334,-1.456591796875,0.0016803348820427246,-0.005726657231511333,-0.007926432291666667,-0.015869140625,2.83084716796875,-0.8707478841145834,-3.7015950520833334,0.0007147009572251079,0.0039690760119882726,-0.0017171223958333333,0.0,-0.005887858072916667,-0.005859375,-0.006540934244791667,-0.008026123046875,0.5078125,2.685546875,-0.006209309895833333,0.0035400390625,0.4,0.4666666666666667,0.5333333333333333,-0.021346028645833334,0.008463948567708327,5000
4,29,-0.0035847981770833334,-1.461328125,-1.4577433268229167,0.0012239574711446397,-0.005690867919194433,-0.008207194010416667,-0.0081787109375,2.8284098307291665,-0.8726643880208333,-3.70107421875,0.0006778509443730086,0.004345300791093409,-0.0041544596354166664,0.0,-0.006766764322916666,-0.0078125,-0.007891845703125,-0.0087890625,0.52734375,2.6640625,-0.004052734375,0.0,0.3333333333333333,0.4666666666666667,0.4666666666666667,-0.020395100911458332,0.011674194335937497,5000
4,30,0.0023274739583333333,-1.45869140625,-1.4610188802083333,0.0013813447336422954,-0.003333487732512575,-0.002294921875,-0.0068359375,2.822501627604167,-0.8714029947916667,-3.6939046223958334,0.0005767150711815686,0.0028828949249942674,-0.010062662760416667,-0.0078125,-0.0025227864583333335,-0.00390625,-0.0024698893229166668,-0.00390625,0.52734375,2.65625,0.007767740885416667,0.004638671875,0.3333333333333333,0.6666666666666666,0.6,-0.008463541666666666,0.024703979492187486,5000
4,31,0.0032267252604166667,-1.46005859375,-1.4632853190104167,0.0015757317652250358,-0.002693748454679089,-0.0013956705729166667,-0.00390625,2.8246337890625,-0.8742268880208334,-3.698860677083333,0.0006099068331102736,0.006689763852740815,-0.007930501302083334,-0.0078125,-0.00478515625,-0.013671875,-0.004640706380208333,-0.00390625,0.53125,2.6640625,0.0065348307291666664,0.01171875,0.4,0.6666666666666666,0.7333333333333333,-0.006771036783854167,0.018408711751302077,5000
5,0,0.0030497233072916668,-1.4602864583333333,-1.463336181640625,0.0011940087002590024,-0.0050459041656706425,-0.0015726725260416666,-0.0048828125,2.8245564778645833,-0.8723673502604167,-3.696923828125,0.000833348391402611,0.0057017224005184355,-0.0080078125,-0.0078125,-0.005167643229166667,-0.0078125,0.002435302734375,0.0,0.515625,2.65625,0.0064351399739583336,0.0028076171875,0.4,0.6666666666666666,0.5333333333333333,-0.004183146158854166,0.017261047363281247,5000
5,1,0.0034281412760416665,-1.4595052083333333,-1.462933349609375,0.001374032543816103,-0.0023771567965321745,-0.0011942545572916667,-0.001953125,2.826171875,-0.874365234375,-3.700537109375,0.0005302166229906859,0.005382408841589058,-0.006392415364583333,-0.01171875,-0.0035685221354166668,0.0,-0.00013427734375,-0.0029296875,0.51953125,2.6484375,0.005198160807291667,0.013671875,0.4666666666666667,0.6,0.6666666666666666,-0.008417104085286458,0.017216389973958326,5000
5,2,0.0032816569010416666,-1.4577799479166667,-1.4610616048177083,0.0012215324089501448,-0.006070333389190985,-0.0013407389322916666,-0.0087890625,2.8264119466145834,-0.8724324544270833,-3.698844401041667,0.0006294425146785611,0.0022010335850598784,-0.00615234375,-0.013427734375,-0.008601888020833334,-0.01171875,0.00228271484375,0.00390625,0.50390625,2.671875,0.004811604817708333,0.00537109375,0.4666666666666667,0.6666666666666666,0.5333333333333333,-0.012793172200520833,0.020814921061197887,5000
5,3,0.0058634440104166664,-1.45673828125,-1.4626017252604167,0.0013839832101079357,-0.000949752584365834,0.0012410481770833333,0.0068359375,2.826224772135417,-0.8706339518229167,-3.6968587239583335,0.0006191410501462734,0.004467473143399426,-0.006339518229166666,-0.01171875,-0.00469970703125,-0.007080078125,-0.0029581705729166668,-0.0009765625,0.50390625,2.6640625,0.00758056640625,0.0184326171875,0.6,0.5333333333333333,0.6666666666666666,-0.007130737304687499,0.021045430501302077,5000
5,4,0.004164632161458333,-1.4584635416666667,-1.462628173828125,0.0012711390314528901,-0.005594754776818659,-0.000457763671875,0.00390625,2.8309814453125,-0.8725911458333333,-3.7035725911458335,0.000678562272052817,0.0001372521043120075,-0.0015828450520833333,-0.003173828125,0.0008829752604166667,0.0,-0.006315104166666667,-0.005859375,0.53515625,2.6484375,0.0011250813802083333,0.01171875,0.5333333333333333,0.5333333333333333,0.6,-0.017470703124999997,0.018941752115885408,5000
5,5,-0.0051839192708333336,-1.4624674479166666,-1.4572835286458334,0.001357392523099088,-0.007232574970095004,-0.009806315104166666,-0.005859375,2.8296101888020835,-0.8720906575520834,-3.7017008463541665,0.0006633505373599382,0.003149086734202185,-0.0029541015625,-0.0029296875,-0.003926595052083333,-0.00390625,-0.0008219401041666667,0.0,0.50390625,2.65625,-0.006852213541666667,-0.001953125,0.3333333333333333,0.5333333333333333,0.4666666666666667,-0.022339070638020833,0.006844482421874995,5000
5,6,0.004378255208333333,-1.4606119791666667,-1.464990234375,0.0013003930734075955,-0.002287157329712346,-0.000244140625,0.0,2.828019205729167,-0.8761067708333333,-3.7041259765625,0.0006766893079960726,0.008132115877714738,-0.004545084635416667,-0.00390625,-0.010103352864583333,-0.009765625,-0.006620279947916667,-0.0068359375,0.52734375,2.65625,0.004300944010416667,0.01318359375,0.4666666666666667,0.5333333333333333,0.6,-0.011247151692708334,0.019434916178385397,5000
5,7,0.0020365397135416667,-1.4569010416666666,-1.4589375813802083,0.0016374593553776856,-0.006579496096519486,-0.0025858561197916667,-0.0009765625,2.82210693359375,-0.87415771484375,-3.6962646484375,0.0007298027467106874,0.007672697876614522,-0.010457356770833334,-0.0107421875,-0.0017049153645833333,-0.001953125,-0.0014811197916666666,-0.00390625,0.51953125,2.6640625,0.007871500651041667,0.0020751953125,0.4666666666666667,0.8,0.6,-0.013148040771484374,0.026277720133463543,5000
5,8,0.0016703287760416667,-1.4591471354166667,-1.4608174641927083,0.0015449460054307662,-0.0054664006245242055,-0.0029520670572916667,0.00390625,2.8226888020833334,-0.874169921875,-3.6968587239583335,0.0005492331365862494,0.005723391691457086,-0.00987548828125,-0.00439453125,-0.008162434895833333,-0.01171875,-0.002620442708333333,-0.0078125,0.48828125,2.6640625,0.0069234212239583336,0.01171875,0.5333333333333333,0.6666666666666666,0.6666666666666666,-0.010588480631510416,0.025183715820312494,5000
5,9,0.008365885416666666,-1.4578776041666666,-1.4662434895833334,0.001343064352507858,-0.000590897244772143,0.0037434895833333335,0.0048828125,2.822526041666667,-0.874853515625,-3.697379557291667,0.0006521863991674747,0.006743376079216852,-0.010038248697916667,-0.01171875,-0.0075032552083333336,-0.005859375,-0.0019287109375,-0.00390625,0.53125,2.666015625,0.01378173828125,0.012939453125,0.5333333333333333,0.6666666666666666,0.7333333333333333,0.00206268310546875,0.026188456217447913,5000
5,10,0.0030069986979166666,-1.4598958333333334,-1.46290283203125,0.001467503326637707,-0.0031396069952792016,-0.0016153971354166666,0.0,2.82955322265625,-0.87491455078125,-3.7044677734375,0.000578080608382215,0.003323918574172461,-0.0030110677083333335,0.0,0.0017578125,0.0,-0.002410888671875,0.0,0.49609375,2.6640625,0.0013956705729166667,0.015380859375,0.4666666666666667,0.3333333333333333,0.6,-0.013636372884114583,0.014901428222656238,5000
5,11,0.00960693359375,-1.4529296875,-1.46253662109375,0.001690391573494031,-0.00017586964297937706,0.004984537760416667,-0.00018310546875,2.8226643880208333,-0.8737223307291667,-3.69638671875,0.0006871985829114952,0.007262133995429081,-0.00989990234375,-0.0078125,-0.007112630208333333,-0.001953125,-0.003605143229166667,-0.001953125,0.5234375,2.65625,0.014884440104166667,0.010009765625,0.4666666666666667,0.6666666666666666,0.6,-0.00226654052734375,0.0325245157877604,5000
5,12,-0.0007832845052083334,-1.4634114583333333,-1.462628173828125,0.0017860075465507407,-0.005983317925189857,-0.0054056803385416664,-0.01513671875,2.817431640625,-0.8724609375,-3.689892578125,0.0005228976060142877,0.008284038168391026,-0.015132649739583334,-0.0078125,-0.010123697916666667,-0.0078125,-0.0045817057291666664,-0.0074462890625,0.50390625,2.65625,0.009726969401041667,0.01953125,0.4,0.8,0.6,-0.008744303385416667,0.027782236735026028,5000
5,13,0.007773844401041666,-1.4560546875,-1.4638285319010416,0.0022957410833499116,0.0010149348069168512,0.0031514485677083333,-0.005859375,2.8218424479166666,-0.8759602864583333,-3.697802734375,0.0006548448542451619,0.00672951184628689,-0.010721842447916666,-0.00390625,-0.006660970052083334,-0.0078125,-0.008968098958333334,-0.01171875,0.53125,2.6484375,0.013873291015625,0.01171875,0.4,0.6,0.7333333333333333,0.00052886962890625,0.027044830322265623,5000
5,14,0.00743408203125,-1.4521484375,-1.45958251953125,0.0017667818992076175,-0.005055627293765371,0.002811686197916667,0.0185546875,2.832747395833333,-0.8697591145833333,-3.702506510416667,0.0004970619007474981,0.0032027839577540716,0.00018310546875,0.0,-0.0060384114583333336,-0.003173828125,-0.006646728515625,-0.01171875,0.53515625,2.671875,0.002628580729166667,0.00531005859375,0.5333333333333333,0.4666666666666667,0.5333333333333333,-0.019183146158854164,0.022144165039062493,5000
5,15,0.0017537434895833334,-1.4597981770833333,-1.4615519205729166,0.0017004197787032342,-0.00571086723167173,-0.00286865234375,0.00390625,2.827933756510417,-0.8732218424479167,-3.701155598958333,0.0006664053304553084,0.005154215822809392,-0.004630533854166666,-0.0062255859375,-0.003238932291666667,-0.00390625,-0.0008931477864583333,-0.000213623046875,0.5390625,2.6875,0.0017618815104166667,0.00390625,0.6,0.6,0.5333333333333333,-0.01740102132161458,0.018209737141927067,5000
5,16,0.004616292317708334,-1.4560872395833333,-1.4607035319010417,0.0010645937917283046,-0.006002484124581386,-6.103515625e-06,0.00390625,2.825927734375,-0.8755452473958333,-3.7014729817708334,0.0006943605667040063,0.006945322622275584,-0.006636555989583333,-0.002197265625,-0.0025838216145833335,-0.005615234375,-0.005043538411458334,-0.0078125,0.5390625,2.6640625,0.006630452473958334,0.014404296875,0.6,0.6,0.6,-0.010081939697265624,0.02093521118164062,5000
5,17,0.014984130859375,-1.4535807291666667,-1.4685648600260417,0.002468539561426559,-0.002140549349603672,0.010361735026041667,0.0,2.837691243489583,-0.8705362955729167,-3.7082275390625,0.0007438564771449217,0.003998491561411358,0.005126953125,0.0,-0.00635986328125,-0.0078125,-0.0005961100260416667,0.001953125,0.51953125,2.6640625,0.005234781901041667,0.0032958984375,0.4666666666666667,0.3333333333333333,0.6666666666666666,-0.016967926025390625,0.02518519083658854,5000
5,18,0.0027608235677083334,-1.46201171875,-1.4647725423177083,0.002035446586265426,-0.0037577837758422665,-0.001861572265625,0.005859375,2.825048828125,-0.8711832682291667,-3.6962320963541666,0.0005463311649163059,0.007304727203758913,-0.007515462239583334,-0.005859375,-0.00540771484375,-0.009765625,-0.000555419921875,0.0107421875,0.48828125,2.6640625,0.005653889973958334,0.013336181640625,0.5333333333333333,0.6,0.6,-0.011523590087890626,0.022793121337890618,5000
5,19,-0.007330322265625,-1.4626627604166667,-1.4553324381510417,0.0037068827175087134,-0.005074460470042687,-0.011952718098958334,-0.01171875,2.81287841796875,-0.8762003580729166,-3.689078776041667,0.001214492121912731,0.009084115291285366,-0.019685872395833335,-0.023193359375,-0.0027791341145833332,0.0,-0.0046122233072916664,-0.000213623046875,0.5,2.669921875,0.007733154296875,0.0107421875,0.4666666666666667,0.7333333333333333,0.6666666666666666,-0.022108154296874998,0.03374486287434892,5000
5,20,0.00858154296875,-1.4520182291666666,-1.4605997721354167,0.0011742922680372406,-0.0001128311538628575,0.003959147135416666,-0.0009765625,2.8251912434895834,-0.8712443033854167,-3.696435546875,0.0008126580476750528,0.001500461769216889,-0.007373046875,-0.0078125,-0.0037027994791666665,-0.005859375,-0.000701904296875,0.0,0.53125,2.6875,0.011332194010416666,0.015625,0.4666666666666667,0.6666666666666666,0.6666666666666666,-0.006365254720052083,0.0279590861002604,5000
5,21,-0.002301025390625,-1.4624674479166666,-1.4601664225260416,0.0013920258332225852,-0.004489037501068022,-0.0069234212239583336,0.0,2.8295166015625,-0.8735026041666667,-3.703019205729167,0.0007148256659596081,0.004890048220040309,-0.003047688802083333,-0.00537109375,-0.009834798177083333,-0.0135498046875,-0.005238850911458333,-9.1552734375e-05,0.50390625,2.6640625,-0.003875732421875,0.0042724609375,0.4666666666666667,0.6666666666666666,0.6,-0.021066182454427082,0.012515258789062485,5000
5,22,0.00384521484375,-1.4594075520833334,-1.4632527669270834,0.0013545589569997419,-0.003068783385542615,-0.0007771809895833333,0.0009765625,2.8212320963541666,-0.8708414713541667,-3.6920735677083334,0.0005996424377283914,0.0060316912374105865,-0.011332194010416666,-0.0078125,-0.0043294270833333336,-0.006591796875,-0.006331380208333333,-0.0078125,0.51953125,2.6484375,0.010555013020833334,0.01348876953125,0.5333333333333333,0.7333333333333333,0.6666666666666666,0.00014994303385416688,0.02111857096354166,5000
5,23,0.004689534505208333,-1.4587890625,-1.4634785970052084,0.0014130833303653471,-0.004885808163674497,6.7138671875e-05,0.00146484375,2.827225748697917,-0.8716349283854167,-3.698860677083333,0.0006148717749707215,0.0024291736483786483,-0.005338541666666667,-0.010986328125,-0.0073974609375,-0.00390625,-0.00362548828125,-0.00390625,0.51171875,2.6484375,0.0054056803385416664,0.0107421875,0.5333333333333333,0.6666666666666666,0.6,-0.009466807047526041,0.019761301676432287,5000
5,24,0.00302734375,-1.4575846354166666,-1.4606119791666667,0.0014531430260638564,-0.003066843788747846,-0.0015950520833333333,-0.0001220703125,2.82510986328125,-0.8733601888020833,-3.698470052083333,0.0007241465939789427,0.00513173749230142,-0.007454427083333334,-0.0078125,-0.011002604166666667,-0.01171875,-0.0008626302083333333,-0.0078125,0.49609375,2.6640625,0.005859375,0.009765625,0.4,0.6,0.7333333333333333,-0.007568359375,0.019670613606770818,5000
5,25,0.0004923502604166667,-1.4587239583333333,-1.45921630859375,0.0014397833621703864,-0.0028199896757487835,-0.004130045572916667,-0.001953125,2.82938232421875,-0.8715779622395833,-3.7009602864583333,0.0006527917537182752,-0.0010662351628685411,-0.0031819661458333333,-0.000244140625,-0.01181640625,-0.014404296875,-0.004486083984375,-0.00390625,0.50390625,2.6640625,-0.0009480794270833333,0.001953125,0.4,0.5333333333333333,0.5333333333333333,-0.017701009114583333,0.015166117350260404,5000
5,26,0.0023274739583333333,-1.4585286458333333,-1.4608561197916667,0.0015992739296831783,-9.490494627638068e-05,-0.002294921875,-0.00732421875,2.825362141927083,-0.87193603515625,-3.6972981770833333,0.0005876219891510664,0.00701683115445349,-0.0072021484375,0.0,-0.0017333984375,-0.005859375,-0.000738525390625,0.0,0.5078125,2.6640625,0.0049072265625,0.0078125,0.4,0.4666666666666667,0.5333333333333333,-0.011678873697916667,0.020988362630208326,5000
5,27,3.865559895833333e-05,-1.45771484375,-1.4577534993489583,0.0013345641438500782,-0.0052478664438376935,-0.004583740234375,-0.001953125,2.82611083984375,-0.8719278971354166,-3.6980387369791665,0.0005660345561486064,0.005923156821945333,-0.006453450520833333,-0.0078125,-0.0087890625,-0.0078125,-0.005167643229166667,0.0,0.51171875,2.6484375,0.0018697102864583333,0.01171875,0.4666666666666667,0.6,0.6,-0.018672993977864583,0.01827479044596353,5000
5,28,-0.00294189453125,-1.46396484375,-1.46102294921875,0.0019191239497143222,-0.008467876834377313,-0.0075642903645833336,-0.0107421875,2.8261759440104166,-0.8695515950520833,-3.6957275390625,0.0007316925153411449,0.0034556949036021736,-0.006388346354166667,-0.0078125,-0.008308919270833333,-0.009765625,-0.0029744466145833334,0.0,0.515625,2.6484375,-0.0011759440104166666,-0.00390625,0.4,0.7333333333333333,0.4,-0.014363810221354167,0.012182718912760414,5000
5,29,-0.0017618815104166667,-1.459765625,-1.4580037434895834,0.0014798622612652193,-0.008046043567059928,-0.00638427734375,-0.005859375,2.8224365234375,-0.8748616536458333,-3.6972981770833333,0.0006515017371560377,0.005078403336146308,-0.010127766927083334,-0.0078125,-0.004557291666666667,-0.009765625,-0.0018025716145833334,0.0,0.53125,2.6484375,0.0037434895833333335,0.0,0.3333333333333333,0.6666666666666666,0.4666666666666667,-0.011047871907552083,0.018347269694010418,5000
5,30,0.008888753255208333,-1.4525390625,-1.4614278157552083,0.0015641967829208394,0.002517706653425073,0.004266357421875,0.0,2.8269612630208334,-0.8713785807291666,-3.69833984375,0.000509341464177042,0.0041733229546762835,-0.00560302734375,-0.00244140625,-0.0082275390625,-0.0078125,0.0013203938802083333,-0.00439453125,0.53515625,2.65625,0.009869384765625,0.0078125,0.4666666666666667,0.5333333333333333,0.6,-0.005408528645833333,0.024998474121093742,5000
5,31,0.0021260579427083335,-1.4576822916666667,-1.459808349609375,0.001424482298920951,-0.00680668313594027,-0.002496337890625,-0.001953125,2.827530924479167,-0.8723551432291666,-3.6998860677083334,0.0007936530510732637,0.006455589790574437,-0.005033365885416667,-0.01171875,-0.01229248046875,-0.015625,0.0012410481770833333,0.00750732421875,0.51953125,2.6484375,0.002537027994791667,0.0078125,0.4666666666666667,0.6,0.6,-0.013432057698567708,0.017838643391927055,5000
6,0,0.0007792154947916667,-1.46044921875,-1.4612284342447917,0.0013895293731932884,-0.0019023092915216235,-0.0038431803385416668,-0.0078125,2.8209554036458333,-0.8712239583333333,-3.6921793619791665,0.0007182793959619426,0.005549857761545141,-0.01160888671875,-0.015625,-0.011580403645833333,-0.0125732421875,-0.002353922526041667,0.0,0.52734375,2.640625,0.007765706380208333,0.015625,0.4,0.5333333333333333,0.6,-0.008403930664062498,0.023234100341796876,5000
6,1,0.001104736328125,-1.4597005208333333,-1.4608052571614583,0.0015442687484921592,-0.002347317720796356,-0.0035176595052083333,-0.000396728515625,2.8290364583333334,-0.8715087890625,-3.700545247395833,0.0006353375956485562,-0.00027258676882454814,-0.00352783203125,-0.0048828125,-0.00821533203125,-0.0078125,-0.0030537923177083332,0.0,0.48828125,2.6640625,1.0172526041666666e-05,-0.00244140625,0.4666666666666667,0.6666666666666666,0.4666666666666667,-0.013855336507161458,0.014178517659505209,5000
6,2,0.004105631510416667,-1.4592122395833333,-1.46331787109375,0.0014595435501860256,-0.001262567143125918,-0.0005167643229166667,0.001953125,2.8280354817708333,-0.8724853515625,-3.7005208333333335,0.0005564622443109825,0.002614996564964953,-0.00452880859375,-0.0048828125,-0.0019490559895833333,0.0,-0.0026021321614583333,0.0078125,0.52734375,2.6953125,0.004012044270833333,0.00390625,0.6,0.6,0.5333333333333333,-0.014427490234375,0.023152872721354162,5000
6,3,0.0036458333333333334,-1.4617838541666666,-1.4654296875,0.0013631148079515634,-0.006910289135667861,-0.0009765625,0.009765625,2.82672119140625,-0.8727579752604167,-3.699479166666667,0.0006976893589012191,0.004796040502187184,-0.005843098958333333,-0.0078125,-0.009855143229166667,-0.0078125,-0.005472819010416667,0.0,0.5078125,2.640625,0.004866536458333333,0.01171875,0.5333333333333333,0.6666666666666666,0.6666666666666666,-0.010027058919270833,0.018522135416666665,5000
6,4,0.007737223307291667,-1.45634765625,-1.4640848795572916,0.001522684349192053,-0.0005609136155598322,0.0031148274739583332,0.005859375,2.824365234375,-0.8734293619791667,-3.6977945963541665,0.0008279011149465773,0.005416435867921892,-0.008199055989583334,-0.0078125,-0.0066487630208333336,-0.005859375,0.000494384765625,-0.00390625,0.52734375,2.65625,0.011313883463541667,0.015625,0.5333333333333333,0.6666666666666666,0.7333333333333333,-0.006003723144531249,0.027665608723958325,5000
6,5,-0.0002766927083333333,-1.4645833333333333,-1.464306640625,0.0016617614911278967,-0.00676688962120196,-0.004899088541666667,-0.01171875,2.82059326171875,-0.8720174153645833,-3.692610677083333,0.0005878835175566513,0.00577464714807178,-0.011971028645833333,-0.0078125,-0.009138997395833333,-0.01171875,0.0047871907552083336,0.0078125,0.5234375,2.640625,0.007071940104166666,0.0009765625,0.4,0.6,0.5333333333333333,-0.010767822265625,0.02867919921874999,5000
6,6,0.0015055338541666667,-1.45341796875,-1.4549235026041667,0.0014868624965796986,-0.004122317709417939,-0.003116861979166667,-0.00390625,2.8265665690104167,-0.8716349283854167,-3.6982014973958335,0.0009013974703791284,0.006140143805312461,-0.005997721354166667,0.0,-0.0062906901041666664,0.0,-0.0036763509114583334,-0.000213623046875,0.51171875,2.6640625,0.002880859375,0.0111083984375,0.4,0.4666666666666667,0.6,-0.0147955322265625,0.019881388346354164,5000
6,7,0.00374755859375,-1.4586588541666667,-1.4624064127604166,0.001219313176566907,-0.003356164380625037,-0.0008748372395833334,0.0,2.8283406575520833,-0.8710978190104167,-3.6994384765625,0.0007681131980780646,0.0033467518938598358,-0.0042236328125,-0.001953125,-0.00675048828125,0.0,-0.0006856282552083333,-0.0013427734375,0.50390625,2.671875,0.0033487955729166667,0.00390625,0.4666666666666667,0.5333333333333333,0.6,-0.0058839925130208335,0.011812744140624994,5000
6,8,0.007196044921875,-1.4529622395833333,-1.4601582845052083,0.0018888028510707668,-0.0018090102902160704,0.0025736490885416665,0.00390625,2.832267252604167,-0.870849609375,-3.703116861979167,0.0008235892367683399,0.0013715857315214075,-0.00029703776041666664,0.0,-0.0068115234375,-0.00732421875,-0.0010416666666666667,-0.0001220703125,0.5078125,2.640625,0.0028706868489583332,0.0166015625,0.6,0.4666666666666667,0.5333333333333333,-0.022037811279296875,0.023519083658854162,5000
6,9,0.001995849609375,-1.4586588541666667,-1.4606547037760416,0.0012877216385530918,-0.0045099716719819586,-0.0026265462239583332,-0.0029296875,2.825996907552083,-0.8707560221354167,-3.6967529296875,0.0006570615143290278,0.004912266884542452,-0.0065673828125,-0.0078125,-0.008837890625,-0.0078125,0.00017496744791666667,-0.00390625,0.53125,2.6640625,0.0039408365885416664,0.015625,0.4666666666666667,0.5333333333333333,0.6,-0.011010894775390625,0.01749481201171875,5000
6,10,-0.003116861979166667,-1.46455078125,-1.4614339192708334,0.0016568873117272437,-0.011715981861216859,-0.0077392578125,-0.0078125,2.8326171875,-0.8693766276041667,-3.7019938151041667,0.0006699187628224016,4.347016658327906e-05,5.289713541666667e-05,0.002197265625,-0.01138916015625,-0.009765625,0.000244140625,-0.0087890625,0.52734375,2.671875,-0.007792154947916667,-0.015625,0.4666666666666667,0.4666666666666667,0.3333333333333333,-0.024696044921875,0.00966440836588541,5000
6,11,0.003605143229166667,-1.4611979166666667,-1.4648030598958333,0.0014270451760664917,-0.003593471883529575,-0.0010172526041666667,-0.001953125,2.821610514322917,-0.87308349609375,-3.694694010416667,0.0005863686018201764,0.00538148451665657,-0.010953776041666667,-0.01171875,-0.00799560546875,-0.0078125,-0.001957194010416667,0.00390625,0.51953125,2.6640625,0.0099365234375,0.015625,0.4666666666666667,0.6666666666666666,0.6,-0.0027103678385416666,0.02229044596354166,5000
6,12,0.009128824869791666,-1.4578776041666666,-1.4670064290364584,0.0017683049300900784,-0.004281281468820921,0.004506429036458333,0.0029296875,2.8236328125,-0.8733642578125,-3.6969970703125,0.0007188805275972304,0.004706037096098353,-0.008931477864583334,-0.0078125,-0.0044514973958333336,-0.005859375,-0.0027058919270833335,-0.01171875,0.50390625,2.640625,0.013437906901041666,0.0093994140625,0.5333333333333333,0.6666666666666666,0.8,-0.0019482421874999995,0.02729095458984375,5000
6,13,-5.6966145833333334e-05,-1.4567708333333333,-1.4567138671875,0.0022563568656269453,-0.0019467708286515526,-0.004679361979166667,-0.0048828125,2.8206502278645833,-0.8709187825520833,-3.6915690104166665,0.0007057883754303253,0.00749981874948719,-0.0119140625,-0.0078125,-0.00556640625,0.0,-0.0027872721354166665,-0.0029296875,0.49609375,2.65625,0.007234700520833333,0.0224609375,0.4,0.6666666666666666,0.6666666666666666,-0.02755635579427083,0.035921427408854165,5000
6,14,-0.004827880859375,-1.4671223958333333,-1.4622945149739583,0.0017359205289732684,-0.009133777198849244,-0.009450276692708334,-0.0048828125,2.822465006510417,-0.87535400390625,-3.6978190104166666,0.0008286905286717795,0.007749423446437961,-0.010099283854166667,-0.0078125,-0.005843098958333333,-0.00390625,-0.003981526692708333,-0.001953125,0.48828125,2.65625,0.0006490071614583333,0.005859375,0.3333333333333333,0.6666666666666666,0.6,-0.013593190511067707,0.013605550130208323,5000
6,15,0.00247802734375,-1.4610026041666666,-1.4634806315104167,0.0016103391243391327,-0.008671250230946592,-0.0021443684895833333,0.005859375,2.8254801432291665,-0.8710205078125,-3.6965006510416667,0.0006431529445979612,0.0010139466208480227,-0.0070841471354166664,-0.009765625,-0.0028076171875,0.0,0.00980224609375,0.01171875,0.51953125,2.669921875,0.0049397786458333336,0.02154541015625,0.5333333333333333,0.6666666666666666,0.6,-0.021070556640624998,0.02836517333984375,5000
6,16,4.069010416666667e-06,-1.4597981770833333,-1.45980224609375,0.001814110240039828,-0.005718658633584262,-0.004618326822916667,-0.0078125,2.8314493815104167,-0.87232666015625,-3.7037760416666665,0.0005851944361969802,0.0011339745360368922,-0.0011149088541666666,0.0,-0.008699544270833333,-0.0078125,-0.0006571451822916667,-0.0006103515625,0.50390625,2.671875,-0.00350341796875,-0.009765625,0.4,0.4666666666666667,0.4666666666666667,-0.01769256591796875,0.011108703613281246,5000
6,17,-0.000732421875,-1.4595703125,-1.458837890625,0.0012933264082250352,-0.006957298215874271,-0.005354817708333333,-0.0078125,2.82532958984375,-0.8727335611979167,-3.6980631510416666,0.000580143313834164,0.0003993784020961071,-0.007234700520833333,-0.01171875,-0.00513916015625,0.0,0.000787353515625,0.0078125,0.53125,2.6875,0.0018798828125,0.001953125,0.26666666666666666,0.6,0.5333333333333333,-0.0140301513671875,0.016735026041666618,5000
6,18,0.006477864583333334,-1.4545572916666667,-1.46103515625,0.0016852346212030732,-0.0012508134279080498,0.00185546875,0.00390625,2.82486572265625,-0.8751424153645834,-3.7000081380208334,0.0007725860307917187,0.007305604481636308,-0.007698567708333334,-0.005859375,-0.004142252604166666,-0.0006103515625,2.8483072916666667e-05,0.0078125,0.51953125,2.6328125,0.009554036458333333,0.0078125,0.5333333333333333,0.5333333333333333,0.8,-0.0044628906249999985,0.021802368164062492,5000
6,19,-0.0005289713541666666,-1.46240234375,-1.4618733723958333,0.0017809567590741033,-0.007753795289988058,-0.0051513671875,-0.00958251953125,2.8214599609375,-0.8733479817708333,-3.694807942708333,0.0008326234929286467,0.007373780757904155,-0.011104329427083334,-0.009765625,-0.005476888020833333,-0.0107421875,-0.00216064453125,-0.00390625,0.51171875,2.650390625,0.005952962239583333,0.00372314453125,0.4666666666666667,0.8666666666666667,0.5333333333333333,-0.0062298583984375,0.01824259440104165,5000
6,20,0.00260009765625,-1.4583984375,-1.46099853515625,0.0015852312772587716,-0.005736725635484594,-0.0020222981770833333,0.0,2.82806396484375,-0.87391357421875,-3.7019775390625,0.0006999114966070325,0.007099317310393151,-0.004500325520833333,-0.00390625,-0.0072591145833333336,-0.0078125,-0.0033976236979166665,-0.0003662109375,0.515625,2.669921875,0.00247802734375,0.00048828125,0.4666666666666667,0.5333333333333333,0.5333333333333333,-0.013241068522135416,0.017631429036458326,5000
6,21,-0.016092936197916668,-1.46533203125,-1.4492390950520833,0.003995021801016448,-0.008866841135072695,-0.02071533203125,-0.0107421875,2.8151285807291666,-0.8744791666666667,-3.6896077473958333,0.0006906764486665901,0.007702176257026386,-0.017435709635416668,-0.01953125,-0.0046142578125,0.0,-0.000823974609375,0.0048828125,0.41796875,2.640625,-0.0032796223958333334,0.0087890625,0.26666666666666666,0.6,0.6,-0.028694966634114583,0.019344278971354163,5000
6,22,0.006410725911458333,-1.4567057291666667,-1.463116455078125,0.0015828879911769021,-0.0007941029134517668,0.001788330078125,0.001953125,2.8336669921875,-0.8685628255208333,-3.7022298177083335,0.0007675844406931592,-0.0003966273267091183,0.0011027018229166667,0.001953125,-0.0014200846354166666,0.0,-0.001727294921875,0.0,0.51953125,2.6484375,0.0006856282552083333,0.00390625,0.5333333333333333,0.4666666666666667,0.5333333333333333,-0.016846059163411458,0.016862436930338533,5000
6,23,-0.0039306640625,-1.4625,-1.4585693359375,0.0010685189002743187,-0.01163929283359829,-0.008553059895833333,0.0,2.828047688802083,-0.8713419596354167,-3.6993896484375,0.0007567845941929987,0.002314837705472555,-0.0045166015625,-0.00390625,-0.009895833333333333,-0.009765625,-0.006402587890625,0.0003662109375,0.52734375,2.6328125,-0.004036458333333334,0.00146484375,0.4666666666666667,0.6666666666666666,0.5333333333333333,-0.017732950846354168,0.008228149414062491,5000
6,24,0.004960123697916667,-1.4630208333333334,-1.46798095703125,0.0016663852043906668,-0.001886575091692473,0.0003377278645833333,0.001953125,2.8301188151041665,-0.87392578125,-3.7040445963541666,0.000857598028437211,0.0033630104106998696,-0.002445475260416667,0.0,-0.010380045572916666,-0.01171875,-0.0010152180989583333,-0.00048828125,0.51953125,2.662109375,0.002783203125,0.00390625,0.6,0.4666666666666667,0.6,-0.01201171875,0.017285461425781246,5000
6,25,0.004374186197916667,-1.4592122395833333,-1.46358642578125,0.001513109742960876,-0.0012689697253810302,-0.00024820963541666665,0.00390625,2.82476806640625,-0.87200927734375,-3.69677734375,0.0006401264949135451,0.006146099368401655,-0.007796223958333333,-0.005859375,-0.007942708333333333,-0.013427734375,-0.0005472819010416667,-0.008087158203125,0.51953125,2.671875,0.007548014322916667,0.013671875,0.6,0.6,0.6666666666666666,-0.004260965983072916,0.019165649414062493,5000
6,26,0.0007039388020833333,-1.458984375,-1.4596883138020833,0.001337673484297372,-0.0052567551941118,-0.00391845703125,-0.00830078125,2.83551025390625,-0.8723347981770834,-3.7078450520833335,0.0007002330597940413,0.003184822319799482,0.0029459635416666666,0.0030517578125,-0.005623372395833334,-0.0048828125,-0.00806884765625,-0.013671875,0.5234375,2.6484375,-0.006864420572916667,-0.0078125,0.4666666666666667,0.4,0.3333333333333333,-0.02237152099609375,0.00816884358723955,5000
6,27,0.0027547200520833333,-1.4583333333333333,-1.4610880533854167,0.0012452553108836934,-0.006044573892572485,-0.00186767578125,0.00048828125,2.821175130208333,-0.873095703125,-3.6942708333333334,0.0007468958023633448,0.008510483098066624,-0.01138916015625,-0.013671875,-0.007845052083333333,-0.009765625,-0.0026875813802083332,0.0,0.52734375,2.6484375,0.009521484375,0.01953125,0.5333333333333333,0.6666666666666666,0.6666666666666666,-0.007476603190104166,0.02469502766927083,5000
6,28,0.0028971354166666668,-1.4583658854166666,-1.4612630208333333,0.0017631595171534137,-0.004827814951186372,-0.0017252604166666666,0.0,2.8225138346354166,-0.8695760091145833,-3.69208984375,0.0005964535628623973,0.006095035857305939,-0.010050455729166666,-0.0078125,-0.004048665364583333,-0.00390625,8.951822916666666e-05,-0.0009765625,0.51171875,2.65625,0.0083251953125,0.0078125,0.4666666666666667,0.6666666666666666,0.6,-0.012727864583333333,0.026936848958333332,5000
6,29,0.002496337890625,-1.46015625,-1.462652587890625,0.001386499738111211,-0.003787674839035788,-0.0021260579427083335,0.0,2.8241902669270833,-0.8701212565104167,-3.6943115234375,0.0007092695090966126,0.007272189010461229,-0.0083740234375,-0.0042724609375,-0.008512369791666667,-0.0078125,0.0014729817708333333,0.0,0.50390625,2.6796875,0.006247965494791666,0.0078125,0.4666666666666667,0.7333333333333333,0.6,-0.011261494954427083,0.022776743570963535,5000
6,30,-0.0009318033854166667,-1.4586263020833334,-1.4576944986979166,0.0011941089636506397,-0.0014387791517631754,-0.00555419921875,-0.005859375,2.831498209635417,-0.86944580078125,-3.700944010416667,0.0007098269606566596,0.0039498775305232435,-0.0010660807291666666,0.0,-0.010384114583333333,-0.0078125,0.00013427734375,-0.00390625,0.5234375,2.671875,-0.004488118489583333,-0.0078125,0.4666666666666667,0.4666666666666667,0.4666666666666667,-0.02238006591796875,0.012415161132812491,5000
6,31,0.0013427734375,-1.4587565104166667,-1.4600992838541667,0.0011060703406227017,-0.007468369080308413,-0.0032796223958333334,0.0,2.827644856770833,-0.8706705729166667,-3.6983154296875,0.0006494258944515108,0.004407003620966043,-0.00491943359375,-0.0078125,-0.012711588541666667,-0.015625,-0.0033955891927083333,0.0,0.5234375,2.65625,0.0016398111979166667,0.0078125,0.4,0.6,0.5333333333333333,-0.013266194661458333,0.016382548014322904,5000
7,0,0.0017659505208333333,-1.4597981770833333,-1.4615641276041667,0.001580160173110252,-0.005840562591952838,-0.0028564453125,0.00390625,2.826468912760417,-0.8731486002604166,-3.6996175130208333,0.0006928414861772231,0.0019833469701100513,-0.006095377604166666,-0.00390625,-0.009733072916666667,-0.01123046875,-0.004913330078125,-0.0048828125,0.5234375,2.662109375,0.003238932291666667,-0.00390625,0.5333333333333333,0.6,0.4666666666666667,-0.014958089192708333,0.020320841471354163,5000
7,1,-0.01033935546875,-1.4629557291666666,-1.4526163736979167,0.0021530178300309994,-0.009679930153729152,-0.014961751302083333,-0.0126953125,2.825264485677083,-0.87254638671875,-3.6978108723958334,0.0006620462467906902,0.005055086090851632,-0.0072998046875,-0.00390625,-0.007242838541666667,-0.005859375,-0.004117838541666667,-0.00341796875,0.49609375,2.6640625,-0.007661946614583333,-0.0078125,0.3333333333333333,0.6,0.3333333333333333,-0.022343648274739582,0.006693623860677082,5000
7,2,0.00034383138020833336,-1.4618815104166667,-1.462225341796875,0.0016134519854581692,-0.005780184183676029,-0.004278564453125,0.00048828125,2.834672037760417,-0.8735310872395833,-3.708203125,0.0007121831236821653,-0.0004979355836897879,0.0021077473958333332,0.0,-0.007560221354166666,-0.0078125,-0.000482177734375,0.0009765625,0.48828125,2.6875,-0.006386311848958334,0.00390625,0.5333333333333333,0.4,0.5333333333333333,-0.025830841064453124,0.011918233235677082,5000
7,3,0.007185872395833333,-1.4595703125,-1.4667561848958333,0.0013976159816798722,-0.004967365905249572,0.0025634765625,0.01171875,2.821663411458333,-0.874169921875,-3.6958333333333333,0.0005797660822688187,0.008031055226008499,-0.01090087890625,-0.00390625,-0.009281412760416666,-0.009765625,-0.0045735677083333336,-0.0001220703125,0.5,2.65625,0.01346435546875,0.0146484375,0.6666666666666666,0.5333333333333333,0.8,-0.00192901611328125,0.028666585286458327,5000
7,4,0.00550537109375,-1.4572916666666667,-1.4627970377604167,0.001722145385211603,-0.0016805171970921795,0.0008829752604166667,-0.00048828125,2.8293701171875,-0.8706217447916667,-3.6999918619791665,0.0007358756037723959,0.003986324065454812,-0.0031941731770833335,-0.001953125,-0.0062744140625,0.0,-0.012225341796875,-0.015625,0.48828125,2.6796875,0.0040771484375,0.0009765625,0.4,0.5333333333333333,0.5333333333333333,-0.010006103515625,0.01950286865234375,5000
7,5,0.01298828125,-1.4521158854166667,-1.4651041666666667,0.0023038282182019916,0.0014172654279701457,0.008365885416666666,0.001953125,2.824235026041667,-0.8720540364583333,-3.6962890625,0.0006834321695178148,0.00565271098446406,-0.008329264322916667,-0.0078125,-0.004915364583333333,-0.00390625,-0.0011698404947916667,-0.0068359375,0.4921875,2.703125,0.016695149739583335,0.0159912109375,0.5333333333333333,0.5333333333333333,0.6,-0.00109466552734375,0.03689503987630206,5000
7,6,0.001251220703125,-1.4601888020833333,-1.4614400227864583,0.001943147953107158,-0.007663681527808298,-0.0033711751302083334,0.0078125,2.827071126302083,-0.8682576497395833,-3.695328776041667,0.0005706255966581002,-0.002137143997636744,-0.0054931640625,-0.0078125,-0.009110514322916667,-0.0078125,-0.005596923828125,0.001953125,0.50390625,2.6484375,0.0021219889322916666,0.0,0.5333333333333333,0.6,0.4666666666666667,-0.013353627522786458,0.017966766357421875,5000
7,7,0.005525716145833333,-1.4569010416666666,-1.4624267578125,0.0019282933254048105,-0.0053633099025168045,0.0009033203125,-0.00390625,2.8305623372395834,-0.8737508138020833,-3.7043131510416667,0.0007559902976935942,0.0032670948338848847,-0.002001953125,-0.001953125,0.00043131510416666665,0.0013427734375,-0.009206136067708334,0.0009765625,0.53125,2.65625,0.0029052734375,0.01171875,0.4666666666666667,0.5333333333333333,0.6666666666666666,-0.015780232747395834,0.020280354817708325,5000
7,8,0.0076863606770833336,-1.4563151041666667,-1.46400146484375,0.001588080552550128,-0.00020038766904838592,0.00306396484375,0.0048828125,2.822823079427083,-0.87305908203125,-3.6958821614583335,0.0007113710934388929,0.0036058260849076637,-0.0097412109375,-0.013427734375,-0.005782063802083333,-0.00390625,-0.00069580078125,0.01171875,0.515625,2.6328125,0.01280517578125,0.005859375,0.5333333333333333,0.6666666666666666,0.6,-0.0030573527018229163,0.029411315917968743,5000
7,9,-0.0009928385416666666,-1.4582682291666667,-1.457275390625,0.0018611105843007658,-0.008403421535178646,-0.005615234375,-0.01171875,2.825390625,-0.87138671875,-3.69677734375,0.0007371169514045242,0.0046071389879982815,-0.007173665364583333,0.0,-0.0011678059895833333,-0.00390625,-0.003125,-0.0009765625,0.5078125,2.6640625,0.0015584309895833334,0.00390625,0.3333333333333333,0.4666666666666667,0.5333333333333333,-0.015605367024739582,0.018230285644531236,5000
7,10,-0.0011393229166666667,-1.45771484375,-1.4565755208333333,0.0016761697219184924,-0.010155640682897373,-0.00576171875,-0.00390625,2.8249918619791665,-0.873876953125,-3.698868815104167,0.0006817327322295865,0.005199962001923254,-0.0075724283854166664,-0.00390625,-0.006083170572916667,-0.005859375,-0.0007181803385416667,0.0068359375,0.515625,2.677734375,0.0018107096354166667,0.0010986328125,0.4666666666666667,0.5333333333333333,0.5333333333333333,-0.016365559895833333,0.02004414876302083,5000
7,11,-0.00498046875,-1.4617838541666666,-1.4568033854166667,0.0017878129538883695,-0.009113950724153755,-0.009602864583333334,-0.009765625,2.82657470703125,-0.8696736653645833,-3.6962483723958335,0.0006624459613449875,0.00530661856337335,-0.005989583333333334,-0.0078125,-0.0045166015625,0.0,-0.0028177897135416665,0.0078125,0.51171875,2.669921875,-0.00361328125,0.0,0.4,0.6,0.4666666666666667,-0.018831990559895834,0.01110188802083331,5000
7,12,0.005889892578125,-1.45869140625,-1.464581298828125,0.001656649723358304,-0.007745976631234777,0.0012674967447916666,0.014892578125,2.82249755859375,-0.87322998046875,-3.6957275390625,0.0006629754074643431,0.006497482500640545,-0.010066731770833334,-0.009765625,-0.007975260416666666,-0.001953125,-0.0037068684895833334,-0.00244140625,0.515625,2.662109375,0.011334228515625,0.009765625,0.6,0.6666666666666666,0.5333333333333333,-0.006098073323567708,0.02831019083658854,5000
7,13,0.001275634765625,-1.4597981770833333,-1.4610738118489583,0.0015490688168334232,-0.005812264984748154,-0.0033467610677083335,-0.00390625,2.831648763020833,-0.8718912760416667,-3.7035400390625,0.0006231525655006458,0.0036735648036312508,-0.00091552734375,0.0,-0.008980305989583333,-0.00927734375,-0.002956136067708333,0.001953125,0.52734375,2.6640625,-0.0024312337239583335,0.0,0.4,0.4666666666666667,0.4666666666666667,-0.017188008626302084,0.011255849202473944,5000
7,14,-0.003841145833333333,-1.4636067708333333,-1.459765625,0.0017743846619100536,-0.008696078612333154,-0.008463541666666666,-0.00390625,2.827156575520833,-0.8707926432291667,-3.69794921875,0.0005256367451450443,-0.0004319973772780641,-0.00540771484375,-0.00390625,-0.00462646484375,-0.005859375,-0.000701904296875,0.0009765625,0.48828125,2.671875,-0.003055826822916667,-0.0172119140625,0.3333333333333333,0.6666666666666666,0.4,-0.021290486653645833,0.01688425699869789,5000
7,15,0.003509521484375,-1.46015625,-1.463665771484375,0.0013850936801484426,-0.006524624147140149,-0.0011128743489583334,0.00390625,2.8248616536458333,-0.871533203125,-3.696394856770833,0.0006423227385025093,0.001576705089628609,-0.00770263671875,-0.009765625,-0.00682373046875,-0.0078125,-0.0072062174479166664,0.0068359375,0.51171875,2.65625,0.006589762369791667,0.01171875,0.6,0.6,0.6666666666666666,-0.009094340006510417,0.022400410970052076,5000
7,16,0.006620279947916667,-1.457421875,-1.4640421549479166,0.0016160348901427628,-0.0016450627888841148,0.0019978841145833334,0.00390625,2.8293863932291665,-0.8732421875,-3.702628580729167,0.000666413199813374,0.0001239273634881497,-0.003177897135416667,0.001953125,-0.0038736979166666668,0.0,-0.0029886881510416668,-0.0010986328125,0.49609375,2.671875,0.00517578125,0.00390625,0.5333333333333333,0.3333333333333333,0.6,-0.008007914225260416,0.018848368326822906,5000
7,17,0.0019083658854166666,-1.46025390625,-1.4621622721354166,0.0016747439852889093,-0.007108606992958873,-0.0027140299479166668,0.005859375,2.8253458658854167,-0.8715291341145833,-3.696875,0.0005616327175408611,0.005035625540097419,-0.007218424479166667,-0.0078125,-0.006380208333333333,-0.001953125,0.00044962565104166664,0.00390625,0.51171875,2.662109375,0.00450439453125,0.0032958984375,0.5333333333333333,0.6666666666666666,0.5333333333333333,-0.010616353352864583,0.019295247395833333,5000
7,18,-8.138020833333333e-06,-1.46396484375,-1.4639567057291667,0.0017938462049405537,-0.0035401463072620236,-0.004630533854166666,0.0009765625,2.833846028645833,-0.8687093098958333,-3.7025553385416665,0.0005100270374762967,-0.0023516331104006926,0.00128173828125,0.0078125,-0.0007568359375,-0.0078125,0.0014790852864583334,0.0015869140625,0.50390625,2.6953125,-0.005912272135416666,0.0,0.5333333333333333,0.3333333333333333,0.4666666666666667,-0.02285573323567708,0.012896219889322895,5000
7,19,-0.0030069986979166666,-1.46474609375,-1.4617390950520834,0.0018187613824043975,-0.007094751988336213,-0.00762939453125,-0.00048828125,2.8243977864583334,-0.8750081380208333,-3.6994059244791666,0.0007190659365098658,0.003589847940210546,-0.00816650390625,-0.0078125,-0.006575520833333333,-0.0078125,-0.007843017578125,-0.01513671875,0.50390625,2.65625,0.000537109375,0.00732421875,0.4666666666666667,0.7333333333333333,0.5333333333333333,-0.016199442545572915,0.015947977701822894,5000
7,20,-0.000146484375,-1.459765625,-1.459619140625,0.0013128763139669184,-0.007108798093160384,-0.004768880208333334,0.00390625,2.8299763997395835,-0.8720906575520834,-3.7020670572916665,0.0006123428850270573,-0.0014273641369521447,-0.002587890625,-0.0068359375,-0.0057861328125,0.0,-0.0018412272135416667,0.0078125,0.51953125,2.654296875,-0.0021809895833333334,0.0126953125,0.6,0.6666666666666666,0.6,-0.022387898763020834,0.013639526367187496,5000
7,21,-0.003977457682291667,-1.46181640625,-1.4578389485677083,0.0016754481984724574,-0.006527992037585426,-0.008599853515625,-0.001953125,2.82508544921875,-0.8745157877604167,-3.699601236979167,0.0006852158162266348,0.00381141882079562,-0.007478841145833333,-0.005859375,-0.004300944010416667,-0.00390625,0.002716064453125,0.0096435546875,0.50390625,2.671875,-0.0011210123697916667,0.01171875,0.4666666666666667,0.6666666666666666,0.6,-0.01829249064127604,0.014772745768229133,5000
7,22,0.00050048828125,-1.4590169270833333,-1.4595174153645833,0.0017849782979914735,-0.003936204278916619,-0.004121907552083333,-0.00390625,2.8197062174479166,-0.8740437825520834,-3.69375,0.0008580509756655429,0.00570842131681177,-0.012858072916666666,-0.01171875,0.0024332682291666667,0.0,0.0025248209635416667,0.005859375,0.515625,2.65625,0.008736165364583333,-0.00042724609375,0.4,0.8,0.4666666666666667,-0.007870279947916666,0.025750630696614554,5000
7,23,-0.0017720540364583334,-1.4634440104166666,-1.4616719563802083,0.0018466310241015969,-0.003826820353883316,-0.006394449869791667,0.001953125,2.823531087239583,-0.8759480794270833,-3.699479166666667,0.0008411830655939395,0.0055724492307452625,-0.009033203125,-0.008544921875,-0.007096354166666667,-0.00390625,-0.00767822265625,-0.0078125,0.49609375,2.6484375,0.0026387532552083334,0.010498046875,0.6,0.8,0.7333333333333333,-0.01401270548502604,0.016713968912760408,5000
7,24,-0.0016357421875,-1.4660481770833333,-1.4644124348958334,0.0014828338406276005,-0.00890481938041297,-0.006258138020833333,-0.009521484375,2.828971354166667,-0.8709147135416667,-3.6998860677083334,0.0005621857347200037,0.004033951383562644,-0.0035929361979166667,0.0,-0.00439453125,-0.0015869140625,-0.00738525390625,-0.001953125,0.50390625,2.6640625,-0.0026652018229166665,-0.0126953125,0.4,0.4666666666666667,0.4,-0.013118896484375,0.009090576171874995,5000
7,25,-0.000537109375,-1.4625651041666667,-1.4620279947916666,0.0018080969008990033,-0.007871228884685631,-0.005159505208333333,-0.00048828125,2.8247965494791667,-0.8721110026041666,-3.696907552083333,0.0006836472465796384,0.005915296287147332,-0.007767740885416667,-0.0135498046875,-0.01011962890625,-0.01171875,-0.0029154459635416666,-0.001953125,0.4921875,2.65625,0.0026082356770833334,0.005859375,0.4666666666666667,0.7333333333333333,0.6,-0.01741628011067708,0.021464131673177084,5000
7,26,0.0027587890625,-1.45966796875,-1.4624267578125,0.001566196400484105,-0.0013648597592267931,-0.0018636067708333334,-0.00140380859375,2.82259521484375,-0.8721476236979167,-3.6947428385416665,0.0006924422177490522,0.00508933016179479,-0.009969075520833334,-0.01171875,-0.0051310221354166664,-0.00390625,-0.002010091145833333,0.00732421875,0.515625,2.6640625,0.00810546875,0.0078125,0.4,0.6,0.6,-0.004830118815104167,0.021452433268229158,5000
7,27,-0.0011210123697916667,-1.4587890625,-1.4576680501302084,0.00166512906002123,-0.0036462053867631727,-0.005743408203125,0.0029296875,2.8272420247395833,-0.8720255533854167,-3.699267578125,0.0006430607197904498,-0.00020104866092168487,-0.005322265625,-0.01171875,-0.010782877604166666,-0.0078125,-0.005900065104166667,-0.00390625,0.51953125,2.65625,-0.000421142578125,0.0107421875,0.5333333333333333,0.7333333333333333,0.6,-0.022247517903645833,0.016384073893229163,5000
7,28,0.0032755533854166665,-1.4614908854166666,-1.4647664388020833,0.0012611539453258782,-0.007424251245971705,-0.0013468424479166667,0.001953125,2.823905436197917,-0.87718505859375,-3.7010904947916665,0.0007094467771703502,0.0038798105092350396,-0.008658854166666667,-0.01171875,-0.00443115234375,-0.005859375,-0.004203287760416666,-0.001953125,0.515625,2.6484375,0.00731201171875,0.00390625,0.5333333333333333,0.6666666666666666,0.5333333333333333,-0.007910664876302083,0.023605753580729145,5000
7,29,0.0040323893229166664,-1.4631510416666667,-1.4671834309895833,0.0017559493746322984,-0.0044512676740027,-0.0005900065104166666,0.001708984375,2.8390787760416667,-0.8669514973958333,-3.7060302734375,0.0007191786416591029,-0.006366963779206453,0.006514485677083333,0.0078125,-0.007938639322916666,-0.001953125,-0.0025614420572916668,0.0,0.51171875,2.6875,-0.0071044921875,-0.015869140625,0.5333333333333333,0.26666666666666666,0.4,-0.025578715006510416,0.012386271158854163,5000
7,30,0.004280598958333334,-1.4590494791666666,-1.463330078125,0.0014465864000541436,-0.0016962295112386728,-0.000341796875,-0.0087890625,2.8221435546875,-0.8743326822916667,-3.6964762369791666,0.0006295028941879592,0.0056984788357256734,-0.010420735677083333,-0.01171875,-0.0029459635416666666,-0.00390625,-0.006136067708333333,-0.0048828125,0.5078125,2.6484375,0.010078938802083333,0.009765625,0.4666666666666667,0.7333333333333333,0.6666666666666666,-0.0058026123046875,0.025098775227864568,5000
7,31,0.0043701171875,-1.4603515625,-1.4647216796875,0.001300576914346391,-0.007674382369503378,-0.00025227864583333336,0.001953125,2.82337646484375,-0.87442626953125,-3.697802734375,0.0007198410640695955,0.0062625162723175054,-0.009187825520833333,0.0,-0.00609130859375,-0.00390625,-0.0021728515625,0.0,0.51953125,2.6640625,0.008935546875,0.0068359375,0.5333333333333333,0.4666666666666667,0.6,-0.00390625,0.021907755533854163,5000
8,0,0.0016194661458333334,-1.45986328125,-1.4614827473958334,0.0011878323650742816,-0.004893507804333846,-0.0030029296875,0.001953125,2.8306925455729166,-0.87230224609375,-3.702994791666667,0.0005441135450397789,0.0021652553695685963,-0.0018717447916666667,-0.0078125,-0.00687255859375,-0.009765625,-0.0031575520833333334,-0.0048828125,0.515625,2.65625,-0.0011311848958333334,-0.00048828125,0.5333333333333333,0.6,0.4666666666666667,-0.019011230468749998,0.0150146484375,5000
8,1,0.005198160807291667,-1.45703125,-1.4622294108072917,0.0017209926116205562,-0.004331416557378822,0.0005757649739583333,0.005859375,2.827278645833333,-0.87275390625,-3.7000325520833335,0.000667873247261595,0.0046249522875866,-0.00528564453125,0.0,-0.00491943359375,0.0,0.000592041015625,0.0068359375,0.51953125,2.6875,0.005861409505208333,0.003631591796875,0.5333333333333333,0.4666666666666667,0.6,-0.007376352945963541,0.02070398966471353,5000
8,2,0.002520751953125,-1.4612630208333333,-1.4637837727864584,0.001774512837796423,-0.008369654791676362,-0.002101643880208333,0.005859375,2.8224446614583334,-0.8732666015625,-3.6957112630208333,0.00064950647993539,0.00771009413436792,-0.01011962890625,-0.005859375,-0.0059244791666666664,0.0,-0.0022298177083333332,0.0,0.52734375,2.677734375,0.008017985026041667,0.01171875,0.6,0.6,0.6,-0.005899149576822917,0.021365509033203108,5000
8,3,0.0007954915364583333,-1.45966796875,-1.4604634602864583,0.0012229611099496007,-0.0074624510324449505,-0.003826904296875,-0.0078125,2.8265950520833334,-0.8718180338541667,-3.6984130859375,0.0006775291666285735,0.005150211421546652,-0.00596923828125,-0.0078125,-0.0075927734375,-0.013671875,-0.006980387369791666,-0.000335693359375,0.5390625,2.6484375,0.002142333984375,-0.001953125,0.4,0.5333333333333333,0.4,-0.014194895426432291,0.018689270019531246,5000
8,4,-0.0016153971354166666,-1.4622721354166666,-1.46065673828125,0.0017646805454794032,-0.006759119731884163,-0.00623779296875,-0.0087890625,2.82236328125,-0.8733642578125,-3.6957275390625,0.000707455599716133,0.007034920945792315,-0.010201009114583333,-0.00787353515625,-0.0023111979166666667,0.0,3.255208333333333e-05,0.005859375,0.4921875,2.677734375,0.0039632161458333336,0.00390625,0.3333333333333333,0.7333333333333333,0.6,-0.008186848958333333,0.014880676269531247,5000
8,5,-0.0035115559895833332,-1.4623372395833334,-1.45882568359375,0.0014183902834285084,-0.0062811537497001945,-0.008133951822916667,-0.009765625,2.8219889322916667,-0.8733642578125,-3.6953531901041665,0.0006446098766728317,0.006167352642841794,-0.010575358072916667,-0.00390625,-0.0052530924479166664,-0.005859375,5.6966145833333334e-05,0.0009765625,0.51953125,2.640625,0.00244140625,0.0,0.3333333333333333,0.5333333333333333,0.3333333333333333,-0.014937438964843749,0.020308430989583334,5000
8,6,0.015069580078125,-1.4484700520833333,-1.4635396321614584,0.0021769450817469382,-0.007390161572529894,0.010447184244791666,-0.001953125,2.82874755859375,-0.8732137044270833,-3.7019612630208334,0.000736793452527316,0.006758013395260671,-0.0038167317708333332,-0.0078125,-0.0015218098958333333,-0.001953125,-9.562174479166667e-05,0.00390625,0.52734375,2.6484375,0.014263916015625,0.015625,0.4666666666666667,0.6666666666666666,0.5333333333333333,-0.0022939554850260413,0.03145441691080728,5000
8,7,-0.0044514973958333336,-1.45908203125,-1.4546305338541667,0.001898624277134929,-0.010276327335326206,-0.009073893229166666,-0.00390625,2.8244222005208335,-0.8749267578125,-3.699348958333333,0.0006422214655963895,0.005981077587266789,-0.00814208984375,-0.006103515625,-0.00355224609375,0.0,0.0005839029947916667,0.007659912109375,0.53125,2.65625,-0.0009318033854166667,0.00390625,0.4666666666666667,0.6666666666666666,0.5333333333333333,-0.01779541015625,0.014128214518229158,5000
8,8,0.0064127604166666664,-1.4575846354166666,-1.4639973958333334,0.0014632586829817114,-0.005016946315936934,0.0017903645833333333,0.015625,2.8251302083333334,-0.8705729166666667,-3.695703125,0.0008117795137883198,0.003678785593343503,-0.00743408203125,-0.00390625,-0.0033121744791666666,-0.005859375,-0.0017903645833333333,0.00390625,0.5078125,2.671875,0.009224446614583333,0.0185546875,0.5333333333333333,0.6,0.6666666666666666,-0.0062261962890624994,0.023629964192708314,5000
8,9,-0.0009073893229166667,-1.4578450520833333,-1.4569376627604167,0.0018597124003816151,-0.008491510108696683,-0.00552978515625,-0.009765625,2.82608642578125,-0.8713175455729166,-3.697403971354167,0.0006618022351024997,0.0027830381581952683,-0.006477864583333334,-0.0078125,-0.0019449869791666667,0.0,-0.0043986002604166664,-0.0006103515625,0.51953125,2.65625,0.0009480794270833333,0.005859375,0.4,0.6666666666666666,0.6,-0.014238993326822918,0.016447347005208324,5000
8,10,0.0018046061197916667,-1.4597330729166667,-1.4615376790364583,0.0014762148466530565,-0.0034543921554091614,-0.0028177897135416665,0.001953125,2.8258056640625,-0.87109375,-3.6968994140625,0.0007140169298005029,0.005036679911564374,-0.006758626302083333,-0.00390625,-0.005696614583333333,-0.00390625,7.731119791666666e-05,0.00390625,0.51953125,2.6875,0.0039408365885416664,0.011566162109375,0.5333333333333333,0.6,0.6,-0.009383239746093749,0.0167450968424479,5000
8,11,0.006422932942708333,-1.455078125,-1.4615010579427083,0.001773773068480862,-0.0071183752044638605,0.001800537109375,0.0048828125,2.82689208984375,-0.8772989908854166,-3.7041910807291667,0.0005647180124971654,0.0046445837604565,-0.0056722005208333336,-0.0078125,-0.00634765625,-0.0078125,0.0010274251302083333,0.0010986328125,0.5234375,2.65625,0.0074727376302083336,0.0135498046875,0.5333333333333333,0.6666666666666666,0.6,-0.009301859537760417,0.023885294596354162,5000
8,12,0.0056722005208333336,-1.45458984375,-1.4602620442708334,0.0014220290314960777,-0.004174007039525238,0.0010498046875,0.0009765625,2.834122721354167,-0.86748046875,-3.7016031901041666,0.000600141152776419,-0.0027492650736137742,0.0015584309895833334,0.0,-0.00611572265625,-0.00390625,-0.00167236328125,0.0098876953125,0.5390625,2.6796875,-0.0005086263020833334,0.0069580078125,0.5333333333333333,0.4,0.5333333333333333,-0.01826283772786458,0.016384684244791625,5000
8,13,0.00396728515625,-1.45908203125,-1.46304931640625,0.001632480455523644,-0.005753888796851473,-0.0006551106770833333,0.009765625,2.824934895833333,-0.8743977864583333,-3.699332682291667,0.0008670437082406445,0.0056477562414190925,-0.00762939453125,-0.01171875,-0.001513671875,0.0,-0.008756510416666667,0.0,0.53125,2.640625,0.006974283854166667,0.0068359375,0.5333333333333333,0.6666666666666666,0.5333333333333333,-0.008700358072916666,0.02159088134765624,5000
8,14,0.004343668619791667,-1.457421875,-1.4617655436197916,0.001560628706568075,-0.005358440215918873,-0.00027872721354166665,-0.001953125,2.823173014322917,-0.8737019856770833,-3.696875,0.0006121144671618424,0.005074228820307521,-0.009391276041666667,-0.0078125,-0.0026123046875,0.0020751953125,0.0015543619791666666,0.0048828125,0.51953125,2.65625,0.009112548828125,0.013671875,0.4666666666666667,0.6666666666666666,0.6666666666666666,-0.005342814127604166,0.023575998942057287,5000
8,15,0.007600911458333333,-1.45791015625,-1.4655110677083334,0.001797873418261732,-0.003232484480335952,0.002978515625,0.0068359375,2.830452473958333,-0.8717203776041667,-3.7021728515625,0.0006611624856115612,0.0022841108600573437,-0.00211181640625,-0.00146484375,-0.0071370442708333336,-0.009765625,0.001220703125,0.005859375,0.51171875,2.6640625,0.00509033203125,0.00830078125,0.6,0.5333333333333333,0.6,-0.009692484537760417,0.019751485188802077,5000
8,16,-0.004315185546875,-1.4630859375,-1.458770751953125,0.0023449998008094903,-0.006988679320001462,-0.008937581380208334,-0.0068359375,2.82744140625,-0.8760823567708333,-3.7035237630208333,0.0007031941806196948,0.006428823771200141,-0.0051228841145833336,-0.001953125,-0.00355224609375,0.000732421875,0.00033976236979166665,0.0,0.51171875,2.662109375,-0.003814697265625,0.0048828125,0.4,0.5333333333333333,0.6,-0.02699254353841146,0.018636423746744787,5000
8,17,0.00044352213541666666,-1.4556315104166666,-1.4560750325520833,0.0017462576863155285,-0.005620626261603401,-0.004178873697916667,-0.0068359375,2.82646484375,-0.875146484375,-3.701611328125,0.0007530880698429477,0.003464499396659506,-0.0060994466145833336,-0.00390625,-0.004899088541666667,-0.00390625,-0.004193115234375,-0.0078125,0.51953125,2.6796875,0.0019205729166666666,0.00390625,0.4,0.6,0.6,-0.013457438151041666,0.017041931152343735,5000
8,18,0.004730224609375,-1.4625,-1.467230224609375,0.0017616989162744343,-0.004424752249683502,0.00010782877604166666,0.0,2.82572021484375,-0.87327880859375,-3.6989990234375,0.0008426709222295822,0.005129727613505571,-0.006844075520833334,-0.0078125,-0.00318603515625,0.0,-0.000543212890625,0.0,0.51953125,2.671875,0.006951904296875,0.0146484375,0.4666666666666667,0.6,0.6666666666666666,-0.0064046223958333336,0.01934829711914062,5000
8,19,0.003474934895833333,-1.4552734375,-1.4587483723958334,0.0023328496598123017,-0.007508742860575149,-0.0011474609375,-0.001953125,2.82999267578125,-0.8715616861979166,-3.701554361979167,0.0007650618259081431,0.004267934849036168,-0.0025716145833333333,-0.00390625,-0.00504150390625,-0.00390625,-0.006294759114583334,0.001953125,0.515625,2.65625,0.0014241536458333333,0.0029296875,0.4666666666666667,0.5333333333333333,0.5333333333333333,-0.016732584635416665,0.019393310546874994,5000
8,20,0.003045654296875,-1.4576822916666667,-1.4607279459635416,0.0017253438667862789,-0.005173959230564689,-0.0015767415364583333,0.0,2.8202880859375,-0.8718912760416667,-3.6921793619791665,0.0007620990104775228,0.00731111419043936,-0.012276204427083333,-0.015625,-0.00849609375,-0.01171875,-0.0017598470052083333,-0.0009765625,0.5078125,2.6640625,0.010699462890625,0.015625,0.4,0.6666666666666666,0.6666666666666666,-0.004516957600911458,0.0247407023111979,5000
8,21,0.0040323893229166664,-1.45830078125,-1.4623331705729166,0.001360367599231056,-0.0031263011092095222,-0.0005900065104166666,0.0009765625,2.82822265625,-0.8711263020833333,-3.699348958333333,0.0006340974946064749,0.0037475420187596206,-0.004341634114583334,0.0,-0.003177897135416667,-0.00390625,-0.006477864583333334,-0.01171875,0.52734375,2.65625,0.0037516276041666668,0.00390625,0.5333333333333333,0.4,0.6,-0.014433186848958333,0.023010559082031246,5000
8,22,-4.2724609375e-05,-1.4611653645833333,-1.4611226399739583,0.0016602554708478301,-0.003856438402796275,-0.0046651204427083336,-0.0078125,2.8312418619791666,-0.872900390625,-3.7041422526041665,0.0006928010827733235,-0.0002114646771295326,-0.0013224283854166667,0.0,-0.00880126953125,-0.005859375,-0.0010518391927083334,0.0,0.5234375,2.65625,-0.0033426920572916666,-0.0078125,0.3333333333333333,0.4666666666666667,0.4666666666666667,-0.01791839599609375,0.01278813680013019,5000
8,23,0.00262451171875,-1.458984375,-1.46160888671875,0.0016119220779217296,-0.008043184869733258,-0.0019978841145833334,0.0078125,2.8310791015625,-0.8720377604166667,-3.703116861979167,0.0006545312688609596,0.004731431002179061,-0.0014851888020833333,0.0,-0.008544921875,-0.0078125,-0.00804443359375,-0.000732421875,0.53515625,2.6796875,-0.0005126953125,0.0078125,0.5333333333333333,0.4666666666666667,0.6,-0.020089111328125,0.018620300292968742,5000
8,24,0.004150390625,-1.4543294270833333,-1.4584798177083333,0.0017682908812714448,-0.002599228570458035,-0.00047200520833333334,-0.00018310546875,2.8245198567708334,-0.8759033203125,-3.700423177083333,0.0007940670846612496,0.005670415285288044,-0.00804443359375,-0.010009765625,-0.004048665364583333,0.0,0.0007080078125,0.00390625,0.5,2.671875,0.0075724283854166664,0.015625,0.4,0.6,0.6,-0.011279500325520834,0.025452473958333322,5000
8,25,-0.0008219401041666667,-1.4584309895833334,-1.4576090494791667,0.0016457276533592225,-0.007729951190867592,-0.0054443359375,0.0009765625,2.8297322591145835,-0.8697957356770833,-3.6995279947916666,0.0007963376312451685,0.00083154250978654,-0.00283203125,-0.0078125,-0.0011759440104166666,0.0,-0.006903076171875,-0.0068359375,0.5,2.6484375,-0.0026123046875,0.0,0.5333333333333333,0.5333333333333333,0.4666666666666667,-0.017407633463541666,0.0108154296875,5000
8,26,0.001837158203125,-1.4562825520833333,-1.4581197102864583,0.0020016000487566225,-0.006494431070255796,-0.0027852376302083333,-0.0029296875,2.8277994791666665,-0.8752115885416667,-3.703011067708333,0.0005906517859416888,0.005697156375533826,-0.0047648111979166664,-0.0078125,-0.009586588541666666,-0.0078125,-0.002384440104166667,0.0078125,0.51171875,2.671875,0.001979573567708333,-0.00146484375,0.4,0.5333333333333333,0.4666666666666667,-0.011812591552734375,0.01568837483723958,5000
8,27,0.0021565755208333335,-1.4584309895833334,-1.4605875651041667,0.0015928222495774059,-0.003574140934180408,-0.0024658203125,-0.0068359375,2.823531087239583,-0.8722941080729166,-3.6958251953125,0.0005601629852638915,0.003339509237714986,-0.009033203125,-0.0078125,-0.0025390625,0.0,-0.00091552734375,0.0074462890625,0.515625,2.6640625,0.0065673828125,0.0191650390625,0.4,0.6,0.6,-0.013069864908854166,0.024870808919270817,5000
8,28,0.005696614583333333,-1.4569661458333334,-1.4626627604166667,0.0011375913992720773,-0.0024815964174410886,0.00107421875,0.00048828125,2.8214680989583334,-0.87724609375,-3.698714192708333,0.0005860102845952662,0.008362829314390247,-0.01109619140625,-0.0068359375,-0.006929524739583333,-0.001220703125,-0.007293701171875,-0.01171875,0.53515625,2.65625,0.01217041015625,0.0146484375,0.5333333333333333,0.6666666666666666,0.6666666666666666,-0.004614664713541666,0.027372639973958324,5000
8,29,-9.765625e-05,-1.4577799479166667,-1.4576822916666667,0.0016684627562739561,-0.005710782687173264,-0.004720052083333333,-0.0078125,2.83077392578125,-0.8706746419270833,-3.7014485677083333,0.0007547494858402011,0.004089508575189817,-0.0017903645833333333,-0.0078125,-0.011905924479166666,-0.01171875,-0.003928629557291666,0.0,0.515625,2.685546875,-0.0029296875,-0.00390625,0.4,0.6,0.4,-0.012949422200520833,0.006437174479166667,5000
8,30,0.0019205729166666666,-1.46328125,-1.4652018229166666,0.0028125651008793894,-0.006568133353725441,-0.0027018229166666666,0.0029296875,2.8277913411458333,-0.8717041015625,-3.6994954427083333,0.000566198146308389,-0.0006995146010569984,-0.00477294921875,-0.00390625,-0.009444173177083333,-0.0107421875,0.0013224283854166667,0.00390625,0.51171875,2.65625,0.002071126302083333,0.00244140625,0.5333333333333333,0.5333333333333333,0.5333333333333333,-0.01893819173177083,0.022469278971354163,5000
8,31,0.0072977701822916664,-1.45390625,-1.4612040201822916,0.0015311498234021413,0.001371587775310245,0.0026753743489583335,0.008148193359375,2.8308675130208334,-0.8712483723958333,-3.7021158854166667,0.0007696923659576124,0.003779003306322457,-0.00169677734375,-0.001953125,-0.0036702473958333333,-0.0078125,-0.004652913411458333,-0.0048828125,0.5,2.669921875,0.004372151692708334,0.01171875,0.5333333333333333,0.5333333333333333,0.5333333333333333,-0.015010884602864583,0.02266362508138019,5000
9,0,0.00396728515625,-1.45654296875,-1.46051025390625,0.0020260295756046663,-0.003649260404890568,-0.0006551106770833333,-0.00018310546875,2.827506510416667,-0.8745524088541666,-3.7020589192708333,0.0005700615738846004,0.0066693048885398025,-0.005057779947916666,-0.0078125,-0.007340494791666667,-0.004150390625,-0.006693522135416667,0.0,0.52734375,2.654296875,0.004402669270833334,0.0111083984375,0.4666666666666667,0.5333333333333333,0.5333333333333333,-0.012801411946614582,0.019924519856770795,5000
9,1,0.002284749348958333,-1.4555338541666667,-1.457818603515625,0.0018934947772346643,-0.006673965635217014,-0.002337646484375,0.0,2.8323567708333335,-0.8713134765625,-3.7036702473958334,0.0006350448032178872,0.003743946836643646,-0.00020751953125,0.005859375,-0.00391845703125,0.0,-0.0010660807291666666,0.0,0.53515625,2.669921875,-0.002130126953125,-0.0078125,0.4666666666666667,0.3333333333333333,0.4666666666666667,-0.018189137776692708,0.014621429443359353,5000
9,2,0.009759521484375,-1.45205078125,-1.461810302734375,0.001357168426026669,1.389409571205096e-05,0.005137125651041667,0.0078125,2.826025390625,-0.8708740234375,-3.6968994140625,0.00058753127796386,0.004497536029753181,-0.006538899739583334,0.0,-0.007767740885416667,-0.007568359375,-0.0079833984375,-0.00390625,0.52734375,2.65625,0.011676025390625,0.015625,0.7333333333333333,0.4666666666666667,0.7333333333333333,-0.007406717936197916,0.028386535644531235,5000
9,3,0.0022989908854166665,-1.4583658854166666,-1.4606648763020833,0.0016226792941023242,-0.008011626676062674,-0.002323404947916667,0.0,2.820670572916667,-0.87216796875,-3.6928385416666667,0.000519141746373564,0.0067105891892523225,-0.011893717447916667,-0.015625,-0.009537760416666667,-0.01171875,-0.004616292317708334,-0.005859375,0.5234375,2.6484375,0.0095703125,0.009765625,0.4666666666666667,0.7333333333333333,0.5333333333333333,-0.0044316609700520825,0.02437347412109375,5000
9,4,-0.0017049153645833333,-1.459765625,-1.4580607096354166,0.0014208447928170448,-0.005552908647879077,-0.006327311197916667,-0.01171875,2.8267537434895833,-0.8721232096354167,-3.698876953125,0.0005710716465297653,0.0032910546581158134,-0.005810546875,-0.0078125,5.289713541666667e-05,-0.001953125,-0.0027872721354166665,0.001953125,0.5234375,2.6796875,-0.0005167643229166667,0.00244140625,0.26666666666666666,0.6,0.5333333333333333,-0.010941670735677084,0.010071105957031246,5000
9,5,0.011631266276041666,-1.4578125,-1.4694437662760416,0.0018659007132288403,-0.0017999111414919871,0.007008870442708333,0.005859375,2.8254801432291665,-0.8698486328125,-3.695328776041667,0.000456943095719813,-0.0018608658651065207,-0.0070841471354166664,0.0,-0.00782470703125,-0.00390625,-0.00523681640625,-0.00799560546875,0.53125,2.6796875,0.014093017578125,0.00390625,0.6,0.4666666666666667,0.5333333333333333,-0.013365275065104166,0.04564107259114582,5000
9,6,-0.007222493489583333,-1.4631184895833333,-1.45589599609375,0.0017309660830290995,-0.011191330242970744,-0.011844889322916666,-0.009765625,2.8293131510416667,-0.8702962239583333,-3.699609375,0.0005778604281995096,0.0033398890572550596,-0.0032511393229166666,-0.005859375,-0.0037760416666666667,-0.0078125,-0.0015970865885416667,0.0,0.51171875,2.65625,-0.00859375,-0.005859375,0.26666666666666666,0.6,0.4666666666666667,-0.024300435384114583,0.005827738444010404,5000
9,7,0.000640869140625,-1.4602864583333333,-1.4609273274739583,0.0012374490429574783,-0.006767135029477624,-0.003981526692708333,-0.01171875,2.8271199544270833,-0.87144775390625,-3.6985677083333335,0.0005925635374053282,0.0010091440696208362,-0.0054443359375,0.0,-0.0068603515625,-0.009765625,-0.00859375,-0.01171875,0.5078125,2.6640625,0.0014628092447916666,0.00244140625,0.4666666666666667,0.4666666666666667,0.6,-0.015157826741536458,0.018326822916666666,5000
9,8,-0.004066975911458334,-1.4615234375,-1.4574564615885417,0.0015952432325491526,-0.0064979365341458805,-0.008689371744791667,-0.00048828125,2.830704752604167,-0.8672526041666667,-3.6979573567708335,0.0006659243313666907,0.0011267481611817573,-0.0018595377604166666,0.0,-0.0007486979166666667,0.0,-0.002899169921875,0.001953125,0.51171875,2.65625,-0.006829833984375,0.0074462890625,0.4666666666666667,0.4,0.5333333333333333,-0.023555806477864583,0.00881896972656248,5000
9,9,0.005098470052083333,-1.4559895833333334,-1.4610880533854167,0.0015641716552638673,-0.0032587154573633617,0.00047607421875,-0.001953125,2.8241251627604167,-0.8717732747395833,-3.6958984375,0.0007186561406317514,0.0019677851185062704,-0.008439127604166667,-0.0078125,-0.0045125325520833336,-0.0032958984375,0.0029052734375,0.0078125,0.5234375,2.6640625,0.008915201822916666,0.001953125,0.4,0.6666666666666666,0.5333333333333333,-0.0063812255859375,0.023816833496093735,5000
9,10,0.00799560546875,-1.4552734375,-1.46326904296875,0.0022821173968993118,-0.0002361206664763058,0.0033732096354166666,0.00439453125,2.82032470703125,-0.87489013671875,-3.69521484375,0.0007192870047414942,0.00819738521317268,-0.012239583333333333,-0.01513671875,-0.004732259114583333,0.0,-0.001824951171875,0.0078125,0.515625,2.6875,0.01561279296875,0.006103515625,0.5333333333333333,0.6,0.6666666666666666,-0.0010588582356770829,0.0333660888671875,5000
9,11,0.01861572265625,-1.4488932291666667,-1.4675089518229167,0.0020159705317809957,-0.0019159797442653136,0.013993326822916667,0.013671875,2.833060709635417,-0.8726847330729167,-3.7057454427083334,0.0005829982006463546,0.00208590577513846,0.0004964192708333333,-0.00390625,-0.0037353515625,0.0,-0.003289794921875,-0.0078125,0.52734375,2.646484375,0.013496907552083333,-0.001953125,0.6666666666666666,0.5333333333333333,0.4666666666666667,-0.005228678385416667,0.035280354817708304,5000
9,12,0.009242757161458334,-1.45400390625,-1.4632466634114583,0.0018254318936501903,-0.0008955256823157553,0.004620361328125,0.0069580078125,2.82349853515625,-0.8739054361979167,-3.697403971354167,0.0005722664320008551,0.0074054419338167,-0.009065755208333333,-0.013671875,-0.00335693359375,-0.001953125,-0.001312255859375,0.0078125,0.51171875,2.6640625,0.013686116536458333,0.011810302734375,0.6666666666666666,0.6,0.6666666666666666,-0.004650675455729166,0.03302424112955729,5000
9,13,-0.002392578125,-1.4597330729166667,-1.4573404947916666,0.0013168505863472338,-0.00622937826088469,-0.0070149739583333336,-0.00390625,2.82584228515625,-0.87254638671875,-3.698388671875,0.0005624812727636514,0.005250105587007101,-0.006722005208333334,-0.001953125,-0.0036458333333333334,-0.00390625,0.0005289713541666666,0.005859375,0.53515625,2.671875,-0.00029296875,-0.0029296875,0.4,0.5333333333333333,0.4,-0.010612386067708333,0.011149088541666666,5000
9,14,0.009132893880208333,-1.4522135416666666,-1.461346435546875,0.001188955791161857,0.0004552852914806227,0.004510498046875,0.00390625,2.822798665364583,-0.8700236002604167,-3.692822265625,0.000694010080141516,0.006697923910571062,-0.009765625,-0.01171875,-0.007857259114583333,-0.001953125,-0.00374755859375,0.00244140625,0.53515625,2.6484375,0.014276123046875,0.015625,0.6,0.8,0.8,0.002298685709635417,0.025920257568359365,5000
9,15,0.002589925130208333,-1.4584309895833334,-1.4610209147135416,0.0014275824383014237,-0.00568527978643546,-0.002032470703125,0.0,2.8222981770833333,-0.8729736328125,-3.6952718098958335,0.0006788340228869175,0.007878397795535532,-0.01026611328125,-0.01171875,0.0004475911458333333,0.0,-0.002484130859375,-0.009765625,0.53515625,2.662109375,0.008233642578125,0.015625,0.4666666666666667,0.7333333333333333,0.6666666666666666,-0.007499338785807291,0.02282018025716144,5000
9,16,0.005045572916666667,-1.45693359375,-1.4619791666666666,0.0014515460943290014,-0.002763791465896659,0.00042317708333333335,0.0078125,2.825048828125,-0.8723470052083333,-3.697395833333333,0.0007386765892917996,0.004896646302048441,-0.007515462239583334,-0.005859375,-0.00933837890625,-0.0078125,-0.010042317708333333,-0.0107421875,0.54296875,2.6484375,0.007938639322916666,0.009765625,0.6,0.5333333333333333,0.7333333333333333,-0.0037038167317708327,0.019491780598958314,5000
9,17,0.0036376953125,-1.4607421875,-1.4643798828125,0.0017757426533257265,-0.006098372857939454,-0.0009847005208333333,0.00390625,2.8303792317708334,-0.8679606119791666,-3.69833984375,0.0006209311751769383,-0.0016229531150588536,-0.00218505859375,-0.0078125,-0.006514485677083333,-0.0068359375,-0.002935791015625,0.0,0.51171875,2.6875,0.0012003580729166667,-0.0009765625,0.5333333333333333,0.6,0.4666666666666667,-0.017143046061197917,0.019710286458333334,5000
9,18,0.008571370442708334,-1.4543619791666667,-1.462933349609375,0.0020069127611644093,0.000592364046044363,0.003948974609375,0.007537841796875,2.8265787760416665,-0.8709391276041667,-3.697517903645833,0.00055331955791396,0.004105346331230708,-0.0059855143229166664,-0.0078125,0.0024007161458333335,-0.0018310546875,-0.001263427734375,0.00390625,0.52734375,2.6640625,0.009934488932291667,0.013671875,0.6,0.6666666666666666,0.6,-0.00947265625,0.027301534016927077,5000
9,19,-0.004911295572916667,-1.4606119791666667,-1.45570068359375,0.0016222779724146222,-0.007649052637973308,-0.00953369140625,-0.0048828125,2.831795247395833,-0.8703043619791667,-3.702099609375,0.0007447330337004108,-0.0017177302605865885,-0.00076904296875,-0.00390625,-0.014628092447916666,-0.021484375,-0.008831787109375,-0.0078125,0.54296875,2.6875,-0.0087646484375,-0.01171875,0.3333333333333333,0.5333333333333333,0.4,-0.02961456298828125,0.012998453776041637,5000
9,20,0.0008992513020833333,-1.4594401041666667,-1.46033935546875,0.0013413694463071568,-0.0023748632572381098,-0.00372314453125,-0.00146484375,2.8258097330729166,-0.8710896809895833,-3.6968994140625,0.0006414787673327922,0.005671335493508065,-0.006754557291666667,-0.0078125,-0.008915201822916666,-0.013427734375,0.002162679036458333,-0.000152587890625,0.52734375,2.65625,0.0030314127604166665,0.01171875,0.3333333333333333,0.8,0.6666666666666666,-0.014660746256510416,0.018042093912760418,5000
9,21,0.008038330078125,-1.4519205729166667,-1.4599589029947917,0.0014633158108662257,-0.004863495235277055,0.0034159342447916668,0.0078125,2.8298014322916667,-0.8726969401041667,-3.702498372395833,0.0006173706874606582,0.004133458863789676,-0.0027628580729166666,0.0,-0.005659993489583333,0.0,-0.008186848958333333,-0.0048828125,0.51953125,2.65625,0.006178792317708333,0.015625,0.6666666666666666,0.4666666666666667,0.7333333333333333,-0.008305867513020832,0.01952728271484375,5000
9,22,0.0027913411458333334,-1.4544270833333333,-1.4572184244791666,0.0016073041537198879,-0.006688950152895163,-0.0018310546875,0.0006103515625,2.8259033203125,-0.8718587239583333,-3.697762044270833,0.0007020663937254112,0.005960705968881393,-0.006660970052083334,0.0,-0.0011474609375,-0.001953125,-0.00048421223958333335,0.00390625,0.515625,2.6640625,0.004829915364583334,0.00390625,0.5333333333333333,0.4666666666666667,0.5333333333333333,-0.0141607666015625,0.024804992675781245,5000
9,23,0.0023091634114583335,-1.4586263020833334,-1.4609354654947917,0.0014194397663817528,-0.0054248142244959175,-0.002313232421875,0.0009765625,2.8284505208333335,-0.8741455078125,-3.7025960286458335,0.0007212884150252032,0.004130928608982561,-0.00411376953125,-0.00390625,-0.00819091796875,-0.005859375,0.001593017578125,0.0009765625,0.5234375,2.65625,0.001800537109375,0.01171875,0.5333333333333333,0.5333333333333333,0.6,-0.011806386311848958,0.014062652587890623,5000
9,24,0.0024007161458333335,-1.4564127604166666,-1.4588134765625,0.0012968511429420058,-0.0027733336431234727,-0.0022216796875,0.00390625,2.82271728515625,-0.8736857096354167,-3.696402994791667,0.0006068177353257225,0.0059063635949250255,-0.009847005208333334,-0.0078125,-0.0033732096354166666,0.002197265625,-0.0016988118489583333,0.0078125,0.5390625,2.65625,0.0076253255208333336,0.0078125,0.5333333333333333,0.6666666666666666,0.7333333333333333,-0.0051361083984375,0.021305541992187496,5000
9,25,0.006929524739583333,-1.4583333333333333,-1.4652628580729166,0.001437827844833897,-0.0044324800198989696,0.00230712890625,0.005859375,2.82666015625,-0.8718017578125,-3.6984619140625,0.0006543953918878725,0.005121892567603014,-0.005904134114583333,-0.00390625,-0.005790201822916666,-0.0057373046875,-0.0021504720052083334,0.0009765625,0.52734375,2.6796875,0.008211263020833333,0.01416015625,0.6,0.5333333333333333,0.6666666666666666,-0.0062908935546875,0.0217041015625,5000
9,26,-0.000213623046875,-1.4546549479166666,-1.4544413248697916,0.0013620945655197097,-0.007333052652918662,-0.004836018880208333,-0.01171875,2.8307902018229165,-0.8691365559895833,-3.6999267578125,0.0007371724065855755,-0.00041098905005508985,-0.0017740885416666667,-0.00390625,-0.012113444010416667,-0.0146484375,-0.0030192057291666668,-0.00390625,0.5,2.677734375,-0.0030619303385416665,0.0010986328125,0.4666666666666667,0.5333333333333333,0.5333333333333333,-0.023755289713541666,0.01495803833007812,5000
9,27,0.004341634114583334,-1.4556640625,-1.4600056966145833,0.0015016179282006752,-0.002620354806924336,-0.00028076171875,0.00390625,2.82354736328125,-0.8779988606770833,-3.701546223958333,0.0005669551400232624,0.01050403139020493,-0.009016927083333333,-0.005859375,-0.0011271158854166666,0.0,-0.002384440104166667,0.0078125,0.5234375,2.640625,0.008736165364583333,0.0086669921875,0.6,0.6666666666666666,0.7333333333333333,-0.012562357584635416,0.027356262207031246,5000
9,28,0.019378662109375,-1.4539713541666666,-1.4733500162760416,0.0021488187824134724,0.002723441137478582,0.014756266276041667,0.00390625,2.8281046549479165,-0.87193603515625,-3.7000406901041667,0.0007205918783793078,0.0011050683885035842,-0.0044596354166666664,-0.0078125,-0.004073079427083333,-0.005859375,-0.005900065104166667,0.0,0.56640625,2.640625,0.019215901692708332,0.0203857421875,0.7333333333333333,0.6666666666666666,0.6666666666666666,-0.0002139790852864582,0.039020690917968705,5000
9,29,0.003597005208333333,-1.4605143229166666,-1.464111328125,0.0015507245929545035,-0.004604476002829619,-0.001025390625,0.0,2.8265177408854165,-0.87298583984375,-3.6995035807291665,0.0006806315407011484,0.005871238067168289,-0.0060465494791666664,-0.0078125,-0.0068603515625,-0.000244140625,6.7138671875e-05,0.00390625,0.515625,2.65625,0.005021158854166667,0.003662109375,0.4666666666666667,0.6666666666666666,0.6,-0.005152180989583334,0.015170084635416655,5000
9,30,0.0025472005208333334,-1.45712890625,-1.4596761067708333,0.0018272288024118442,-0.004221376009076049,-0.0020751953125,0.00390625,2.8329142252604167,-0.8706258138020834,-3.7035400390625,0.0006520359248820065,0.002842585299945154,0.00034993489583333334,0.0029296875,0.0035115559895833332,0.0078125,-0.003363037109375,0.0,0.5,2.6484375,-0.0024251302083333334,0.0052490234375,0.5333333333333333,0.4666666666666667,0.6666666666666666,-0.01813232421875,0.01181660970052083,5000
9,31,-0.002996826171875,-1.4572591145833333,-1.4542622884114584,0.0012438710850449617,-0.009447006296176508,-0.007619222005208333,0.0,2.833723958333333,-0.8724283854166667,-3.70615234375,0.0007299893076071194,-0.002207203379172054,0.00115966796875,-0.00390625,-0.011250813802083334,-0.009765625,-0.0014383951822916667,0.001953125,0.515625,2.666015625,-0.008778889973958334,0.00390625,0.4,0.5333333333333333,0.5333333333333333,-0.028910675048828126,0.00824584960937497,5000
10,0,0.005025227864583333,-1.4588541666666666,-1.46387939453125,0.0016053147504710488,-0.004531994643939867,0.00040283203125,-0.008056640625,2.8296468098958334,-0.8693603515625,-3.6990071614583333,0.0005228338178507624,-0.0013706245600893692,-0.00291748046875,-0.0035400390625,-0.005692545572916667,0.0,-0.006502278645833333,-0.0068359375,0.5703125,2.640625,0.0033203125,0.001953125,0.4,0.5333333333333333,0.5333333333333333,-0.012227579752604167,0.02046722412109375,5000
10,1,-0.0015645345052083333,-1.4588216145833333,-1.457257080078125,0.001604558740449528,-0.00849856763720063,-0.006186930338541666,0.00048828125,2.8337727864583333,-0.8666829427083333,-3.700455729166667,0.0005352543356747947,-0.0040809673218580944,0.00120849609375,-0.00390625,-0.004366048177083333,0.0,-0.0036376953125,-0.0078125,0.5078125,2.6796875,-0.007395426432291667,0.001953125,0.5333333333333333,0.5333333333333333,0.5333333333333333,-0.025441335042317707,0.008484039306640623,5000
10,2,0.008536783854166667,-1.4552408854166667,-1.4637776692708333,0.0011755429220777452,-0.00581635110560724,0.003914388020833334,0.0078125,2.828751627604167,-0.8707600911458333,-3.69951171875,0.0006082402167058804,-0.0019959176294311117,-0.0038126627604166668,-0.0037841796875,-0.0009073893229166667,-0.00390625,-0.002353922526041667,0.00146484375,0.53515625,2.640625,0.00772705078125,0.01171875,0.6,0.5333333333333333,0.6,-0.008862406412760416,0.023673604329427084,5000
10,3,0.0037089029947916666,-1.4578776041666666,-1.4615865071614584,0.0014844785718183989,-0.0014330868680735567,-0.0009134928385416667,-0.0029296875,2.8278523763020833,-0.87164306640625,-3.6994954427083333,0.0006404873437851497,0.006479944642631915,-0.0047119140625,-0.0078125,-0.005574544270833333,0.0020751953125,-0.00264892578125,0.0029296875,0.546875,2.671875,0.0037984212239583334,0.0,0.4,0.5333333333333333,0.4666666666666667,-0.011004791259765626,0.01792617797851562,5000
10,4,0.002750651041666667,-1.4614908854166666,-1.4642415364583334,0.0014293267856954792,-0.0023447959858356256,-0.0018717447916666667,0.00390625,2.8284505208333335,-0.8688557942708334,-3.6973063151041665,0.000588530848275685,0.0031147665976329906,-0.00411376953125,0.0078125,-0.004597981770833333,0.0,-0.0003682454427083333,0.0079345703125,0.5390625,2.671875,0.0022420247395833334,0.0052490234375,0.6,0.4,0.6,-0.0135748291015625,0.01813588460286458,5000
10,5,-0.0019551595052083332,-1.4600911458333334,-1.458135986328125,0.001537355527818622,-0.007588135567780933,-0.006577555338541667,0.0,2.827766927083333,-0.8708251953125,-3.698592122395833,0.00048434075827212607,-0.000180193693277601,-0.00479736328125,-0.00390625,-0.00682373046875,-0.0078125,-0.00697021484375,-0.01171875,0.5234375,2.6484375,-0.0017801920572916667,0.00390625,0.3333333333333333,0.6,0.5333333333333333,-0.01844935099283854,0.013713480631510403,5000
10,6,0.001812744140625,-1.4583333333333333,-1.4601460774739583,0.0012980463593671508,-0.004806930119901633,-0.0028096516927083332,0.0,2.832047526041667,-0.868994140625,-3.701041666666667,0.0006216727771171965,-0.0019995278911367886,-0.0005167643229166667,-0.00390625,-0.010042317708333333,-0.00390625,-0.003666178385416667,-0.00787353515625,0.5234375,2.6640625,-0.002292887369791667,-0.0018310546875,0.4666666666666667,0.6,0.4666666666666667,-0.0175592041015625,0.012170867919921868,5000
10,7,0.0006449381510416667,-1.4577799479166667,-1.4584248860677083,0.0010676880863062796,-0.00337525296012673,-0.003977457682291667,0.0,2.824263509114583,-0.8710734049479166,-3.6953369140625,0.0006991362539408483,0.005557155686369624,-0.00830078125,-0.015625,-0.0015340169270833333,-0.00390625,0.0021647135416666668,0.0068359375,0.5234375,2.6328125,0.004323323567708333,0.010009765625,0.4,0.6,0.6,-0.009550984700520833,0.017228393554687495,5000
10,8,0.0013448079427083334,-1.4587890625,-1.4601338704427083,0.001496876390011164,-0.007770581729491533,-0.003277587890625,-0.0003662109375,2.827950032552083,-0.87088623046875,-3.698836263020833,0.0006683815029297806,0.003986421135479626,-0.0046142578125,-0.001953125,-0.004463704427083334,-0.00390625,-0.004656982421875,0.001953125,0.51171875,2.671875,0.001336669921875,0.0,0.4666666666666667,0.5333333333333333,0.4666666666666667,-0.015548400878906249,0.017033538818359364,5000
10,9,0.008205159505208334,-1.4526692708333333,-1.4608744303385417,0.002407128313443306,0.0013337959176265952,0.003582763671875,0.00390625,2.82742919921875,-0.8711466471354167,-3.6985758463541667,0.0006620375630556036,0.004139395284712871,-0.005135091145833334,-0.005859375,-0.0039794921875,-0.00390625,-0.003045654296875,-0.0048828125,0.484375,2.65625,0.008717854817708334,0.015625,0.5333333333333333,0.6,0.7333333333333333,-0.006583760579427083,0.021546173095703114,5000
10,10,-0.004803466796875,-1.4623697916666667,-1.4575663248697917,0.001751913014638925,-0.006559364941751998,-0.009425862630208334,-0.007843017578125,2.82845458984375,-0.8704305013020833,-3.6988850911458333,0.0007248480895367948,0.001073767146982317,-0.004109700520833333,-0.00390625,-0.000146484375,-0.00390625,-0.00150146484375,0.005859375,0.5234375,2.6796875,-0.005316162109375,-0.0050048828125,0.4,0.5333333333333333,0.4,-0.02116144816080729,0.011123199462890617,5000
10,11,-0.004958089192708333,-1.4658203125,-1.4608622233072917,0.001843696110386952,-0.007938899058645312,-0.009580485026041667,-0.0087890625,2.8322957356770835,-0.8691691080729167,-3.70146484375,0.0006105033841361086,0.0009853235014292273,-0.0002685546875,0.0,-0.004052734375,-0.00048828125,-0.006577555338541667,-0.00390625,0.48828125,2.65625,-0.009311930338541666,-0.002105712890625,0.4,0.4666666666666667,0.4,-0.022449696858723958,0.0036608378092447807,5000
10,12,0.005291748046875,-1.4551106770833333,-1.4604024251302083,0.0012040146084938944,-0.004547844913677908,0.0006693522135416667,0.001953125,2.827742513020833,-0.870166015625,-3.6979085286458333,0.000581031712839887,0.00535577597218814,-0.00482177734375,-0.007568359375,-0.006986490885416667,-0.005859375,-0.000433349609375,0.00390625,0.53125,2.6484375,0.005491129557291667,0.0078125,0.5333333333333333,0.6,0.6,-0.00802001953125,0.01929590861002603,5000
10,13,-0.00015665690104166668,-1.4602864583333333,-1.4601298014322917,0.0014756402657876502,-0.008564292390728093,-0.004779052734375,-0.00390625,2.825813802083333,-0.8721435546875,-3.6979573567708335,0.0005460893934698222,0.0028298062349989745,-0.00675048828125,-0.0146484375,-0.004305013020833333,-0.005859375,0.004783121744791666,0.0069580078125,0.5,2.671875,0.001971435546875,0.0107421875,0.4666666666666667,0.5333333333333333,0.5333333333333333,-0.018294626871744792,0.021194763183593732,5000
10,14,-0.0023030598958333334,-1.4604817708333333,-1.4581787109375,0.0016590233946661074,-0.00836278582858866,-0.006925455729166667,0.0,2.8276774088541665,-0.8718017578125,-3.699479166666667,0.0007700117271633443,0.004459111862026797,-0.0048868815104166664,-0.0078125,-0.0031046549479166667,0.0,-0.0012959798177083334,0.001953125,0.51953125,2.65625,-0.00203857421875,-0.002197265625,0.4666666666666667,0.6,0.4,-0.019116617838541666,0.013081970214843749,5000
10,15,-0.0017171223958333333,-1.4605794270833334,-1.4588623046875,0.0012822440951183408,-0.006505295803204241,-0.006339518229166666,-0.00390625,2.824873860677083,-0.8725301106770833,-3.697403971354167,0.0007258835217197724,0.005758728359271425,-0.0076904296875,-0.005859375,-0.0010335286458333333,0.0078125,-0.0047261555989583336,-0.0048828125,0.5234375,2.6484375,0.0013509114583333333,0.00390625,0.3333333333333333,0.5333333333333333,0.6,-0.010123697916666667,0.012077433268229158,5000
10,16,0.0008809407552083333,-1.4578125,-1.4586934407552083,0.0015000589413968577,-0.005308121058683151,-0.003741455078125,-0.0009765625,2.8300537109375,-0.8720784505208333,-3.702132161458333,0.0006782426151464214,0.0008838587328435816,-0.0025105794270833333,0.00390625,-0.006673177083333333,-0.00390625,-0.0022684733072916665,0.0048828125,0.52734375,2.6484375,-0.0012308756510416667,0.0072021484375,0.4666666666666667,0.4666666666666667,0.6,-0.014199269612630207,0.011719614664713529,5000
10,17,0.008697509765625,-1.4560872395833333,-1.4647847493489583,0.0016059453470943013,-0.0002336804983287515,0.004075113932291667,0.0052490234375,2.8225138346354166,-0.8729288736979167,-3.695442708333333,0.0005944597020670924,0.005774499358304952,-0.010050455729166666,-0.009765625,-0.00167236328125,-0.00390625,0.0004557291666666667,0.0068359375,0.546875,2.6640625,0.014125569661458334,0.015625,0.6,0.6666666666666666,0.6666666666666666,0.0009915669759114588,0.027856801350911453,5000
10,18,0.001507568359375,-1.4612955729166666,-1.4628031412760416,0.0013667872210055966,-0.004736919946191294,-0.0031148274739583332,0.0078125,2.828926595052083,-0.8710978190104167,-3.7000244140625,0.0005968420903748273,0.006230299246095919,-0.0036376953125,-0.00390625,-0.010026041666666667,-0.0133056640625,-0.0038859049479166665,-0.0029296875,0.51171875,2.6640625,0.0005228678385416667,0.0067138671875,0.5333333333333333,0.5333333333333333,0.5333333333333333,-0.016447753906249998,0.016654561360677084,5000
10,19,0.004233805338541666,-1.45771484375,-1.4619486490885416,0.0012493842938393529,-0.0030097629576159887,-0.00038859049479166664,0.0078125,2.832963053385417,-0.8691853841145833,-3.7021484375,0.0005865126099452333,-0.0019348144805453394,0.0003987630208333333,0.0,-0.004227701822916667,-0.0030517578125,-0.0008626302083333333,0.001953125,0.5234375,2.671875,-0.000787353515625,0.0,0.5333333333333333,0.4666666666666667,0.4666666666666667,-0.013541768391927084,0.011638488769531233,5000
10,20,0.0021993001302083332,-1.4601236979166667,-1.462322998046875,0.0015281244309624147,-0.0021779269331132687,-0.002423095703125,0.001953125,2.82957763671875,-0.8710408528645833,-3.7006184895833334,0.0006970911700062279,-9.220940058487367e-05,-0.002986653645833333,-0.0078125,-0.008060709635416666,-0.005859375,0.001800537109375,0.0068359375,0.515625,2.640625,0.0005635579427083333,-0.004150390625,0.5333333333333333,0.5333333333333333,0.4,-0.012425130208333333,0.013976186116536442,5000
10,21,0.003916422526041667,-1.456640625,-1.4605570475260417,0.0016486219581106662,-0.0013860139486806347,-0.0007059733072916667,0.00390625,2.82337646484375,-0.8707722981770833,-3.6941487630208334,0.000593832027482633,0.007622773989087546,-0.009187825520833333,-0.01171875,9.765625e-05,0.00390625,-0.001092529296875,0.0048828125,0.54296875,2.65625,0.008481852213541667,0.01171875,0.5333333333333333,0.6666666666666666,0.6666666666666666,-0.005712280273437499,0.02151997884114582,5000
10,22,-0.005171712239583333,-1.46259765625,-1.4574259440104167,0.0013335550749722152,-0.0088711221792883,-0.009794108072916667,-0.0029296875,2.824080403645833,-0.8726806640625,-3.696761067708333,0.0006252629251431568,0.005220747044317718,-0.00848388671875,-0.01171875,-0.008101399739583333,-0.0078125,0.001678466796875,0.001953125,0.51171875,2.671875,-0.0013102213541666666,0.0009765625,0.3333333333333333,0.6666666666666666,0.6,-0.02038177490234375,0.01611796061197916,5000
10,23,0.008548990885416666,-1.4572591145833333,-1.46580810546875,0.0015341994549975633,0.0010239208590352388,0.003926595052083333,0.0078125,2.825309244791667,-0.8724853515625,-3.6977945963541665,0.0005837853729050567,0.005998780145449558,-0.007255045572916666,-0.00933837890625,-0.0052449544270833336,-0.0078125,-0.0034403483072916667,0.0,0.53515625,2.6640625,0.011181640625,0.009765625,0.6,0.6666666666666666,0.6666666666666666,-0.00010691324869791629,0.02303883870442708,5000
10,24,0.0016072591145833333,-1.4593424479166666,-1.46094970703125,0.002042069298344856,-0.0038512601262699407,-0.00301513671875,-0.001953125,2.82708740234375,-0.8750447591145833,-3.702132161458333,0.0005858404222311508,0.003701475908560493,-0.005476888020833333,-0.006103515625,-0.0029988606770833333,-0.00830078125,-0.0012308756510416667,0.0029296875,0.54296875,2.671875,0.0024617513020833335,0.0078125,0.3333333333333333,0.6666666666666666,0.5333333333333333,-0.009025472005208333,0.014497985839843748,5000
10,25,-0.0012125651041666667,-1.4592447916666667,-1.4580322265625,0.0013083864769149543,-0.005855015222532373,-0.0058349609375,-0.0068359375,2.8256795247395834,-0.87069091796875,-3.6963704427083335,0.000643329551633955,0.005054521715458363,-0.006884765625,-0.002685546875,-0.005521647135416667,-0.00390625,-0.0009765625,0.0,0.51953125,2.6328125,0.0010498046875,0.0009765625,0.3333333333333333,0.5333333333333333,0.5333333333333333,-0.014267069498697915,0.01596282958984375,5000
10,26,0.001129150390625,-1.4561197916666666,-1.4572489420572916,0.0013721683007379346,-0.0022747082596318766,-0.0034932454427083334,-0.00390625,2.8247884114583335,-0.872119140625,-3.696907552083333,0.0008426443389209213,0.005177681248131119,-0.00777587890625,-0.0078125,-0.004231770833333333,-0.001953125,-0.00093994140625,0.001953125,0.5234375,2.6484375,0.004282633463541667,0.012451171875,0.4666666666666667,0.6,0.6666666666666666,-0.012540995279947917,0.01993413289388021,5000
10,27,0.006245930989583333,-1.4587565104166667,-1.46500244140625,0.001631862282278414,-0.0010806271488540207,0.00162353515625,0.00390625,2.8260498046875,-0.8687906901041667,-3.694840494791667,0.0006507059961981078,-0.0001283708610443528,-0.006514485677083333,-0.0048828125,-0.009956868489583333,-0.012939453125,-0.002598063151041667,0.0,0.53515625,2.640625,0.008138020833333334,0.0087890625,0.6666666666666666,0.6,0.7333333333333333,-0.006449991861979166,0.022009379069010418,5000
10,28,0.001007080078125,-1.4588216145833333,-1.4598286946614583,0.0014764024137768868,-0.00811884289408566,-0.0036153157552083334,0.005859375,2.829825846354167,-0.8722737630208334,-3.702099609375,0.0006759176448758818,-0.002058335481176294,-0.0027384440104166667,-0.007080078125,-0.004300944010416667,0.0,-0.005735270182291667,0.001953125,0.515625,2.65625,-0.0008768717447916667,0.0078125,0.6,0.6666666666666666,0.6666666666666666,-0.01941558837890625,0.01470967610677083,5000
10,29,-0.004005940755208334,-1.4639322916666666,-1.4599263509114584,0.0013538967178332707,-0.004961110775741812,-0.008628336588541667,-0.0078125,2.821427408854167,-0.8726969401041667,-3.6941243489583333,0.0007193011408570734,0.007465000601244029,-0.011136881510416667,-0.009765625,-0.005843098958333333,-0.0062255859375,-0.002734375,0.001953125,0.50390625,2.65625,0.002508544921875,0.003662109375,0.3333333333333333,0.7333333333333333,0.5333333333333333,-0.012422688802083333,0.01785491943359375,5000
10,30,0.004252115885416667,-1.46015625,-1.4644083658854166,0.0013890011245583727,-0.0054231031494811335,-0.00037027994791666665,0.0,2.8339029947916665,-0.8692138671875,-3.703116861979167,0.0006260864885209947,-0.0026230100978605767,0.0013387044270833333,0.000732421875,-0.007548014322916667,-0.00390625,-0.002384440104166667,0.0009765625,0.53515625,2.6796875,-0.001708984375,-0.0078125,0.4666666666666667,0.4,0.4,-0.014730122884114584,0.011658528645833322,5000
10,31,0.000830078125,-1.4572265625,-1.458056640625,0.0012256431998596965,-0.0072673143960696,-0.0037923177083333333,-0.005859375,2.83060302734375,-0.86929931640625,-3.69990234375,0.0006187294004300503,-0.0008098365438398799,-0.0019612630208333333,0.0,-0.00198974609375,-0.00390625,-0.005171712239583333,-0.0078125,0.51953125,2.671875,-0.0018310546875,-0.0048828125,0.4,0.4666666666666667,0.4,-0.016227620442708333,0.012989501953124982,5000
11,0,0.005287679036458334,-1.4548828125,-1.4601704915364584,0.0010839657908411286,-0.0019434353825509005,0.000665283203125,0.00146484375,2.82884521484375,-0.87171630859375,-3.7005615234375,0.0007098146629613192,0.002118527470681485,-0.003719075520833333,-0.001953125,-0.0012166341145833333,0.0,-0.004435221354166667,-0.00390625,0.5234375,2.6640625,0.004384358723958333,0.005859375,0.5333333333333333,0.5333333333333333,0.6,-0.012325185139973958,0.02040893554687499,5000
11,1,0.006500244140625,-1.4568684895833333,-1.4633687337239583,0.0013913924920981593,-0.00482397852534606,0.0018778483072916666,0.0072021484375,2.8284098307291665,-0.8696207682291667,-3.6980305989583333,0.0006514533533211917,0.004122821273158583,-0.0041544596354166664,0.0,-0.006844075520833334,-0.005859375,-0.005287679036458334,0.00390625,0.5390625,2.6640625,0.006032307942708333,0.013671875,0.7333333333333333,0.4666666666666667,0.7333333333333333,-0.014159342447916666,0.022278544108072906,5000
11,2,0.004020182291666666,-1.459765625,-1.4637858072916667,0.0015772095079599577,-0.003951594485549168,-0.0006022135416666667,0.0072021484375,2.827498372395833,-0.8704182942708333,-3.6979166666666665,0.0006395450926386123,0.0032570796370693976,-0.00506591796875,-0.009765625,-0.0041015625,-0.001953125,-0.005491129557291667,-0.00390625,0.51953125,2.6484375,0.004463704427083334,0.0078125,0.6,0.5333333333333333,0.6,-0.010807698567708333,0.019649658203124993,5000
11,3,0.0015787760416666667,-1.4612630208333333,-1.462841796875,0.0013550408172515907,-0.006604811186590526,-0.0030436197916666667,0.0029296875,2.823563639322917,-0.86961669921875,-3.6931803385416666,0.000766225893902912,0.004576739253826678,-0.009000651041666667,-0.0078125,-0.0029744466145833334,-0.0078125,0.0029622395833333332,0.0078125,0.53125,2.671875,0.00595703125,-0.0030517578125,0.5333333333333333,0.6,0.4666666666666667,-0.008260498046875,0.020712483723958314,5000
11,4,0.00552978515625,-1.4556640625,-1.46119384765625,0.001537008406006638,-0.004685715707408719,0.0009073893229166667,0.0078125,2.8315999348958334,-0.8711344401041666,-3.702734375,0.0005052874324422494,0.0034932552625353314,-0.00096435546875,-0.0030517578125,-0.008203125,-0.0078125,-0.0005045572916666667,-0.000244140625,0.52734375,2.671875,0.0018717447916666667,0.00244140625,0.6,0.5333333333333333,0.6666666666666666,-0.014193115234375,0.015556538899739573,5000
11,5,-0.002618408203125,-1.4623697916666667,-1.4597513834635416,0.001428150982328997,-0.009889464281651031,-0.007240804036458334,-0.0086669921875,2.8291910807291667,-0.870654296875,-3.699845377604167,0.0005741348070241517,0.00451715949016821,-0.0033732096354166666,0.0,-0.007185872395833333,-0.00390625,0.0014750162760416667,0.00390625,0.51953125,2.666015625,-0.0038675944010416667,-0.0048828125,0.4,0.4666666666666667,0.4666666666666667,-0.01805028279622396,0.010130615234374989,5000
11,6,0.0029195149739583335,-1.4603841145833334,-1.4633036295572917,0.0013125558370067035,-0.0015035854905528989,-0.001702880859375,-0.000152587890625,2.8302408854166665,-0.8703206380208334,-3.7005615234375,0.0007501587134037367,-0.001987985088969966,-0.002323404947916667,-0.00390625,-0.005546061197916666,-0.00390625,-0.0028788248697916665,-0.00390625,0.51953125,2.65625,0.0006205240885416666,0.00634765625,0.4666666666666667,0.6,0.6,-0.0113226318359375,0.011631469726562496,5000
11,7,0.004984537760416667,-1.4597981770833333,-1.46478271484375,0.001129438887379631,-0.0024109620315230116,0.00036214192708333335,0.005859375,2.827339680989583,-0.8696004231770833,-3.6969401041666665,0.0006440440449581655,0.0012650275099053757,-0.005224609375,-0.00390625,-0.002392578125,0.0,-0.001519775390625,0.0029296875,0.5234375,2.640625,0.005586751302083333,0.0068359375,0.5333333333333333,0.6,0.5333333333333333,-0.00768646240234375,0.01873779296875,5000
11,8,-0.00038248697916666666,-1.4643229166666667,-1.4639404296875,0.0015512338037685636,-0.004246216631317913,-0.0050048828125,-0.001953125,2.825492350260417,-0.8709920247395834,-3.696484375,0.0006287986073281782,0.005454941677047331,-0.007071940104166666,0.0,-0.004475911458333333,0.0,0.0006062825520833333,0.007568359375,0.51171875,2.65625,0.0020670572916666667,0.0,0.4,0.4666666666666667,0.4666666666666667,-0.012207234700520833,0.016374715169270818,5000
11,9,0.0016438802083333333,-1.4581705729166667,-1.459814453125,0.0011928306234403761,-0.001778557417947139,-0.002978515625,0.0048828125,2.8250325520833335,-0.8692545572916667,-3.694287109375,0.0006199547333400557,0.00037481540401620463,-0.00753173828125,-0.009765625,0.0009440104166666667,0.00390625,3.0517578125e-05,0.0078125,0.54296875,2.6484375,0.00455322265625,0.0078125,0.5333333333333333,0.7333333333333333,0.8,-0.009990539550781248,0.015936381022135387,5000
11,10,0.011612955729166667,-1.4515299479166666,-1.4631429036458334,0.0017055081701555423,-0.0027714098631737624,0.006990559895833333,0.00390625,2.8298095703125,-0.8753987630208333,-3.705208333333333,0.0008011068067741037,0.0031572954779510326,-0.0027547200520833333,0.0,-0.0038004557291666666,-0.00390625,-0.0033040364583333333,0.0010986328125,0.51953125,2.6484375,0.009745279947916666,0.0078125,0.6,0.4666666666666667,0.5333333333333333,-0.006384379069010416,0.025838928222656238,5000
11,11,0.0017822265625,-1.4607421875,-1.4625244140625,0.0014408751274231726,-0.004815857782205558,-0.0028401692708333332,0.0,2.83052978515625,-0.8690144856770833,-3.6995442708333335,0.0005947225685468915,-0.00264050563071506,-0.0020345052083333335,0.0,-0.011031087239583333,0.0,-0.0008341471354166666,0.00390625,0.53515625,2.671875,-0.0008056640625,0.0,0.4666666666666667,0.4666666666666667,0.4666666666666667,-0.015242716471354166,0.012939453125,5000
11,12,0.0010152180989583333,-1.4622395833333333,-1.4632548014322917,0.0010572676451072777,-0.004482167542458274,-0.003607177734375,0.0009765625,2.8303548177083333,-0.8692220052083334,-3.699576822916667,0.0006213706703443649,0.004842329238037279,-0.00220947265625,0.0,-0.0036336263020833332,-0.0008544921875,0.0012898763020833333,-0.00390625,0.5078125,2.6640625,-0.001397705078125,-0.001953125,0.5333333333333333,0.4,0.4666666666666667,-0.012675272623697916,0.010036570231119786,5000
11,13,-0.005999755859375,-1.4645833333333333,-1.4585835774739584,0.0018707377322519823,-0.009101537949751066,-0.010622151692708333,-0.0078125,2.8229654947916667,-0.8707763671875,-3.693741861979167,0.0007273437976588244,0.008187580882327912,-0.009598795572916667,-0.005859375,-0.0003987630208333333,0.0,-0.003314208984375,-0.0078125,0.51953125,2.6640625,-0.0010233561197916666,0.001953125,0.3333333333333333,0.7333333333333333,0.5333333333333333,-0.01524103800455729,0.012276763916015617,5000
11,14,0.0046875,-1.456640625,-1.461328125,0.001067775872414742,-0.004397060945142107,6.510416666666667e-05,0.00390625,2.82041015625,-0.8733723958333334,-3.6937825520833334,0.0006433565694735059,0.010397981623845427,-0.012154134114583333,-0.006591796875,-0.00565185546875,-0.00390625,0.0012430826822916667,0.00390625,0.53125,2.6484375,0.01221923828125,0.01171875,0.5333333333333333,0.5333333333333333,0.8666666666666667,0.0006504313151041669,0.023226114908854165,5000
11,15,0.010565185546875,-1.4561197916666666,-1.4666849772135417,0.0012762112557647225,0.0009318793036072172,0.005942789713541666,0.0068359375,2.8340576171875,-0.8706298828125,-3.7046875,0.0006956392548244374,0.0021527361270771224,0.0014933268229166666,0.0078125,-0.0029052734375,0.0,-0.007230631510416667,0.0,0.5234375,2.6875,0.004449462890625,0.0,0.6,0.4666666666666667,0.4666666666666667,-0.00994476318359375,0.02060551961263021,5000
11,16,-0.0005513509114583333,-1.4595052083333333,-1.458953857421875,0.0014821796725770964,-0.005263818268068454,-0.005173746744791667,-0.0078125,2.8294026692708334,-0.8721923828125,-3.7015950520833334,0.0006330590808957847,0.002204485294274708,-0.00316162109375,-0.00390625,-0.00521240234375,-0.00732421875,-0.006231689453125,-0.01171875,0.52734375,2.6484375,-0.0020121256510416668,-0.0028076171875,0.4,0.6,0.4666666666666667,-0.017221832275390626,0.012191111246744785,5000
11,17,0.004844156901041666,-1.4603190104166666,-1.4651631673177083,0.0013837273658859129,-0.006091010601869487,0.00022176106770833333,0.00390625,2.8243693033854167,-0.8677286783854167,-3.6920979817708335,0.000546128792202007,0.0038344676877298672,-0.008194986979166667,-0.005859375,-0.0026448567708333335,-0.005859375,-0.004844156901041666,0.0029296875,0.53125,2.6875,0.008416748046875,0.0126953125,0.6666666666666666,0.5333333333333333,0.6,-0.007670084635416667,0.024479573567708326,5000
11,18,0.006388346354166667,-1.45830078125,-1.4646891276041667,0.0015367531656601354,0.00012611962276793163,0.0017659505208333333,-0.0048828125,2.8227783203125,-0.8736002604166667,-3.6963785807291667,0.0006136626053117997,0.00807725172727567,-0.009785970052083334,-0.01171875,-0.008902994791666667,-0.01171875,-0.00390625,-0.000244140625,0.51171875,2.671875,0.011551920572916667,0.01611328125,0.4,0.6,0.7333333333333333,-0.001620992024739583,0.023120422363281247,5000
11,19,0.013075764973958333,-1.4478841145833334,-1.4609598795572916,0.0030269173073146647,-0.0033483683432699784,0.008453369140625,-0.01171875,2.8356363932291666,-0.8671549479166667,-3.7027913411458333,0.0008695365659936598,-0.003323409693469976,0.0030721028645833335,0.0037841796875,-0.0037027994791666665,0.0,0.0016459147135416666,0.0078125,0.5234375,2.671875,0.005381266276041667,-0.00390625,0.4,0.3333333333333333,0.4,-0.016740519205729165,0.03453084309895832,5000
11,20,-0.00021769205729166668,-1.459765625,-1.4595479329427083,0.0012622277734951788,-0.007177466691404038,-0.004840087890625,-0.001953125,2.822440592447917,-0.8764200846354167,-3.698860677083333,0.0007312144626064127,0.009964943589242532,-0.010123697916666667,-0.0050048828125,-0.00753173828125,-0.00390625,-0.004109700520833333,0.00390625,0.51953125,2.646484375,0.0052836100260416664,0.0078125,0.4,0.6666666666666666,0.6,-0.014016927083333332,0.02177037556966144,5000
11,21,0.005594889322916667,-1.45400390625,-1.4595987955729166,0.001567447846858803,-0.003065688966983419,0.0009724934895833333,0.0069580078125,2.826973470052083,-0.8714803059895834,-3.6984537760416667,0.0006948252646783693,0.0037329952677559344,-0.0055908203125,-0.0078125,0.0001708984375,-0.006103515625,-4.8828125e-05,0.001953125,0.5234375,2.671875,0.006563313802083333,0.00390625,0.5333333333333333,0.6666666666666666,0.7333333333333333,-0.004712422688802083,0.018127746582031246,5000
11,22,0.003483072916666667,-1.4597330729166667,-1.4632161458333333,0.0019485361392852626,-0.0033829908732582645,-0.0011393229166666667,-0.00390625,2.8281575520833333,-0.8704345703125,-3.698592122395833,0.0007103277806670829,-0.0016312516867030774,-0.00440673828125,-0.001953125,-0.0017374674479166666,0.001953125,-0.00382080078125,0.00390625,0.5390625,2.6328125,0.0032674153645833332,0.01171875,0.4,0.6,0.6,-0.012566324869791666,0.018221435546874994,5000
11,23,-0.008331298828125,-1.46904296875,-1.460711669921875,0.0014566761434292098,-0.00962714945574075,-0.012953694661458333,-0.0068359375,2.826798502604167,-0.8699788411458333,-3.69677734375,0.00071312488261942,0.003824809085423695,-0.005765787760416667,-0.0078125,-0.00504150390625,0.0,-0.003656005859375,0.0,0.5234375,2.6328125,-0.007187906901041667,-0.0126953125,0.3333333333333333,0.5333333333333333,0.4,-0.02420557657877604,0.010157063802083323,5000
11,24,0.0005574544270833333,-1.4595377604166666,-1.46009521484375,0.001819232956650291,-0.006802467396605167,-0.00406494140625,-0.0029296875,2.8236490885416665,-0.8711507161458333,-3.6947998046875,0.0006094058543887976,0.00636240871357297,-0.008915201822916666,-0.001953125,-0.0070841471354166664,-0.0078125,-0.0029541015625,-0.0020751953125,0.52734375,2.6640625,0.004850260416666667,0.01171875,0.4666666666666667,0.5333333333333333,0.6,-0.008529154459635415,0.01852783203124998,5000
11,25,-0.0080322265625,-1.4672200520833334,-1.4591878255208333,0.0018939713734363872,-0.011020930438792589,-0.012654622395833334,-0.010498046875,2.8233154296875,-0.8710856119791667,-3.6944010416666666,0.0006574148275865818,0.007663027341881661,-0.009248860677083333,-0.0078125,-0.00948486328125,-0.010009765625,-0.005088297526041666,-0.00048828125,0.52734375,2.65625,-0.00340576171875,-0.01123046875,0.26666666666666666,0.6666666666666666,0.4,-0.017431640625,0.011919047037760405,5000
11,26,0.0045430501302083336,-1.4583658854166666,-1.462908935546875,0.0015889637617954012,-0.00342058457460487,-7.9345703125e-05,0.0,2.8265787760416665,-0.87353515625,-3.7001139322916665,0.0007899936472985559,0.005390373495989126,-0.0059855143229166664,-0.00390625,-0.004606119791666667,0.0,0.0013142903645833334,0.0,0.5234375,2.6640625,0.005906168619791667,0.0078125,0.4666666666666667,0.5333333333333333,0.6,-0.0069032287597656245,0.01831176757812498,5000
11,27,0.004547119140625,-1.4581705729166667,-1.4627176920572917,0.0012487239901201722,-0.004334412404314286,-7.527669270833334e-05,0.00390625,2.8287841796875,-0.8704508463541667,-3.699235026041667,0.0006166346282572381,0.006127795437913275,-0.003780110677083333,-0.00390625,-0.008089192708333333,-0.00390625,-0.0038675944010416667,0.001953125,0.5234375,2.6953125,0.003704833984375,0.01171875,0.6,0.5333333333333333,0.5333333333333333,-0.01673121134440104,0.021692606608072904,5000
11,28,-0.0009419759114583333,-1.4593424479166666,-1.4584004720052084,0.0016435316200549685,-0.004988019200984928,-0.005564371744791667,0.001953125,2.8292521158854167,-0.8702433268229167,-3.6994954427083333,0.0005455468704644118,0.002867037465668951,-0.0033121744791666666,0.0,-0.0003377278645833333,0.0078125,-0.006131998697916667,-0.001953125,0.51171875,2.6640625,-0.002252197265625,0.0010986328125,0.5333333333333333,0.4666666666666667,0.5333333333333333,-0.014101359049479166,0.009263509114583329,5000
11,29,0.0026346842447916665,-1.4597330729166667,-1.4623677571614584,0.0015179812142852294,-0.008948308519131441,-0.001987711588541667,0.0076904296875,2.8226033528645833,-0.8731404622395833,-3.6957438151041666,0.0006096758856588164,0.005120821671303953,-0.0099609375,-0.0078125,-0.007063802083333333,-0.0078125,-0.000323486328125,0.0078125,0.5234375,2.65625,0.007973225911458333,0.01171875,0.6666666666666666,0.6666666666666666,0.6666666666666666,-0.008777974446614583,0.024081217447916657,5000
11,30,0.00528564453125,-1.45419921875,-1.45948486328125,0.0014538488646211746,-0.007563842710165632,0.0006632486979166667,0.0078125,2.8279296875,-0.8669189453125,-3.6948486328125,0.0006591131704624593,0.0018956605126265813,-0.0046346028645833336,0.0,-0.003926595052083333,0.0,0.00030517578125,0.013671875,0.5234375,2.6640625,0.0052978515625,0.0133056640625,0.6,0.4,0.6,-0.01064605712890625,0.02022847493489581,5000
11,31,-0.0011454264322916666,-1.46240234375,-1.4612569173177083,0.0012489787873936414,-0.009105613076192379,-0.005767822265625,0.0,2.8296142578125,-0.871435546875,-3.7010498046875,0.0005160152023995847,0.003399466602461056,-0.0029500325520833335,-0.005859375,-0.0053466796875,-0.0078125,-0.003017171223958333,0.0,0.53515625,2.65625,-0.0028177897135416665,0.001953125,0.4666666666666667,0.5333333333333333,0.5333333333333333,-0.021069691975911457,0.013308664957682277,5000
12,0,0.0052978515625,-1.4582682291666667,-1.4635660807291666,0.0013437170105292109,-0.003994646557629695,0.0006754557291666667,0.0,2.8267171223958334,-0.8748291015625,-3.701546223958333,0.0007592034617903833,0.0075958053736109145,-0.00584716796875,0.0,-0.006905110677083334,-0.00390625,-0.0038330078125,0.001953125,0.53125,2.6328125,0.006522623697916666,0.015869140625,0.4,0.4666666666666667,0.6,-0.008463643391927083,0.020552978515624994,5000
12,1,0.000360107421875,-1.4607747395833333,-1.4611348470052083,0.0014960550693776326,-0.007884867214932319,-0.004262288411458333,-0.00390625,2.8232381184895834,-0.8752156575520833,-3.6984537760416667,0.000644314698674474,0.007311805015524239,-0.009326171875,-0.01171875,-0.0029296875,-0.001953125,-0.002323404947916667,0.005859375,0.53125,2.65625,0.005063883463541667,0.0086669921875,0.4,0.7333333333333333,0.6666666666666666,-0.00509521484375,0.013533732096354162,5000
12,2,-0.0023824055989583332,-1.4631184895833333,-1.460736083984375,0.001389463335622573,-0.008689182808753162,-0.007004801432291667,-0.00390625,2.8292032877604165,-0.8718465169270834,-3.7010498046875,0.0006739802486624721,0.004358539959294113,-0.003361002604166667,-0.0048828125,-0.00772705078125,-0.0076904296875,-0.000762939453125,0.001953125,0.51171875,2.640625,-0.003643798828125,-0.001953125,0.3333333333333333,0.5333333333333333,0.4666666666666667,-0.01939697265625,0.011346689860026038,5000
12,3,0.0006388346354166667,-1.4578125,-1.4584513346354167,0.0017405831922331016,-0.007977600834778742,-0.003983561197916667,-0.0009765625,2.82257080078125,-0.86976318359375,-3.692333984375,0.0006471772198763687,0.005486186788374215,-0.009993489583333333,-0.0078125,-0.007779947916666667,-0.00390625,0.002864583333333333,0.001953125,0.53515625,2.6640625,0.006009928385416667,0.00390625,0.3333333333333333,0.6,0.6,-0.008468017578124999,0.020263671875,5000
12,4,0.0,-1.4626953125,-1.4626953125,0.001383525198807263,-0.0034172654270774533,-0.004622395833333333,-0.0009765625,2.8287150065104165,-0.8724650065104167,-3.701180013020833,0.0006558533233672522,0.0037570303337770812,-0.003849283854166667,0.0,-0.005745442708333334,-0.0035400390625,-0.002264404296875,0.0008544921875,0.52734375,2.6640625,-0.0007731119791666666,0.0015869140625,0.3333333333333333,0.4,0.5333333333333333,-0.012939656575520833,0.010750935872395824,5000
12,5,0.0004923502604166667,-1.4597330729166667,-1.4602254231770833,0.0014135224705349677,-0.008539814589647223,-0.004130045572916667,-0.0029296875,2.82747802734375,-0.8709025065104167,-3.698380533854167,0.0006516483367644643,0.004049607292983494,-0.005086263020833333,-0.00390625,-0.007698567708333334,-0.005859375,0.0011067708333333333,-0.005859375,0.5234375,2.6328125,0.0009562174479166666,-0.00390625,0.4666666666666667,0.6,0.4666666666666667,-0.008435262044270832,0.010603942871093747,5000
12,6,0.0044209798177083336,-1.4578776041666666,-1.462298583984375,0.0015036251908972778,-0.003918791153900817,-0.000201416015625,-0.001953125,2.81947021484375,-0.8774373372395833,-3.696907552083333,0.0006286385503414597,0.00725355435303932,-0.013094075520833333,-0.0140380859375,-0.006669108072916667,-0.0078125,0.0009989420572916667,0.0029296875,0.52734375,2.640625,0.012892659505208333,0.015625,0.4666666666666667,0.7333333333333333,0.7333333333333333,0.001547495524088542,0.023779602050781248,5000
12,7,0.004416910807291666,-1.4580403645833333,-1.462457275390625,0.0013969768411045606,-0.003179350338766427,-0.00020548502604166667,0.0078125,2.8261393229166667,-0.8726969401041667,-3.698836263020833,0.0006437669741838789,0.007118490702369349,-0.006424967447916667,-0.0078125,-0.005379231770833334,-0.0078125,-0.0006245930989583333,0.0029296875,0.53515625,2.65625,0.006219482421875,0.017578125,0.6666666666666666,0.6666666666666666,0.6666666666666666,-0.009297993977864584,0.019196472167968735,5000
12,8,-0.0023356119791666666,-1.4639973958333334,-1.4616617838541666,0.001492935278414481,-0.010515844483842633,-0.0069580078125,-0.001953125,2.825935872395833,-0.8729166666666667,-3.6988525390625,0.0006921727975840223,0.004905859455398179,-0.00662841796875,-0.01171875,-0.004243977864583333,-0.0068359375,-0.00440673828125,-0.00634765625,0.5234375,2.6484375,-0.00032958984375,0.0087890625,0.4,0.6666666666666666,0.5333333333333333,-0.014714762369791665,0.013591410319010403,5000
12,9,0.0071044921875,-1.4587890625,-1.4658935546875,0.0015710006397292517,-0.0012843300517074942,0.0024820963541666665,0.0078125,2.8234293619791666,-0.87041015625,-3.693839518229167,0.0006782774412793389,0.00622142619826784,-0.009134928385416666,-0.0078125,-0.0068318684895833336,-0.007568359375,0.002773030598958333,0.0078125,0.50390625,2.6640625,0.011617024739583334,0.01953125,0.6,0.6,0.6,-0.006830240885416666,0.03001495361328122,5000
12,10,0.004962158203125,-1.4565104166666667,-1.4614725748697917,0.001393854877079256,-0.002062239327426813,0.00033976236979166665,0.0003662109375,2.8244954427083333,-0.8713053385416667,-3.69580078125,0.0005651554031248975,0.005649648104624678,-0.00806884765625,-0.006103515625,-0.0043701171875,-0.005859375,-2.6448567708333334e-05,0.0029296875,0.52734375,2.6484375,0.008408610026041667,0.015625,0.5333333333333333,0.5333333333333333,0.5333333333333333,-0.007927296956380208,0.023268890380859372,5000
12,11,0.0056111653645833336,-1.4605794270833334,-1.4661905924479166,0.0012457581611387907,-0.006162318435792302,0.00098876953125,0.0078125,2.8218098958333333,-0.8728678385416667,-3.694677734375,0.0005712417545888187,0.00870925387244187,-0.01075439453125,-0.00390625,-0.0033976236979166665,0.0,-0.00030517578125,-0.001953125,0.5390625,2.6640625,0.0117431640625,0.0078125,0.7333333333333333,0.5333333333333333,0.6666666666666666,-0.00485443115234375,0.02719177246093746,5000
12,12,0.005747477213541667,-1.45927734375,-1.4650248209635417,0.0017559309003256198,-0.0023965031146691044,0.0011250813802083333,0.0078125,2.8280314127604167,-0.8708048502604167,-3.698836263020833,0.0006562385304491879,0.003929728452580429,-0.004532877604166667,0.0001220703125,-0.004951985677083334,-0.0078125,-0.0003560384114583333,0.0,0.56640625,2.65625,0.005657958984375,0.00390625,0.6,0.4666666666666667,0.6666666666666666,-0.017092437744140626,0.02609883626302083,5000
12,13,0.00318603515625,-1.4529947916666666,-1.4561808268229166,0.0013974156315210227,-0.007473890615424511,-0.0014363606770833334,0.0,2.8311564127604165,-0.8718546549479167,-3.703011067708333,0.0006805621643249563,0.004180416074916298,-0.0014078776041666667,0.0,-0.009712727864583333,-0.0130615234375,-0.0013020833333333333,-0.00390625,0.515625,2.671875,-2.8483072916666667e-05,0.00592041015625,0.4666666666666667,0.4666666666666667,0.6,-0.0116790771484375,0.010726623535156238,5000
12,14,0.0028157552083333333,-1.4594075520833334,-1.4622233072916666,0.0014480056637545698,-0.0033103686275803585,-0.001806640625,0.00390625,2.8281901041666666,-0.8722412109375,-3.700431315104167,0.0006220410882249275,0.0034744265160538018,-0.004374186197916667,-0.00390625,-0.005419921875,-0.005859375,-0.0004170735677083333,0.0,0.53125,2.6484375,0.002567545572916667,0.00390625,0.5333333333333333,0.6666666666666666,0.5333333333333333,-0.0127362060546875,0.015230305989583333,5000
12,15,-0.0004638671875,-1.4590169270833333,-1.4585530598958334,0.0015091518821070834,-0.0033625808876812146,-0.005086263020833333,-0.001953125,2.8297444661458333,-0.8702718098958333,-3.7000162760416666,0.0007492519609700062,0.003929610825866789,-0.00281982421875,0.0,-0.009391276041666667,-0.009765625,-0.0030049641927083334,-0.00390625,0.515625,2.6484375,-0.0022664388020833333,-0.0035400390625,0.4666666666666667,0.4,0.4666666666666667,-0.015781453450520833,0.011085510253906227,5000
12,16,0.007069905598958333,-1.4580078125,-1.4650777180989583,0.0013526741204208438,-0.0013921621828379422,0.002447509765625,0.00732421875,2.82532958984375,-0.8680379231770833,-3.693367513020833,0.0005679430698957284,0.0039545539116591245,-0.007234700520833333,-0.0078125,-0.012296549479166667,-0.0078125,0.0014363606770833334,0.0029296875,0.53125,2.6796875,0.009682210286458333,0.0078125,0.6666666666666666,0.6,0.6666666666666666,0.0007220967610677084,0.019140726725260418,5000
12,17,0.004742431640625,-1.4578776041666666,-1.4626200358072916,0.0016870432792064813,-0.003801626178801115,0.00012003580729166666,0.008056640625,2.8275105794270834,-0.86732177734375,-3.694832356770833,0.0005964800762711533,0.00036298323000124227,-0.0050537109375,-0.003662109375,-0.0035481770833333333,-0.005859375,0.005464680989583333,0.00341796875,0.51953125,2.6640625,0.005173746744791667,-0.003662109375,0.5333333333333333,0.6,0.4666666666666667,-0.010355631510416666,0.020886535644531246,5000
12,18,0.0022135416666666666,-1.4593424479166666,-1.4615559895833334,0.001398817907828366,-0.0033312139993034212,-0.0024088541666666668,0.0,2.828865559895833,-0.8680338541666667,-3.6968994140625,0.0006814017482272777,0.004369402631538363,-0.00369873046875,0.0,-0.0033976236979166665,-0.0078125,0.0007975260416666667,0.0,0.5234375,2.671875,0.0012898763020833333,-0.00390625,0.4666666666666667,0.4666666666666667,0.4666666666666667,-0.011296386718749999,0.013355000813802077,5000
12,19,0.011979166666666667,-1.4550130208333334,-1.4669921875,0.00143921325420318,0.000957793930962929,0.007356770833333333,0.01171875,2.82872314453125,-0.8685506184895834,-3.697273763020833,0.0005436409285710816,0.004378296877389483,-0.003841145833333333,-0.00634765625,-0.00689697265625,-0.0078125,0.0010843912760416666,0.0,0.5390625,2.6796875,0.011197916666666667,0.0048828125,0.6666666666666666,0.5333333333333333,0.6666666666666666,-0.001815999348958333,0.02443868001302083,5000
12,20,-0.00155029296875,-1.4581705729166667,-1.4566202799479167,0.001472599712992753,-0.004135974929577883,-0.006172688802083334,-0.01025390625,2.82447509765625,-0.8712605794270833,-3.6957356770833334,0.0006784170432682631,0.004005630773715513,-0.008089192708333333,0.0,-0.003544108072916667,-0.00390625,-0.0015543619791666666,-0.0068359375,0.54296875,2.6484375,0.00191650390625,0.00555419921875,0.4,0.4666666666666667,0.6666666666666666,-0.013343098958333332,0.016134338378906238,5000
12,21,0.0031717936197916668,-1.4575846354166666,-1.4607564290364583,0.001276329205323228,-0.0037725785245936883,-0.0014506022135416666,0.0,2.8259602864583333,-0.8736328125,-3.699593098958333,0.0006460058814829794,0.006440937718574267,-0.00660400390625,-0.0013427734375,-0.003719075520833333,-0.00048828125,-0.000885009765625,0.0029296875,0.52734375,2.65625,0.0051534016927083336,0.00927734375,0.4666666666666667,0.5333333333333333,0.6,-0.007999674479166666,0.018601684570312495,5000
12,22,0.0071533203125,-1.4576822916666667,-1.4648356119791666,0.0012357821203827055,-0.004892827480198792,0.0025309244791666668,0.00927734375,2.827217610677083,-0.87386474609375,-3.7010823567708333,0.0006643920497893763,0.0030671591918726344,-0.0053466796875,0.0,-0.006754557291666667,-0.00390625,0.000946044921875,0.005859375,0.5234375,2.626953125,0.007877604166666666,0.013427734375,0.6,0.4666666666666667,0.6,-0.0100262451171875,0.025391642252604152,5000
12,23,0.006492106119791666,-1.4587565104166667,-1.4652486165364584,0.0012329927279731635,-0.00412197658255631,0.0018697102864583333,0.0087890625,2.8264485677083333,-0.8729329427083333,-3.6993815104166665,0.0007029957681300793,0.006942407629341171,-0.00611572265625,-0.009765625,-0.0039794921875,-0.00390625,0.000189208984375,0.001953125,0.50390625,2.6640625,0.007985432942708334,0.0111083984375,0.5333333333333333,0.6,0.6666666666666666,-0.009807027180989582,0.025067240397135416,5000
12,24,0.0056803385416666664,-1.4568359375,-1.4625162760416666,0.0011545997675033656,-0.0018660508412067507,0.0010579427083333333,0.0078125,2.826102701822917,-0.87191162109375,-3.698014322916667,0.0006098258786972322,0.0037740699385536065,-0.006461588541666666,-0.009765625,-0.007340494791666667,-0.009765625,-0.0030965169270833334,0.005859375,0.53515625,2.6484375,0.00751953125,0.0042724609375,0.5333333333333333,0.6,0.6,-0.006925455729166667,0.021827189127604153,5000
12,25,0.004927571614583333,-1.4567708333333333,-1.4616984049479167,0.0015045845408305988,-0.004098514357078511,0.00030517578125,0.0,2.827498372395833,-0.8731526692708333,-3.7006510416666667,0.0006786521802377175,0.006750318708804352,-0.00506591796875,-0.00390625,-0.004691569010416666,0.0,-0.003472900390625,0.0,0.5234375,2.6796875,0.00537109375,0.0113525390625,0.4666666666666667,0.5333333333333333,0.6,-0.007918904622395832,0.01754150390625,5000
12,26,0.0035786946614583333,-1.4577473958333333,-1.4613260904947916,0.0013678820526622415,-0.0068487244157013445,-0.001043701171875,0.0,2.8290608723958335,-0.8708251953125,-3.6998860677083334,0.0006579091903472799,0.005234199654121529,-0.00350341796875,-0.0078125,-0.007194010416666666,-0.009765625,-0.005322265625,-0.0009765625,0.5234375,2.65625,0.002459716796875,0.007568359375,0.4666666666666667,0.5333333333333333,0.6,-0.010499165852864582,0.015104166666666667,5000
12,27,0.0062744140625,-1.4580403645833333,-1.4643147786458333,0.001260348624660454,-0.0009497714443218439,0.0016520182291666667,0.001953125,2.8293660481770835,-0.8681681315104167,-3.6975341796875,0.0006602633474567571,0.001406810146815231,-0.0031982421875,0.00390625,-0.0076416015625,-0.0078125,-0.0017923990885416667,0.0,0.5234375,2.671875,0.004850260416666667,0.00390625,0.5333333333333333,0.4,0.6,-0.009602864583333334,0.01976786295572916,5000
12,28,0.005149332682291666,-1.4566731770833334,-1.461822509765625,0.001441158485411852,-0.0021768678865515525,0.0005269368489583333,0.0078125,2.828230794270833,-0.8703369140625,-3.6985677083333335,0.0006363913156180603,0.005198560121592981,-0.00433349609375,-0.0078125,-0.007661946614583333,-0.0078125,-0.002956136067708333,-0.00390625,0.52734375,2.65625,0.004860432942708334,0.017578125,0.5333333333333333,0.6666666666666666,0.7333333333333333,-0.0116064453125,0.018728332519531238,5000
12,29,0.004075113932291667,-1.4563151041666667,-1.4603902180989583,0.001247926342678162,-0.0022813265633488495,-0.0005472819010416667,0.001953125,2.823441569010417,-0.8698201497395833,-3.69326171875,0.0006287414100944577,0.007298777473494742,-0.009122721354166667,0.0,-0.0023478190104166668,0.0,0.0024515787760416665,0.0,0.53125,2.65625,0.008575439453125,0.010986328125,0.5333333333333333,0.4666666666666667,0.6666666666666666,-0.0039557393391927076,0.020937143961588543,5000
12,30,0.002410888671875,-1.4607096354166667,-1.4631205240885417,0.0018230586988046567,-0.0021218367344318294,-0.0022115071614583334,-0.001953125,2.825789388020833,-0.8721435546875,-3.6979329427083334,0.0006474040745106004,0.005971866903600037,-0.00677490234375,-0.00390625,-0.002978515625,-0.0009765625,-0.0006998697916666667,0.001953125,0.546875,2.6484375,0.004563395182291667,-0.002685546875,0.4,0.5333333333333333,0.4,-0.016622975667317706,0.02676513671874998,5000
12,31,-0.0016031901041666666,-1.4619466145833333,-1.4603434244791667,0.0016037294567613825,-0.006170794371954771,-0.0062255859375,0.0,2.825874837239583,-0.8720499674479166,-3.6979248046875,0.0006836875590716259,0.003895552360445435,-0.006689453125,-0.005859375,-0.004777018229166667,0.0009765625,-0.005110677083333333,-0.0078125,0.51953125,2.6640625,0.0004638671875,0.00390625,0.4666666666666667,0.6666666666666666,0.5333333333333333,-0.0111083984375,0.011490885416666667,5000
13,0,0.009718831380208333,-1.4564778645833334,-1.4661966959635417,0.0016595270241245236,0.0014060000279953455,0.005096435546875,0.001953125,2.82435302734375,-0.8700398763020833,-3.6943929036458334,0.0005038446903741235,0.0034055381899432266,-0.008211263020833333,-0.000244140625,-0.00484619140625,-0.0078125,-0.0033203125,0.0009765625,0.546875,2.6640625,0.013307698567708333,0.0115966796875,0.6,0.5333333333333333,0.7333333333333333,-8.900960286458073e-06,0.027069091796875,5000
13,1,0.003597005208333333,-1.4564453125,-1.4600423177083333,0.0011865998023237435,-0.007478479765143623,-0.001025390625,0.0,2.8256632486979165,-0.8712443033854167,-3.696907552083333,0.000640685766357025,0.0027450744225896895,-0.0069010416666666664,-0.00732421875,-0.008174641927083334,-0.00390625,0.00035807291666666664,0.005859375,0.53515625,2.6640625,0.005875651041666667,0.0087890625,0.4666666666666667,0.6,0.7333333333333333,-0.0091485595703125,0.01960571289062498,5000
13,2,0.0057942708333333336,-1.4566731770833334,-1.4624674479166666,0.0012144284137555758,-0.0013844412535381867,0.001171875,0.0,2.829825846354167,-0.8685221354166667,-3.698347981770833,0.0006506542421138054,-0.0003581875827287952,-0.0027384440104166667,0.0,-0.004150390625,-0.001953125,-0.0023946126302083334,0.0,0.53515625,2.6953125,0.0039103190104166664,0.0089111328125,0.4,0.4666666666666667,0.5333333333333333,-0.008073527018229167,0.016406555175781247,5000
13,3,0.004164632161458333,-1.4572591145833333,-1.4614237467447917,0.0012820780704542974,-0.008766932059347272,-0.000457763671875,0.0078125,2.8277791341145835,-0.8722371419270833,-3.7000162760416666,0.000501402084837485,0.004159052611455215,-0.00478515625,-0.001953125,-0.0038981119791666667,-0.001220703125,-0.0015055338541666667,-0.00390625,0.53125,2.671875,0.004327392578125,0.0078125,0.6,0.6,0.6666666666666666,-0.011309967041015626,0.01938496907552083,5000
13,4,0.0020161946614583332,-1.4581380208333334,-1.4601542154947917,0.0014468056221415677,-0.005320849651983125,-0.002606201171875,0.0,2.82747802734375,-0.8667928059895833,-3.6942708333333334,0.0005999859752074866,0.0033880881938645737,-0.005086263020833333,0.0,-0.003535970052083333,0.001708984375,0.0012003580729166667,0.0029296875,0.5234375,2.671875,0.0024800618489583333,-0.00390625,0.4666666666666667,0.4666666666666667,0.4666666666666667,-0.009802296956380208,0.015282847086588489,5000
13,5,0.0036397298177083333,-1.45869140625,-1.4623311360677083,0.0012154979563361245,-0.005687355605322036,-0.000982666015625,0.00390625,2.82802734375,-0.872900390625,-3.700927734375,0.0005886038355698412,0.0022150304203392987,-0.004536946614583333,-0.01171875,-0.006563313802083333,-0.009765625,-0.00045369466145833335,0.00390625,0.5234375,2.6796875,0.0035542805989583334,0.001953125,0.6,0.5333333333333333,0.5333333333333333,-0.012204844156901042,0.01824554443359375,5000
13,6,-0.0011494954427083333,-1.45966796875,-1.4585184733072916,0.0014981610123999652,-0.004398106285810642,-0.0057718912760416664,0.0,2.8235880533854165,-0.8722615559895833,-3.695849609375,0.0005227941704840489,0.007866918356599849,-0.008976236979166666,-0.0078125,-0.004801432291666667,-0.00390625,-0.000421142578125,0.0029296875,0.53125,2.6875,0.003204345703125,0.01171875,0.4666666666666667,0.6666666666666666,0.5333333333333333,-0.01020746866861979,0.015574188232421874,5000
13,7,0.008736165364583333,-1.4564778645833334,-1.4652140299479166,0.0013978569904713385,-0.0008989595951064722,0.00411376953125,0.0009765625,2.825370279947917,-0.8729532877604167,-3.6983235677083335,0.0007005369187728037,0.005318055426341974,-0.007194010416666666,-0.00390625,-0.00372314453125,-0.0068359375,0.0013671875,0.0009765625,0.5234375,2.650390625,0.011307779947916667,0.013671875,0.5333333333333333,0.5333333333333333,0.6666666666666666,0.0005352783203125006,0.02285980224609375,5000
13,8,-0.000567626953125,-1.4578125,-1.457244873046875,0.0014295964595167517,-0.009118739464152849,-0.005190022786458333,-0.0048828125,2.8289998372395835,-0.8699422200520833,-3.6989420572916667,0.0006946242529625291,0.0037534124036627254,-0.003564453125,0.0,-0.0032470703125,0.0,-0.0007710774739583333,0.00390625,0.52734375,2.6328125,-0.0016255696614583333,0.0035400390625,0.4,0.4666666666666667,0.5333333333333333,-0.014680226643880207,0.011052246093749989,5000
13,9,0.0017659505208333333,-1.45830078125,-1.4600667317708333,0.0012283119703324413,-0.0045531734743379125,-0.0028564453125,0.0,2.82891845703125,-0.8699422200520833,-3.698860677083333,0.0006824754590293776,-0.00031503592196282837,-0.0036458333333333334,0.0,-0.00904541015625,-0.007568359375,-0.0017374674479166666,0.0001220703125,0.53125,2.6484375,0.0007893880208333333,0.0023193359375,0.4666666666666667,0.4666666666666667,0.5333333333333333,-0.015853474934895834,0.015820922851562492,5000
13,10,0.005373128255208333,-1.4571940104166667,-1.462567138671875,0.0015681284432104987,-0.0008704338504007208,0.000750732421875,0.0,2.830147298177083,-0.8705281575520833,-3.700675455729167,0.0005562334494096116,-0.002943587058923607,-0.0024169921875,-0.00390625,-0.004435221354166667,-0.0010986328125,0.00089111328125,0.0,0.53125,2.662109375,0.003167724609375,0.00390625,0.4666666666666667,0.6666666666666666,0.5333333333333333,-0.010170745849609374,0.016304270426432267,5000
13,11,0.006121826171875,-1.45615234375,-1.462274169921875,0.0011893704120959682,-0.004974625179550335,0.0014994303385416667,0.001953125,2.8275349934895835,-0.8699015299479167,-3.6974365234375,0.000597550199086018,0.00423815891178435,-0.005029296875,-0.0078125,-0.00416259765625,-0.01171875,-0.000146484375,0.005859375,0.5234375,2.6484375,0.006528727213541667,0.0096435546875,0.6,0.6,0.5333333333333333,-0.0079022216796875,0.02032938639322916,5000
13,12,0.0033935546875,-1.4581380208333334,-1.4615315755208333,0.0013174613302271007,-0.0026893005374391122,-0.0012288411458333333,0.0029296875,2.8253214518229166,-0.8696248372395833,-3.6949462890625,0.0006429964405404637,-0.00044722462611349837,-0.007242838541666667,-0.0078125,-0.007731119791666667,0.0,-0.00021158854166666667,0.005859375,0.53125,2.65625,0.006013997395833333,0.009521484375,0.6,0.5333333333333333,0.6,-0.006617431640625,0.01863647460937499,5000
13,13,0.008626302083333334,-1.4577799479166667,-1.46640625,0.0019867138523618905,-0.0022820952199910766,0.00400390625,0.0,2.8232218424479165,-0.8703572591145833,-3.6935791015625,0.0005298385860314514,0.005661438423957252,-0.009342447916666666,-0.0078125,-0.007865397135416667,-0.00390625,-0.0011189778645833333,0.00390625,0.53515625,2.65625,0.013346354166666666,0.005859375,0.4666666666666667,0.6,0.6,-0.0017254638671875,0.030745849609374994,5000
13,14,0.0006062825520833333,-1.4573567708333333,-1.4579630533854167,0.0013608887895344114,-0.005852133798910019,-0.00401611328125,-0.0068359375,2.8296549479166666,-0.8703531901041667,-3.7000081380208334,0.000556031178098914,0.005481396359995324,-0.0029093424479166665,0.0,-0.009647623697916666,-0.0078125,0.0013773600260416667,0.0029296875,0.52734375,2.671875,-0.0011067708333333333,0.00390625,0.4,0.4,0.5333333333333333,-0.014482523600260417,0.012618611653645823,5000
13,15,0.0040852864583333336,-1.45986328125,-1.4639485677083333,0.0014044451705745586,-0.003582599056435878,-0.000537109375,0.0009765625,2.831131998697917,-0.8684773763020833,-3.699609375,0.0005795976832393285,0.002801207721530601,-0.0014322916666666666,0.0,-0.008870442708333334,-0.0078125,-0.00166015625,0.00390625,0.53515625,2.671875,0.0008951822916666666,-0.0068359375,0.5333333333333333,0.4666666666666667,0.4,-0.012898966471354167,0.014103597005208328,5000
13,16,0.005141194661458333,-1.4595377604166666,-1.464678955078125,0.0017696940840728525,-0.005822777548006373,0.000518798828125,0.001953125,2.8243367513020834,-0.8745157877604167,-3.6988525390625,0.0007242019451555321,0.005086818679074166,-0.0082275390625,-0.0078125,-0.00732421875,-0.00390625,-0.0008687337239583333,0.00390625,0.53515625,2.640625,0.008746337890625,0.005706787109375,0.5333333333333333,0.6666666666666666,0.6,-0.00784912109375,0.025943196614583316,5000
13,17,0.00384521484375,-1.4605143229166666,-1.4643595377604166,0.0014445519713650623,-0.0029464181171535817,-0.0007771809895833333,0.001953125,2.825830078125,-0.8719645182291667,-3.6977945963541665,0.00040852876779170854,0.005626276266917827,-0.006734212239583333,-0.0078125,-0.008003743489583333,-0.00775146484375,-0.003631591796875,0.0,0.546875,2.65625,0.00595703125,0.009765625,0.6666666666666666,0.6666666666666666,0.8,-0.006632486979166667,0.01641510009765624,5000
13,18,-0.000445556640625,-1.4590169270833333,-1.4585713704427083,0.0015580169696874366,-0.009353712708261127,-0.005067952473958333,0.00390625,2.827864583333333,-0.8700520833333333,-3.6979166666666665,0.0006777230781725172,0.0024667619765622083,-0.00469970703125,-0.005615234375,-0.004813639322916666,-0.00390625,-0.000921630859375,0.0048828125,0.52734375,2.6484375,-0.0003682454427083333,0.0068359375,0.5333333333333333,0.6,0.5333333333333333,-0.012544809977213542,0.01091562906901038,5000
13,19,0.0036641438802083332,-1.45625,-1.4599141438802083,0.0012954411693481614,-0.007125536534603187,-0.000958251953125,0.0008544921875,2.8266194661458335,-0.8702799479166666,-3.6968994140625,0.000647204487816115,0.005056663274844781,-0.00594482421875,0.0,-0.008662923177083334,-0.00390625,0.0034769694010416668,0.0068359375,0.53515625,2.6640625,0.004986572265625,0.009765625,0.5333333333333333,0.4666666666666667,0.6666666666666666,-0.006628824869791666,0.015849100748697914,5000
13,20,0.009145100911458334,-1.4552083333333334,-1.4643534342447917,0.001352345213809238,0.0003700944523345677,0.004522705078125,0.0126953125,2.826904296875,-0.87041015625,-3.697314453125,0.0006385782389663139,0.002883593963467391,-0.005659993489583333,-0.001953125,-0.010579427083333334,-0.005859375,-0.0025044759114583332,0.00390625,0.53125,2.6484375,0.010182698567708334,0.0120849609375,0.6666666666666666,0.5333333333333333,0.6666666666666666,-0.002667592366536458,0.022689005533854164,5000
13,21,0.00338134765625,-1.4587890625,-1.46217041015625,0.001372364423480883,-0.005367481594789627,-0.0012410481770833333,0.00146484375,2.831245930989583,-0.8692911783854167,-3.700537109375,0.0006577814443057537,0.0026456906759258743,-0.001318359375,0.0,-0.009818522135416667,-0.0137939453125,-0.0006245930989583333,0.00390625,0.53515625,2.65625,7.731119791666666e-05,-0.0032958984375,0.5333333333333333,0.4666666666666667,0.4,-0.01247589111328125,0.012374064127604162,5000
13,22,0.005055745442708333,-1.456640625,-1.4616963704427084,0.001477500413180166,-0.0019397065034007658,0.000433349609375,0.0029296875,2.8283732096354166,-0.8721476236979167,-3.7005208333333335,0.0005788749238635416,0.0043906107404274065,-0.004191080729166667,-0.00390625,-0.007674153645833333,-0.00927734375,-0.001275634765625,0.001953125,0.53125,2.669921875,0.004624430338541667,0.0068359375,0.5333333333333333,0.6,0.6,-0.009119313557942708,0.017249908447265608,5000
13,23,0.004038492838541667,-1.4599934895833333,-1.464031982421875,0.001313360994653845,-0.003733685447079638,-0.0005839029947916667,0.00390625,2.82562255859375,-0.8712117513020833,-3.6968343098958334,0.0006681747917510228,0.005280535522419503,-0.006941731770833333,-0.00390625,-0.009757486979166667,-0.010986328125,-0.000775146484375,0.0,0.53125,2.6484375,0.006357828776041667,0.0072021484375,0.6,0.6,0.6,-0.005737457275390625,0.01780878702799478,5000
13,24,-0.00072021484375,-1.45869140625,-1.45797119140625,0.0013753872683743846,-0.008091852691164454,-0.005342610677083333,0.0,2.826310221354167,-0.8721110026041666,-3.6984212239583334,0.0005277751801162407,0.005061868312305051,-0.006254069010416667,-0.0078125,-0.011531575520833334,-0.01171875,-0.0035603841145833335,0.001953125,0.53125,2.65625,0.0009114583333333333,0.01171875,0.4666666666666667,0.6,0.5333333333333333,-0.013176472981770833,0.013627522786458329,5000
13,25,0.004414876302083333,-1.45517578125,-1.4595906575520834,0.0013775947232419698,-0.0022684673066095855,-0.00020751953125,-0.001953125,2.829638671875,-0.86767578125,-3.697314453125,0.0007067812313650801,-0.0012323963804452749,-0.002925618489583333,-0.0054931640625,-0.007771809895833333,-0.005859375,0.0024658203125,0.005859375,0.5234375,2.6640625,0.0027180989583333332,-0.001953125,0.4666666666666667,0.6,0.4,-0.00758087158203125,0.01307373046875,5000
13,26,0.0032450358072916665,-1.4590494791666666,-1.4622945149739583,0.0015132343119116716,-0.0026399168777061837,-0.0013773600260416667,0.001953125,2.824951171875,-0.8718505859375,-3.6968017578125,0.0007796629045514717,0.0036116550105966816,-0.007613118489583333,-0.01171875,-0.008964029947916667,-0.009765625,-0.00447998046875,-0.0009765625,0.5390625,2.6484375,0.006235758463541667,0.00341796875,0.5333333333333333,0.6,0.6666666666666666,-0.00576202392578125,0.01841669718424479,5000
13,27,0.0037333170572916665,-1.4581380208333334,-1.461871337890625,0.0012881016615700774,-0.0023623314660557583,-0.0008890787760416667,0.00390625,2.8220540364583333,-0.871826171875,-3.6938802083333333,0.0005292670941328029,0.0050868685476552775,-0.01051025390625,-0.009765625,-0.007954915364583334,-0.005859375,-0.0006184895833333333,-0.0048828125,0.53125,2.65625,0.009621175130208333,0.0089111328125,0.6,0.7333333333333333,0.6666666666666666,-0.0032233683268229163,0.021780192057291654,5000
13,28,-0.0019510904947916666,-1.46533203125,-1.4633809407552083,0.0018912502101243434,-0.005202653255308441,-0.006573486328125,0.0078125,2.825394694010417,-0.87086181640625,-3.6962565104166667,0.0005817819326222403,0.005105561180849817,-0.007169596354166667,-0.0078125,-0.0034016927083333334,-0.000244140625,0.00294189453125,0.0078125,0.52734375,2.65625,0.0005961100260416667,0.01171875,0.6,0.6666666666666666,0.6,-0.01814580281575521,0.017337493896484354,5000
13,29,0.00528564453125,-1.4563802083333333,-1.4616658528645834,0.0016307189991113915,-0.0017725218602096314,0.0006632486979166667,0.001953125,2.824934895833333,-0.8759847005208333,-3.700919596354167,0.0006078410594536608,0.006216900804847841,-0.00762939453125,-0.009765625,-0.0010782877604166667,0.002197265625,0.00039265950520833335,0.0078125,0.5390625,2.6484375,0.008292643229166667,0.001953125,0.5333333333333333,0.5333333333333333,0.6,-0.0011722819010416665,0.01798116048177083,5000
13,30,0.0073282877604166664,-1.4553059895833333,-1.46263427734375,0.0010426571279847513,-0.004329588563695661,0.0027058919270833335,0.009765625,2.82308349609375,-0.86798095703125,-3.691064453125,0.0007224392543203894,0.0028478767531141887,-0.009480794270833334,-0.00390625,-0.008980305989583333,-0.00390625,-0.0038065592447916667,-0.0078125,0.52734375,2.65625,0.012186686197916666,0.015625,0.6,0.6,0.7333333333333333,-0.001156514485677083,0.02517150878906249,5000
13,31,0.004506429036458333,-1.4567708333333333,-1.4612772623697916,0.0015491927146721572,7.75299698545054e-05,-0.000115966796875,0.0,2.83126220703125,-0.8720011393229167,-3.703263346354167,0.0006213747427933423,0.0022257506152208333,-0.0013020833333333333,0.0,-0.008369954427083333,-0.01171875,-0.00355224609375,0.0,0.53515625,2.6796875,0.0011861165364583333,0.0103759765625,0.4,0.4,0.6666666666666666,-0.010630849202473957,0.011773834228515623,5000
14,0,0.0043294270833333336,-1.4581380208333334,-1.4624674479166666,0.001313224802826589,-0.005468295385645943,-0.00029296875,-0.0029296875,2.8296223958333333,-0.868994140625,-3.698616536458333,0.0005212223210043578,-0.00256186081979138,-0.00294189453125,0.0029296875,-0.005143229166666667,0.002197265625,0.0027872721354166665,0.00775146484375,0.53125,2.671875,0.00264892578125,0.0028076171875,0.4,0.4,0.5333333333333333,-0.010254313151041666,0.015580647786458329,5000
14,1,0.004164632161458333,-1.457421875,-1.4615865071614584,0.0012066476960763018,-0.0066982180997585275,-0.000457763671875,0.00390625,2.82860107421875,-0.8689412434895833,-3.6975423177083333,0.0005493421589322333,0.0026097365094922428,-0.0039632161458333336,0.0,-0.003515625,-0.00390625,0.0021341959635416668,0.0009765625,0.53125,2.640625,0.003505452473958333,0.0074462890625,0.5333333333333333,0.4,0.6666666666666666,-0.009277394612630208,0.016477661132812495,5000
14,2,0.003999837239583333,-1.45888671875,-1.4628865559895834,0.0016401512990592971,-0.0034063460056955454,-0.00062255859375,0.0,2.8260538736979166,-0.8668172200520833,-3.69287109375,0.0004765754704042835,-0.001340819414600195,-0.006510416666666667,-0.0078125,-0.004736328125,0.0,-0.000762939453125,0.00048828125,0.52734375,2.6640625,0.005887858072916667,0.0087890625,0.4666666666666667,0.5333333333333333,0.7333333333333333,-0.006852620442708333,0.017582600911458326,5000
14,3,0.000714111328125,-1.4577473958333333,-1.4584615071614584,0.0012394945049174451,-0.005533779601181048,-0.003908284505208333,0.0029296875,2.8235799153645833,-0.8711222330729167,-3.6947021484375,0.0007093511244577265,0.003952441692920985,-0.008984375,-0.004150390625,-0.008768717447916666,-0.005859375,0.0016194661458333334,0.0078125,0.51171875,2.640625,0.005076090494791667,0.013427734375,0.5333333333333333,0.6666666666666666,0.7333333333333333,-0.008881022135416666,0.0173583984375,5000
14,4,0.00330810546875,-1.4578125,-1.46112060546875,0.0014390566694133856,-0.0034881435867332327,-0.0013142903645833334,0.0,2.8228556315104165,-0.87403564453125,-3.696891276041667,0.0005925549275767184,0.005775376199411872,-0.009708658854166666,-0.0078125,-0.009273274739583334,-0.01171875,-0.002215576171875,-0.00390625,0.5234375,2.6484375,0.008394368489583333,0.013671875,0.4666666666666667,0.6666666666666666,0.6666666666666666,-0.0039227294921875,0.020321044921874993,5000
14,5,0.007163492838541666,-1.4541666666666666,-1.4613301595052084,0.0010628467153383303,-2.424319376428729e-05,0.0025410970052083333,0.00390625,2.825882975260417,-0.8714070638020833,-3.6972900390625,0.0005945074372642095,0.006595675121532099,-0.006681315104166667,-0.0078125,-0.008695475260416667,-0.0078125,7.32421875e-05,0.0029296875,0.55078125,2.6640625,0.009222412109375,0.0078125,0.6,0.5333333333333333,0.7333333333333333,-0.00021194458007812487,0.018711598714192704,5000
14,6,0.00047403971354166666,-1.4609049479166667,-1.4613789876302083,0.0012313539348786575,-0.006383614733465975,-0.004148356119791667,-0.00390625,2.8263916015625,-0.871435546875,-3.6978271484375,0.0005559533582576476,0.0036986853647783266,-0.006172688802083334,-0.0078125,-0.00435791015625,-0.005859375,0.00242919921875,0.0068359375,0.51953125,2.65625,0.0020243326822916665,0.0042724609375,0.4666666666666667,0.6666666666666666,0.6,-0.009474334716796875,0.011967213948567704,5000
14,7,0.00281982421875,-1.4580729166666666,-1.4608927408854167,0.0013614872806860488,-0.0024926496948111418,-0.0018025716145833334,0.001953125,2.821158854166667,-0.872119140625,-3.6932779947916665,0.0007119290066783754,0.007582613441455611,-0.011405436197916667,-0.0078125,-0.006294759114583334,-0.00732421875,-0.0036519368489583335,0.0,0.53125,2.65625,0.009602864583333334,0.013671875,0.5333333333333333,0.8,0.6666666666666666,-0.0012899780273437499,0.020206807454427083,5000
14,8,0.0016560872395833333,-1.4573893229166666,-1.45904541015625,0.0014346784029366376,-0.002233338348922676,-0.00296630859375,0.00390625,2.8244425455729165,-0.8713663736979167,-3.695808919270833,0.0005261543146811837,0.008045172455899377,-0.008121744791666666,-0.0008544921875,-0.003666178385416667,-0.007080078125,0.00044962565104166664,0.0009765625,0.5078125,2.671875,0.005155436197916667,0.009765625,0.5333333333333333,0.5333333333333333,0.5333333333333333,-0.010877176920572915,0.020756429036458326,5000
14,9,0.005259195963541667,-1.4597005208333333,-1.464959716796875,0.0016231778495201194,-0.004744033301407524,0.0006368001302083333,0.0,2.8255330403645833,-0.8693562825520833,-3.6948893229166666,0.0006324069064022372,0.0016507810791029755,-0.00703125,-0.00390625,-0.010416666666666666,-0.009765625,0.000152587890625,-0.0009765625,0.53515625,2.6640625,0.007668050130208334,0.01953125,0.4666666666666667,0.6,0.6,-0.009750518798828123,0.023104451497395827,5000
14,10,0.002984619140625,-1.4567708333333333,-1.4597554524739584,0.0014352358655711124,-0.0016417672782472568,-0.0016377766927083333,0.0,2.8218994140625,-0.87275390625,-3.6946533203125,0.0008177582629143014,0.008891555472042149,-0.010664876302083333,-0.015625,-0.00462646484375,-0.0045166015625,-0.004616292317708334,-0.00390625,0.53515625,2.6484375,0.009027099609375,0.015625,0.4,0.5333333333333333,0.6,-0.007377115885416666,0.02394037882486979,5000
14,11,0.0032267252604166667,-1.4591145833333334,-1.46234130859375,0.0014195059281795987,-0.0020595662789831093,-0.0013956705729166667,0.0,2.82523193359375,-0.8716349283854167,-3.6968668619791667,0.0006213298474585495,0.005596301621666267,-0.007332356770833334,0.0,-0.009696451822916667,-0.0078125,-0.004630533854166666,0.001953125,0.53515625,2.671875,0.005936686197916667,0.0068359375,0.4666666666666667,0.4,0.6666666666666666,-0.007308858235677083,0.019210001627604164,5000
14,12,0.0025472005208333334,-1.4588216145833333,-1.4613688151041666,0.001468444692802167,-0.0020851875854804667,-0.0020751953125,0.0009765625,2.8248697916666665,-0.8682779947916667,-3.6931477864583333,0.0006663043997783412,0.0025391916898562608,-0.0076944986979166664,-0.0015869140625,-0.006209309895833333,0.0,0.0022705078125,0.0078125,0.53125,2.654296875,0.0056193033854166664,0.004150390625,0.5333333333333333,0.5333333333333333,0.6666666666666666,-0.007426350911458333,0.018140258789062492,5000
14,13,0.021551513671875,-1.4434895833333334,-1.4650410970052083,0.0016495013047049226,0.0027492575020103428,0.016929117838541667,0.0166015625,2.822021484375,-0.872119140625,-3.694140625,0.0006111458621849657,0.007066678892764142,-0.010542805989583333,-0.01171875,-0.011083984375,-0.0152587890625,-0.0036234537760416667,0.0,0.58203125,2.671875,0.027471923828125,0.029449462890625,0.8,0.8,0.9333333333333333,0.015649312337239582,0.038336232503255206,5000
14,14,-0.012514241536458333,-1.4658528645833333,-1.453338623046875,0.002301995339514009,-0.00864815666349089,-0.017136637369791666,-0.01171875,2.8271484375,-0.8713216145833333,-3.698470052083333,0.0006702683787155628,0.003407162291369712,-0.005415852864583333,-0.00634765625,-0.0070231119791666664,0.0,0.000250244140625,0.001953125,0.5078125,2.625,-0.011720784505208333,-0.0078125,0.3333333333333333,0.6,0.3333333333333333,-0.03230829874674479,0.007918090820312473,5000
14,15,0.005521647135416667,-1.4570963541666666,-1.4626180013020833,0.0014899772322838514,-0.003319790149661406,0.0008992513020833333,0.0062255859375,2.8251383463541666,-0.8696614583333333,-3.6947998046875,0.0005370734161905946,0.007990505269452004,-0.007425944010416667,-0.0078125,-0.008455403645833333,0.0,0.0027364095052083335,0.0087890625,0.53125,2.6640625,0.0083251953125,0.0107421875,0.5333333333333333,0.5333333333333333,0.6666666666666666,-0.0034672037760416666,0.019494730631510415,5000
14,16,-0.002154541015625,-1.4623372395833334,-1.4601826985677084,0.0013369874565285465,-0.0077859586454395,-0.006776936848958333,-0.001953125,2.8264404296875,-0.8682373046875,-3.694677734375,0.0005696377625111793,0.0052831300175887564,-0.006123860677083333,0.0,-0.008394368489583333,-0.0098876953125,-0.00017293294270833334,0.0078125,0.53125,2.6796875,-0.000653076171875,0.001220703125,0.4666666666666667,0.4666666666666667,0.5333333333333333,-0.01566009521484375,0.0144135538736979,5000
14,17,0.0044901529947916664,-1.45576171875,-1.4602518717447917,0.0015810051643850348,-0.003782985985795126,-0.00013224283854166666,0.0068359375,2.82835693359375,-0.8691202799479166,-3.6974772135416667,0.0005508827992647315,-0.0009773975093866892,-0.0042073567708333336,0.0,-0.007474772135416667,-0.0078125,-0.0018961588541666667,0.0048828125,0.53125,2.6640625,0.004075113932291667,0.009765625,0.6,0.4666666666666667,0.7333333333333333,-0.011790517171223957,0.01717971801757812,5000
14,18,0.0012166341145833333,-1.4559244791666666,-1.45714111328125,0.001448050749841074,-0.0039192878838883284,-0.00340576171875,0.0,2.8244059244791666,-0.8698567708333333,-3.6942626953125,0.000647562990138047,0.005128714581098454,-0.008158365885416666,-0.0078125,-0.005224609375,-0.0078125,0.0004964192708333333,0.0078125,0.53125,2.65625,0.004752604166666666,0.0101318359375,0.4666666666666667,0.6,0.6666666666666666,-0.0087896728515625,0.017244669596354165,5000
14,19,0.015303548177083333,-1.45087890625,-1.4661824544270834,0.0012810336466052964,0.003511489027205383,0.01068115234375,0.0126953125,2.823441569010417,-0.8722696940104167,-3.6957112630208333,0.0006894982947518535,0.007651880256706342,-0.009122721354166667,-0.001953125,-0.00545654296875,0.001220703125,-0.002254231770833333,0.00390625,0.53515625,2.669921875,0.019803873697916665,0.015625,0.6,0.5333333333333333,0.7333333333333333,0.006505839029947917,0.035510355631510414,5000
14,20,0.0016886393229166667,-1.4579752604166667,-1.4596638997395834,0.0014330614653620107,-0.0021978612926052063,-0.002933756510416667,-0.00390625,2.822745768229167,-0.8736002604166667,-3.6963460286458334,0.0006336562222711837,0.005701451830160392,-0.009818522135416667,-0.01171875,-0.005830891927083333,0.0,0.0009480794270833333,0.005859375,0.54296875,2.6328125,0.006884765625,0.005859375,0.4666666666666667,0.6,0.6,-0.0049774169921875,0.018327026367187495,5000
14,21,0.0053141276041666664,-1.45615234375,-1.4614664713541667,0.0016044870594659748,-0.004658371198865966,0.0006917317708333334,0.005859375,2.824324544270833,-0.8715576171875,-3.6958821614583335,0.0005251721650121041,0.004110149762222577,-0.00823974609375,-0.0147705078125,-0.0079833984375,-0.0078125,0.0016438802083333333,0.0009765625,0.51171875,2.640625,0.008931477864583334,0.01171875,0.6666666666666666,0.6666666666666666,0.7333333333333333,-0.008459676106770833,0.02445973714192707,5000
14,22,0.0029683430989583333,-1.4576822916666667,-1.460650634765625,0.0014336481845134373,-0.0011763689966199022,-0.001654052734375,0.00390625,2.825065104166667,-0.8714111328125,-3.6964762369791666,0.0006881944630142282,0.006469661516997942,-0.007499186197916666,-0.005859375,-0.0017862955729166666,0.0,-0.002813720703125,0.00390625,0.53125,2.671875,0.005845133463541667,0.0078125,0.6,0.5333333333333333,0.6666666666666666,-0.0077473958333333336,0.018796844482421873,5000
14,23,0.00391845703125,-1.4581705729166667,-1.4620890299479166,0.0014851428333057493,-0.0011950608212761282,-0.0007039388020833333,0.0,2.81732177734375,-0.87225341796875,-3.6895751953125,0.0004687869906816487,0.011598269326647877,-0.015242513020833333,-0.0135498046875,-0.008793131510416666,-0.0078125,-0.003849283854166667,0.005859375,0.53515625,2.6640625,0.01453857421875,0.01171875,0.4666666666666667,0.6666666666666666,0.7333333333333333,0.0022737630208333336,0.025655314127604162,5000
14,24,0.0016255696614583333,-1.4586263020833334,-1.4602518717447917,0.0012468695028917517,-0.005194647285053335,-0.002996826171875,0.00390625,2.8282185872395833,-0.86964111328125,-3.697859700520833,0.000701042969163499,0.0005259525838392826,-0.004345703125,-0.005859375,-0.00435791015625,-0.0008544921875,0.0018819173177083333,-9.1552734375e-05,0.53515625,2.65625,0.001348876953125,0.005859375,0.6,0.5333333333333333,0.6666666666666666,-0.012613932291666666,0.01354248046874999,5000
14,25,0.00455322265625,-1.4567708333333333,-1.4613240559895833,0.0012877427195348466,-0.0035821926907659406,-6.917317708333333e-05,0.0107421875,2.827811686197917,-0.86756591796875,-3.6953776041666666,0.0005344324152191905,5.343247841924082e-06,-0.004752604166666666,-0.00390625,-0.009293619791666667,-0.009765625,-0.0004374186197916667,0.001953125,0.52734375,2.65625,0.004683430989583333,0.0078125,0.5333333333333333,0.6,0.6,-0.008024393717447917,0.016614074707031246,5000
14,26,0.02841796875,-1.4552083333333334,-1.4836263020833333,0.0013625117907078792,0.006904617963136152,0.023795572916666667,0.009765625,2.8098185221354166,-0.87757568359375,-3.687394205729167,0.000625747624965249,0.015287017419102763,-0.022745768229166668,-0.008544921875,-0.00679931640625,-0.001953125,-0.0021219889322916666,0.000732421875,0.54296875,2.662109375,0.04654134114583333,0.021484375,0.6666666666666666,0.7333333333333333,0.8,0.015542399088541667,0.09210713704427081,5000
14,27,0.0040771484375,-1.45947265625,-1.4635498046875,0.0013508473114005183,-0.0013744446558489058,-0.0005452473958333333,0.00390625,2.82398681640625,-0.8722371419270833,-3.6962239583333334,0.0005639853450356145,0.005907469056934622,-0.008577473958333333,-0.005859375,-0.006612141927083333,-0.009765625,-0.003521728515625,-0.00390625,0.5234375,2.671875,0.0080322265625,0.0078125,0.5333333333333333,0.6,0.6,-0.00240966796875,0.018839721679687498,5000
14,28,0.0014363606770833334,-1.4594401041666667,-1.46087646484375,0.0011159784795416394,-0.0036039137090860163,-0.00318603515625,-0.001953125,2.8259602864583333,-0.86884765625,-3.694807942708333,0.0005776810967398099,0.004980406922767119,-0.00660400390625,-0.0078125,-0.006803385416666667,0.0,-0.003326416015625,-0.00390625,0.53125,2.6796875,0.00341796875,0.0009765625,0.4666666666666667,0.5333333333333333,0.5333333333333333,-0.011483968098958332,0.01787933349609375,5000
14,29,0.0039306640625,-1.4586263020833334,-1.4625569661458333,0.00151385308833082,-0.00201942141883461,-0.0006917317708333334,0.0068359375,2.826338704427083,-0.8674275716145833,-3.6937662760416665,0.0005166135747704127,0.0035417634489265746,-0.0062255859375,-0.006591796875,-0.005826822916666667,-0.007080078125,-0.00093994140625,0.0048828125,0.53515625,2.671875,0.005533854166666667,0.013427734375,0.6,0.5333333333333333,0.6666666666666666,-0.010588175455729166,0.0212890625,5000
14,30,0.0021280924479166667,-1.4612630208333333,-1.46339111328125,0.0016034827962303684,-0.004828049106449061,-0.0024943033854166667,0.0078125,2.823974609375,-0.8697428385416667,-3.693717447916667,0.0007025811030881535,0.004400388599615607,-0.008589680989583333,-0.009765625,-0.008846028645833334,-0.00390625,0.0021993001302083332,0.00390625,0.51953125,2.65625,0.006095377604166666,0.0078125,0.6,0.6666666666666666,0.6666666666666666,-0.004907328287760417,0.01680257161458331,5000
14,31,0.0050923665364583336,-1.45859375,-1.4636861165364583,0.0012509840771988251,-0.001445341009885001,0.000469970703125,0.00390625,2.8238525390625,-0.8710611979166667,-3.6949137369791667,0.000668222806027947,0.006851889406862407,-0.008711751302083333,-0.0078125,-0.011747233072916667,-0.0135498046875,-0.0044189453125,0.0013427734375,0.53125,2.6640625,0.009181722005208334,0.0155029296875,0.6666666666666666,0.6,0.6666666666666666,-0.0032432047526041665,0.02096450805664061,5000
15,0,0.0011861165364583333,-1.4612955729166666,-1.462481689453125,0.0014169767691577532,-0.004258053137890595,-0.003436279296875,-0.001953125,2.824629720052083,-0.8690144856770833,-3.6936442057291665,0.0007059519118245515,0.007938042676946524,-0.0079345703125,0.0,-0.004801432291666667,-0.00634765625,-0.0045735677083333336,0.00390625,0.52734375,2.671875,0.004498291015625,0.005859375,0.4666666666666667,0.4666666666666667,0.6,-0.00722686767578125,0.016111246744791665,5000
15,1,0.004976399739583333,-1.4530598958333334,-1.4580362955729167,0.0010688759241133427,0.0010235135442850341,0.00035400390625,0.0029296875,2.822945149739583,-0.87344970703125,-3.696394856770833,0.0005030330419352372,0.006154323756024061,-0.009619140625,-0.009765625,-0.006754557291666667,0.0,-0.0022216796875,-0.0001220703125,0.53515625,2.654296875,0.00997314453125,0.010009765625,0.5333333333333333,0.6666666666666666,0.7333333333333333,-9.847005208333306e-05,0.02039042154947916,5000
15,2,0.0024739583333333332,-1.457421875,-1.4598958333333334,0.0012579058687460657,-0.006426451163379671,-0.0021484375,0.00390625,2.83203125,-0.8706136067708333,-3.702644856770833,0.0006496848017601063,0.0054598379988690954,-0.0005330403645833333,0.0,-0.00885009765625,-0.0078125,-0.001446533203125,0.0,0.5390625,2.6640625,-0.0016153971354166666,0.002685546875,0.6666666666666666,0.4666666666666667,0.5333333333333333,-0.014429117838541667,0.010176595052083333,5000
15,3,0.007790120442708334,-1.4540364583333334,-1.4618265787760416,0.001314309834862292,-0.0009789612309081329,0.003167724609375,0.0029296875,2.8263264973958333,-0.8705810546875,-3.696907552083333,0.0005800132311931051,0.005378107449483586,-0.00623779296875,-0.0078125,-0.005659993489583333,-0.007568359375,-0.0003377278645833333,0.0068359375,0.53515625,2.6328125,0.009405517578125,0.0078125,0.5333333333333333,0.5333333333333333,0.7333333333333333,-0.00426666259765625,0.02381189982096354,5000
15,4,0.0034586588541666665,-1.4564453125,-1.4599039713541666,0.0013814943409270045,-0.0020604296330806247,-0.0011637369791666667,0.0,2.829231770833333,-0.8718180338541667,-3.7010498046875,0.0007932217908642044,0.0017590733000603846,-0.00333251953125,-0.001953125,-0.00792236328125,-0.0078125,0.0008382161458333333,0.0029296875,0.53515625,2.6484375,0.0021687825520833332,0.00390625,0.3333333333333333,0.5333333333333333,0.5333333333333333,-0.011312357584635417,0.015014750162760415,5000
15,5,0.006575520833333333,-1.4567708333333333,-1.4633463541666667,0.0011541157389481356,0.00010962711259099863,0.001953125,0.0048828125,2.824479166666667,-0.8704752604166667,-3.694954427083333,0.0005057169167334202,0.004613655678411803,-0.008085123697916667,-0.013671875,-0.012137858072916667,-0.015625,-0.0015869140625,-0.001953125,0.5234375,2.640625,0.010038248697916667,0.01171875,0.6666666666666666,0.6,0.6666666666666666,-0.0018241373697916662,0.021895548502604164,5000
15,6,0.0055419921875,-1.46015625,-1.4656982421875,0.0013886525400286117,-0.004616394975065453,0.0009195963541666667,0.0078125,2.8277628580729166,-0.87022705078125,-3.697989908854167,0.000774836154409689,0.003962703183774722,-0.004801432291666667,-0.001953125,-0.005570475260416667,-0.007080078125,0.000494384765625,0.00390625,0.53125,2.662109375,0.005721028645833333,-0.001953125,0.6,0.6,0.4666666666666667,-0.0047853597005208335,0.016959838867187497,5000
15,7,0.002349853515625,-1.4583333333333333,-1.4606831868489583,0.0012363293230858708,-0.005906337921192384,-0.0022725423177083334,0.001953125,2.8286376953125,-0.8682861328125,-3.696923828125,0.0004561297348765395,-0.0009042619807743398,-0.003926595052083333,-0.0035400390625,-0.008683268229166667,-0.0078125,-0.0006917317708333334,0.0010986328125,0.53515625,2.6640625,0.001654052734375,0.00390625,0.5333333333333333,0.5333333333333333,0.5333333333333333,-0.013695119222005208,0.015429738362630209,5000
15,8,0.0016255696614583333,-1.45908203125,-1.4607076009114583,0.0013926653201691633,-0.0077269801332542215,-0.002996826171875,0.0,2.83284912109375,-0.8687947591145834,-3.701643880208333,0.0006512691300122003,-0.001126499252161363,0.0002848307291666667,0.00390625,-0.0047648111979166664,-0.00390625,0.00032755533854166664,0.00390625,0.53515625,2.6640625,-0.0032816569010416666,-0.0078125,0.4,0.3333333333333333,0.3333333333333333,-0.017468465169270832,0.011993662516276038,5000
15,9,-0.0014750162760416667,-1.4601888020833333,-1.4587137858072916,0.0013481748279748505,-0.0062929110509818,-0.006097412109375,0.00390625,2.829361979166667,-0.8711832682291667,-3.700545247395833,0.0005549656389843815,0.004750957412546561,-0.0032023111979166668,0.0,-0.009065755208333333,-0.00537109375,0.0011027018229166667,0.00048828125,0.5234375,2.6640625,-0.002895100911458333,-0.0009765625,0.5333333333333333,0.4666666666666667,0.4666666666666667,-0.014500071207682291,0.007870432535807277,5000
15,10,0.007781982421875,-1.4534505208333333,-1.4612325032552083,0.0015217719344307662,-0.0024953196208419987,0.0031595865885416666,-0.000213623046875,2.8287068684895833,-0.8704386393229167,-3.6991455078125,0.0006436109006120211,0.0019285818911804141,-0.003857421875,-0.00390625,-0.0028971354166666668,0.00390625,-0.0034647623697916666,-0.0009765625,0.51953125,2.6640625,0.007017008463541667,0.0062255859375,0.4666666666666667,0.6,0.6666666666666666,-0.005282084147135416,0.020453033447265623,5000
15,11,0.0035929361979166667,-1.45888671875,-1.4624796549479167,0.0012482074690772092,-0.0019304422787427041,-0.0010294596354166667,0.00390625,2.8269856770833335,-0.8703125,-3.6972981770833333,0.0006570335503905557,0.003602604382419847,-0.00557861328125,-0.0078125,-0.008492024739583333,-0.0078125,-0.00028076171875,0.005859375,0.53125,2.65625,0.004549153645833333,0.0103759765625,0.5333333333333333,0.6,0.7333333333333333,-0.010242411295572917,0.01836425781249999,5000
15,12,0.0021769205729166665,-1.4573567708333333,-1.45953369140625,0.0013045774914289588,-0.002697182919398054,-0.002445475260416667,-0.00018310546875,2.8249918619791665,-0.8678548177083333,-3.6928466796875,0.0006938489719837628,0.005006284428392517,-0.0075724283854166664,-0.00390625,-0.0027547200520833333,0.0015869140625,-0.00040079752604166665,0.0068359375,0.53125,2.6640625,0.005126953125,0.0068359375,0.3333333333333333,0.6,0.6,-0.007788187662760416,0.018270365397135408,5000
15,13,0.00631103515625,-1.4566080729166666,-1.4629191080729167,0.0012338090273711984,-0.0017029497147897808,0.0016886393229166667,0.0009765625,2.8272705078125,-0.8696370442708333,-3.696907552083333,0.0005908712832447637,0.005177866780085672,-0.005293782552083333,0.0,-0.009847005208333334,-0.0078125,-0.001220703125,0.00390625,0.53125,2.6640625,0.006982421875,0.001953125,0.5333333333333333,0.4666666666666667,0.6666666666666666,0.0006752522786458334,0.014461466471354163,5000
15,14,0.004766845703125,-1.4556315104166666,-1.4603983561197917,0.001464247617106516,-0.0008873499417010544,0.00014444986979166667,0.0009765625,2.8264485677083333,-0.869384765625,-3.6958333333333333,0.000734402126176007,0.004073591070143606,-0.00611572265625,-0.0042724609375,-0.0047607421875,-0.000244140625,-0.00076904296875,0.00390625,0.53515625,2.671875,0.0062601725260416664,0.0078125,0.5333333333333333,0.6666666666666666,0.6666666666666666,-0.006570383707682292,0.018286437988281248,5000
15,15,0.005784098307291667,-1.458203125,-1.4639872233072917,0.001242609832318701,-0.00242502646356097,0.0011617024739583334,0.0068359375,2.823966471354167,-0.8699951171875,-3.693961588541667,0.0006461701333630248,0.0023952431554634937,-0.008597819010416667,-0.01171875,-0.005582682291666667,-0.0078125,-0.0008341471354166666,0.001953125,0.53125,2.640625,0.009759521484375,0.0045166015625,0.5333333333333333,0.6666666666666666,0.6666666666666666,-0.003159637451171875,0.02292734781901041,5000
15,16,0.003841145833333333,-1.4582356770833333,-1.4620768229166667,0.0014570461250991477,-0.004155390841150076,-0.00078125,0.0048828125,2.832694498697917,-0.8683634440104167,-3.701057942708333,0.0007331049432299589,0.00019932954153944742,0.00013020833333333333,0.00390625,-0.006640625,-0.0078125,-0.0022705078125,0.0078125,0.52734375,2.6640625,-0.0009114583333333333,-0.001953125,0.6,0.3333333333333333,0.4,-0.0135009765625,0.011425984700520829,5000
15,17,0.0023213704427083332,-1.4568033854166667,-1.459124755859375,0.001281932347857767,-0.005387088158934726,-0.002301025390625,0.0,2.825699869791667,-0.8696126302083333,-3.6953125,0.0006294670000920387,0.004648301300206064,-0.006864420572916667,-0.005859375,-0.007820638020833333,-0.001953125,0.00196533203125,0.00390625,0.5234375,2.65625,0.004563395182291667,0.009765625,0.4666666666666667,0.6666666666666666,0.6,-0.007422078450520833,0.016687113444010415,5000
15,18,0.003594970703125,-1.4582682291666667,-1.4618631998697917,0.0014617822690530622,-0.007172584370141665,-0.0010274251302083333,0.00390625,2.8284016927083333,-0.8701497395833333,-3.6985514322916666,0.0005513338511825688,0.004438026134040196,-0.00416259765625,0.0,-0.007173665364583333,-0.01171875,0.006488037109375,0.009765625,0.53125,2.6640625,0.0031351725260416667,0.005859375,0.5333333333333333,0.4,0.6,-0.008034413655598958,0.014126434326171862,5000
15,19,0.00675048828125,-1.4578125,-1.46456298828125,0.00129088347762486,-0.0030676398441272404,0.0021280924479166667,0.00390625,2.827522786458333,-0.8708170572916667,-3.69833984375,0.0006835353010437516,0.00503345589059187,-0.00504150390625,-0.007080078125,-0.0055908203125,-0.00048828125,-0.0021280924479166667,0.0,0.53125,2.640625,0.007169596354166667,0.012939453125,0.5333333333333333,0.6,0.7333333333333333,-0.007564697265625,0.02116383870442707,5000
15,20,0.004262288411458333,-1.4587239583333333,-1.4629862467447916,0.001491667126422437,-0.0008232019340679598,-0.000360107421875,-0.000152587890625,2.83289794921875,-0.8680460611979167,-3.700944010416667,0.0006493188263281758,0.0019222529345955981,0.0003336588541666667,-0.000244140625,-0.00347900390625,-0.0078125,-0.00191650390625,0.00390625,0.52734375,2.6640625,-0.0006937662760416667,0.002197265625,0.4666666666666667,0.5333333333333333,0.5333333333333333,-0.011395619710286457,0.009755655924479164,5000
15,21,0.0016743977864583333,-1.4585611979166666,-1.460235595703125,0.0014421647611115634,-0.005380193856911516,-0.002947998046875,-0.001220703125,2.82587890625,-0.868798828125,-3.694677734375,0.0005299515796704211,0.0005202203721646927,-0.006685384114583333,-0.0059814453125,-0.005887858072916667,0.0,-0.0006306966145833334,0.0,0.5234375,2.6796875,0.0037373860677083334,0.0006103515625,0.4666666666666667,0.6,0.5333333333333333,-0.007540486653645833,0.015570119222005208,5000
15,22,0.00135498046875,-1.45791015625,-1.45926513671875,0.0013947206351271205,-0.0013138366689483788,-0.0032674153645833332,-0.0009765625,2.8240681966145833,-0.8718058268229166,-3.6958740234375,0.0005394874984068487,0.004750663487541685,-0.00849609375,-0.0078125,-0.003169759114583333,-0.000732421875,0.0022176106770833335,0.0078125,0.53125,2.65625,0.005228678385416667,0.00634765625,0.4,0.6666666666666666,0.6,-0.002877197265625,0.013045552571614579,5000
15,23,0.0036031087239583332,-1.45595703125,-1.4595601399739584,0.0013973368475553717,-0.0030758258004538563,-0.001019287109375,0.001953125,2.826973470052083,-0.8687703450520833,-3.6957438151041666,0.0006586953375445527,0.0042085378629990455,-0.0055908203125,-0.0107421875,-0.004366048177083333,-0.001708984375,-0.001904296875,0.0009765625,0.53515625,2.6484375,0.004571533203125,0.005859375,0.5333333333333333,0.6,0.6666666666666666,-0.0055426534016927076,0.014217224121093748,5000
15,24,-0.0016682942708333333,-1.4626627604166667,-1.4609944661458334,0.0018621998335968172,-0.0023360378556044384,-0.0062906901041666664,-0.00146484375,2.826652018229167,-0.8697265625,-3.6963785807291667,0.0006433936703511511,0.0056984073693323554,-0.005912272135416666,-0.00390625,-0.008089192708333333,-0.0078125,0.00041300455729166666,0.0009765625,0.515625,2.640625,-0.00037841796875,0.0078125,0.4,0.5333333333333333,0.6,-0.01833546956380208,0.01663055419921874,5000
15,25,0.0070068359375,-1.4552734375,-1.4622802734375,0.0010931280584538944,0.0007115470091563755,0.002384440104166667,0.00390625,2.82470703125,-0.8690836588541667,-3.6937906901041666,0.0007388290750344317,0.0056098889239662225,-0.007857259114583333,-0.00341796875,-0.0086181640625,-0.009765625,-0.002445475260416667,0.005859375,0.5390625,2.6484375,0.01024169921875,0.00732421875,0.6,0.6,0.8666666666666667,-0.0013071695963541663,0.021399027506510418,5000
15,26,0.014656575520833333,-1.4479166666666667,-1.4625732421875,0.0017020406410394437,-0.0009723978968986453,0.0100341796875,0.013671875,2.8200887044270835,-0.8716593424479167,-3.691748046875,0.0005843824587035271,0.002485407176180087,-0.0124755859375,-0.0108642578125,-0.009171549479166667,-0.00390625,-0.001922607421875,0.0,0.54296875,2.662109375,0.022509765625,0.0234375,0.8,0.8,0.8,0.0066318766276041675,0.03862345377604166,5000
15,27,0.006089274088541667,-1.4553385416666667,-1.4614278157552083,0.0013036790928223773,-0.0011945654793912841,0.0014668782552083334,0.0078125,2.82928466796875,-0.86817626953125,-3.6974609375,0.0005705872643384778,0.0018192386180194554,-0.0032796223958333334,-0.005615234375,-0.007958984375,-0.00390625,-0.001190185546875,0.0068359375,0.5234375,2.671875,0.004746500651041667,0.001953125,0.6,0.5333333333333333,0.5333333333333333,-0.009023183186848959,0.017472941080729158,5000
15,28,0.0073811848958333336,-1.4553059895833333,-1.4626871744791667,0.0014656420895698345,-0.0004157836967192687,0.0027587890625,0.00390625,2.8279825846354165,-0.8688924153645833,-3.696875,0.0006272576531407973,0.0016744113411779652,-0.0045817057291666664,0.0,-0.004903157552083333,-0.007080078125,0.0010965983072916666,0.00390625,0.53125,2.6484375,0.007340494791666667,0.0078125,0.5333333333333333,0.4666666666666667,0.6,-0.002637939453125,0.017643229166666666,5000
15,29,0.004052734375,-1.4577799479166667,-1.4618326822916667,0.0015277598617917084,-0.006062788724346432,-0.0005696614583333334,0.0009765625,2.8291748046875,-0.8682454427083334,-3.6974202473958333,0.0004083987952099297,-0.0005757077285258945,-0.0033894856770833332,-0.00390625,-0.0043904622395833336,-0.001953125,-0.0023478190104166668,0.00390625,0.52734375,2.640625,0.00281982421875,0.0,0.5333333333333333,0.6,0.4666666666666667,-0.008113810221354167,0.014152221679687497,5000
15,30,0.0025553385416666667,-1.4607747395833333,-1.463330078125,0.001388843543054378,-0.00538626277188572,-0.0020670572916666667,0.0009765625,2.825248209635417,-0.8722941080729166,-3.6975423177083333,0.0006567021426774493,0.005176574444279561,-0.007316080729166666,-0.005859375,-0.005208333333333333,0.0,0.0002726236979166667,0.00390625,0.5390625,2.6640625,0.0052490234375,0.0009765625,0.5333333333333333,0.6666666666666666,0.5333333333333333,-0.005306193033854167,0.017074178059895827,5000
15,31,0.002386474609375,-1.4579752604166667,-1.4603617350260416,0.0011573024285118,-0.004779093613803114,-0.0022359212239583333,0.0,2.8219563802083334,-0.872314453125,-3.6942708333333334,0.000587147899862328,0.008072418356464417,-0.01060791015625,-0.009765625,-0.007218424479166667,-0.001953125,-0.004087320963541667,0.0,0.5234375,2.6328125,0.008371988932291666,0.0107421875,0.4666666666666667,0.6666666666666666,0.6,-0.005528055826822916,0.022205352783203115,5000
16,0,0.006150309244791667,-1.4555989583333333,-1.461749267578125,0.0013086709043437646,-0.0007254585759734604,0.0015279134114583334,0.007659912109375,2.8253499348958333,-0.872607421875,-3.6979573567708335,0.0005824248080859025,0.005101286571477345,-0.00721435546875,-0.0078125,-0.006449381510416667,-0.00390625,0.002777099609375,0.00390625,0.53125,2.6640625,0.008742268880208333,0.0137939453125,0.6,0.6,0.6666666666666666,-0.0029867553710937497,0.019975179036458325,5000
16,1,0.004193115234375,-1.4595703125,-1.463763427734375,0.001180487408382193,-0.001658361308996674,-0.0004292805989583333,0.001953125,2.82862548828125,-0.87025146484375,-3.698876953125,0.0006158602971330098,0.00022974490081122053,-0.003938802083333333,0.0,-0.007421875,-0.0078125,8.138020833333333e-06,0.00390625,0.53125,2.6640625,0.003509521484375,0.006103515625,0.5333333333333333,0.4666666666666667,0.5333333333333333,-0.0035933430989583334,0.010441080729166666,5000
16,2,0.005340576171875,-1.4568033854166667,-1.4621439615885417,0.0012983213232554017,-0.0022450761710900227,0.0007181803385416667,0.001953125,2.8270304361979166,-0.8728719075520833,-3.69990234375,0.0006740193407437573,0.004867100260387946,-0.005533854166666667,-0.009765625,-0.0051228841145833336,-0.00823974609375,0.000360107421875,0.0029296875,0.53125,2.6484375,0.0062520345052083336,0.009521484375,0.5333333333333333,0.6666666666666666,0.6,-0.005784098307291667,0.017673797607421875,5000
16,3,0.003597005208333333,-1.4568359375,-1.4604329427083333,0.0012677464496825238,-0.005573203300861568,-0.001025390625,0.00390625,2.8261311848958335,-0.8687337239583334,-3.6948649088541665,0.0006442522552434576,0.0018358849790418362,-0.00643310546875,-0.001953125,-0.0095703125,-0.0078125,-0.0040771484375,-0.00390625,0.53515625,2.65625,0.00540771484375,0.00390625,0.5333333333333333,0.5333333333333333,0.6,-0.0068035888671875,0.017782185872395825,5000
16,4,0.004681396484375,-1.4594401041666667,-1.4641215006510417,0.0013116354251163742,-0.0033160187358159884,5.900065104166667e-05,0.00048828125,2.82861328125,-0.8668863932291667,-3.6954996744791666,0.0006370895800144944,0.001831865102353336,-0.003951009114583333,0.0,-0.00535888671875,-0.0068359375,-1.8310546875e-05,0.00390625,0.52734375,2.65625,0.004010009765625,-0.005859375,0.5333333333333333,0.4666666666666667,0.4,-0.007698771158854167,0.01692988077799478,5000
16,5,0.001239013671875,-1.45947265625,-1.460711669921875,0.0016122220875889317,-0.007320003059639866,-0.003383382161458333,-0.0015869140625,2.82528076171875,-0.86903076171875,-3.6943115234375,0.0005976421210289732,0.0012634975778494323,-0.007283528645833333,-0.0078125,-0.005704752604166667,-0.0078125,-0.0026387532552083334,0.00390625,0.53515625,2.6484375,0.003900146484375,0.005859375,0.4,0.6,0.6,-0.007438303629557291,0.015775756835937495,5000
16,6,0.0022440592447916666,-1.4606770833333333,-1.462921142578125,0.0014590913348075316,-0.006336255098595036,-0.0023783365885416668,-0.00146484375,2.8267618815104165,-0.86907958984375,-3.6958414713541665,0.0007038176151804934,0.001136638304623835,-0.0058024088541666664,0.0,-0.004638671875,0.0,-0.0007527669270833334,0.0009765625,0.53515625,2.6640625,0.003424072265625,0.0,0.4,0.4666666666666667,0.4666666666666667,-0.008406982421874999,0.01583480834960937,5000
16,7,0.0038594563802083334,-1.4565755208333333,-1.4604349772135417,0.0011523175879339551,-0.0011166521295841816,-0.000762939453125,0.0,2.8302978515625,-0.8672688802083334,-3.6975667317708334,0.00063381845393211,-0.002112554338017845,-0.0022664388020833333,-0.001953125,-0.009928385416666666,-0.00732421875,0.0022074381510416665,0.0078125,0.53515625,2.6640625,0.0015034993489583333,0.001953125,0.4666666666666667,0.6,0.6666666666666666,-0.010385030110677082,0.012884521484375,5000
16,8,0.0008890787760416667,-1.4556966145833334,-1.456585693359375,0.0012344608574632401,-0.0029987298906096844,-0.0037333170572916665,0.0,2.8272379557291667,-0.8701904296875,-3.6974283854166665,0.0005367949570828434,0.0059924423643946045,-0.005326334635416667,-0.00390625,-0.007877604166666666,-0.0078125,0.004282633463541667,0.0029296875,0.5234375,2.671875,0.001593017578125,0.001953125,0.4,0.5333333333333333,0.6,-0.011139119466145833,0.014355773925781246,5000
16,9,0.003413899739583333,-1.4588541666666666,-1.46226806640625,0.0013529206306446438,-0.004414222038483779,-0.00120849609375,-0.0009765625,2.8239461263020833,-0.8724405924479167,-3.69638671875,0.000672589713238484,0.003980536564752601,-0.0086181640625,-0.0078125,-0.0043294270833333336,-0.00390625,-0.0007893880208333333,0.0,0.52734375,2.65625,0.00740966796875,0.0078125,0.4,0.6,0.6666666666666666,-0.007186482747395833,0.02132202148437499,5000
16,10,0.0069091796875,-1.45625,-1.4631591796875,0.001277383510382781,-0.0038740054968226844,0.0022867838541666668,0.006591796875,2.8307291666666665,-0.8701741536458333,-3.7009033203125,0.0005040942580601854,0.0016578019392818907,-0.0018351236979166667,0.0,-0.006156412760416666,-0.0078125,0.000787353515625,-0.0009765625,0.546875,2.640625,0.004121907552083333,0.009765625,0.6666666666666666,0.4,0.6,-0.008070576985677083,0.015165812174479158,5000
16,11,0.00521240234375,-1.4578125,-1.46302490234375,0.0013544098909374453,-0.002737045722536095,0.0005900065104166666,0.00390625,2.8259033203125,-0.872607421875,-3.6985107421875,0.0006881193088966836,0.002207355923787252,-0.006660970052083334,0.0,-0.012239583333333333,-0.0078125,-0.004831949869791667,0.0,0.53125,2.6484375,0.0072509765625,0.003173828125,0.5333333333333333,0.4666666666666667,0.6,-0.00233612060546875,0.018169047037760403,5000
16,12,0.006488037109375,-1.455859375,-1.462347412109375,0.0013439407075216986,-0.0011626434256956865,0.0018656412760416667,-0.00390625,2.828658040364583,-0.86932373046875,-3.697981770833333,0.000688938984158473,0.0024871768106971147,-0.00390625,-0.00390625,-0.00885009765625,-0.013671875,0.0008585611979166667,0.0,0.53125,2.6640625,0.0057718912760416664,0.0,0.4666666666666667,0.6,0.4666666666666667,-0.005111287434895833,0.01637003580729166,5000
16,13,0.007041422526041666,-1.4578776041666666,-1.4649190266927083,0.0011393297059318459,-0.00036055012369243846,0.0024190266927083333,0.00390625,2.8259765625,-0.8721435546875,-3.6981201171875,0.0006442963753779643,0.0029652968706479796,-0.0065877278645833336,-0.007080078125,-0.009370930989583333,-0.00390625,0.0060791015625,0.00390625,0.52734375,2.6640625,0.009006754557291666,0.013671875,0.6666666666666666,0.6,0.7333333333333333,-0.001029510498046875,0.018550618489583334,5000
16,14,0.003017171223958333,-1.4590494791666666,-1.462066650390625,0.0013404336118786372,-0.004751048026261412,-0.001605224609375,-0.001953125,2.82073974609375,-0.8708211263020833,-3.6915608723958333,0.0004944254871834985,0.008841123505037716,-0.011824544270833333,-0.01171875,-0.0043986002604166664,-0.00390625,0.002467854817708333,0.0078125,0.53515625,2.6484375,0.010219319661458334,0.0,0.4,0.6,0.4666666666666667,-0.0014406840006510417,0.02323018391927083,5000
16,15,0.0013590494791666666,-1.4570638020833333,-1.4584228515625,0.0012622448467685978,-0.005799858978646151,-0.0032633463541666668,0.001953125,2.82645263671875,-0.8694539388020833,-3.695906575520833,0.0006529225258794253,0.004409836672098154,-0.006111653645833334,-0.0078125,-0.00614013671875,-0.00738525390625,-0.00048421223958333335,0.0048828125,0.53125,2.6640625,0.0028483072916666665,0.00732421875,0.5333333333333333,0.6,0.6,-0.0099462890625,0.014608154296874995,5000
16,16,0.009987386067708333,-1.4550130208333334,-1.4650004069010416,0.001310436255126478,-0.0037855863515055027,0.005364990234375,0.00048828125,2.8271769205729167,-0.86927490234375,-3.6964518229166665,0.0008317357539696683,0.002299192977773838,-0.005387369791666667,-0.01416015625,-0.007051595052083333,-0.0078125,0.00013020833333333333,0.0,0.53515625,2.6484375,0.010752360026041666,0.01171875,0.5333333333333333,0.5333333333333333,0.6,-0.00036666870117187485,0.021088002522786455,5000
16,17,0.002008056640625,-1.4586588541666667,-1.4606669108072916,0.001443113086989916,-0.001272363940325951,-0.0026143391927083335,-0.0006103515625,2.824532063802083,-0.86920166015625,-3.693733723958333,0.0004568721895234368,0.0034244201643008508,-0.0080322265625,-0.0078125,-0.009647623697916666,-0.0068359375,-0.0031026204427083335,0.0,0.53125,2.671875,0.005417887369791667,0.0032958984375,0.4666666666666667,0.7333333333333333,0.6,-0.006057332356770833,0.016813557942708324,5000
16,18,0.0020039876302083335,-1.4629231770833333,-1.4649271647135416,0.0014411776431380006,-0.007086824636861235,-0.002618408203125,0.001953125,2.8276326497395834,-0.8679890950520833,-3.6956217447916666,0.0006138474159273933,0.004997518676826933,-0.004931640625,-0.006103515625,-0.0045206705729166664,0.0,-0.003021240234375,0.0,0.53515625,2.6484375,0.002313232421875,-0.00390625,0.5333333333333333,0.5333333333333333,0.4666666666666667,-0.008508351643880209,0.014195353190104157,5000
16,19,0.006109619140625,-1.4580729166666666,-1.4641825358072917,0.0012767744391656705,0.00010359371062651267,0.0014872233072916667,0.005859375,2.82803955078125,-0.8719523111979167,-3.6999918619791665,0.0005351720084003787,0.005282823213895056,-0.004524739583333334,-0.0013427734375,-0.0054931640625,-0.00634765625,0.001568603515625,0.00390625,0.53125,2.640625,0.006011962890625,0.0078125,0.5333333333333333,0.5333333333333333,0.5333333333333333,-0.005636088053385416,0.01799758911132812,5000
16,20,0.0009501139322916667,-1.4595377604166666,-1.4604878743489584,0.001484108444333459,-0.00942707698784894,-0.0036722819010416665,0.001953125,2.8324300130208333,-0.866064453125,-3.698494466145833,0.0005845068969023892,-0.003028309178552328,-0.00013427734375,0.00390625,-0.007869466145833334,-0.0078125,0.001957194010416667,0.0078125,0.53515625,2.671875,-0.0035380045572916668,0.001953125,0.5333333333333333,0.3333333333333333,0.5333333333333333,-0.017491353352864582,0.00998179117838541,5000
16,21,-0.0010274251302083333,-1.4624674479166666,-1.4614400227864583,0.001268448693037507,-0.00635062782207403,-0.0056498209635416664,-0.00390625,2.8280517578125,-0.8709391276041667,-3.698990885416667,0.0005148757017345385,0.004065790785374859,-0.0045125325520833336,-0.00537109375,-0.004471842447916667,-0.0078125,0.00029093424479166666,0.00390625,0.53125,2.65625,-0.0011372884114583333,0.001953125,0.4666666666666667,0.6,0.5333333333333333,-0.013244679768880208,0.010325927734374988,5000
16,22,0.03967692057291667,-1.4371419270833334,-1.47681884765625,0.005270753036666224,0.0054679527437294356,0.035054524739583336,0.02734375,2.7979736328125,-0.8772216796875,-3.6751953125,0.0010344640227075129,0.01348889716372703,-0.034590657552083334,-0.0404052734375,-0.00653076171875,0.0,-2.0345052083333332e-05,0.0,0.55859375,2.623046875,0.06964518229166666,0.046875,0.8,0.8,0.9333333333333333,0.03906636555989584,0.104586181640625,5000
16,23,0.001263427734375,-1.45947265625,-1.460736083984375,0.001364872597875181,-0.008283454179220833,-0.0033589680989583332,0.00390625,2.8283447265625,-0.8658935546875,-3.69423828125,0.0006705533215291799,-0.0008032995889825712,-0.004219563802083334,0.0,-0.00838623046875,-0.0078125,-0.0011128743489583334,0.0078125,0.53515625,2.65625,0.000860595703125,0.001953125,0.5333333333333333,0.4666666666666667,0.5333333333333333,-0.014458109537760416,0.014844106038411452,5000
16,24,0.0008646647135416666,-1.4617838541666666,-1.4626485188802083,0.0012331179419147581,-0.007349900552988778,-0.003757731119791667,0.0,2.8244425455729165,-0.8724161783854166,-3.6968587239583335,0.0006899358285843732,0.0052814378138800145,-0.008121744791666666,-0.009765625,-0.003413899739583333,-0.00390625,0.0022216796875,0.00390625,0.51953125,2.6484375,0.004364013671875,0.005859375,0.4,0.6,0.6,-0.00644989013671875,0.015649464925130207,5000
16,25,0.005777994791666667,-1.45771484375,-1.4634928385416666,0.001250751379073869,-0.0001191095066265413,0.0011555989583333333,0.0078125,2.82706298828125,-0.8728800455729167,-3.699943033854167,0.000562672354765381,0.004647921806382861,-0.005501302083333334,-0.00390625,-0.00762939453125,-0.00390625,0.0021382649739583332,0.00390625,0.53515625,2.640625,0.0066569010416666664,0.00390625,0.5333333333333333,0.6,0.5333333333333333,-0.005777994791666667,0.018945719401041658,5000
16,26,0.00496826171875,-1.4574544270833334,-1.4624226888020833,0.0013878730493593779,-0.008021020165499364,0.0003458658854166667,0.0029296875,2.825081380208333,-0.8725016276041667,-3.6975830078125,0.0006018704861494517,0.0030435936801035653,-0.00748291015625,-0.009765625,-0.006844075520833334,-0.001953125,-0.0045817057291666664,0.00390625,0.52734375,2.6640625,0.007828776041666667,0.015380859375,0.6,0.5333333333333333,0.6666666666666666,-0.0038493855794270834,0.01859151204427083,5000
16,27,0.0054972330729166664,-1.45673828125,-1.4622355143229167,0.0016776719207873376,-0.002297733982324204,0.0008748372395833334,-0.001953125,2.82027587890625,-0.87308349609375,-3.693359375,0.0006515073758192039,0.0073108887816911725,-0.012288411458333334,-0.009765625,-0.0099365234375,-0.015625,0.0007548014322916667,0.001953125,0.52734375,2.65625,0.013163248697916666,0.01171875,0.4666666666666667,0.6666666666666666,0.8,0.003254496256510417,0.023038940429687495,5000
16,28,0.0050394694010416664,-1.4561197916666666,-1.4611592610677084,0.0013164965411405461,-0.001972377718736501,0.0004170735677083333,0.0,2.8290812174479165,-0.86934814453125,-3.6984293619791666,0.0005333105046573609,0.0038603504785140828,-0.003483072916666667,-0.00390625,-0.00191650390625,-0.0030517578125,-0.0021382649739583332,0.0,0.53515625,2.65625,0.003900146484375,0.0076904296875,0.4666666666666667,0.6,0.6,-0.008860321044921874,0.01593648274739583,5000
16,29,0.006667073567708333,-1.4560221354166667,-1.462689208984375,0.0011359729805212415,-0.00480288620488908,0.002044677734375,0.0068359375,2.82872314453125,-0.8693155924479167,-3.6980387369791665,0.0006870849873775296,0.002293327828737177,-0.003841145833333333,0.0,-0.0023600260416666665,0.0,-0.0027079264322916667,-0.001953125,0.546875,2.6796875,0.0058858235677083336,0.0048828125,0.6,0.4666666666666667,0.6666666666666666,-0.003993784586588542,0.01624354044596354,5000
16,30,0.004148356119791667,-1.4588216145833333,-1.462969970703125,0.0014822286715868067,-0.0029161768396065925,-0.00047403971354166666,0.0078125,2.8295572916666667,-0.8703450520833333,-3.69990234375,0.0007556423488523417,0.0022453964665686294,-0.0030069986979166666,-0.001953125,-0.010359700520833333,-0.0078125,0.0014424641927083333,0.00390625,0.53125,2.65625,0.002532958984375,0.0078125,0.5333333333333333,0.5333333333333333,0.5333333333333333,-0.01041046142578125,0.015762379964192694,5000
16,31,0.004842122395833333,-1.45966796875,-1.4645100911458333,0.001260312327782774,-0.002633409978362304,0.0002197265625,0.0048828125,2.8233968098958333,-0.8715576171875,-3.694954427083333,0.0005149767297051656,0.004465688845659944,-0.00916748046875,-0.0078125,-0.006978352864583333,-0.00634765625,-0.0043294270833333336,-0.0009765625,0.5390625,2.640625,0.00938720703125,0.0078125,0.6,0.6666666666666666,0.6666666666666666,-0.0036625162760416667,0.02151743570963541,5000
17,0,0.006144205729166667,-1.4557291666666667,-1.4618733723958333,0.0013117358341411503,-0.003317318946371539,0.0015218098958333333,0.0068359375,2.8255045572916666,-0.868798828125,-3.6943033854166667,0.0006843835107653603,0.0042461691877871835,-0.007059733072916667,-0.0078125,-0.00360107421875,-0.001953125,-0.0047119140625,0.0,0.5390625,2.6484375,0.00858154296875,0.00390625,0.6,0.6666666666666666,0.6,-0.0030888875325520834,0.02002899169921873,5000
17,1,0.005265299479166667,-1.4578450520833333,-1.4631103515625,0.0011514559192739601,-0.003472605070897107,0.0006429036458333333,0.0009765625,2.827156575520833,-0.8691162109375,-3.696272786458333,0.0006501565198146462,0.0014505163723456615,-0.00540771484375,-0.00390625,-0.00635986328125,-0.00390625,0.002262369791666667,0.0048828125,0.53125,2.6640625,0.006050618489583334,0.0078125,0.5333333333333333,0.7333333333333333,0.6,-0.003060302734375,0.015087890625,5000
17,2,0.007057698567708334,-1.4569661458333334,-1.4640238444010416,0.0012053703333435356,-0.006383173081159276,0.002435302734375,0.0029296875,2.8259073893229165,-0.86903076171875,-3.694938151041667,0.00045373791386906724,0.004811511164974758,-0.0066569010416666664,-0.0078125,-0.004044596354166667,0.002197265625,-0.0009114583333333333,0.001953125,0.53515625,2.671875,0.009092203776041667,0.0087890625,0.6,0.5333333333333333,0.6666666666666666,-0.000497334798177083,0.019059244791666666,5000
17,3,0.0027913411458333334,-1.458984375,-1.4617757161458333,0.0013107661422003371,-0.0037473894719447782,-0.0018310546875,0.00146484375,2.8246134440104167,-0.8711140950520834,-3.6957275390625,0.000716907483152222,0.0039334502061549505,-0.007950846354166667,-0.0078125,-0.006095377604166666,-0.001220703125,-0.0007120768229166666,0.00390625,0.52734375,2.65625,0.006119791666666667,0.0087890625,0.5333333333333333,0.6,0.6666666666666666,-0.0060384114583333336,0.017220255533854163,5000
17,4,0.005631510416666667,-1.4583658854166666,-1.4639973958333334,0.0013644095053355425,-6.450148677661366e-05,0.0010091145833333334,0.0006103515625,2.82427978515625,-0.8731241861979167,-3.697403971354167,0.0005595691272941324,0.005927381637685666,-0.008284505208333333,-0.0078125,-0.005143229166666667,-0.00390625,0.0010274251302083333,0.0068359375,0.53125,2.6640625,0.009293619791666667,0.00830078125,0.5333333333333333,0.6,0.6,-0.0005786132812499997,0.018881429036458314,5000
17,5,5.900065104166667e-05,-1.45849609375,-1.4585550944010417,0.0015711865942314304,-0.002232273939525949,-0.004563395182291667,0.00390625,2.82445068359375,-0.86790771484375,-3.6923583984375,0.0005449457831218755,0.0010014690972652862,-0.008113606770833334,-0.0078125,-0.01129150390625,-0.0078125,-0.000738525390625,0.0009765625,0.5390625,2.65625,0.0035502115885416665,0.005859375,0.6666666666666666,0.6666666666666666,0.6,-0.008915252685546875,0.015659637451171875,5000
17,6,0.0005696614583333334,-1.4598958333333334,-1.4604654947916667,0.001434186458607628,-0.00820522963215616,-0.004052734375,-0.001953125,2.8287760416666665,-0.8690511067708333,-3.6978271484375,0.0005825999811755781,0.0027994299680921425,-0.003788248697916667,0.0,-0.011905924479166666,-0.0078125,-0.002742513020833333,0.0,0.5234375,2.671875,-0.0002644856770833333,-0.00244140625,0.3333333333333333,0.4,0.3333333333333333,-0.01123046875,0.011482849121093748,5000
17,7,0.0030131022135416667,-1.4581380208333334,-1.461151123046875,0.0013736630961940087,-0.0036439831793602965,-0.0016092936197916667,-0.001953125,2.8241455078125,-0.8702473958333333,-3.6943929036458334,0.0006405729700338655,0.004690427374354617,-0.008418782552083334,-0.0078125,-0.00828857421875,-0.0078125,0.0021158854166666665,0.005859375,0.53125,2.6484375,0.0068094889322916664,0.01171875,0.4,0.6666666666666666,0.8,-0.006764882405598958,0.017922159830729163,5000
17,8,0.005194091796875,-1.4576171875,-1.462811279296875,0.001568654596873417,-0.0018528140810768127,0.0005716959635416667,0.0078125,2.8292643229166665,-0.8683349609375,-3.6975992838541667,0.0005621506717672027,-0.000584704262618276,-0.003299967447916667,0.001708984375,-0.00609130859375,-0.001953125,-1.8310546875e-05,0.0,0.53125,2.65625,0.003871663411458333,0.0078125,0.5333333333333333,0.4,0.6666666666666666,-0.005328369140625,0.01259785970052083,5000
17,9,0.00787353515625,-1.4576171875,-1.46549072265625,0.0012906319813431049,-0.004801951998866024,0.0032511393229166666,0.00927734375,2.8292724609375,-0.8708251953125,-3.70009765625,0.0005596510394415914,1.878107008350544e-05,-0.003291829427083333,-0.00390625,-0.009224446614583333,-0.0078125,-0.00044148763020833334,0.0,0.53515625,2.6328125,0.00654296875,0.0,0.5333333333333333,0.5333333333333333,0.4666666666666667,-0.0048667399088541665,0.01773305257161458,5000
17,10,0.005171712239583333,-1.4566080729166666,-1.46177978515625,0.0014607358638826,-0.0012691043070208337,0.00054931640625,0.0029296875,2.8251912434895834,-0.8685587565104167,-3.69375,0.0006345803967505704,0.0035830260360827986,-0.007373046875,-0.005859375,-0.0070841471354166664,0.0,-0.004762776692708333,-0.0009765625,0.53515625,2.671875,0.00792236328125,0.015625,0.5333333333333333,0.5333333333333333,0.6666666666666666,-0.00539642333984375,0.020309041341145827,5000
17,11,0.002842203776041667,-1.4589192708333334,-1.461761474609375,0.0012482222588304473,-0.005990511477713143,-0.0017801920572916667,0.0009765625,2.8282674153645835,-0.8707071940104166,-3.698974609375,0.0006903942760167296,0.0066130106730974535,-0.004296875,0.0,-0.0015869140625,0.0009765625,-0.00067138671875,-0.00390625,0.53515625,2.671875,0.0025166829427083334,0.0008544921875,0.5333333333333333,0.4666666666666667,0.5333333333333333,-0.008071034749348957,0.012856190999348956,5000
17,12,0.00250244140625,-1.4600260416666666,-1.4625284830729166,0.0013726614694458265,-0.005649118413854565,-0.0021199544270833334,0.001953125,2.83399658203125,-0.8676066080729167,-3.7016031901041666,0.0006727483890502957,-0.0028745157038244495,0.0014322916666666666,-0.001953125,-0.0080078125,-0.01171875,4.2724609375e-05,0.00390625,0.52734375,2.671875,-0.00355224609375,-0.0078125,0.5333333333333333,0.5333333333333333,0.3333333333333333,-0.01681508382161458,0.008798828124999976,5000
17,13,0.005908203125,-1.4602213541666667,-1.4661295572916666,0.0013662845826533621,-0.005401735566864133,0.0012858072916666667,0.0,2.829720052083333,-0.8704427083333334,-3.7001627604166667,0.0006140872345559991,0.002152035375146839,-0.00284423828125,-0.0006103515625,-0.0031982421875,-0.001953125,0.001251220703125,0.0029296875,0.53125,2.6640625,0.004130045572916667,0.001220703125,0.4666666666666667,0.5333333333333333,0.6,-0.0065594482421875,0.01558461507161458,5000
17,14,0.0033650716145833333,-1.45927734375,-1.4626424153645834,0.0013318026117192334,-0.006180710154365935,-0.00125732421875,0.0078125,2.830635579427083,-0.8694132486979167,-3.700048828125,0.0006805746905599532,0.003265774814109596,-0.0019287109375,0.0,-0.0083251953125,-0.005859375,-0.0019429524739583333,0.0029296875,0.53125,2.671875,0.00067138671875,-0.0008544921875,0.5333333333333333,0.4666666666666667,0.4,-0.008964945475260416,0.010852559407552077,5000
17,15,0.006719970703125,-1.4553385416666667,-1.4620585123697916,0.0012380378286403616,-0.0015340538608365458,0.0020975748697916667,0.00390625,2.8259562174479167,-0.8710164388020833,-3.69697265625,0.0005789464767772939,0.0029092860964053334,-0.006608072916666667,-0.001953125,-0.0037760416666666667,-0.00390625,-0.0006001790364583334,0.0009765625,0.53125,2.6796875,0.008705647786458333,0.01171875,0.6,0.6,0.7333333333333333,-0.002110799153645833,0.019258880615234373,5000
17,16,0.004453531901041667,-1.4594401041666667,-1.4638936360677084,0.0014649879040194668,-0.005645984786776383,-0.00016886393229166666,0.0029296875,2.8216064453125,-0.8732259114583333,-3.694832356770833,0.0005881076012966461,0.0060164415860316485,-0.010957845052083333,-0.015625,-0.00054931640625,0.00390625,0.0010396321614583334,0.0029296875,0.53515625,2.6484375,0.010788981119791667,0.00390625,0.5333333333333333,0.6666666666666666,0.6666666666666666,0.0006468709309895833,0.021746978759765622,5000
17,17,0.002001953125,-1.4587565104166667,-1.4607584635416666,0.0012460595035453574,-0.0036147105042874422,-0.002620442708333333,0.0029296875,2.8242146809895834,-0.87215576171875,-3.6963704427083335,0.000673704151767978,0.008029031040846344,-0.008349609375,-0.0078125,-0.0014200846354166666,0.0,0.0048563639322916664,0.0048828125,0.53515625,2.65625,0.005729166666666666,0.005615234375,0.5333333333333333,0.6666666666666666,0.6,-0.0052736409505208335,0.0166748046875,5000
17,18,0.005318196614583334,-1.4564453125,-1.4617635091145833,0.0013769242519053447,-0.0025894433186697905,0.00069580078125,0.0,2.8283121744791666,-0.86923828125,-3.6975504557291665,0.0006048246856865339,4.729936300339038e-05,-0.004252115885416667,0.0,-0.00174560546875,0.0,0.0038736979166666668,0.001953125,0.53515625,2.6640625,0.0049479166666666664,0.0029296875,0.4666666666666667,0.4,0.6,-0.005005086263020833,0.015686645507812493,5000
17,19,0.009806315104166666,-1.4548177083333333,-1.4646240234375,0.0012709435679375378,0.0022366820075646636,0.0051839192708333336,0.00390625,2.8282145182291667,-0.8719970703125,-3.700211588541667,0.0005437928213779658,0.0011187966140866106,-0.004349772135416667,-0.001953125,-0.0035196940104166665,0.003173828125,0.0025797526041666666,0.001953125,0.53515625,2.640625,0.00953369140625,0.013671875,0.5333333333333333,0.6,0.6,-0.0021161905924479162,0.021407267252604164,5000
17,20,0.0072062174479166664,-1.45419921875,-1.4614054361979167,0.0014614887408158318,0.0004467181763653005,0.0025838216145833335,0.0087890625,2.8290120442708333,-0.8690511067708333,-3.6980631510416666,0.0006493702447325674,0.0018759140577405868,-0.00355224609375,0.0,0.0011759440104166666,0.00390625,-0.0012349446614583334,0.0,0.53125,2.6640625,0.006136067708333333,0.0048828125,0.5333333333333333,0.4666666666666667,0.6666666666666666,-0.005721333821614583,0.017679951985677084,5000
17,21,0.004911295572916667,-1.4571940104166667,-1.4621053059895834,0.0012556648744618752,-0.0015368684015519172,0.00028889973958333334,-0.00390625,2.8290201822916665,-0.8710286458333333,-3.700048828125,0.0006664009010551444,0.0034738848175643,-0.003544108072916667,0.0,-0.0053141276041666664,-0.00390625,-0.0009847005208333333,-0.001953125,0.53125,2.671875,0.0038330078125,0.0078125,0.4,0.4,0.6,-0.006304219563802083,0.013460693359374994,5000
17,22,0.0072672526041666664,-1.4573893229166666,-1.4646565755208334,0.0012610706081465748,-0.0019452682316623625,0.0026448567708333335,-0.00390625,2.8233642578125,-0.8740234375,-3.6973876953125,0.0006045684456806349,0.005381030543539111,-0.009200032552083333,-0.009765625,-0.005830891927083333,0.0,0.000341796875,0.0,0.53125,2.640625,0.011844889322916666,0.0123291015625,0.4,0.6666666666666666,0.8666666666666667,-0.0006470743815104167,0.022868041992187498,5000
17,23,0.0015909830729166667,-1.4582682291666667,-1.4598592122395833,0.0015332376700595391,-0.005052888868406425,-0.0030314127604166665,-0.00390625,2.8277262369791667,-0.8697672526041667,-3.697493489583333,0.0006589219050626464,0.0013525258537180113,-0.004838053385416667,0.0,-0.0092529296875,-0.01171875,0.00016886393229166666,0.001953125,0.53125,2.6640625,0.001806640625,-0.000732421875,0.4666666666666667,0.4666666666666667,0.4666666666666667,-0.0079840087890625,0.011625569661458328,5000
17,24,-0.00010579427083333334,-1.4603515625,-1.4602457682291667,0.0013231882065659077,-0.00798785240231015,-0.004728190104166667,-0.00390625,2.827079264322917,-0.8709187825520833,-3.697998046875,0.0006684161951957965,0.0011961910623064956,-0.005485026041666666,-0.00390625,-0.002498372395833333,-0.00048828125,-0.00041097005208333334,0.00390625,0.53125,2.65625,0.0007568359375,0.0,0.4,0.6,0.4666666666666667,-0.013339029947916666,0.014828898111979147,5000
17,25,0.005108642578125,-1.45712890625,-1.462237548828125,0.001237471231786604,-0.006137082100893119,0.0004862467447916667,0.0078125,2.8287109375,-0.869189453125,-3.697900390625,0.0006638343788011007,0.0043293684323645,-0.0038533528645833333,0.0015869140625,-0.005232747395833333,0.00390625,0.0007914225260416667,0.0048828125,0.53515625,2.6640625,0.004339599609375,0.003173828125,0.5333333333333333,0.4,0.5333333333333333,-0.007235310872395833,0.016295166015624987,5000
17,26,0.007393391927083334,-1.4560221354166667,-1.46341552734375,0.001272949341652851,-0.004701415640449333,0.00277099609375,0.0068359375,2.829695638020833,-0.8699381510416667,-3.6996337890625,0.0005820285919895628,0.0010708463555225566,-0.00286865234375,-0.00732421875,-0.007344563802083333,-0.0068359375,-0.0012858072916666667,0.0,0.53515625,2.671875,0.0056396484375,0.002197265625,0.6,0.5333333333333333,0.6,-0.00622161865234375,0.017880249023437485,5000
17,27,0.004915364583333333,-1.4565755208333333,-1.4614908854166666,0.0011432418030268674,-0.002559911076434623,0.00029296875,0.0,2.828621419270833,-0.8693359375,-3.6979573567708335,0.0006781606192684589,0.0021121832378212524,-0.00394287109375,-0.007080078125,-0.0008097330729166667,0.0,0.001513671875,-0.001953125,0.53125,2.671875,0.00423583984375,0.00341796875,0.4,0.6,0.6666666666666666,-0.0080572509765625,0.016203002929687495,5000
17,28,-0.0005147298177083333,-1.46005859375,-1.4595438639322917,0.0014854277963533874,-0.006109261133403942,-0.005137125651041667,-0.001220703125,2.8287150065104165,-0.8687784830729167,-3.697493489583333,0.0005878433955120218,0.0013389863077462323,-0.003849283854166667,0.0,-0.010774739583333333,-0.0078125,-0.0011271158854166666,0.005859375,0.52734375,2.65625,-0.001287841796875,-0.005859375,0.4666666666666667,0.4666666666666667,0.4666666666666667,-0.012811330159505209,0.011342366536458334,5000
17,29,0.0004862467447916667,-1.4618489583333334,-1.462335205078125,0.0014293007192435019,-0.008379153968169246,-0.004136149088541667,-0.0009765625,2.8257039388020835,-0.8653361002604166,-3.6910400390625,0.0006909359110483862,0.005267572272361422,-0.0068603515625,-0.00390625,-0.00885009765625,-0.0078125,0.0005106608072916667,0.0048828125,0.53125,2.671875,0.0027242024739583333,0.001953125,0.4666666666666667,0.6,0.6666666666666666,-0.010799458821614583,0.015761362711588543,5000
17,30,0.001446533203125,-1.4584635416666667,-1.4599100748697917,0.001582753806177742,-0.005584516456388419,-0.0031758626302083332,-0.0029296875,2.827530924479167,-0.8703369140625,-3.697867838541667,0.000660388757141499,0.0038732666758696005,-0.005033365885416667,0.0,-0.0077392578125,-0.001953125,0.003139241536458333,0.0,0.52734375,2.6640625,0.0018575032552083333,-0.0020751953125,0.4,0.4,0.4,-0.010563456217447916,0.015126749674479164,5000
17,31,0.004201253255208333,-1.4599283854166667,-1.464129638671875,0.001561297006800482,-0.00576733567045225,-0.000421142578125,0.0009765625,2.82772216796875,-0.86878662109375,-3.6965087890625,0.0006845157146676413,0.002843923204594129,-0.004842122395833333,0.0,-0.004805501302083333,-0.00634765625,-7.32421875e-05,-0.0009765625,0.53515625,2.669921875,0.0044209798177083336,0.0013427734375,0.5333333333333333,0.4,0.5333333333333333,-0.008105824788411459,0.017521209716796875,5000
18,0,0.004229736328125,-1.4601236979166667,-1.4643534342447917,0.0013370922972587409,-0.0036048565668073363,-0.00039265950520833335,0.0,2.828857421875,-0.8712646484375,-3.7001220703125,0.0004999077548253297,0.005191709347906609,-0.0037068684895833334,-0.005859375,-0.00477294921875,-0.00390625,0.00019124348958333333,0.0,0.53515625,2.671875,0.003314208984375,0.0042724609375,0.4,0.5333333333333333,0.6,-0.0020509847005208332,0.00911341349283853,5000
18,1,0.0037984212239583334,-1.4623697916666667,-1.466168212890625,0.0012119070826440465,-0.0036444191693008952,-0.000823974609375,-0.00390625,2.8302490234375,-0.8683349609375,-3.698583984375,0.0006795607555742086,0.001638139067641974,-0.002315266927083333,0.0,-0.005387369791666667,-0.00634765625,-0.0020548502604166665,-0.0009765625,0.53125,2.6640625,0.0014912923177083333,0.000244140625,0.4666666666666667,0.4666666666666667,0.5333333333333333,-0.010630442301432291,0.013438008626302081,5000
18,2,0.0077473958333333336,-1.455859375,-1.4636067708333333,0.0014615097978247218,-0.004262133770395035,0.003125,0.0,2.831856282552083,-0.8717081705729167,-3.703564453125,0.0007335411599149833,0.002277218650955317,-0.0007080078125,0.0,-0.01185302734375,-0.009765625,-0.005356852213541667,-0.0009765625,0.53515625,2.630859375,0.0038330078125,0.0,0.4666666666666667,0.4666666666666667,0.4666666666666667,-0.009497477213541666,0.017822265625,5000
18,3,0.0022176106770833335,-1.45810546875,-1.4603230794270834,0.00135947077692138,-0.00633626400276527,-0.00240478515625,0.001953125,2.8276936848958334,-0.870849609375,-3.6985432942708334,0.0006164238322794426,0.0019547521892948902,-0.00487060546875,-0.0078125,-0.0067179361979166664,-0.0078125,-0.0002197265625,0.0,0.52734375,2.65625,0.0024658203125,0.0087890625,0.6,0.6666666666666666,0.6,-0.009806823730468749,0.014180603027343749,5000
18,4,0.004117838541666667,-1.4572265625,-1.4613444010416667,0.0012279266817908812,-0.003950329976385369,-0.0005045572916666667,0.0,2.823722330729167,-0.866943359375,-3.690665690104167,0.0005858831478978671,-0.00041423176229086843,-0.008841959635416667,-0.005859375,-0.006424967447916667,0.0,-0.0008015950520833333,0.0,0.53515625,2.65625,0.00833740234375,0.0076904296875,0.4666666666666667,0.5333333333333333,0.6,-0.0038909912109374996,0.021838684082031247,5000
18,5,0.004319254557291667,-1.4595703125,-1.4638895670572916,0.001167138713758554,-0.0008935713593370645,-0.0003031412760416667,0.0,2.8295084635416665,-0.8680908203125,-3.6975992838541667,0.000521412217866706,-0.0005109873678685945,-0.003055826822916667,0.0,-0.0053059895833333336,-0.0040283203125,0.0019185384114583333,0.001953125,0.53515625,2.671875,0.002752685546875,0.008392333984375,0.4666666666666667,0.4666666666666667,0.6,-0.009269460042317709,0.014337259928385415,5000
18,6,0.005629475911458333,-1.4573893229166666,-1.463018798828125,0.0012616087367006558,-0.0056383586795039865,0.001007080078125,0.0068359375,2.8222330729166667,-0.8700032552083333,-3.692236328125,0.0006187878454585409,0.00558404144109793,-0.010331217447916667,-0.01171875,-0.01063232421875,-0.00390625,-0.003521728515625,-0.00390625,0.5390625,2.640625,0.011338297526041667,0.0084228515625,0.6,0.7333333333333333,0.6666666666666666,-0.0023601786295572914,0.024595387776692675,5000
18,7,0.00679931640625,-1.4546875,-1.46148681640625,0.0014774873457238768,-0.007080954925215719,0.0021769205729166665,0.00390625,2.82603759765625,-0.86986083984375,-3.6958984375,0.0006506688357499011,0.004214768027723664,-0.0065266927083333336,-0.0078125,-0.0047566731770833336,-0.00390625,-0.0006245930989583333,0.0,0.52734375,2.6484375,0.00870361328125,0.000244140625,0.5333333333333333,0.6,0.5333333333333333,-0.005167643229166667,0.022930196126302066,5000
18,8,0.0029581705729166668,-1.458203125,-1.4611612955729167,0.001451950827188717,-0.004354828995353751,-0.0016642252604166666,-0.00390625,2.8281656901041665,-0.8698974609375,-3.6980631510416666,0.0006718438119225184,0.003755186545329902,-0.0043986002604166664,0.0,-0.0051228841145833336,-0.0042724609375,-0.0011922200520833334,-0.00390625,0.53125,2.6328125,0.002734375,0.00201416015625,0.4,0.4666666666666667,0.5333333333333333,-0.010258076985677083,0.01644348144531249,5000
18,9,0.005047607421875,-1.45673828125,-1.461785888671875,0.0013914576116769476,-0.0060841170516759855,0.0004252115885416667,0.0,2.824934895833333,-0.8727701822916667,-3.697705078125,0.0005671671470950956,0.005700769701665132,-0.00762939453125,-0.0078125,-0.0070231119791666664,-0.0078125,-0.0005777994791666667,0.00390625,0.53515625,2.65625,0.008054606119791667,0.006988525390625,0.4666666666666667,0.6666666666666666,0.6666666666666666,-0.001569569905598958,0.017690734863281238,5000
18,10,0.004640706380208333,-1.4567057291666667,-1.461346435546875,0.001426269234449457,-0.004590713139475814,1.8310546875e-05,0.00390625,2.8248087565104165,-0.86951904296875,-3.694327799479167,0.000663763535923022,0.003495394014957529,-0.0077555338541666664,-0.00390625,-0.005106608072916667,-0.00390625,0.0027791341145833332,0.0029296875,0.54296875,2.6640625,0.007773844401041666,0.01171875,0.6,0.6,0.7333333333333333,-0.0030665079752604167,0.017781778971354162,5000
18,11,0.003863525390625,-1.4574869791666667,-1.4613505045572917,0.0015064475701861964,-0.007064772230984134,-0.0007588704427083333,-0.0009765625,2.828910319010417,-0.8695515950520833,-3.6984619140625,0.0006313228936920411,0.005166934131834212,-0.0036539713541666667,-0.00390625,-0.008548990885416666,-0.00390625,-0.0024881998697916666,0.0,0.53515625,2.65625,0.002895100911458333,0.0048828125,0.4,0.6,0.6666666666666666,-0.0086529541015625,0.014384816487630195,5000
18,12,0.007375081380208333,-1.4555338541666667,-1.462908935546875,0.0011400375888492094,-0.002778243795468507,0.002752685546875,0.00146484375,2.8276163736979165,-0.8696736653645833,-3.6972900390625,0.0006058401938372244,0.001779193968233846,-0.0049479166666666664,-0.005859375,-0.00941162109375,-0.0078125,0.0003255208333333333,0.0,0.53125,2.640625,0.007700602213541667,0.0069580078125,0.5333333333333333,0.6,0.6,-0.004773101806640625,0.020373636881510417,5000
18,13,0.0013346354166666667,-1.4579427083333334,-1.45927734375,0.0012917533826103517,-0.005650137709637253,-0.0032877604166666667,-0.00390625,2.8231608072916665,-0.8736979166666666,-3.6968587239583335,0.0006892954523904063,0.007282389237796121,-0.009403483072916666,-0.0078125,-0.00482177734375,-0.0068359375,-0.00050048828125,0.0,0.51953125,2.65625,0.00611572265625,0.0078125,0.4,0.5333333333333333,0.6666666666666666,-0.004793497721354166,0.017350362141927082,5000
18,14,0.0027689615885416667,-1.4601236979166667,-1.4628926595052083,0.0011894732164752823,-0.004696638012551001,-0.0018534342447916667,0.00390625,2.8253987630208335,-0.8685221354166667,-3.6939208984375,0.0006068796882368399,0.002368959438757997,-0.00716552734375,-0.0078125,-0.00750732421875,-0.0078125,-0.001251220703125,0.0068359375,0.53125,2.671875,0.005312093098958333,0.01171875,0.5333333333333333,0.6,0.6666666666666666,-0.005690968831380208,0.015076090494791661,5000
18,15,0.0023661295572916666,-1.4569986979166667,-1.4593648274739583,0.001166105330829026,-0.004080136033664925,-0.0022562662760416668,-0.00390625,2.8295084635416665,-0.86787109375,-3.697379557291667,0.0006948275405587519,0.003611090666852896,-0.003055826822916667,-0.001953125,-0.0056640625,0.0,0.0006001790364583334,0.0029296875,0.53125,2.65625,0.000799560546875,0.005859375,0.4666666666666667,0.5333333333333333,0.5333333333333333,-0.012573445638020833,0.014113260904947888,5000
18,16,0.004693603515625,-1.4557942708333333,-1.4604878743489584,0.0013774924183669744,-0.0041466565840881445,7.120768229166667e-05,0.00390625,2.8277547200520834,-0.8712443033854167,-3.6989990234375,0.0006170563729735112,0.005273080491087958,-0.0048095703125,0.0,-0.0053955078125,-0.00390625,-0.0011006673177083334,0.0,0.53125,2.6640625,0.004880777994791667,0.003265380859375,0.5333333333333333,0.4666666666666667,0.5333333333333333,-0.005762379964192708,0.014337310791015623,5000
18,17,0.004518636067708333,-1.45849609375,-1.4630147298177083,0.0012719366737049063,-0.00931837890610514,-0.000103759765625,0.0,2.8322021484375,-0.8682698567708333,-3.7004720052083333,0.000657580298991929,0.00264397852728082,-0.00036214192708333335,0.000732421875,-0.004439290364583333,0.0,0.0007242838541666667,-0.0009765625,0.53125,2.6796875,0.00025838216145833334,-0.005615234375,0.4666666666666667,0.4,0.3333333333333333,-0.011202239990234375,0.012329203287760415,5000
18,18,0.0041544596354166664,-1.458203125,-1.4623575846354167,0.0012784750517991713,-0.005018184898010995,-0.0004679361979166667,0.0,2.824393717447917,-0.8713907877604167,-3.695784505208333,0.0005332550212996859,0.004040937200073511,-0.008170572916666667,-0.01171875,-0.0067179361979166664,-0.0078125,0.00087890625,0.0,0.53515625,2.65625,0.00770263671875,0.009765625,0.4666666666666667,0.6,0.6666666666666666,-0.0041790771484375,0.018762512207031245,5000
18,19,0.0077392578125,-1.4580078125,-1.4657470703125,0.001116924139747842,-0.004637424762199433,0.003116861979166667,0.0048828125,2.82799072265625,-0.8688761393229166,-3.6968668619791667,0.000619195742306432,0.0033026653822940963,-0.0045735677083333336,-0.0078125,-0.0031534830729166665,0.0,0.0022664388020833333,0.00390625,0.5390625,2.65625,0.0076904296875,0.0078125,0.6666666666666666,0.5333333333333333,0.6,-0.0034993489583333335,0.018864339192708326,5000
18,20,0.007460530598958333,-1.4572265625,-1.4646870930989584,0.0014147343912322542,-0.004959745763829449,0.002838134765625,0.0048828125,2.826859537760417,-0.8704386393229167,-3.6972981770833333,0.0006941973009860671,0.003335158102287341,-0.005704752604166667,-0.007568359375,-0.006058756510416667,-0.0078125,-0.0030537923177083332,0.00390625,0.53125,2.6640625,0.008542887369791667,0.009765625,0.6666666666666666,0.5333333333333333,0.6666666666666666,-0.0032761637369791664,0.021093902587890623,5000
18,21,0.0020955403645833335,-1.4560221354166667,-1.45811767578125,0.001340183397362407,-0.007234701687112971,-0.00252685546875,0.00390625,2.827530924479167,-0.8689697265625,-3.6965006510416667,0.000695133718267892,0.0013509936593013852,-0.005033365885416667,-0.0078125,-0.00380859375,0.0,-0.0007039388020833333,0.0068359375,0.53515625,2.65625,0.002506510416666667,0.00830078125,0.5333333333333333,0.6,0.6,-0.009106648763020832,0.013603006998697913,5000
18,22,0.0028910319010416667,-1.45908203125,-1.4619730631510417,0.0014585046070736448,-0.006392802455348184,-0.0017313639322916667,-0.0009765625,2.8325520833333333,-0.8643798828125,-3.6969319661458333,0.0008158871122228454,-8.67020738892182e-05,-1.220703125e-05,0.00390625,-0.0023518880208333332,-0.00390625,0.0015340169270833333,0.0029296875,0.53125,2.671875,-0.0017191569010416667,-0.0048828125,0.4666666666666667,0.3333333333333333,0.4,-0.013889617919921875,0.010901133219401038,5000
18,23,0.0014424641927083333,-1.4589518229166667,-1.460394287109375,0.0013583274487971582,-0.006341168330423503,-0.003179931640625,0.0,2.8215576171875,-0.8720703125,-3.6936279296875,0.0006050477136733924,0.008343814966772136,-0.011006673177083334,-0.0078125,-0.0052978515625,-0.005859375,-0.002288818359375,-0.0029296875,0.53515625,2.65625,0.007826741536458333,0.0068359375,0.4666666666666667,0.8,0.6666666666666666,-0.0013741556803385413,0.01714894612630208,5000
18,24,0.007952880859375,-1.4559244791666666,-1.4638773600260417,0.0012278710289401256,-0.002320827819224802,0.003330485026041667,0.00390625,2.8237263997395834,-0.8705607096354167,-3.694287109375,0.000686469755847611,0.006833407523213366,-0.008837890625,-0.001953125,-0.002750651041666667,-0.001953125,0.0023213704427083332,0.00390625,0.53515625,2.6640625,0.012168375651041667,0.0089111328125,0.5333333333333333,0.5333333333333333,0.6666666666666666,0.0015095011393229168,0.02334213256835937,5000
18,25,0.0037109375,-1.45966796875,-1.46337890625,0.001321662282996553,-0.00764841161063431,-0.0009114583333333333,0.00390625,2.826652018229167,-0.8690999348958334,-3.695751953125,0.0005689840481484181,0.00259409362629726,-0.005912272135416666,-0.005859375,-0.006331380208333333,-0.005859375,0.0007425944010416666,0.0,0.5390625,2.6484375,0.0050008138020833336,0.0078125,0.5333333333333333,0.7333333333333333,0.6,-0.007668355305989583,0.017004496256510418,5000
18,26,0.006154378255208333,-1.45693359375,-1.4630879720052083,0.0015498708455156393,-0.0026714394903962,0.001531982421875,0.0,2.8286458333333333,-0.8704427083333334,-3.699088541666667,0.0005385572354149237,0.003937684325343193,-0.00391845703125,-0.00390625,-0.008907063802083334,-0.0146484375,0.0020467122395833332,0.00390625,0.53515625,2.65625,0.005450439453125,0.00390625,0.4666666666666667,0.6,0.6,-0.0046941630045572915,0.016011759440104162,5000
18,27,0.005171712239583333,-1.4577473958333333,-1.4629191080729167,0.0011883339700858658,-0.002090567446274072,0.00054931640625,0.005859375,2.8267618815104165,-0.8711954752604166,-3.6979573567708335,0.0005787858545052891,0.003368074835926753,-0.0058024088541666664,-0.001953125,-0.008040364583333333,-0.005859375,0.004671223958333333,0.0078125,0.53515625,2.640625,0.0063517252604166664,0.0078125,0.5333333333333333,0.5333333333333333,0.6,-0.003499755859375,0.01638203938802083,5000
18,28,0.005063883463541667,-1.4571940104166667,-1.4622578938802084,0.0014226558015506213,-0.0035788418075897444,0.00044148763020833334,0.0009765625,2.8234456380208335,-0.8734049479166667,-3.6968505859375,0.0006471079925826121,0.005831228625528855,-0.00911865234375,-0.0078125,-0.004378255208333333,-0.007568359375,-0.0031514485677083333,0.0,0.53125,2.6484375,0.009560139973958333,0.009033203125,0.5333333333333333,0.6,0.6666666666666666,-0.0008832295735677082,0.020294698079427076,5000
18,29,0.003521728515625,-1.4581705729166667,-1.4616923014322916,0.0012680504446465999,-0.004793084882738293,-0.0011006673177083334,0.00390625,2.8252604166666666,-0.8706298828125,-3.6958902994791667,0.000672695757345864,0.002745436550522432,-0.007303873697916667,-0.00390625,-0.0041748046875,-0.0035400390625,0.002964274088541667,0.0048828125,0.52734375,2.6640625,0.006203206380208334,0.00390625,0.5333333333333333,0.6,0.6,-0.00329833984375,0.016062622070312498,5000
18,30,0.000726318359375,-1.4598307291666666,-1.4605570475260417,0.0011979057236758371,-0.00956628101683077,-0.0038960774739583335,-0.00390625,2.8258015950520834,-0.87225341796875,-3.6980550130208334,0.0005745908624564448,0.005131315304067705,-0.0067626953125,-0.0010986328125,-0.006241861979166667,-0.0078125,-0.002040608723958333,-0.0009765625,0.53125,2.65625,0.0028666178385416668,0.001953125,0.4,0.5333333333333333,0.5333333333333333,-0.008284708658854166,0.014650675455729163,5000
18,31,0.0039713541666666664,-1.4607747395833333,-1.46474609375,0.0011178990387962853,-0.004417077873428724,-0.0006510416666666666,-0.001953125,2.8302978515625,-0.86923828125,-3.6995361328125,0.0007243619400277922,-0.0013108885055641087,-0.0022664388020833333,-0.000244140625,-0.011490885416666667,-0.0078125,-0.00010172526041666667,0.0009765625,0.53125,2.6796875,0.0016153971354166666,0.0,0.4666666666666667,0.5333333333333333,0.4666666666666667,-0.007552083333333333,0.011381937662760404,5000
19,0,0.0050048828125,-1.4569010416666666,-1.4619059244791666,0.0009622971070251121,-0.006158609010611595,0.00038248697916666666,0.00390625,2.8299357096354165,-0.86817626953125,-3.698111979166667,0.0005846151900426721,0.0013545583285545046,-0.002628580729166667,0.0,-0.01143798828125,-0.0078125,-0.002010091145833333,0.0,0.5390625,2.6640625,0.0030110677083333335,0.00390625,0.5333333333333333,0.4666666666666667,0.6,-0.006396484375,0.012703450520833333,5000
19,1,0.0028889973958333335,-1.45849609375,-1.4613850911458333,0.0016532622674430156,-0.0028944640802401936,-0.0017333984375,0.00390625,2.8274169921875,-0.8709309895833334,-3.698347981770833,0.0006691505307016101,0.0032273510769114115,-0.005147298177083333,0.0,-0.003544108072916667,-0.00390625,-0.002667236328125,-0.0009765625,0.53125,2.6640625,0.003413899739583333,0.00390625,0.5333333333333333,0.4666666666666667,0.6,-0.0097821044921875,0.015677998860677084,5000
19,2,0.004579671223958333,-1.4567708333333333,-1.4613505045572917,0.0013697450926512468,-0.004835540467309818,-4.2724609375e-05,0.00390625,2.82344970703125,-0.8718465169270834,-3.695296223958333,0.0006397956828606393,0.0070506936958360045,-0.009114583333333334,-0.0078125,-0.005452473958333333,0.0,0.00234375,0.0029296875,0.53125,2.6484375,0.009071858723958333,0.013671875,0.5333333333333333,0.6,0.6666666666666666,-0.005308787027994791,0.0222974650065104,5000
19,3,0.0037862141927083332,-1.4585286458333333,-1.4623148600260416,0.0012543843137016017,-0.00556449187838188,-0.000836181640625,0.0,2.8252522786458334,-0.868505859375,-3.6937581380208333,0.0005133802695482438,0.0028257244999121993,-0.00731201171875,-0.0078125,-0.010367838541666667,-0.0078125,-0.0029927571614583332,-0.00390625,0.53515625,2.65625,0.006475830078125,-0.003173828125,0.4,0.5333333333333333,0.4666666666666667,-0.003972930908203124,0.017348429361979164,5000
19,4,0.004296875,-1.4584309895833334,-1.4627278645833333,0.001367654986267671,-0.006438423293165693,-0.0003255208333333333,0.005859375,2.825516764322917,-0.8692830403645834,-3.6947998046875,0.0006999284293609456,0.004774782936295687,-0.007047526041666667,-0.0078125,-0.00650634765625,0.0,0.0035725911458333332,0.01171875,0.54296875,2.640625,0.006722005208333334,0.0068359375,0.6,0.5333333333333333,0.8,-0.006382446289062499,0.017936401367187497,5000
19,5,0.004243977864583333,-1.4555013020833334,-1.4597452799479167,0.0013886182022158817,-0.004547534064113148,-0.00037841796875,0.00390625,2.8275797526041666,-0.86982421875,-3.697403971354167,0.0006532760793373157,0.004296493352671359,-0.004984537760416667,0.0,-0.009562174479166666,-0.01171875,-0.00308837890625,0.0,0.53125,2.65625,0.004606119791666667,0.003173828125,0.5333333333333333,0.4666666666666667,0.6,-0.005908203125,0.015169270833333333,5000
19,6,0.0042683919270833336,-1.4545572916666667,-1.45882568359375,0.001155131262416214,-0.002681175421914705,-0.00035400390625,0.0,2.8263142903645835,-0.87149658203125,-3.6978108723958334,0.0006782761471638656,0.0033439701501548473,-0.00625,-0.001953125,-0.006766764322916666,0.0,0.0011149088541666666,-0.0001220703125,0.53515625,2.6640625,0.00589599609375,0.00390625,0.4,0.6,0.5333333333333333,-0.006172688802083334,0.016984151204427082,5000
19,7,0.0043986002604166664,-1.4559895833333334,-1.46038818359375,0.0013057219422433009,-0.001797173403967039,-0.00022379557291666666,0.0,2.82918701171875,-0.8678426106770833,-3.697029622395833,0.0006366517686637847,0.0026178385835184245,-0.0033772786458333335,0.0,-0.006013997395833333,-0.001953125,-0.0035990397135416668,-0.00390625,0.53515625,2.6484375,0.0031534830729166665,0.00958251953125,0.4666666666666667,0.4666666666666667,0.5333333333333333,-0.007523701985677083,0.013037923177083322,5000
19,8,0.004508463541666666,-1.4565755208333333,-1.461083984375,0.0014212008148983162,-0.004027201335595173,-0.00011393229166666667,-0.00048828125,2.82608642578125,-0.8671834309895833,-3.6932698567708333,0.0005025332227852527,0.002536497657077501,-0.006477864583333334,-0.0010986328125,-0.0021199544270833334,0.0,-0.0016438802083333333,-0.0009765625,0.53125,2.6484375,0.006363932291666667,0.00390625,0.4666666666666667,0.5333333333333333,0.5333333333333333,-0.007698974609375,0.020752970377604152,5000
19,9,0.0055806477864583336,-1.4561197916666666,-1.461700439453125,0.0011774034704572541,-0.002367879782172737,0.000958251953125,0.0,2.827437337239583,-0.8715616861979166,-3.6989990234375,0.0005877564328022955,0.002384691652108703,-0.005126953125,-0.004150390625,-0.006949869791666666,-0.005859375,0.0017333984375,0.00390625,0.53125,2.6640625,0.006085205078125,0.0029296875,0.4666666666666667,0.6,0.5333333333333333,-0.0018728129069010414,0.014767252604166656,5000
19,10,0.0027567545572916665,-1.4581380208333334,-1.460894775390625,0.0012702568912475493,-0.00506078478171925,-0.0018656412760416667,0.00390625,2.82633056640625,-0.8731486002604166,-3.699479166666667,0.0005990739278321134,0.006832807967315157,-0.006233723958333334,-0.0078125,-0.004838053385416667,0.0,-0.0027140299479166668,0.0,0.5390625,2.671875,0.0043680826822916664,0.00390625,0.6,0.5333333333333333,0.6,-0.010476023356119791,0.01764419555664061,5000
19,11,-0.0013203938802083333,-1.46064453125,-1.4593241373697916,0.0013695389867617762,-0.008330631090363165,-0.005942789713541666,-0.0078125,2.82662353515625,-0.8702596028645834,-3.696883138020833,0.0007130588749449697,0.00383060493415102,-0.005940755208333333,-0.0078125,-0.008455403645833333,-0.0068359375,-0.00230712890625,0.00390625,0.51953125,2.640625,-2.0345052083333333e-06,0.01171875,0.3333333333333333,0.5333333333333333,0.6,-0.014042460123697916,0.013342437744140564,5000
19,12,0.00394287109375,-1.4589518229166667,-1.4628946940104166,0.0011058381849744644,-0.006125327127204568,-0.0006795247395833333,0.0009765625,2.82117919921875,-0.8719441731770833,-3.693123372395833,0.0006832205881717099,0.005373844903305831,-0.011385091145833333,-0.009765625,-0.00030924479166666665,-0.001953125,-0.0009765625,0.0009765625,0.53515625,2.6484375,0.01070556640625,0.009765625,0.5333333333333333,0.8,0.6666666666666666,-0.0012941487630208333,0.02258321126302083,5000
19,13,0.0026387532552083334,-1.4592122395833333,-1.4618509928385417,0.0013418044559681877,-0.005670801114654341,-0.001983642578125,-0.00390625,2.828202311197917,-0.8707478841145834,-3.6989501953125,0.0006998311758374597,0.0032983289686656704,-0.004361979166666667,-0.00732421875,0.002490234375,0.0,-0.0027872721354166665,-0.00390625,0.52734375,2.65625,0.0023783365885416668,-0.005859375,0.3333333333333333,0.5333333333333333,0.4666666666666667,-0.010758463541666667,0.01610733032226562,5000
19,14,0.0062601725260416664,-1.4542317708333334,-1.460491943359375,0.0013729314545847585,-0.0005408018872217801,0.0016377766927083333,-9.1552734375e-05,2.829459635416667,-0.868603515625,-3.6980631510416666,0.0005696521308823301,0.0024267657952655513,-0.0031046549479166667,-0.00390625,-0.006477864583333334,-0.0078125,0.0038289388020833334,0.0087890625,0.53515625,2.65625,0.004742431640625,0.00390625,0.4,0.5333333333333333,0.5333333333333333,-0.008671162923177083,0.018711344401041666,5000
19,15,0.0032572428385416667,-1.45810546875,-1.4613627115885417,0.0012112353652673955,-0.0065778722185184605,-0.0013651529947916667,0.0,2.827095540364583,-0.8702596028645834,-3.6973551432291667,0.0005671687838726796,0.002721343048057404,-0.00546875,0.0,-0.00682373046875,-0.0078125,0.0023396809895833335,-0.001953125,0.53515625,2.671875,0.004103597005208333,0.003662109375,0.4666666666666667,0.4666666666666667,0.6,-0.005546925862630208,0.014748484293619786,5000
19,16,0.00306396484375,-1.4591145833333334,-1.4621785481770833,0.0011325899021651293,-0.0019298055217310316,-0.0015584309895833334,-0.0029296875,2.8260823567708333,-0.8724772135416666,-3.6985595703125,0.0006623688567767243,0.008530124309989673,-0.00648193359375,-0.0010986328125,-0.00726318359375,-0.0078125,-0.00169677734375,-0.00390625,0.53125,2.6875,0.004923502604166667,0.00439453125,0.4666666666666667,0.5333333333333333,0.6,-0.007296651204427083,0.016947937011718744,5000
19,17,0.004447428385416666,-1.4580078125,-1.4624552408854166,0.0011444345396709106,-0.004170969696316108,-0.00017496744791666667,0.00244140625,2.824698893229167,-0.8710205078125,-3.6957194010416665,0.0005753209077287939,0.006298187212383572,-0.007865397135416667,-0.00390625,-0.0020467122395833332,0.0008544921875,0.00360107421875,0.0078125,0.53125,2.6484375,0.0076904296875,0.005859375,0.5333333333333333,0.6666666666666666,0.6,-0.0036423746744791664,0.01923848470052083,5000
19,18,0.008736165364583333,-1.45458984375,-1.4633260091145834,0.001066932891687609,0.000439583981198547,0.00411376953125,0.00390625,2.82392578125,-0.8698649088541667,-3.6937906901041666,0.0006959055442727643,0.0007340454611357004,-0.008638509114583333,-0.00390625,-0.00301513671875,0.0,0.00030110677083333335,0.00390625,0.53125,2.669921875,0.012752278645833334,0.017578125,0.6,0.6,0.8,0.00028472900390625006,0.02520538330078122,5000
19,19,0.0013468424479166667,-1.4602213541666667,-1.4615681966145833,0.001589765250217912,-0.006008411111850247,-0.0032755533854166665,0.0009765625,2.825813802083333,-0.8695231119791667,-3.6953369140625,0.0006582412840762324,0.0024007483089238985,-0.00675048828125,-0.005859375,-0.008475748697916667,-0.0078125,-0.0026692708333333334,-0.0029296875,0.5390625,2.65625,0.003474934895833333,0.00390625,0.5333333333333333,0.7333333333333333,0.5333333333333333,-0.0057702636718749995,0.013480733235677082,5000
19,20,0.0014119466145833333,-1.45830078125,-1.4597127278645834,0.001194444778933163,-0.006020744361187003,-0.00321044921875,-0.00390625,2.8293863932291665,-0.8701334635416667,-3.6995198567708334,0.0006021230093418299,0.005099894838988034,-0.003177897135416667,0.0,-0.0027872721354166665,0.0,-0.003118896484375,0.001953125,0.53125,2.6640625,-3.255208333333333e-05,0.0,0.4,0.4666666666666667,0.4666666666666667,-0.009684244791666666,0.008452250162760404,5000
19,21,0.009014892578125,-1.4545572916666667,-1.4635721842447917,0.001216420538826098,0.00023890304014305172,0.004392496744791667,0.00390625,2.826708984375,-0.8705891927083333,-3.6972981770833333,0.0006788542010453182,0.003954866564017518,-0.0058553059895833336,-0.001953125,-0.002193196614583333,0.0,-0.0031840006510416665,0.0,0.53125,2.6640625,0.010247802734375,0.005859375,0.6666666666666666,0.5333333333333333,0.6666666666666666,-0.00035115559895833293,0.02117746988932291,5000
19,22,0.005279541015625,-1.455859375,-1.461138916015625,0.0012943536062405773,-0.004167992258115621,0.0006571451822916667,0.00390625,2.82371826171875,-0.8711954752604166,-3.6949137369791667,0.0006637712933756978,0.007416083406097085,-0.008846028645833334,-0.0078125,-0.010432942708333334,-0.013916015625,0.0020894368489583334,0.0029296875,0.53515625,2.6640625,0.009503173828125,0.009765625,0.5333333333333333,0.6,0.7333333333333333,-0.0015346781412760415,0.019863077799479163,5000
19,23,0.0012105305989583333,-1.4598307291666666,-1.461041259765625,0.0011728991732673456,-0.004858509240644729,-0.003411865234375,-0.0029296875,2.826896158854167,-0.8690755208333333,-3.6959716796875,0.0006910580998491665,0.0034964517751084868,-0.005668131510416666,-0.0078125,-0.008748372395833334,-0.0078125,0.0009073893229166667,0.0,0.53515625,2.65625,0.0022562662760416668,-0.0006103515625,0.3333333333333333,0.6666666666666666,0.4666666666666667,-0.009989827473958332,0.01386149088541666,5000
19,24,0.0064127604166666664,-1.4564453125,-1.4628580729166667,0.0013365877607435506,-0.001313356148447046,0.0017903645833333333,0.0009765625,2.8278157552083334,-0.8720947265625,-3.6999104817708335,0.0005800676118236773,0.003781375808842881,-0.00474853515625,-0.00634765625,-0.0038126627604166668,-0.001953125,0.00019327799479166666,0.001953125,0.53125,2.6484375,0.006538899739583334,0.0040283203125,0.5333333333333333,0.6,0.6,-0.004616292317708332,0.017641092936197887,5000
19,25,0.0029276529947916668,-1.459375,-1.4623026529947916,0.0010476171405772385,-0.007896189778952588,-0.0016947428385416666,0.0,2.82288818359375,-0.8712605794270833,-3.6941487630208334,0.0006985412088934907,0.007578257207480294,-0.009676106770833333,-0.0078125,-0.0055582682291666664,0.0,-0.002386474609375,-0.0009765625,0.53515625,2.6640625,0.007981363932291667,0.0089111328125,0.4666666666666667,0.7333333333333333,0.8,-0.0028494262695312493,0.01666702270507812,5000
19,26,0.00633544921875,-1.4572265625,-1.46356201171875,0.0011378950490921113,-0.005592303413308827,0.0017130533854166667,0.0029296875,2.8209025065104165,-0.8733683268229167,-3.6942708333333334,0.0005575116426629156,0.006823524537480172,-0.011661783854166666,-0.01171875,-0.008475748697916667,-0.001953125,-0.003802490234375,0.0,0.53515625,2.6640625,0.013374837239583333,0.01513671875,0.5333333333333333,0.6666666666666666,0.8666666666666667,0.002514444986979167,0.023185628255208326,5000
19,27,0.004461669921875,-1.4557291666666667,-1.4601908365885417,0.0012814833747642263,-0.0042795430072853045,-0.00016072591145833333,0.0,2.8240763346354165,-0.86934814453125,-3.6934244791666666,0.0007011769913521255,0.004034550886651444,-0.008487955729166666,-0.00390625,-0.0062744140625,-0.00390625,0.0005900065104166666,0.00390625,0.53515625,2.65625,0.008327229817708334,0.005859375,0.4,0.6,0.6666666666666666,-0.0060689290364583336,0.023438059488932284,5000
19,28,0.004166666666666667,-1.4587565104166667,-1.4629231770833333,0.0012802586834880383,-0.0054445086504522336,-0.0004557291666666667,0.0029296875,2.82669677734375,-0.8722696940104167,-3.698966471354167,0.0006836755118666601,0.006713905526683223,-0.005867513020833334,0.0,-0.004532877604166667,0.0,-0.004038492838541667,-0.000244140625,0.52734375,2.6640625,0.005411783854166667,0.00390625,0.5333333333333333,0.4666666666666667,0.6,-0.006397705078125,0.01669921875,5000
19,29,0.0032796223958333334,-1.45712890625,-1.4604085286458333,0.0015511649486235032,-0.0009725281290367505,-0.0013427734375,0.0,2.825634765625,-0.8717692057291667,-3.697403971354167,0.0006189606866694235,0.004214516190013686,-0.006929524739583333,-0.0078125,-0.006111653645833334,0.0,0.0018046061197916667,0.00390625,0.53515625,2.671875,0.005586751302083333,0.0078125,0.4666666666666667,0.6666666666666666,0.6666666666666666,-0.005912373860677083,0.016862386067708325,5000
19,30,0.0029073079427083333,-1.4580729166666666,-1.460980224609375,0.0015063556209146327,-0.006392316155959467,-0.001715087890625,0.00146484375,2.828316243489583,-0.8715861002604167,-3.69990234375,0.0007539488277986293,0.006402956359260827,-0.004248046875,-0.00390625,-0.005769856770833333,-0.00732421875,-0.004209391276041667,0.0,0.53125,2.6640625,0.002532958984375,0.0078125,0.5333333333333333,0.5333333333333333,0.6,-0.010950419108072916,0.015983530680338535,5000
19,31,0.003086344401041667,-1.4587239583333333,-1.461810302734375,0.001369525365195232,-0.005313665992690065,-0.0015360514322916667,0.0029296875,2.8273030598958333,-0.8736246744791667,-3.700927734375,0.0007521825476344155,0.0083021086046662,-0.00526123046875,-0.00390625,-0.006148274739583333,-0.00390625,0.0022440592447916666,0.00390625,0.53515625,2.6484375,0.0037251790364583332,0.010498046875,0.6,0.5333333333333333,0.6,-0.008780924479166667,0.014603678385416667,5000
20,0,0.0015279134114583334,-1.4599283854166667,-1.461456298828125,0.0010952418844717602,-0.007214498715383977,-0.003094482421875,-0.00390625,2.82335205078125,-0.87259521484375,-3.695947265625,0.0006235229412847445,0.006961903095432589,-0.009212239583333334,-0.008056640625,-0.0072509765625,-0.01171875,-0.002899169921875,0.0,0.53125,2.6484375,0.006117757161458333,0.005859375,0.4,0.6,0.5333333333333333,-0.0033535766601562496,0.016372070312499994,5000
20,1,0.0059244791666666664,-1.4567057291666667,-1.4626302083333333,0.0014402537224865169,-0.0013971100902798995,0.0013020833333333333,0.00146484375,2.82314453125,-0.8711507161458333,-3.6942952473958335,0.0006053363826726922,0.008075088728070086,-0.009419759114583334,-0.005859375,-0.00516357421875,-0.00390625,-0.0026448567708333335,-0.0078125,0.53515625,2.65625,0.010721842447916666,0.005859375,0.6,0.5333333333333333,0.7333333333333333,0.0008411661783854171,0.02109018961588541,5000
20,2,0.0006022135416666667,-1.46103515625,-1.4616373697916667,0.0014245445804994517,-0.0037309267007016333,-0.004020182291666666,-0.00390625,2.8259236653645834,-0.8710001627604167,-3.696923828125,0.0005638821175361894,0.003466853665895152,-0.006640625,-0.0078125,-0.007979329427083333,-0.005859375,-0.0034077962239583335,-0.001953125,0.53125,2.65625,0.002620442708333333,0.005859375,0.4,0.6,0.5333333333333333,-0.007194213867187499,0.012378540039062491,5000
20,3,0.013739013671875,-1.4536783854166666,-1.4674173990885417,0.001480268387455581,0.0029390912330591787,0.009116617838541667,0.0087890625,2.821638997395833,-0.87060546875,-3.692244466145833,0.0005396209039267029,0.005898137430568869,-0.01092529296875,-0.01123046875,-0.005179850260416666,-0.0018310546875,-0.0009053548177083334,0.0029296875,0.53515625,2.640625,0.020041910807291667,0.016845703125,0.7333333333333333,0.6666666666666666,0.8666666666666667,0.004914042154947917,0.03866271972656248,5000
20,4,0.00325927734375,-1.4599609375,-1.46322021484375,0.0011819240098605306,-0.0037763390440150816,-0.0013631184895833333,0.0,2.819954427083333,-0.8707194010416667,-3.690673828125,0.0005954412119298387,0.006410531683245296,-0.01260986328125,-0.013916015625,-0.00860595703125,-0.009765625,-0.002880859375,-0.00390625,0.53515625,2.640625,0.011246744791666667,0.01171875,0.4666666666666667,0.7333333333333333,0.8666666666666667,-0.003432210286458333,0.02362294514973955,5000
20,5,0.002197265625,-1.4593098958333333,-1.4615071614583333,0.0012878564257325703,-0.010695737189703802,-0.0024251302083333334,0.0,2.8242757161458334,-0.8690511067708333,-3.6933268229166667,0.0006081245807902198,0.004420284259534639,-0.00828857421875,-0.0078125,-0.006807454427083333,-0.009765625,0.0008626302083333333,0.0,0.53125,2.671875,0.0058634440104166664,0.0079345703125,0.4666666666666667,0.5333333333333333,0.6,-0.007715861002604167,0.018709309895833335,5000
20,6,0.0051920572916666664,-1.45517578125,-1.4603678385416667,0.0014602330946071626,-0.0018811472372490127,0.0005696614583333334,0.00390625,2.8215372721354166,-0.8685017903645833,-3.6900390625,0.0005772408125265074,0.00436490340320425,-0.011027018229166666,-0.013671875,-0.00408935546875,-0.001953125,0.00046590169270833336,0.0009765625,0.53125,2.6484375,0.0115966796875,0.017578125,0.5333333333333333,0.5333333333333333,0.7333333333333333,0.001236572265625,0.021468505859374994,5000
20,7,0.006429036458333333,-1.45625,-1.4626790364583333,0.0012339937418195772,-0.0023808809102664466,0.001806640625,0.0048828125,2.8302652994791666,-0.8701497395833333,-3.7004150390625,0.000497997462489548,0.005858348049898023,-0.0022989908854166665,0.0,-0.00067138671875,0.0,-0.0013285319010416666,0.0029296875,0.54296875,2.65625,0.004105631510416667,0.00390625,0.6,0.4666666666666667,0.6,-0.0052978515625,0.013077901204427082,5000
20,8,0.005415852864583333,-1.45703125,-1.4624471028645833,0.001376357597405068,-0.003950572974587737,0.00079345703125,0.00048828125,2.822465006510417,-0.8718465169270834,-3.6943115234375,0.0006436211786375801,0.005614255910333602,-0.010099283854166667,-0.0078125,0.0008707682291666667,-0.003173828125,-0.001580810546875,0.00390625,0.53125,2.6796875,0.010892740885416667,0.0068359375,0.5333333333333333,0.7333333333333333,0.8,0.0003377278645833333,0.021257324218749988,5000
20,9,0.004111735026041666,-1.4587890625,-1.4629007975260417,0.0011877252496066712,-0.005162927989716853,-0.0005106608072916667,0.001953125,2.821700032552083,-0.87156982421875,-3.6932698567708333,0.00051845924001049,0.006553373663066636,-0.0108642578125,-0.0078125,-0.009208170572916667,-0.0078125,0.0029398600260416665,0.0029296875,0.53125,2.65625,0.010353597005208333,0.0078125,0.6,0.6,0.6666666666666666,9.073893229166695e-05,0.02068944295247395,5000
20,10,0.010748291015625,-1.453515625,-1.464263916015625,0.0012978407449845105,-0.0004493956447815325,0.006125895182291666,0.0029296875,2.825850423177083,-0.86898193359375,-3.694832356770833,0.0006498858667283913,0.0034721492134233006,-0.0067138671875,0.0,-0.007364908854166667,-0.001953125,-0.0032796223958333334,-0.001953125,0.53515625,2.6484375,0.012839762369791667,0.01171875,0.6,0.4666666666666667,0.7333333333333333,0.0026833089192708336,0.023830210367838542,5000
20,11,0.00274658203125,-1.4592122395833333,-1.4619588216145833,0.00138659301504894,-0.007346132414072444,-0.0018758138020833334,-0.0009765625,2.82789306640625,-0.87110595703125,-3.6989990234375,0.0006740071367414515,0.004130095934220928,-0.004671223958333333,-0.00390625,-0.007405598958333333,-0.008056640625,-0.000238037109375,0.00390625,0.53515625,2.65625,0.00279541015625,0.00347900390625,0.4,0.5333333333333333,0.6,-0.009168497721354165,0.0145112101236979,5000
20,12,0.004831949869791667,-1.4570638020833333,-1.461895751953125,0.0011422413091756558,-0.003565706096869835,0.00020955403645833332,0.0009765625,2.8215128580729165,-0.8701456705729167,-3.691658528645833,0.0006653727464097043,0.006486131977715169,-0.011051432291666666,-0.009765625,-0.006266276041666667,-0.00390625,0.0004252115885416667,0.0009765625,0.53125,2.6640625,0.011260986328125,0.009765625,0.5333333333333333,0.5333333333333333,0.7333333333333333,0.0014639282226562504,0.021126302083333333,5000
20,13,0.006736246744791666,-1.4562174479166667,-1.4629536946614583,0.0011887906491665871,-0.0005759708897035825,0.0021138509114583333,0.0,2.8279378255208334,-0.8695556640625,-3.697493489583333,0.0004535657741756,0.002612720062611365,-0.00462646484375,-0.005859375,-0.0036417643229166665,0.00390625,0.00038859049479166664,0.00390625,0.53515625,2.671875,0.0067403157552083336,0.009765625,0.4,0.5333333333333333,0.6,-0.005258534749348958,0.018982187906901038,5000
20,14,0.0039103190104166664,-1.4589192708333334,-1.46282958984375,0.0010405050034762657,-0.0041849678269207605,-0.0007120768229166666,0.00390625,2.8268391927083334,-0.8721028645833333,-3.6989420572916667,0.0006174937146263259,0.005315892140600595,-0.00572509765625,-0.0078125,-0.0032674153645833332,0.0,-5.900065104166667e-05,0.0,0.5390625,2.671875,0.005013020833333334,0.00408935546875,0.5333333333333333,0.6,0.5333333333333333,-0.005704854329427083,0.015287679036458328,5000
20,15,0.0012349446614583334,-1.4613932291666667,-1.462628173828125,0.0014906382001082534,-0.006751003979850379,-0.003387451171875,-0.00390625,2.8252278645833333,-0.8720377604166667,-3.697265625,0.0006463423416489411,0.007912999116809472,-0.00733642578125,-0.001220703125,-0.0042154947916666664,0.0,-0.0034098307291666667,-0.001953125,0.53125,2.6484375,0.003948974609375,0.005859375,0.3333333333333333,0.5333333333333333,0.5333333333333333,-0.006530812581380208,0.014121704101562497,5000
20,16,0.003369140625,-1.4593098958333333,-1.4626790364583333,0.0013121815072939709,-0.0028439183196119766,-0.0012532552083333334,-0.00390625,2.8261922200520835,-0.87159423828125,-3.6977864583333333,0.0006261730135325577,0.005667313002298419,-0.0063720703125,-0.005859375,-0.00584716796875,-0.00390625,0.0022969563802083333,0.0009765625,0.53125,2.6640625,0.005118815104166666,0.0078125,0.4666666666666667,0.6,0.5333333333333333,-0.0084393310546875,0.017586669921874992,5000
20,17,0.005190022786458333,-1.4584309895833334,-1.4636210123697917,0.0012515376799596023,-0.005231142198344184,0.000567626953125,0.00390625,2.824149576822917,-0.8686075846354167,-3.692757161458333,0.0006200084352928207,0.004206029670704662,-0.008414713541666667,-0.0078125,-0.0026652018229166665,0.001953125,-0.0019694010416666666,0.0,0.5390625,2.6640625,0.008982340494791666,0.01171875,0.5333333333333333,0.6666666666666666,0.7333333333333333,-0.0013368225097656248,0.018524475097656246,5000
20,18,0.002984619140625,-1.45791015625,-1.460894775390625,0.0012405774506076966,-0.006386632836196613,-0.0016377766927083333,-0.00390625,2.8239339192708335,-0.8686767578125,-3.692610677083333,0.0006092407035966765,0.005752965658362391,-0.00863037109375,-0.00732421875,-0.00767822265625,-0.0078125,-0.004392496744791667,0.0,0.53125,2.65625,0.0069925944010416664,0.0078125,0.4666666666666667,0.6,0.6666666666666666,-0.002771657307942708,0.0162109375,5000
20,19,0.002630615234375,-1.458203125,-1.460833740234375,0.0011787084045666067,-0.00687236549505188,-0.0019917805989583333,0.0,2.825972493489583,-0.8681844075520834,-3.6941569010416666,0.0006534420044801527,0.0031797834654978007,-0.006591796875,-0.007080078125,-0.0024861653645833334,0.0,-0.002193196614583333,0.00390625,0.53125,2.662109375,0.004600016276041666,0.00390625,0.4666666666666667,0.6,0.6,-0.006103719075520833,0.014748331705729163,5000
20,20,0.004435221354166667,-1.45947265625,-1.4639078776041667,0.0016388353979476578,-0.004343091154629531,-0.00018717447916666668,0.001953125,2.8240234375,-0.8678466796875,-3.6918701171875,0.0006705993580187708,0.002472404016241533,-0.008540852864583334,-0.00390625,-0.0018758138020833334,-0.00067138671875,0.00498046875,0.0078125,0.53515625,2.671875,0.008353678385416667,0.001953125,0.5333333333333333,0.6,0.6666666666666666,-0.0015670776367187498,0.018326822916666666,5000
20,21,0.0014811197916666666,-1.459375,-1.4608561197916667,0.0012677800214094483,-0.008074127984830171,-0.0031412760416666668,-0.00830078125,2.8289835611979166,-0.86585693359375,-3.694840494791667,0.0005758809281499311,0.0007783868974859643,-0.0035807291666666665,0.0003662109375,-0.0040934244791666664,0.0,-0.0029744466145833334,0.0029296875,0.53125,2.6484375,0.000439453125,-0.00390625,0.4,0.4666666666666667,0.4,-0.011751505533854166,0.012720336914062491,5000
20,22,0.0023417154947916667,-1.45859375,-1.4609354654947917,0.0012457208008662287,-0.004703839713030931,-0.0022806803385416667,-0.0009765625,2.8271891276041665,-0.8702392578125,-3.6974283854166665,0.0007084792301088713,0.005132687574070274,-0.0053751627604166664,0.0,-0.0103515625,-0.009765625,-0.0019816080729166668,0.0,0.53125,2.65625,0.003094482421875,-0.0029296875,0.4,0.4666666666666667,0.4666666666666667,-0.008868509928385417,0.014972941080729153,5000
20,23,0.004913330078125,-1.4553059895833333,-1.4602193196614583,0.0012756162526076603,-0.00218805426548233,0.00029093424479166666,-0.0013427734375,2.8277262369791667,-0.8682698567708333,-3.69599609375,0.0007465252958415142,0.0013614416641888883,-0.004838053385416667,0.0,-0.0073282877604166664,-0.00732421875,0.00027058919270833335,0.001953125,0.53125,2.6484375,0.005128987630208333,0.005859375,0.4666666666666667,0.4666666666666667,0.6,-0.006063283284505208,0.01616760253906248,5000
20,24,0.0024739583333333332,-1.45986328125,-1.4623372395833334,0.0012399874193014413,-0.008164491494546311,-0.0021484375,0.001953125,2.82967529296875,-0.86883544921875,-3.6985107421875,0.0005966195656992053,0.0011794707022971813,-0.0028889973958333335,0.0,-0.008723958333333334,-0.0042724609375,0.0014139811197916667,0.0009765625,0.53125,2.6484375,0.0007405598958333333,-0.001953125,0.5333333333333333,0.4,0.4666666666666667,-0.008447672526041667,0.010539143880208327,5000
20,25,0.0019429524739583333,-1.4587239583333333,-1.4606669108072916,0.0012371725713469447,-0.0035709165751878946,-0.002679443359375,0.0,2.8255859375,-0.8728515625,-3.6984375,0.0006311977870532819,0.005015711599348555,-0.006978352864583333,-0.001953125,-0.007637532552083334,-0.0078125,0.0005228678385416667,0.0068359375,0.53125,2.6640625,0.0042989095052083336,0.0087890625,0.4666666666666667,0.6,0.6,-0.006909637451171875,0.014685160319010414,5000
20,26,0.006929524739583333,-1.4586588541666667,-1.46558837890625,0.0011908871513552353,-0.0019895821692009945,0.00230712890625,0.0029296875,2.826171875,-0.8705891927083333,-3.696761067708333,0.0005473232427525889,0.006551194384934112,-0.006392415364583333,-0.0078125,-0.009391276041666667,-0.009765625,-0.0016337076822916666,0.001953125,0.53515625,2.6328125,0.008699544270833333,0.00390625,0.6,0.5333333333333333,0.6,-0.0015463256835937498,0.01927388509114579,5000
20,27,0.0059326171875,-1.4579427083333334,-1.4638753255208334,0.0012646345874839243,-0.0015220211944234638,0.0013102213541666666,0.00390625,2.8293660481770835,-0.8675496419270833,-3.696915690104167,0.0006459033501030916,-0.0008222327034119066,-0.0031982421875,0.0,-0.00172119140625,0.0,0.0006856282552083333,0.00390625,0.53125,2.671875,0.004508463541666666,0.0054931640625,0.6,0.4666666666666667,0.6,-0.008506266276041667,0.01684590657552083,5000
20,28,0.004105631510416667,-1.4576822916666667,-1.4617879231770834,0.0013467467903367388,-0.002941674237811423,-0.0005167643229166667,0.0,2.826399739583333,-0.8698323567708334,-3.6962320963541666,0.0006012380717022413,0.006383258118025035,-0.00616455078125,-0.0078125,-0.0066650390625,-0.00732421875,-0.00015665690104166668,0.0,0.53515625,2.6484375,0.005647786458333333,0.01171875,0.4666666666666667,0.5333333333333333,0.7333333333333333,-0.007191263834635416,0.017667643229166665,5000
20,29,0.0025126139322916665,-1.4587890625,-1.4613016764322917,0.0012006195166244806,-0.006452961802315833,-0.002109781901041667,-0.001953125,2.8297932942708335,-0.8696126302083333,-3.6994059244791666,0.0006895873336860589,0.0022288102405963904,-0.00277099609375,0.0,-0.008504231770833334,-0.00390625,-0.0026143391927083335,0.0,0.52734375,2.6640625,0.0006612141927083334,-0.003082275390625,0.4666666666666667,0.4666666666666667,0.4,-0.010870717366536458,0.012411651611328109,5000
20,30,0.001629638671875,-1.4587239583333333,-1.4603535970052084,0.0012427401310590087,-0.004537949482541307,-0.0029927571614583332,-0.00390625,2.8241170247395835,-0.8706013997395833,-3.694718424479167,0.0004613318592926772,0.004524000838896728,-0.008447265625,-0.005859375,-0.008426920572916666,-0.0078125,-0.0029886881510416668,-0.00390625,0.53125,2.6484375,0.005454508463541666,0.001953125,0.4,0.5333333333333333,0.5333333333333333,-0.007365061442057292,0.01689203898111977,5000
20,31,-0.0014811197916666666,-1.4611979166666667,-1.459716796875,0.001460625962503892,-0.011316050078358484,-0.006103515625,-0.00390625,2.824751790364583,-0.87098388671875,-3.6957356770833334,0.0006622596236306875,0.006262972875379722,-0.0078125,-0.00390625,-0.00142822265625,0.0,0.0016927083333333334,0.00439453125,0.53125,2.65625,0.001708984375,0.005859375,0.4,0.6,0.5333333333333333,-0.010825602213541667,0.014095662434895824,5000
21,0,-3.4586588541666666e-05,-1.45927734375,-1.4592427571614583,0.0013744800149922377,-0.008097701479247692,-0.004656982421875,0.0,2.8282430013020834,-0.86815185546875,-3.696394856770833,0.0006152930593326298,0.004745726424971647,-0.0043212890625,0.0,-0.006254069010416667,-0.0078125,-0.000213623046875,0.0009765625,0.53125,2.671875,-0.000335693359375,0.0029296875,0.4666666666666667,0.4,0.5333333333333333,-0.011354573567708333,0.010233866373697912,5000
21,1,0.00599365234375,-1.4576497395833334,-1.4636433919270833,0.0011756953482668022,-0.005809683562678184,0.0013712565104166666,0.001953125,2.8208740234375,-0.8718505859375,-3.692724609375,0.0006075993978059656,0.008892262984107372,-0.011690266927083333,-0.009765625,-0.00989990234375,-0.005859375,-0.0004903157552083333,0.00390625,0.53515625,2.625,0.0130615234375,0.01171875,0.6,0.7333333333333333,0.7333333333333333,0.0015950520833333333,0.024259440104166665,5000
21,2,0.003902180989583333,-1.4589192708333334,-1.4628214518229166,0.0011808564353359512,-0.0031603489207056067,-0.00072021484375,0.00146484375,2.8275431315104167,-0.8667439778645833,-3.694287109375,0.0005168712153933813,0.0008212902662867154,-0.005021158854166667,0.0,-0.00733642578125,-0.00341796875,-0.00091552734375,0.0029296875,0.53125,2.640625,0.004300944010416667,0.0009765625,0.5333333333333333,0.4,0.5333333333333333,-0.009647725423177083,0.018375752766927083,5000
21,3,0.0020528157552083333,-1.4592447916666667,-1.461297607421875,0.0013277405807891874,-0.007866032582114027,-0.002569580078125,0.001953125,2.8301513671875,-0.8682047526041666,-3.698356119791667,0.0005853962110398875,0.0018773592357786396,-0.0024129231770833332,0.0,-0.0012288411458333333,0.0,-0.0022298177083333332,-0.001953125,0.53515625,2.6796875,-0.00015665690104166668,0.001953125,0.5333333333333333,0.4,0.6,-0.011942596435546874,0.010355936686197912,5000
21,4,0.0031005859375,-1.4602213541666667,-1.4633219401041666,0.0011767631004128512,-0.0046933237236862916,-0.0015218098958333333,0.00390625,2.824755859375,-0.8709879557291667,-3.6957438151041666,0.0006452945670863924,0.004771949287550884,-0.0078084309895833336,-0.0078125,-0.00489501953125,-0.001953125,-0.0008646647135416666,-0.00390625,0.5390625,2.6484375,0.00628662109375,0.0050048828125,0.5333333333333333,0.5333333333333333,0.6666666666666666,-0.00563995361328125,0.01767181396484375,5000
21,5,0.007173665364583333,-1.4569986979166667,-1.46417236328125,0.0015075204147146487,-0.0010115635751650098,0.00255126953125,0.001953125,2.824141438802083,-0.86959228515625,-3.693733723958333,0.0005348478587084709,0.00655215592069062,-0.0084228515625,-0.0078125,-0.00263671875,-0.0054931640625,-0.0012939453125,0.0009765625,0.53125,2.6328125,0.01097412109375,0.020263671875,0.5333333333333333,0.6666666666666666,0.6666666666666666,4.801432291666695e-05,0.021281636555989573,5000
21,6,0.006363932291666667,-1.4583333333333333,-1.464697265625,0.0012190464488611844,-0.0008777321174699288,0.0017415364583333334,0.0,2.8262898763020834,-0.8686971028645833,-3.6949869791666665,0.0006082687898080725,0.0013357095650963794,-0.0062744140625,-0.007080078125,-0.0035603841145833335,-0.0040283203125,0.002178955078125,0.00390625,0.53515625,2.6484375,0.008015950520833334,0.00390625,0.4666666666666667,0.6,0.6666666666666666,-0.003304443359375,0.019157104492187497,5000
21,7,0.0032796223958333334,-1.458984375,-1.4622639973958333,0.0014739479410166556,-0.006285480969261704,-0.0013427734375,0.00390625,2.82510986328125,-0.8722859700520833,-3.697395833333333,0.000612180397246981,0.0035139794029786457,-0.007454427083333334,-0.0078125,-0.0038167317708333332,-0.0078125,-0.0037109375,0.0,0.5234375,2.625,0.006111653645833334,0.0087890625,0.5333333333333333,0.6,0.6666666666666666,-0.005852254231770833,0.01831095377604166,5000
21,8,-8.544921875e-05,-1.4607421875,-1.46065673828125,0.0011700109165978985,-0.008184745233552473,-0.004707845052083334,-0.001953125,2.8258707682291666,-0.8688720703125,-3.6947428385416665,0.000665794277957783,0.0023525550395523073,-0.006693522135416667,-0.0078125,-0.00565185546875,-0.0078125,-0.000933837890625,0.0,0.53515625,2.671875,0.0019856770833333332,0.0029296875,0.4,0.6,0.6,-0.01001953125,0.012528483072916667,5000
21,9,0.004105631510416667,-1.4590494791666666,-1.4631551106770833,0.0012307741051266635,-0.00478773943898282,-0.0005167643229166667,-0.00390625,2.824287923177083,-0.8684611002604167,-3.6927490234375,0.00048073059507694574,0.004498481908540078,-0.0082763671875,-0.011474609375,-0.0076904296875,-0.01171875,0.00045369466145833335,0.00390625,0.53125,2.640625,0.007759602864583334,0.0078125,0.4666666666666667,0.5333333333333333,0.6666666666666666,-0.004663594563802083,0.020236511230468733,5000
21,10,0.00343017578125,-1.4578450520833333,-1.4612752278645833,0.0014229522228126317,-0.006267201257949316,-0.0011922200520833334,0.0009765625,2.82886962890625,-0.86895751953125,-3.6978271484375,0.0006486387387845586,0.002163838961241586,-0.0036946614583333332,-0.0135498046875,-0.006644694010416666,-0.0078125,-0.0023417154947916667,-0.0009765625,0.53125,2.625,0.00250244140625,-0.000244140625,0.5333333333333333,0.5333333333333333,0.4666666666666667,-0.012091267903645833,0.016130371093749988,5000
21,11,0.003719075520833333,-1.45927734375,-1.4629964192708333,0.0012609450957049761,-0.0021926748206618444,-0.0009033203125,0.00390625,2.82896728515625,-0.87169189453125,-3.7006591796875,0.0006506660684258664,0.0028673110505893894,-0.003597005208333333,-0.00390625,-0.0009236653645833333,0.0,0.0026448567708333335,0.0078125,0.5390625,2.671875,0.0026936848958333333,0.0078125,0.6666666666666666,0.5333333333333333,0.6666666666666666,-0.008049112955729167,0.012540893554687496,5000
21,12,0.004376220703125,-1.4556315104166666,-1.4600077311197917,0.001308829153570013,-0.005488012954972534,-0.0002461751302083333,0.001953125,2.82984619140625,-0.86695556640625,-3.6968017578125,0.0005464813439739689,0.00024090984479381474,-0.0027180989583333332,0.0,-0.007515462239583334,-0.00390625,0.0002197265625,-0.0029296875,0.52734375,2.671875,0.002471923828125,0.0,0.6,0.4666666666666667,0.4666666666666667,-0.011617787679036458,0.016423238118489572,5000
21,13,0.0018839518229166667,-1.4578450520833333,-1.45972900390625,0.0014489757003004061,-0.010463704807445897,-0.0027384440104166667,0.0068359375,2.8243082682291667,-0.8701416015625,-3.694449869791667,0.0007101875912516625,0.003760377452088888,-0.008256022135416667,-0.0150146484375,-0.00186767578125,0.0028076171875,-0.0021199544270833334,0.0029296875,0.53515625,2.6484375,0.005517578125,0.005859375,0.5333333333333333,0.6666666666666666,0.7333333333333333,-0.008089396158854166,0.018038126627604165,5000
21,14,0.001971435546875,-1.45927734375,-1.461248779296875,0.0013556672064704521,-0.007347480439491588,-0.002650960286458333,0.0,2.8277547200520834,-0.8696492513020834,-3.697403971354167,0.000580129707393706,0.004653773527685553,-0.0048095703125,-0.0078125,-0.00733642578125,-0.0078125,-0.0005167643229166667,0.0048828125,0.53515625,2.6484375,0.0021586100260416667,0.00390625,0.4666666666666667,0.6666666666666666,0.5333333333333333,-0.010469462076822917,0.01343612670898437,5000
21,15,0.007423909505208334,-1.45341796875,-1.4608418782552084,0.00141371071652396,-0.0027945444319737002,0.002801513671875,0.0009765625,2.8287312825520834,-0.8676717122395833,-3.696402994791667,0.0005581018146264852,0.0016988774849825594,-0.0038330078125,0.0,-0.0049560546875,0.0,-0.0016377766927083333,-0.0015869140625,0.53125,2.6640625,0.006634521484375,-0.0009765625,0.5333333333333333,0.4666666666666667,0.4666666666666667,-0.0050111389160156245,0.018093210856119788,5000
21,16,0.003989664713541666,-1.4569661458333334,-1.460955810546875,0.0012657591594669902,-0.006947984298059356,-0.0006327311197916667,0.00048828125,2.8255818684895835,-0.86817626953125,-3.6937581380208333,0.0005931163803579469,0.002679128213270258,-0.006982421875,-0.003662109375,-0.00382080078125,-0.00390625,-0.004441324869791667,-0.0009765625,0.53125,2.65625,0.006349690755208333,0.011474609375,0.6,0.5333333333333333,0.6666666666666666,-0.005904184977213542,0.017326100667317705,5000
21,17,0.005257161458333334,-1.4580078125,-1.4632649739583334,0.001108178242568262,-0.0021532157531067644,0.000634765625,0.00048828125,2.82269287109375,-0.8679890950520833,-3.690681966145833,0.0006627223235581389,0.0037295645361208707,-0.009871419270833333,-0.0078125,-0.0066487630208333336,0.0,-0.0025777180989583334,-0.00390625,0.52734375,2.640625,0.010506184895833333,0.005859375,0.5333333333333333,0.7333333333333333,0.7333333333333333,-0.0012290445963541667,0.022461954752604152,5000
21,18,0.006113688151041667,-1.4563151041666667,-1.4624287923177084,0.0014125100942763522,-0.004286854559197162,0.0014912923177083333,0.00732421875,2.828934733072917,-0.86629638671875,-3.6952311197916665,0.0006301504274848671,0.0009762731624325509,-0.0036295572916666668,0.0,-0.007035319010416667,-0.00390625,-0.002142333984375,0.0029296875,0.52734375,2.646484375,0.005120849609375,-0.001953125,0.5333333333333333,0.4666666666666667,0.4666666666666667,-0.008076222737630208,0.018505910237630208,5000
21,19,0.005731201171875,-1.45849609375,-1.464227294921875,0.0012018166531474422,-0.005326485766791026,0.0011088053385416667,0.00390625,2.8314615885416665,-0.8705647786458334,-3.7020263671875,0.0007054267830741989,0.001053212606386268,-0.0011027018229166667,0.0013427734375,-0.0048828125,0.0,-0.002728271484375,0.0,0.5390625,2.669921875,0.0022115071614583334,0.0040283203125,0.6,0.4,0.6,-0.00842864990234375,0.012042592366536453,5000
21,20,0.004593912760416667,-1.459765625,-1.4643595377604166,0.001294662374125291,-0.006419828101681194,-2.8483072916666667e-05,0.00390625,2.827201334635417,-0.8701944986979167,-3.697395833333333,0.0006538677801913829,0.0033905896446029577,-0.005362955729166666,-0.005859375,-0.006693522135416667,-0.00390625,0.0007039388020833333,0.00390625,0.51953125,2.65625,0.00533447265625,0.007568359375,0.6,0.6,0.6666666666666666,-0.005106913248697917,0.015958658854166665,5000
21,21,0.002783203125,-1.4583333333333333,-1.4611165364583334,0.0013926584012737284,-0.006295590907037232,-0.0018391927083333333,0.0,2.82908935546875,-0.8689656575520833,-3.6980550130208334,0.0006994920573498707,0.001057108823162973,-0.003474934895833333,0.0,-0.010371907552083334,-0.0078125,-0.0023681640625,-0.00048828125,0.53125,2.65625,0.0016357421875,0.0,0.4666666666666667,0.4666666666666667,0.4666666666666667,-0.00936767578125,0.012362060546874994,5000
21,22,0.004376220703125,-1.4573567708333333,-1.4617329915364583,0.0013920547991920058,-0.007353399699618241,-0.0002461751302083333,0.00390625,2.83209228515625,-0.8657918294270833,-3.697884114583333,0.0006769991648510894,0.0006317348693984766,-0.00047200520833333334,0.009033203125,-0.004646809895833334,-0.00390625,-0.004813639322916666,-0.00390625,0.53515625,2.65625,0.000225830078125,-0.004150390625,0.5333333333333333,0.4666666666666667,0.4666666666666667,-0.013392435709635416,0.013648020426432284,5000
21,23,0.001531982421875,-1.4582356770833333,-1.4597676595052083,0.0012241343610655795,-0.008175736877607035,-0.0030904134114583333,0.0,2.830330403645833,-0.8690511067708333,-3.6993815104166665,0.0005665425836513225,0.0021933728564437513,-0.00223388671875,0.0,-0.0040323893229166664,-0.00390625,4.475911458333333e-05,0.00390625,0.53125,2.671875,-0.0008565266927083333,0.0009765625,0.4666666666666667,0.4666666666666667,0.5333333333333333,-0.009731241861979167,0.007527770996093748,5000
21,24,0.002193196614583333,-1.45830078125,-1.4604939778645833,0.0014398873606234993,-0.0072834351810991274,-0.00242919921875,-0.00390625,2.8247314453125,-0.869677734375,-3.6944091796875,0.0006280842084539622,0.004723670899582474,-0.007832845052083334,-0.01171875,-0.007242838541666667,-0.0078125,0.0016133626302083333,0.00390625,0.53515625,2.65625,0.005403645833333333,0.01171875,0.4,0.6666666666666666,0.6666666666666666,-0.005155843098958333,0.01497802734375,5000
21,25,0.005442301432291667,-1.4579752604166667,-1.4634175618489584,0.0014084715711151427,-0.0013898571359994014,0.0008199055989583333,0.0009765625,2.8307698567708335,-0.8663004557291667,-3.6970703125,0.0006499019005835934,0.0001807646248489936,-0.00179443359375,0.0,-0.0048787434895833336,-0.0078125,0.0015828450520833333,0.0029296875,0.53125,2.6640625,0.0026143391927083335,0.0009765625,0.5333333333333333,0.4666666666666667,0.5333333333333333,-0.008339691162109374,0.013502502441406227,5000
21,26,0.0026997884114583334,-1.4583658854166666,-1.461065673828125,0.0012398153012035298,-0.004390445976936146,-0.001922607421875,0.0,2.8246744791666667,-0.8687093098958333,-3.6933837890625,0.000492673683220048,0.002142191190902232,-0.007889811197916667,-0.001953125,-0.005875651041666667,-0.0028076171875,-1.0172526041666666e-05,0.0009765625,0.53515625,2.6640625,0.005967203776041667,0.0072021484375,0.4666666666666667,0.5333333333333333,0.5333333333333333,-0.003603871663411458,0.016130421956380196,5000
21,27,0.004931640625,-1.4571614583333334,-1.4620930989583334,0.0013819837276618137,-0.006236032373208268,0.00030924479166666665,0.00390625,2.82481689453125,-0.8699666341145833,-3.6947835286458335,0.0005516260129713026,0.0074636250697591834,-0.0077473958333333336,-0.0078125,-0.008711751302083333,-0.00390625,-0.001220703125,0.0,0.53515625,2.65625,0.008056640625,0.01171875,0.6,0.6,0.6666666666666666,-0.0053059895833333336,0.01997924804687499,5000
21,28,0.003177897135416667,-1.4589518229166667,-1.4621297200520833,0.0012871490357734654,-0.005608451811701813,-0.0014444986979166667,0.0,2.8285481770833334,-0.86943359375,-3.697981770833333,0.0005989541531127791,0.0023573052818616097,-0.00401611328125,-0.00537109375,-0.006815592447916667,-0.00390625,0.0005106608072916667,0.0,0.52734375,2.6484375,0.0025716145833333333,0.0078125,0.4666666666666667,0.5333333333333333,0.6666666666666666,-0.012476603190104166,0.016605834960937496,5000
21,29,0.004203287760416666,-1.4577799479166667,-1.4619832356770834,0.0014762640977974617,-0.0031228705239028276,-0.00041910807291666664,0.0009765625,2.8293131510416667,-0.8692952473958333,-3.6986083984375,0.0007799770271915553,0.00020253065952448602,-0.0032511393229166666,0.002197265625,-0.007958984375,-0.0068359375,0.0014058430989583334,0.0,0.53125,2.6796875,0.00283203125,0.001953125,0.5333333333333333,0.4,0.5333333333333333,-0.009273579915364583,0.015080057779947913,5000
21,30,9.358723958333334e-05,-1.4578125,-1.4579060872395833,0.0013640357958549015,-0.007191505568480436,-0.00452880859375,0.0,2.8283894856770835,-0.86961669921875,-3.698006184895833,0.0005213962570007162,0.0023852831272203633,-0.0041748046875,0.0,-0.0064208984375,-0.0078125,-0.00047403971354166666,0.00390625,0.53515625,2.6640625,-0.00035400390625,0.0009765625,0.4666666666666667,0.4666666666666667,0.5333333333333333,-0.011668192545572916,0.010556335449218732,5000
21,31,0.002132161458333333,-1.4585286458333333,-1.4606608072916667,0.0014653320922537948,-0.008685319739145419,-0.002490234375,0.001953125,2.8241984049479165,-0.8706013997395833,-3.6947998046875,0.0006179170750376795,0.003840182569245823,-0.008365885416666666,-0.00390625,-0.004060872395833333,0.00244140625,-0.002679443359375,-0.00390625,0.53125,2.6640625,0.005875651041666667,0.0035400390625,0.5333333333333333,0.5333333333333333,0.5333333333333333,-0.005526326497395833,0.017716674804687495,5000
22,0,0.0089599609375,-1.45400390625,-1.4629638671875,0.001204364616819908,0.0007713680554332125,0.0043375651041666664,0.0009765625,2.8258992513020833,-0.8678995768229166,-3.693798828125,0.0006627618247170773,0.004224425494087513,-0.0066650390625,-0.0078125,-0.006437174479166667,-0.00390625,-0.0014322916666666666,-0.00390625,0.53125,2.6484375,0.011002604166666667,0.015625,0.6,0.5333333333333333,0.6666666666666666,0.0004715983072916668,0.021663818359374993,5000
22,1,0.0016194661458333334,-1.4604817708333333,-1.4621012369791666,0.0012951449714434535,-0.009367277618667307,-0.0030029296875,-0.00390625,2.826729329427083,-0.8672159830729167,-3.6939453125,0.0005562060691964137,0.0014005445935581333,-0.0058349609375,-0.00390625,-0.010225423177083333,-0.0078125,-0.003513590494791667,-0.001953125,0.53125,2.6640625,0.00283203125,0.0087890625,0.4666666666666667,0.6666666666666666,0.6,-0.011264851888020833,0.01704203287760415,5000
22,2,0.003057861328125,-1.4587239583333333,-1.4617818196614583,0.0013366229772891287,-0.0037185406060253378,-0.0015645345052083333,0.001953125,2.821484375,-0.871142578125,-3.692626953125,0.0005959591084738317,0.006060134780623855,-0.011079915364583333,-0.01171875,-0.006339518229166666,-0.0078125,0.00167236328125,0.0029296875,0.5234375,2.640625,0.009515380859375,0.012664794921875,0.5333333333333333,0.7333333333333333,0.7333333333333333,-0.0017274983723958334,0.01974782307942707,5000
22,3,0.005234781901041667,-1.4560872395833333,-1.461322021484375,0.0011446956995318574,-0.0011797781645302582,0.0006123860677083333,0.001953125,2.8250528971354165,-0.86981201171875,-3.6948649088541665,0.0005933595759481134,0.003658756582532699,-0.0075113932291666664,-0.00390625,-0.009965006510416667,-0.01171875,0.00081787109375,0.0009765625,0.53125,2.6640625,0.008123779296875,0.01171875,0.5333333333333333,0.5333333333333333,0.6,-0.0020099385579427074,0.01818318684895832,5000
22,4,0.0039713541666666664,-1.45869140625,-1.4626627604166667,0.001423270185558176,-0.007663403564405228,-0.0006510416666666666,0.0009765625,2.82698974609375,-0.8679484049479167,-3.694938151041667,0.0005051063813517803,0.003273921370892059,-0.005574544270833333,-0.0078125,-0.004630533854166666,-0.00390625,-0.003363037109375,0.0,0.53515625,2.6484375,0.004923502604166667,0.00390625,0.5333333333333333,0.6666666666666666,0.6666666666666666,-0.00736572265625,0.016463623046874994,5000
22,5,0.002528889973958333,-1.46015625,-1.4626851399739584,0.0014208234207941013,-0.00793590826892105,-0.002093505859375,-0.001953125,2.825545247395833,-0.8733968098958333,-3.6989420572916667,0.000619371465441839,0.007122766091243381,-0.00701904296875,-0.00390625,-0.009672037760416667,-0.00390625,-0.0014444986979166667,0.00048828125,0.52734375,2.65625,0.004925537109375,0.00390625,0.4666666666666667,0.6,0.5333333333333333,-0.00571929931640625,0.01612167358398437,5000
22,6,0.0014241536458333333,-1.4596028645833334,-1.4610270182291667,0.0012459883203720739,-0.007964923392358797,-0.0031982421875,0.0009765625,2.82576904296875,-0.8679402669270834,-3.693709309895833,0.000640361545509784,0.001535291740744431,-0.006795247395833333,0.0,-0.008247884114583333,-0.00927734375,-0.0016153971354166666,-0.00390625,0.52734375,2.640625,0.003597005208333333,0.00390625,0.5333333333333333,0.4666666666666667,0.6,-0.011052042643229166,0.01788818359374999,5000
22,7,0.009987386067708333,-1.4575846354166666,-1.467572021484375,0.0011898704333967423,-0.00032219596230985105,0.005364990234375,0.009765625,2.8209269205729166,-0.8706339518229167,-3.6915608723958333,0.00052529507268692,0.004639998158015109,-0.011637369791666666,-0.009765625,-0.004638671875,-0.00390625,-0.0026713053385416666,0.00390625,0.53125,2.640625,0.017002360026041666,0.01171875,0.7333333333333333,0.6666666666666666,0.7333333333333333,0.00455078125,0.029451497395833335,5000
22,8,-0.00019327799479166666,-1.46083984375,-1.4606465657552083,0.0012448636494367196,-0.008917259340265755,-0.004815673828125,-0.001953125,2.8221720377604167,-0.8695027669270833,-3.6916748046875,0.0006722425579897446,0.007834356877612992,-0.010392252604166667,-0.0078125,-0.008207194010416667,-0.0078125,-0.002923583984375,0.001953125,0.53515625,2.65625,0.005576578776041666,0.0107421875,0.3333333333333333,0.6666666666666666,0.6666666666666666,-0.005949808756510417,0.016294352213541665,5000
22,9,-0.00030110677083333335,-1.4610677083333334,-1.4607666015625,0.0014302642140850675,-0.008098803772147915,-0.004923502604166667,-0.00390625,2.8298095703125,-0.8677652994791667,-3.6975748697916666,0.000591812837873426,0.0008002626048531395,-0.0027547200520833333,-0.0030517578125,-0.005537923177083333,0.0,-0.003741455078125,-0.0029296875,0.53125,2.65625,-0.0021687825520833332,-0.002197265625,0.3333333333333333,0.6,0.3333333333333333,-0.012985127766927082,0.009407755533854163,5000
22,10,0.005434163411458333,-1.4553385416666667,-1.460772705078125,0.0011793675762689366,-0.00268104622735284,0.000811767578125,0.0,2.827933756510417,-0.8683797200520833,-3.6963134765625,0.0006615869677832529,0.0015804213359146319,-0.004630533854166666,0.0,-0.0054443359375,0.0,-0.005135091145833334,0.0,0.53125,2.6640625,0.005442301432291667,0.001953125,0.4666666666666667,0.4666666666666667,0.6,-0.006217651367187499,0.01697494506835936,5000
22,11,0.005419921875,-1.4563802083333333,-1.4618001302083334,0.001398191833755311,-0.005649261735508054,0.0007975260416666667,0.00390625,2.8263264973958333,-0.8689453125,-3.6952718098958335,0.000606489062889809,0.0008867171364854962,-0.00623779296875,-0.00390625,-0.00775146484375,-0.0078125,-3.0517578125e-05,0.0,0.53515625,2.6640625,0.007035319010416667,0.009765625,0.6,0.5333333333333333,0.6666666666666666,-0.003955078125,0.017591654459635397,5000
22,12,0.007399495442708333,-1.4584635416666667,-1.465863037109375,0.0012405103634409048,-0.002771957868295378,0.002777099609375,0.0068359375,2.82325439453125,-0.87064208984375,-3.693896484375,0.0005612540771129526,0.006536515800807724,-0.009309895833333333,-0.00390625,-0.006075032552083333,-0.00732421875,-0.00347900390625,0.00390625,0.5234375,2.671875,0.012086995442708333,0.0078125,0.6666666666666666,0.6,0.7333333333333333,0.0032751973470052085,0.021805979410807287,5000
22,13,0.0025614420572916668,-1.4590169270833333,-1.461578369140625,0.0014674439693740978,-0.008447158814459139,-0.0020609537760416666,0.00390625,2.827445475260417,-0.8688273111979167,-3.696272786458333,0.0006918868210932784,0.0033078688389049926,-0.005118815104166666,-0.0078125,-0.0034098307291666667,0.0,-6.103515625e-05,0.0,0.52734375,2.640625,0.003057861328125,0.0018310546875,0.6,0.6,0.5333333333333333,-0.0069219970703125,0.012873331705729152,5000
22,14,0.007818603515625,-1.4575520833333333,-1.4653706868489584,0.0012777194033801776,-0.004674877004711577,0.0031962076822916667,0.00732421875,2.8302205403645835,-0.86842041015625,-3.6986409505208333,0.0007218397468339021,0.0010146487502287309,-0.00234375,-0.001220703125,-0.005936686197916667,-0.00390625,-0.0026611328125,0.001953125,0.53125,2.671875,0.005539957682291667,0.0081787109375,0.7333333333333333,0.6,0.7333333333333333,-0.00501953125,0.015047810872395824,5000
22,15,0.003666178385416667,-1.4579752604166667,-1.4616414388020833,0.0011095098222944646,-0.006239944232787521,-0.0009562174479166666,0.0029296875,2.8253499348958333,-0.8685953776041667,-3.6939453125,0.0004992428200155836,0.004799897909560363,-0.00721435546875,-0.0078125,0.0014851888020833333,0.0023193359375,0.00128173828125,0.0048828125,0.53125,2.6484375,0.006258138020833333,0.00390625,0.5333333333333333,0.5333333333333333,0.6,-0.004578145345052083,0.017383117675781247,5000
22,16,0.0007080078125,-1.4600260416666666,-1.4607340494791667,0.0014362577150181664,-0.004818365466875822,-0.003914388020833334,-0.0078125,2.823050944010417,-0.8717814127604167,-3.694832356770833,0.0005401172554232982,0.003956370557295293,-0.009513346354166667,-0.0078125,-0.006429036458333333,-0.0078125,-0.0041259765625,0.0,0.52734375,2.677734375,0.005598958333333333,0.01171875,0.4666666666666667,0.6,0.6666666666666666,-0.008985595703124998,0.01782246907552083,5000
22,17,0.004264322916666666,-1.4577799479166667,-1.4620442708333334,0.001460427258791894,-0.0031704188940556237,-0.00035807291666666664,0.001953125,2.8282877604166665,-0.8666097005208333,-3.6948974609375,0.0006466020233536381,0.0008790560910863806,-0.0042765299479166664,0.0,-0.0029296875,0.0,-6.103515625e-06,0.00390625,0.53125,2.654296875,0.00391845703125,0.0029296875,0.6,0.4666666666666667,0.5333333333333333,-0.0072062174479166664,0.015076497395833322,5000
22,18,0.0020222981770833333,-1.45810546875,-1.4601277669270833,0.0013355367754890885,-0.003120472328205244,-0.00260009765625,0.0,2.828080240885417,-0.8666707356770833,-3.6947509765625,0.0006456965838571934,0.0004477210028012643,-0.004484049479166667,-0.0001220703125,-0.008821614583333333,-0.00390625,-0.0029195149739583335,0.0,0.53515625,2.640625,0.0018839518229166667,0.002685546875,0.4666666666666667,0.5333333333333333,0.5333333333333333,-0.0124432373046875,0.016788940429687496,5000
22,19,0.0006632486979166667,-1.4598958333333334,-1.46055908203125,0.0012776308873276847,-0.0074467014272783195,-0.003959147135416666,-0.00390625,2.8284098307291665,-0.8659261067708334,-3.6943359375,0.0006779389726479584,-0.0003280437925803548,-0.0041544596354166664,0.0,-0.0024129231770833332,0.0,-0.0031270345052083334,-0.0029296875,0.53125,2.6640625,0.0001953125,0.00390625,0.4,0.4,0.5333333333333333,-0.012000020345052083,0.012272644042968742,5000
22,20,0.0005350748697916667,-1.4602864583333333,-1.460821533203125,0.0011683308602378655,-0.00810174910745196,-0.004087320963541667,0.0029296875,2.8305867513020835,-0.86746826171875,-3.6980550130208334,0.0006006173246517651,0.003931352547596648,-0.0019775390625,0.0,-0.00596923828125,-0.0078125,-0.006093343098958333,-0.0068359375,0.53125,2.671875,-0.002109781901041667,-0.00390625,0.5333333333333333,0.4666666666666667,0.4666666666666667,-0.015395507812499999,0.01085647583007812,5000
22,21,0.0018208821614583333,-1.4604166666666667,-1.462237548828125,0.0013751122133902614,-0.007803411682966093,-0.002801513671875,0.0,2.826790364583333,-0.871630859375,-3.6984212239583334,0.0006814511923992016,0.006933796592710718,-0.00577392578125,0.0,-0.007535807291666667,-0.00390625,-0.0040547688802083336,0.00390625,0.52734375,2.6640625,0.002972412109375,0.00390625,0.4666666666666667,0.4666666666666667,0.6,-0.00815699259440104,0.013000539143880208,5000
22,22,0.007981363932291667,-1.4564127604166666,-1.4643941243489584,0.0012786685254840805,-0.002720741763120455,0.0033589680989583332,0.0,2.82835693359375,-0.8685343424479167,-3.696891276041667,0.0005837348695669579,0.0023868485033131178,-0.0042073567708333336,-0.005859375,-0.004231770833333333,0.0,-0.0037455240885416667,-0.0029296875,0.53515625,2.6484375,0.007566324869791667,0.0078125,0.4666666666666667,0.5333333333333333,0.7333333333333333,-0.0007975769042968749,0.01642288208007812,5000
22,23,0.006693522135416667,-1.45595703125,-1.4626505533854166,0.0010820108213080242,-0.006258394869038431,0.002071126302083333,0.0029296875,2.8201578776041667,-0.8701253255208333,-3.690283203125,0.0006492806089026041,0.005218865506089789,-0.012406412760416667,-0.01171875,-0.008243815104166666,-0.00390625,-0.001470947265625,0.00390625,0.53515625,2.6484375,0.0144775390625,0.015625,0.6666666666666666,0.7333333333333333,0.8,0.002563273111979167,0.025805969238281247,5000
22,24,0.004069010416666667,-1.4586263020833334,-1.4626953125,0.0011979995638734477,-0.00561020758932715,-0.0005533854166666667,-0.00390625,2.830521647135417,-0.86641845703125,-3.6969401041666665,0.0006462231236227251,-0.00024534930680951986,-0.0020426432291666668,-0.0032958984375,-0.008548990885416666,-0.0078125,-0.0049560546875,-0.0078125,0.53125,2.6796875,0.0014892578125,-0.0006103515625,0.4,0.6,0.4,-0.010026652018229167,0.0128662109375,5000
22,25,0.004925537109375,-1.45615234375,-1.461077880859375,0.0011478167203044967,-0.0022147546142006645,0.0003031412760416667,0.0009765625,2.824784342447917,-0.87066650390625,-3.695450846354167,0.0006214579823115926,0.006577881429590513,-0.007779947916666667,-0.0078125,-0.0026570638020833332,0.0,-0.00013631184895833334,0.00390625,0.53125,2.6328125,0.008083089192708334,0.0,0.5333333333333333,0.5333333333333333,0.4666666666666667,-0.0057050577799479165,0.021959025065104158,5000
22,26,0.007470703125,-1.45634765625,-1.463818359375,0.0014683479152846253,-0.0015946115363577465,0.0028483072916666665,0.0078125,2.826981608072917,-0.8668416341145834,-3.6938232421875,0.0005398018270688316,0.0014336361503922768,-0.005582682291666667,-0.0078125,-0.005025227864583333,-0.0032958984375,-0.00418701171875,0.0,0.53125,2.65625,0.008430989583333333,0.0107421875,0.6,0.6,0.7333333333333333,-0.004142252604166666,0.02087443033854166,5000
22,27,0.008168538411458334,-1.4547526041666667,-1.462921142578125,0.0013017409090803117,-0.0009542373915623237,0.003546142578125,0.0009765625,2.8286865234375,-0.8683349609375,-3.697021484375,0.0006493968235367904,0.004588528263374327,-0.0038777669270833332,0.0,-0.004073079427083333,-0.00390625,-0.001971435546875,0.00390625,0.53515625,2.671875,0.007423909505208334,0.005859375,0.5333333333333333,0.4666666666666667,0.6666666666666666,-0.0017988077799479165,0.01666280110677083,5000
22,28,0.0060465494791666664,-1.4553385416666667,-1.4613850911458333,0.0012110656028791326,-0.002639344979718379,0.0014241536458333333,0.0,2.8246134440104167,-0.8664265950520833,-3.6910400390625,0.0005172527288179568,0.0061318435075869895,-0.007950846354166667,-0.0078125,-0.00867919921875,-0.005859375,-0.000262451171875,0.00390625,0.53515625,2.671875,0.009375,0.0126953125,0.4666666666666667,0.6,0.7333333333333333,-0.0016764322916666666,0.019930419921874994,5000
22,29,0.004937744140625,-1.45849609375,-1.463433837890625,0.0012745035963470568,-0.005722886099101292,0.0003153483072916667,0.0068359375,2.82686767578125,-0.87110595703125,-3.6979736328125,0.0006844977755112229,0.003885331516869808,-0.005696614583333333,-0.0078125,-0.010009765625,-0.00830078125,-0.0022501627604166667,0.00048828125,0.53125,2.65625,0.006011962890625,0.00390625,0.6,0.6,0.6,-0.0020488484700520834,0.014402872721354158,5000
22,30,0.0035868326822916666,-1.4605143229166666,-1.4641011555989583,0.0012004097707632104,-0.006809584160591442,-0.0010355631510416666,0.00390625,2.8230997721354165,-0.8700154622395834,-3.693115234375,0.0006250400046499786,0.00589452593647544,-0.009464518229166666,-0.005859375,-0.0059773763020833336,-0.0078125,0.002872721354166667,0.00390625,0.53515625,2.65625,0.008428955078125,0.007568359375,0.5333333333333333,0.6,0.6666666666666666,-0.0011925252278645834,0.017967376708984364,5000
22,31,0.0017333984375,-1.4591145833333334,-1.4608479817708333,0.0011854205946072313,-0.007303315065711336,-0.0028889973958333335,0.001953125,2.823006184895833,-0.8697265625,-3.692732747395833,0.0006151915648607477,0.006508971367267194,-0.00955810546875,-0.0078125,-0.007230631510416667,-0.0078125,-0.004449462890625,-0.00390625,0.5234375,2.6484375,0.006669108072916667,0.015625,0.5333333333333333,0.8,0.6666666666666666,-0.0038098144531249997,0.016003519694010416,5000
23,0,0.0034688313802083335,-1.4598958333333334,-1.4633646647135417,0.0014283015248363945,-0.0024986368865705932,-0.001153564453125,-0.00390625,2.82447509765625,-0.8707234700520833,-3.695198567708333,0.0005682928190034622,0.006754837162311911,-0.008089192708333333,-0.00390625,-0.0053466796875,-0.0009765625,-0.003977457682291667,-0.00390625,0.52734375,2.6640625,0.006935628255208334,0.0115966796875,0.4666666666666667,0.6,0.6666666666666666,-0.0029685974121093747,0.016277109781901028,5000
23,1,-0.000531005859375,-1.4611328125,-1.460601806640625,0.0011840534364945085,-0.008390216871413812,-0.0051534016927083336,-0.0068359375,2.8249918619791665,-0.8683675130208334,-3.693359375,0.0005998016881761196,0.00778827774440602,-0.0075724283854166664,-0.0078125,-0.00635986328125,-0.0078125,-0.004351806640625,-0.0029296875,0.52734375,2.6796875,0.0024190266927083333,0.00390625,0.4666666666666667,0.5333333333333333,0.6,-0.009212290445963542,0.013612976074218748,5000
23,2,0.0060994466145833336,-1.45673828125,-1.4628377278645834,0.0013498090901572044,-0.00527850275016617,0.00147705078125,0.0009765625,2.82259521484375,-0.87076416015625,-3.693359375,0.0006077068708265289,0.008742555345303873,-0.009969075520833334,-0.0078125,-0.008736165364583333,-0.0078125,-0.00025838216145833334,0.0009765625,0.53125,2.654296875,0.011446126302083333,0.012451171875,0.5333333333333333,0.6666666666666666,0.6666666666666666,-0.0003258260091145832,0.023719177246093737,5000
23,3,0.005173746744791667,-1.45751953125,-1.4626932779947917,0.0011597767114316987,-0.006407882226890056,0.0005513509114583333,0.0009765625,2.82564697265625,-0.86922607421875,-3.694873046875,0.000571275932140473,0.003670483119210403,-0.006917317708333333,0.0,-0.004752604166666666,0.0,-0.006471761067708333,-0.0078125,0.53125,2.669921875,0.007468668619791666,0.005859375,0.5333333333333333,0.4666666666666667,0.6,-0.0019292195638020832,0.017063598632812496,5000
23,4,0.000543212890625,-1.4599283854166667,-1.4604715983072916,0.001289962646162998,-0.007691846155747968,-0.004079182942708333,-0.00390625,2.8260091145833335,-0.8693766276041667,-3.6953857421875,0.0004948012245581231,0.0037942436481340006,-0.00655517578125,-0.0078125,-0.0057413736979166664,-0.0078125,-0.000140380859375,0.00390625,0.53125,2.65625,0.002475992838541667,0.0009765625,0.4,0.5333333333333333,0.5333333333333333,-0.007984568277994791,0.011832987467447913,5000
23,5,0.0032185872395833334,-1.4584635416666667,-1.46168212890625,0.0012606957496312616,-0.005874377712443294,-0.00140380859375,-0.001953125,2.8231689453125,-0.866455078125,-3.6896240234375,0.00047839819798463405,0.0068104037886735,-0.009395345052083334,-0.01171875,-0.0029622395833333332,-0.003173828125,0.00181884765625,0.00390625,0.53125,2.6484375,0.007991536458333334,0.01171875,0.4666666666666667,0.6666666666666666,0.6666666666666666,-0.00587158203125,0.02203013102213541,5000
23,6,0.004221598307291667,-1.4592122395833333,-1.463433837890625,0.0012502725423333143,-0.0035355075440431055,-0.00040079752604166665,0.0009765625,2.825874837239583,-0.86844482421875,-3.694319661458333,0.0006289146481215624,0.004240040241492891,-0.006689453125,-0.00732421875,-0.00736083984375,-0.0078125,0.00125732421875,0.0009765625,0.53515625,2.6484375,0.006288655598958333,0.0029296875,0.6,0.6666666666666666,0.6666666666666666,-0.001774139404296875,0.014815368652343747,5000
23,7,0.0041849772135416664,-1.4581705729166667,-1.4623555501302083,0.0011860336765898178,-0.0029635883244455595,-0.0004374186197916667,0.001953125,2.825630696614583,-0.86973876953125,-3.6953694661458334,0.0005206292173208168,0.0028876955901704486,-0.00693359375,-0.01171875,-0.007975260416666666,-0.00390625,-0.0032145182291666665,0.0009765625,0.5234375,2.6640625,0.0064961751302083336,0.00390625,0.5333333333333333,0.7333333333333333,0.6,-0.004764963785807291,0.01741958618164062,5000
23,8,0.005452473958333333,-1.4564127604166666,-1.461865234375,0.0012891364377066055,-0.00045672782338022585,0.000830078125,-0.0001220703125,2.823258463541667,-0.8680419921875,-3.691300455729167,0.0006137375584980291,0.0028729675460981365,-0.009305826822916667,-0.0078125,-0.010835774739583333,-0.0078125,-0.003452555338541667,-0.00390625,0.5234375,2.6328125,0.010135904947916666,0.01171875,0.4666666666666667,0.6,0.7333333333333333,0.0007647705078125001,0.019706319173177084,5000
23,9,0.003975423177083334,-1.4558919270833333,-1.4598673502604167,0.0012285767347814298,-0.003161234825620757,-0.00064697265625,0.0,2.8265787760416665,-0.8704345703125,-3.697013346354167,0.0006471318133304915,0.0023885155466213176,-0.0059855143229166664,-0.00390625,-0.00770263671875,-0.0078125,0.00029703776041666664,0.0,0.53515625,2.6484375,0.005338541666666667,0.00390625,0.4666666666666667,0.5333333333333333,0.6,-0.00591766357421875,0.01623575846354166,5000
23,10,0.004069010416666667,-1.4591796875,-1.4632486979166666,0.0013240738669262468,-0.003458256547848745,-0.0005533854166666667,-0.00048828125,2.8215047200520833,-0.8701619466145833,-3.691666666666667,0.0006078844921803987,0.004495537634250041,-0.0110595703125,-0.01171875,-0.006392415364583333,-0.0078125,-0.0029500325520833335,-0.0078125,0.53125,2.6328125,0.010506184895833333,0.009765625,0.4666666666666667,0.5333333333333333,0.7333333333333333,-0.0015301513671875,0.022802734375,5000
23,11,0.0001220703125,-1.4602864583333333,-1.4604085286458333,0.0013643210607411026,-0.009054096322982716,-0.004500325520833333,-0.0009765625,2.8245198567708334,-0.8702799479166666,-3.6947998046875,0.0005959069270091371,0.006203807942555553,-0.00804443359375,-0.0078125,-0.0007161458333333333,0.0,-0.0016703287760416667,0.0009765625,0.53125,2.671875,0.003544108072916667,0.005859375,0.4,0.6,0.6,-0.007861531575520834,0.014429016113281247,5000
23,12,0.005218505859375,-1.4574544270833334,-1.4626729329427084,0.001455331768654794,-0.0025095397142090993,0.0005961100260416667,0.0,2.8264404296875,-0.8678304036458333,-3.6942708333333334,0.0005212055931569491,0.0030630243777602507,-0.006123860677083333,-0.0078125,-0.007279459635416667,-0.0042724609375,-0.0008748372395833334,0.0,0.53125,2.6640625,0.006719970703125,0.010009765625,0.4666666666666667,0.5333333333333333,0.6666666666666666,-0.004058939615885417,0.016864115397135417,5000
23,13,0.004807535807291667,-1.45966796875,-1.4644755045572917,0.0011926234359371016,-0.006195164605962517,0.00018513997395833333,0.0029296875,2.8263224283854167,-0.8690226236979167,-3.6953450520833333,0.0006549128757460311,0.006082721303072152,-0.006241861979166667,-0.00390625,-0.007303873697916667,-0.0078125,-0.005533854166666667,-0.0048828125,0.52734375,2.6640625,0.006427001953125,0.010498046875,0.5333333333333333,0.6,0.6666666666666666,-0.006374766031901041,0.019025115966796867,5000
23,14,0.00120849609375,-1.4593098958333333,-1.4605183919270834,0.001232587136581937,-0.009090731362482174,-0.003413899739583333,-0.0029296875,2.822432454427083,-0.86876220703125,-3.6911946614583333,0.0005318504039356696,0.006714001654694806,-0.0101318359375,-0.0078125,-0.009798177083333333,-0.009765625,0.00030517578125,0.0048828125,0.52734375,2.65625,0.0067179361979166664,0.0078125,0.4666666666666667,0.7333333333333333,0.7333333333333333,-0.0057171630859375,0.018588053385416657,5000
23,15,0.006174723307291667,-1.4583333333333333,-1.464508056640625,0.0012083205647065727,-0.002876813829286935,0.0015523274739583333,0.0,2.830619303385417,-0.8652791341145833,-3.6958984375,0.0005555790993003208,0.0007688094331138008,-0.0019449869791666667,0.0,-0.008907063802083334,-0.0078125,-0.0038960774739583335,-0.001953125,0.53515625,2.640625,0.003497314453125,0.0,0.4666666666666667,0.4666666666666667,0.4666666666666667,-0.010016530354817707,0.0172021993001302,5000
23,16,0.0026102701822916666,-1.4593098958333333,-1.461920166015625,0.0012879927862874867,-0.00895253204106905,-0.0020121256510416668,0.0068359375,2.826155598958333,-0.8671712239583333,-3.6933268229166667,0.0006520917039109991,0.0022082604186941706,-0.00640869140625,-0.0078125,-0.005208333333333333,-0.000244140625,-0.00174560546875,0.0009765625,0.5234375,2.65234375,0.004396565755208333,0.005859375,0.6,0.6,0.6,-0.010292816162109374,0.01890909830729166,5000
23,17,-0.000189208984375,-1.4619791666666666,-1.4617899576822917,0.001247152429913481,-0.009291985355043554,-0.004811604817708333,0.00390625,2.827783203125,-0.8727213541666666,-3.7005045572916666,0.0005199218983946764,0.006224558135593579,-0.004781087239583333,-0.005859375,-0.004838053385416667,0.0,-0.000335693359375,0.0009765625,0.53125,2.65625,-3.0517578125e-05,0.0,0.5333333333333333,0.5333333333333333,0.4666666666666667,-0.012923278808593749,0.012457784016927076,5000
23,18,0.0033182779947916667,-1.4614583333333333,-1.464776611328125,0.0013922552019213783,-0.007481047666638011,-0.0013041178385416667,0.0009765625,2.82271728515625,-0.86856689453125,-3.6912841796875,0.0004919225566158634,0.00628080359139213,-0.009847005208333334,-0.013671875,-0.00731201171875,-0.0078125,-0.003387451171875,-0.0009765625,0.53125,2.640625,0.008542887369791667,0.008056640625,0.5333333333333333,0.6,0.6666666666666666,-0.004824320475260416,0.022461242675781246,5000
23,19,0.006990559895833333,-1.45478515625,-1.4617757161458333,0.001337637612755802,-0.002356716452372347,0.0023681640625,0.001953125,2.826468912760417,-0.8673136393229167,-3.6937825520833334,0.0006239422869083046,0.00273316985716019,-0.006095377604166666,-0.0078125,-0.004683430989583333,-0.001220703125,-0.003466796875,-0.001953125,0.52734375,2.65625,0.008463541666666666,0.011474609375,0.6,0.5333333333333333,0.6666666666666666,-0.0039715576171875,0.020720011393229158,5000
23,20,0.0010050455729166666,-1.4611653645833333,-1.46217041015625,0.0013833814089940293,-0.0054757265037676,-0.0036173502604166666,0.0,2.8265665690104167,-0.8704874674479167,-3.6970540364583333,0.0005885728594517591,0.0032313183478527843,-0.005997721354166667,-0.0068359375,-0.006620279947916667,-0.001953125,0.000274658203125,0.001953125,0.53515625,2.640625,0.00238037109375,0.00390625,0.4666666666666667,0.5333333333333333,0.6,-0.010929667154947916,0.0161304728190104,5000
23,21,0.002903238932291667,-1.4591145833333334,-1.462017822265625,0.001313304010427521,-0.004698888981926798,-0.0017191569010416667,0.0029296875,2.8237508138020835,-0.8701863606770833,-3.6939371744791667,0.000570653690230519,0.005036749546553881,-0.0088134765625,-0.0078125,-0.010042317708333333,-0.0078125,-0.004534912109375,-0.005859375,0.52734375,2.65625,0.007094319661458333,0.005859375,0.6,0.6666666666666666,0.6666666666666666,-0.00621551513671875,0.018835550944010418,5000
23,22,0.005881754557291666,-1.4576497395833334,-1.463531494140625,0.0011173690241247512,-0.003027273288512242,0.0012593587239583333,0.0,2.821968587239583,-0.8685506184895834,-3.6905192057291667,0.000554051535061963,0.007832465028253664,-0.010595703125,-0.01171875,-0.006441243489583333,0.0,4.475911458333333e-05,0.0009765625,0.5234375,2.640625,0.011855061848958333,0.007568359375,0.4666666666666667,0.6666666666666666,0.6,0.00022379557291666666,0.024680582682291667,5000
23,23,0.005147298177083333,-1.4577799479166667,-1.46292724609375,0.0012741613358719691,-0.0049072901693222835,0.00052490234375,0.0009765625,2.8230875651041667,-0.8694986979166667,-3.6925862630208335,0.0006774967583229079,0.008077208077027321,-0.009476725260416667,-0.009765625,-0.008756510416666667,-0.00390625,-0.0029927571614583332,0.0,0.53125,2.6484375,0.010001627604166667,0.01171875,0.5333333333333333,0.6666666666666666,0.7333333333333333,-0.00032999674479166654,0.020390014648437496,5000
23,24,0.0019938151041666665,-1.460546875,-1.4625406901041667,0.0013122433041795596,-0.004587453615217843,-0.002628580729166667,0.0,2.8283487955729165,-0.8685587565104167,-3.696907552083333,0.0006716180347500659,0.003192694753858483,-0.0042154947916666664,-0.00390625,-0.00926513671875,-0.01171875,-0.0027852376302083333,0.0,0.53515625,2.693359375,0.0015869140625,0.001953125,0.4,0.5333333333333333,0.5333333333333333,-0.010360310872395832,0.013957519531249988,5000
23,25,0.002864583333333333,-1.4597981770833333,-1.4626627604166667,0.001219490761658333,-0.007663276696379849,-0.0017578125,0.0,2.82738037109375,-0.8690388997395834,-3.696419270833333,0.0006145498627497247,1.52259575753966e-05,-0.0051839192708333336,-0.009765625,-0.00665283203125,-0.006103515625,-0.0009419759114583333,-0.00390625,0.53515625,2.6328125,0.0034261067708333333,0.0054931640625,0.4666666666666667,0.6,0.6,-0.010173136393229166,0.015797119140624982,5000
23,26,0.0027364095052083335,-1.4597005208333333,-1.4624369303385416,0.0013468590744335133,-0.008489393642497936,-0.001885986328125,0.0,2.829475911458333,-0.868896484375,-3.698372395833333,0.0006017464502076703,0.001368005770704542,-0.00308837890625,0.0,-0.0072672526041666664,-0.006103515625,-0.0008280436197916667,-0.001953125,0.52734375,2.6484375,0.001202392578125,0.0009765625,0.4666666666666667,0.4,0.5333333333333333,-0.012304941813151041,0.014066670735677082,5000
23,27,0.0036397298177083333,-1.4580729166666666,-1.461712646484375,0.001286578657908286,-0.0035224187074846393,-0.000982666015625,0.001953125,2.82431640625,-0.8679606119791666,-3.692277018229167,0.0006465195437507816,0.005295541494514471,-0.008247884114583333,-0.0078125,-0.00694580078125,-0.0078125,-0.003948974609375,0.00146484375,0.53515625,2.6484375,0.007265218098958333,0.009765625,0.5333333333333333,0.7333333333333333,0.6666666666666666,-0.0030765787760416666,0.016746215820312497,5000
23,28,-0.0005615234375,-1.4600260416666666,-1.4594645182291666,0.0014940173221370974,-0.008469900308442581,-0.0051839192708333336,-0.0078125,2.8268025716145835,-0.8684041341145833,-3.695206705729167,0.0005051004150596333,0.00445719470246122,-0.00576171875,0.0,-0.007096354166666667,-0.008544921875,-0.0020161946614583332,0.00390625,0.52734375,2.6640625,0.0005777994791666667,0.0029296875,0.4,0.4666666666666667,0.5333333333333333,-0.012430013020833332,0.013492838541666666,5000
23,29,0.0013407389322916666,-1.4591145833333334,-1.460455322265625,0.0014384029609472856,-0.009244573130855563,-0.0032816569010416666,0.0,2.8259480794270835,-0.8694132486979167,-3.695361328125,0.0005037936932233399,0.004215139682123287,-0.0066162109375,-0.00390625,-0.00775146484375,-0.006591796875,-0.003483072916666667,0.0,0.53515625,2.6640625,0.0033345540364583333,0.00048828125,0.4666666666666667,0.5333333333333333,0.5333333333333333,-0.009818522135416667,0.014844106038411452,5000
23,30,0.005991617838541667,-1.4572591145833333,-1.463250732421875,0.0010943374586325604,-0.0026537460204489522,0.0013692220052083333,0.00390625,2.828413899739583,-0.8685343424479167,-3.6969482421875,0.0007804806730551311,0.0026058736005980542,-0.004150390625,0.0,-0.009212239583333334,-0.0078125,-0.0015543619791666666,0.0009765625,0.5390625,2.6640625,0.0055196126302083336,0.001953125,0.6,0.4,0.5333333333333333,-0.005705108642578125,0.017005004882812494,5000
23,31,0.0022135416666666666,-1.4577473958333333,-1.4599609375,0.0010789199957631191,-0.00553944311313525,-0.0024088541666666668,0.0,2.8267822265625,-0.8691324869791667,-3.695914713541667,0.000545920207082107,0.003671009768797097,-0.005782063802083333,-0.0078125,-0.010636393229166667,-0.014892578125,0.0010843912760416666,0.005859375,0.53125,2.65625,0.0033732096354166666,0.00390625,0.4666666666666667,0.6666666666666666,0.5333333333333333,-0.010026143391927084,0.015210164388020829,5000
24,0,0.004622395833333333,-1.4572265625,-1.4618489583333334,0.0010822200030227826,-0.00782711526449596,0.0,0.0,2.829903157552083,-0.86815185546875,-3.6980550130208334,0.0005796385197593435,0.003732350456178125,-0.0026611328125,-0.0078125,-0.00980224609375,-0.0078125,-0.0038330078125,-0.00390625,0.53515625,2.6484375,0.0026611328125,0.0059814453125,0.4666666666666667,0.6666666666666666,0.6666666666666666,-0.008423665364583333,0.012589721679687497,5000
24,1,0.0026611328125,-1.4560872395833333,-1.4587483723958334,0.0011043147889241531,-0.004702263035888409,-0.0019612630208333333,-0.00390625,2.8236043294270834,-0.87132568359375,-3.694930013020833,0.0006940570162229344,0.0061082053672240925,-0.0089599609375,-0.009765625,-0.0037353515625,-0.0078125,-0.003757731119791667,-0.001953125,0.53125,2.65625,0.006998697916666667,0.0107421875,0.4,0.6666666666666666,0.6666666666666666,-0.003369547526041667,0.01716430664062498,5000
24,2,0.0012369791666666666,-1.4585611979166666,-1.4597981770833333,0.0013748347540947189,-0.006062266376288322,-0.0033854166666666668,-0.00390625,2.8234456380208335,-0.8699137369791666,-3.693359375,0.0005855421674300455,0.0070768452892839015,-0.00911865234375,-0.0078125,-0.00640869140625,-0.0009765625,-0.0034077962239583335,0.0,0.53125,2.65625,0.0057332356770833336,0.007080078125,0.4,0.6,0.6666666666666666,-0.006348673502604167,0.01825836181640624,5000
24,3,0.0004150390625,-1.4612630208333333,-1.4616780598958334,0.0013862907463517151,-0.006375747220126292,-0.0042073567708333336,-0.001953125,2.830521647135417,-0.8686319986979166,-3.6991536458333334,0.0006916039367225198,-0.00021413819985238134,-0.0020426432291666668,-0.0013427734375,-0.009297688802083334,-0.00390625,-3.4586588541666666e-05,0.001953125,0.52734375,2.640625,-0.0021647135416666668,-0.001953125,0.4,0.5333333333333333,0.3333333333333333,-0.013037312825520833,0.009147338867187497,5000
24,4,0.0030029296875,-1.4576171875,-1.4606201171875,0.0012373163197378781,-0.008916862261580045,-0.0016194661458333334,-0.001953125,2.8281209309895834,-0.8703572591145833,-3.698478190104167,0.0007054905162056636,0.00435713092814907,-0.004443359375,-0.007080078125,-0.01064453125,-0.013671875,-0.0020426432291666668,0.0,0.53515625,2.6484375,0.0028238932291666666,0.002197265625,0.4,0.5333333333333333,0.5333333333333333,-0.008780924479166667,0.014673665364583323,5000
24,5,0.004758707682291667,-1.45732421875,-1.4620829264322917,0.001250144528757117,-0.003569859719110763,0.00013631184895833334,0.0,2.8271809895833333,-0.8701334635416667,-3.697314453125,0.000681517561362543,0.002561028726288622,-0.00538330078125,-0.00390625,-0.005582682291666667,-0.00390625,0.0015096028645833334,0.0,0.53515625,2.640625,0.0055196126302083336,0.0079345703125,0.4666666666666667,0.6,0.6,-0.006120198567708333,0.01727315266927083,5000
24,6,0.004925537109375,-1.4588216145833333,-1.4637471516927083,0.0014391439644101155,-0.0076183668729929935,0.0003031412760416667,-0.001953125,2.8265380859375,-0.8679117838541667,-3.694449869791667,0.0006071612500667403,0.0036084016512096884,-0.006026204427083333,-0.0078125,-0.0076171875,0.0,-0.0028584798177083335,-0.00390625,0.53125,2.671875,0.006329345703125,-0.001953125,0.4666666666666667,0.6,0.4666666666666667,-0.0074427286783854164,0.020333811442057276,5000
24,7,-0.0005269368489583333,-1.4604817708333333,-1.459954833984375,0.0012624351986454247,-0.0066320686255847035,-0.005149332682291666,-0.0078125,2.825638834635417,-0.8702677408854167,-3.695906575520833,0.0006060153326406348,0.0030499503340409993,-0.006925455729166667,-0.00390625,-0.00521240234375,0.0,-0.0008341471354166666,0.0,0.52734375,2.640625,0.001776123046875,-0.000244140625,0.3333333333333333,0.6,0.4,-0.012831726074218749,0.016227467854817705,5000
24,8,0.0017720540364583334,-1.4594401041666667,-1.461212158203125,0.0013111714915650502,-0.006641658838083415,-0.002850341796875,-0.00390625,2.825341796875,-0.8706624348958333,-3.6960042317708335,0.000654105620335237,0.0034565521647178525,-0.007222493489583333,-0.00390625,-0.006461588541666666,-0.004150390625,-0.002972412109375,-0.00390625,0.53125,2.671875,0.004372151692708334,0.0,0.4666666666666667,0.6666666666666666,0.4,-0.006441548665364583,0.015378926595052082,5000
24,9,0.0057108561197916664,-1.4597330729166667,-1.4654439290364583,0.0014813985539892304,-0.007208620100447192,0.0010884602864583333,0.001953125,2.8241170247395835,-0.8706583658854167,-3.694775390625,0.0006732862775769682,0.007484013179429655,-0.008447265625,-0.0078125,-0.008854166666666666,-0.0078125,-0.00474853515625,-0.00390625,0.53515625,2.6484375,0.009535725911458333,0.01171875,0.6,0.6,0.6666666666666666,-0.00362548828125,0.02271143595377604,5000
24,10,0.002880859375,-1.457421875,-1.460302734375,0.0013235220305381787,-0.0038158590568142968,-0.0017415364583333334,0.0,2.8311442057291667,-0.8688151041666666,-3.699959309895833,0.000643095127961163,0.0006799595656082004,-0.0014200846354166666,0.00390625,-0.006620279947916667,0.0025634765625,-0.0021260579427083335,-0.0009765625,0.53515625,2.671875,-0.00032145182291666666,-0.001953125,0.4,0.3333333333333333,0.4666666666666667,-0.014583943684895833,0.013114522298177082,5000
24,11,0.0017618815104166667,-1.4612955729166666,-1.4630574544270833,0.001151538987548432,-0.005886253392322491,-0.0028605143229166667,-0.00390625,2.83250732421875,-0.8670125325520833,-3.6995198567708334,0.0007376013790496821,0.00046963901454997667,-5.6966145833333334e-05,0.00244140625,-0.0065348307291666664,-0.00390625,-0.0012980143229166666,0.0009765625,0.53125,2.65625,-0.002803548177083333,-0.0048828125,0.4,0.4666666666666667,0.4,-0.013582560221354166,0.008838297526041662,5000
24,12,0.0036478678385416666,-1.4577799479166667,-1.4614278157552083,0.0011579909222428513,-0.0041498262909748515,-0.0009745279947916667,0.0068359375,2.8253824869791666,-0.8724690755208333,-3.6978515625,0.0006603593539458232,0.0036829124210152066,-0.007181803385416667,-0.00390625,-0.0032958984375,-0.001953125,-0.004783121744791666,0.0,0.53515625,2.6640625,0.006207275390625,0.00390625,0.5333333333333333,0.6,0.6,-0.0054567464192708335,0.018143768310546874,5000
24,13,0.004652913411458333,-1.4594075520833334,-1.4640604654947917,0.0012336286916622894,-0.0038402455040428087,3.0517578125e-05,0.0029296875,2.8266357421875,-0.8697591145833333,-3.696394856770833,0.0005304299038745681,0.006239747381322241,-0.005928548177083334,-0.009765625,-0.0003458658854166667,0.0,-0.003879801432291667,-0.0068359375,0.53125,2.6484375,0.005959065755208334,0.0078125,0.5333333333333333,0.7333333333333333,0.6,-0.004071248372395833,0.015967305501302077,5000
24,14,0.001666259765625,-1.46083984375,-1.462506103515625,0.0012815488739585591,-0.007546795298301277,-0.002956136067708333,0.001953125,2.8259765625,-0.8683675130208334,-3.694344075520833,0.0007120733713182736,0.004053490167605689,-0.0065877278645833336,-0.00390625,-0.0074951171875,-0.00390625,-0.0040852864583333336,0.0009765625,0.53125,2.6640625,0.003631591796875,0.0,0.6,0.6,0.4666666666666667,-0.006424967447916667,0.013558502197265617,5000
24,15,0.0021809895833333334,-1.45927734375,-1.4614583333333333,0.0012461684931358741,-0.005403472342072145,-0.00244140625,0.001953125,2.8253499348958333,-0.8706136067708333,-3.6959635416666665,0.0005260283639196716,0.0025933519283124697,-0.00721435546875,-0.0078125,-0.00369873046875,-0.00390625,0.0014729817708333333,0.001953125,0.53125,2.671875,0.00477294921875,0.01171875,0.5333333333333333,0.6666666666666666,0.7333333333333333,-0.00661224365234375,0.013920288085937496,5000
24,16,-0.0006123860677083333,-1.4607421875,-1.4601298014322917,0.0010637833344055191,-0.008836939129396324,-0.005234781901041667,-0.001953125,2.827042643229167,-0.8674072265625,-3.694449869791667,0.0005908833483953901,0.0031429447244421048,-0.005521647135416667,0.0,-0.00438232421875,0.0,-0.0028889973958333335,-0.00390625,0.53125,2.6640625,0.000286865234375,0.0035400390625,0.4666666666666667,0.4666666666666667,0.5333333333333333,-0.012296651204427083,0.012284647623697914,5000
24,17,0.00022176106770833333,-1.4594401041666667,-1.459661865234375,0.0012429125271663964,-0.005843356365168736,-0.004400634765625,-0.00390625,2.8280965169270833,-0.8682902018229167,-3.69638671875,0.0005973106162882009,0.002519066321854131,-0.0044677734375,-0.0078125,-0.0082275390625,0.0,-0.0017923990885416667,0.0029296875,0.52734375,2.662109375,6.7138671875e-05,-0.001953125,0.4,0.6,0.4666666666666667,-0.015890553792317706,0.015731201171874994,5000
24,18,0.003875732421875,-1.4551106770833333,-1.4589864095052083,0.0013453091802112288,-0.0041857221198104404,-0.0007466634114583333,0.0,2.8238850911458333,-0.8694254557291666,-3.693310546875,0.0005295652255594981,0.0044885401596942145,-0.00867919921875,-0.0078125,-0.009517415364583334,-0.009765625,-0.0031229654947916665,0.0,0.53515625,2.6640625,0.007932535807291667,0.0078125,0.4,0.6666666666666666,0.7333333333333333,-0.00100311279296875,0.016522267659505208,5000
24,19,0.000457763671875,-1.4599609375,-1.460418701171875,0.0012562021366919972,-0.006662610122443065,-0.004164632161458333,-0.00048828125,2.8255045572916666,-0.8741536458333333,-3.699658203125,0.0007161299517486401,0.003623035210259575,-0.007059733072916667,-0.0078125,-0.006966145833333334,-0.00390625,0.0024495442708333333,0.0,0.53125,2.646484375,0.002895100911458333,0.007080078125,0.4,0.6,0.6666666666666666,-0.011039784749348958,0.015924530029296866,5000
24,20,0.0011942545572916667,-1.4600260416666666,-1.4612202962239584,0.0012015865258192544,-0.009015132975487236,-0.0034281412760416665,0.0,2.827315266927083,-0.86859130859375,-3.695906575520833,0.0006508608616364994,0.002544942111506465,-0.0052490234375,-0.0078125,-0.0054972330729166664,0.0,0.0008626302083333333,0.0009765625,0.53515625,2.65625,0.0018208821614583333,0.009765625,0.4,0.6,0.6,-0.010707651774088542,0.012847951253255208,5000
24,21,0.00067138671875,-1.46064453125,-1.46131591796875,0.0011376339459936258,-0.008869117726281574,-0.003951009114583333,0.0,2.825691731770833,-0.8715738932291667,-3.697265625,0.000619523748746564,0.00745739110045252,-0.00687255859375,-0.00390625,-0.006807454427083333,-0.00390625,-0.001287841796875,0.0,0.5234375,2.65625,0.0029215494791666667,-0.00189208984375,0.4666666666666667,0.5333333333333333,0.4,-0.007645772298177083,0.014180603027343749,5000
24,22,0.0008015950520833333,-1.4604817708333333,-1.4612833658854167,0.0014636918298818829,-0.005668030720014821,-0.00382080078125,-0.0009765625,2.8292032877604165,-0.86990966796875,-3.699112955729167,0.0006517056232842443,0.004937011883925932,-0.003361002604166667,0.0,-0.00416259765625,-0.00537109375,-0.0015787760416666667,0.001953125,0.53515625,2.677734375,-0.0004597981770833333,0.006103515625,0.3333333333333333,0.4666666666666667,0.6,-0.012614034016927083,0.010974527994791662,5000
24,23,0.003928629557291666,-1.4581380208333334,-1.462066650390625,0.001222522011897066,-0.003220269390116671,-0.0006937662760416667,-0.0029296875,2.832206217447917,-0.8661417643229167,-3.698347981770833,0.0005941344943933099,0.0015669455763042616,-0.00035807291666666664,0.0,-0.00250244140625,0.00244140625,-0.0019185384114583333,0.0,0.53515625,2.68359375,-0.000335693359375,-0.004150390625,0.4,0.4,0.3333333333333333,-0.010616607666015625,0.011115519205729152,5000
24,24,0.00308837890625,-1.4611979166666667,-1.4642862955729166,0.0012542363919492265,-0.006852387818263224,-0.0015340169270833333,0.0,2.821854654947917,-0.8693644205729166,-3.6912190755208334,0.0006470758313597772,0.004922780411513756,-0.010709635416666667,-0.0078125,-0.005045572916666667,0.0,-0.001007080078125,0.001953125,0.53515625,2.623046875,0.009175618489583334,0.01171875,0.4666666666666667,0.8,0.6,-0.002743123372395833,0.02200592041015624,5000
24,25,0.0027974446614583335,-1.4612955729166666,-1.464093017578125,0.0010788588764723708,-0.008799588156258803,-0.001824951171875,-0.0009765625,2.824515787760417,-0.87130126953125,-3.695817057291667,0.0005831345918425934,0.0076458225773443165,-0.008048502604166667,-0.0078125,-0.005110677083333333,-0.00390625,0.0005472819010416667,0.00390625,0.53125,2.6484375,0.006223551432291667,0.005126953125,0.4,0.6666666666666666,0.5333333333333333,-0.007436269124348958,0.020488942464192687,5000
24,26,0.0024515787760416665,-1.459765625,-1.4622172037760417,0.0012894684453083323,-0.0060584060748409595,-0.002170817057291667,0.0,2.8292195638020834,-0.8673380533854167,-3.6965576171875,0.0005510504195862943,0.001264165339518749,-0.0033447265625,-0.00390625,-0.00372314453125,0.0,-0.001806640625,0.0,0.53515625,2.65625,0.0011739095052083334,0.0,0.4,0.6,0.4666666666666667,-0.010668538411458334,0.013314005533854163,5000
24,27,0.002581787109375,-1.4583658854166666,-1.4609476725260417,0.0012194556923680576,-0.00420761191551852,-0.002040608723958333,0.0,2.8291951497395833,-0.8678751627604167,-3.6970703125,0.000518805926444107,0.0012059804489030286,-0.003369140625,0.0,-0.005391438802083333,-0.001953125,0.0006184895833333333,-0.0001220703125,0.53515625,2.671875,0.0013285319010416666,0.005126953125,0.4666666666666667,0.4,0.5333333333333333,-0.009595082600911457,0.011841227213541661,5000
24,28,0.003656005859375,-1.4607747395833333,-1.4644307454427083,0.0010991933084382494,-0.005477446224633904,-0.0009663899739583334,0.0009765625,2.826123046875,-0.868603515625,-3.6947265625,0.0005603934832826416,0.0037189951000467228,-0.006441243489583333,-0.00390625,-0.009049479166666667,-0.009765625,-0.000909423828125,0.0,0.53515625,2.6640625,0.005474853515625,0.001953125,0.6,0.6,0.5333333333333333,-0.006907196044921875,0.017834523518880208,5000
24,29,0.0033203125,-1.4594075520833334,-1.4627278645833333,0.0011913942941255676,-0.0051225682305623315,-0.0013020833333333333,-0.00390625,2.828621419270833,-0.8689615885416667,-3.6975830078125,0.0005958562734491018,0.002305620365594051,-0.00394287109375,0.0,-0.007425944010416667,-0.0078125,-0.0015238444010416666,0.0,0.53125,2.6640625,0.0026407877604166666,0.0074462890625,0.4,0.4,0.6,-0.008114115397135416,0.012984822591145823,5000
24,30,0.003719075520833333,-1.4611002604166667,-1.4648193359375,0.0010435717306657493,-0.005461526778759665,-0.0009033203125,0.0,2.8239095052083334,-0.8692301432291667,-3.6931396484375,0.0006218894222994987,0.003541724012638536,-0.00865478515625,-0.005615234375,-0.00418701171875,-0.0078125,-0.0032491048177083334,0.00390625,0.53515625,2.671875,0.00775146484375,0.005859375,0.4666666666666667,0.7333333333333333,0.6666666666666666,-0.0035481770833333333,0.01953969319661458,5000
24,31,0.0034464518229166668,-1.4596028645833334,-1.46304931640625,0.0013628582540615405,-0.006075988078732492,-0.0011759440104166666,0.0,2.8208333333333333,-0.869921875,-3.6907552083333335,0.0005868138949772188,0.007948209616189755,-0.01173095703125,-0.00390625,-0.007731119791666667,-0.00390625,-0.001318359375,-0.00390625,0.53515625,2.669921875,0.010555013020833334,0.007080078125,0.4666666666666667,0.6,0.6666666666666666,-3.265380859374997e-05,0.022251281738281222,5000
25,0,0.002691650390625,-1.4598958333333334,-1.4625874837239583,0.0012769420179350093,-0.005667347304090352,-0.0019307454427083333,-0.00390625,2.8228271484375,-0.871044921875,-3.6938720703125,0.0006273186516657545,0.006937957680792151,-0.009737141927083333,-0.01171875,-0.008357747395833334,-0.005859375,-0.00205078125,0.001953125,0.53515625,2.65625,0.007806396484375,0.005859375,0.3333333333333333,0.6666666666666666,0.6666666666666666,-0.0024827067057291664,0.01844080607096354,5000
25,1,0.0033040364583333333,-1.4612630208333333,-1.4645670572916667,0.001178582294744208,-0.004175806363766866,-0.001318359375,0.0,2.82255859375,-0.86865234375,-3.6912109375,0.0006148768381753,0.0022134453443845153,-0.010005696614583334,-0.009765625,-0.005224609375,-0.00390625,-0.003934733072916667,0.0,0.53515625,2.6484375,0.008687337239583334,0.010986328125,0.4666666666666667,0.5333333333333333,0.6666666666666666,-0.004659525553385416,0.02126881917317708,5000
25,2,0.003908284505208333,-1.459765625,-1.4636739095052083,0.0015281542018633807,-0.004194186880353374,-0.000714111328125,0.001953125,2.8235066731770835,-0.8698527018229166,-3.693359375,0.0006006011269602538,0.007320658425321659,-0.0090576171875,-0.009765625,-0.0071451822916666664,-0.00390625,-0.0012227376302083334,-3.0517578125e-05,0.53515625,2.6484375,0.008343505859375,0.007080078125,0.5333333333333333,0.6,0.6666666666666666,-0.0002775065104166664,0.01767578125,5000
25,3,0.004111735026041666,-1.4597981770833333,-1.463909912109375,0.0013265877050702751,-0.002586711835432548,-0.0005106608072916667,0.0,2.82664794921875,-0.8680379231770833,-3.694685872395833,0.0007080332585365298,0.004292463291663,-0.0059163411458333336,-0.00634765625,-0.008199055989583334,-0.0078125,-0.0012247721354166667,0.0029296875,0.53515625,2.671875,0.0054056803385416664,-0.000732421875,0.4666666666666667,0.6666666666666666,0.4666666666666667,-0.0059715270996093745,0.017001546223958316,5000
25,4,0.00036214192708333335,-1.4609700520833333,-1.4613321940104167,0.0012664132493619411,-0.009105835084334771,-0.00426025390625,-0.001953125,2.8258992513020833,-0.8709920247395834,-3.696891276041667,0.0006431935004088719,0.006374187568853018,-0.0066650390625,-0.00390625,-0.00269775390625,0.0,-0.003017171223958333,0.0,0.53125,2.6484375,0.00240478515625,0.001953125,0.4666666666666667,0.6,0.6,-0.011230672200520833,0.014953918457031246,5000
25,5,0.004852294921875,-1.45927734375,-1.464129638671875,0.0014804266251965393,-0.003926363770308228,0.00022989908854166666,0.0048828125,2.8235188802083333,-0.868701171875,-3.6922200520833335,0.000656984856979646,0.006689495109539718,-0.00904541015625,-0.00390625,-0.0074462890625,-0.0078125,-0.0009684244791666667,-0.00390625,0.53125,2.6484375,0.009275309244791667,0.005859375,0.6,0.5333333333333333,0.6,-0.0028524271647135417,0.022097015380859373,5000
25,6,0.0012308756510416667,-1.461328125,-1.4625590006510416,0.001481383400172089,-0.005085169385120427,-0.003391520182291667,-0.001953125,2.827872721354167,-0.8669840494791666,-3.6948567708333333,0.0005132767634190119,0.0010477600840422094,-0.004691569010416666,0.0,-0.007051595052083333,-0.0078125,-0.004193115234375,-0.00390625,0.53125,2.6484375,0.001300048828125,0.007568359375,0.4666666666666667,0.4666666666666667,0.6,-0.013104400634765624,0.014252268473307284,5000
25,7,0.0011962890625,-1.46123046875,-1.4624267578125,0.0014530464092352604,-0.008448216205636015,-0.0034261067708333333,-0.00390625,2.8262532552083335,-0.8689453125,-3.695198567708333,0.0006332796760371901,0.005513211875361762,-0.00631103515625,-0.0078125,-0.006766764322916666,-0.00390625,-0.002406819661458333,0.0029296875,0.53125,2.6484375,0.0028849283854166666,0.000732421875,0.4666666666666667,0.5333333333333333,0.5333333333333333,-0.010112711588541665,0.016041259765624982,5000
25,8,0.000555419921875,-1.4613932291666667,-1.4619486490885416,0.0012369929653429786,-0.006387769121692624,-0.004066975911458334,-0.001953125,2.822802734375,-0.8684244791666667,-3.6912272135416666,0.0006385189673900683,0.003869905368381637,-0.009761555989583334,-0.0147705078125,-0.004972330729166667,0.0,-0.003973388671875,-0.0009765625,0.53515625,2.6484375,0.005694580078125,0.0078125,0.4,0.5333333333333333,0.6666666666666666,-0.008795369466145833,0.01944208780924479,5000
25,9,0.0029215494791666667,-1.4596354166666667,-1.4625569661458333,0.0011689701477959568,-0.0074500712825609355,-0.0017008463541666667,0.0029296875,2.82208251953125,-0.8696248372395833,-3.6917073567708334,0.000641281654123069,0.004353256743700711,-0.010481770833333333,-0.009765625,-0.009000651041666667,-0.004150390625,-0.000848388671875,0.0,0.53515625,2.6484375,0.008780924479166667,0.005859375,0.5333333333333333,0.5333333333333333,0.7333333333333333,-0.005559285481770833,0.023234252929687498,5000
25,10,-0.00021158854166666667,-1.46064453125,-1.4604329427083333,0.0015423984561020686,-0.010275431208245252,-0.004833984375,0.0,2.829443359375,-0.866455078125,-3.6958984375,0.000726768232220005,0.0012963718968149525,-0.0031209309895833333,-0.001953125,-0.007096354166666667,-0.00390625,-0.00216064453125,-0.0029296875,0.53515625,2.693359375,-0.0017130533854166667,0.0029296875,0.4666666666666667,0.5333333333333333,0.5333333333333333,-0.01619110107421875,0.012680664062499975,5000
25,11,0.0021952311197916668,-1.4586263020833334,-1.460821533203125,0.0011570010658072043,-0.004265477028701715,-0.0024271647135416666,0.0,2.8279988606770834,-0.87100830078125,-3.6990071614583333,0.0006908854368224755,0.0034275886681894544,-0.0045654296875,0.0,-0.006449381510416667,-0.002685546875,-0.004282633463541667,-0.0078125,0.53515625,2.6484375,0.0021382649739583332,0.0,0.4,0.4,0.4666666666666667,-0.012239990234375,0.014331970214843738,5000
25,12,0.004134114583333333,-1.4585286458333333,-1.4626627604166667,0.0013978324773521373,-0.003980018260046629,-0.00048828125,0.0009765625,2.828316243489583,-0.8670613606770833,-3.6953776041666666,0.0006902895840796891,0.0030848225739971,-0.004248046875,-0.001220703125,-0.004842122395833333,0.0,-0.0028910319010416667,-0.0009765625,0.53515625,2.6328125,0.003759765625,-0.005859375,0.5333333333333333,0.5333333333333333,0.4666666666666667,-0.008463948567708332,0.016561075846354162,5000
25,13,0.001556396484375,-1.4593098958333333,-1.4608662923177083,0.0011705852656551555,-0.005982946900781461,-0.0030659993489583334,0.0,2.8280843098958335,-0.8688639322916667,-3.6969482421875,0.0007823656587605042,0.003060675461724343,-0.00447998046875,0.0,-0.008317057291666667,-0.0078125,-0.004925537109375,0.0,0.53515625,2.671875,0.0014139811197916667,0.0,0.4666666666666667,0.4,0.4666666666666667,-0.009973246256510417,0.012825571695963541,5000
25,14,0.002655029296875,-1.4594075520833334,-1.4620625813802084,0.0014135921174944462,-0.0059574938533715985,-0.0019673665364583334,0.0,2.82347412109375,-0.8692586263020833,-3.692732747395833,0.0006900683264857271,0.007804112535726156,-0.009090169270833334,-0.00390625,-0.010428873697916667,-0.009765625,-0.0016194661458333334,0.0,0.53515625,2.662109375,0.007122802734375,0.005859375,0.4,0.6,0.6666666666666666,-0.00488311767578125,0.019685872395833335,5000
25,15,-0.002020263671875,-1.4598307291666666,-1.4578104654947917,0.0013763210250019552,-0.010619359197656624,-0.006642659505208333,-0.0078125,2.8264200846354166,-0.8680216471354166,-3.694441731770833,0.0006169372389908989,0.002264394450301309,-0.006144205729166667,-0.001708984375,-0.007869466145833334,-0.00390625,-0.001987711588541667,-0.00048828125,0.52734375,2.677734375,-0.0004984537760416666,0.00244140625,0.4,0.5333333333333333,0.5333333333333333,-0.012579854329427083,0.011668345133463534,5000
25,16,0.0039937337239583336,-1.4591145833333334,-1.4631083170572916,0.0014775341371848177,-0.005715217200264093,-0.000628662109375,0.0029296875,2.8266194661458335,-0.8692626953125,-3.6958821614583335,0.000620073267400902,0.0018709847455404519,-0.00594482421875,0.0,-0.0034912109375,-0.001953125,-0.0026102701822916666,-0.00390625,0.53515625,2.6640625,0.005316162109375,0.0078125,0.5333333333333333,0.4666666666666667,0.5333333333333333,-0.00791926066080729,0.017769724527994787,5000
25,17,0.000640869140625,-1.4608072916666666,-1.4614481608072916,0.0013578099182780933,-0.009895566409363557,-0.003981526692708333,0.0,2.826338704427083,-0.86693115234375,-3.6932698567708333,0.0006288408915034858,0.003913914694500622,-0.0062255859375,0.0,-0.0075113932291666664,-0.0078125,-0.0013142903645833334,-0.0009765625,0.53515625,2.671875,0.0022440592447916666,0.001953125,0.4,0.4666666666666667,0.5333333333333333,-0.011544392903645832,0.016105346679687497,5000
25,18,0.0027140299479166668,-1.4595703125,-1.4622843424479166,0.0012851668422612474,-0.008361805979842008,-0.0019083658854166666,0.0029296875,2.824959309895833,-0.87099609375,-3.6959554036458333,0.0006959386510397143,0.006556359139439191,-0.00760498046875,-0.0078125,-0.004838053385416667,0.0010986328125,-0.004960123697916667,-0.0029296875,0.53515625,2.65625,0.005696614583333333,0.0054931640625,0.5333333333333333,0.5333333333333333,0.6,-0.004988606770833333,0.01629659016927083,5000
25,19,0.002079264322916667,-1.4599609375,-1.4620402018229166,0.0013227879745095908,-0.00385926490249173,-0.0025431315104166665,0.0,2.824662272135417,-0.87017822265625,-3.694840494791667,0.0006577623455686125,0.005015010535678227,-0.007902018229166667,-0.0078125,-0.00938720703125,-0.00244140625,-0.003951009114583333,0.0,0.53125,2.6640625,0.00535888671875,0.0,0.4666666666666667,0.5333333333333333,0.4666666666666667,-0.006931050618489583,0.017097981770833333,5000
25,20,0.0038818359375,-1.4583658854166666,-1.4622477213541667,0.001241610599018211,-0.0040247434061603145,-0.0007405598958333333,0.0,2.8248616536458333,-0.8679768880208333,-3.6928385416666667,0.0006095468490032734,0.0063301842974412435,-0.00770263671875,0.0,-0.00831298828125,-0.0078125,-0.00360107421875,0.0,0.53515625,2.6640625,0.0069620768229166664,0.005126953125,0.4666666666666667,0.4,0.6666666666666666,-0.005118815104166666,0.01989786783854166,5000
25,21,0.0019673665364583334,-1.4607747395833333,-1.4627421061197916,0.001208203355895346,-0.0069223756582456235,-0.002655029296875,0.0048828125,2.82393798828125,-0.8688435872395833,-3.6927815755208333,0.0005623081209881749,0.003949695793301562,-0.008626302083333334,-0.0078125,-0.010050455729166666,-0.00390625,0.0008687337239583333,0.001953125,0.53515625,2.671875,0.005971272786458333,0.005859375,0.5333333333333333,0.6,0.6666666666666666,-0.008909810384114583,0.019417724609374992,5000
25,22,0.004740397135416667,-1.4583658854166666,-1.4631062825520833,0.0013524987147987123,-0.00045697999146147427,0.00011800130208333333,0.0,2.82379150390625,-0.8704305013020833,-3.694222005208333,0.0006525537386838814,0.004614991980517844,-0.008772786458333333,-0.0078125,-0.0018147786458333334,0.00390625,-0.0023701985677083335,-0.0078125,0.53515625,2.669921875,0.008890787760416666,0.0078125,0.4666666666666667,0.6,0.6,-0.002450663248697916,0.01995513916015624,5000
25,23,0.0003072102864583333,-1.4603190104166666,-1.460626220703125,0.0014874338319272823,-0.005314066284423111,-0.004315185546875,-0.00390625,2.8226643880208333,-0.8699137369791666,-3.692578125,0.0005697419600363151,0.00786218901918082,-0.00989990234375,-0.0078125,-0.003666178385416667,0.0,-0.0008443196614583334,0.001953125,0.53125,2.646484375,0.005584716796875,0.015625,0.4,0.6,0.6,-0.008191935221354165,0.01831059773763021,5000
25,24,0.006868489583333333,-1.4569986979166667,-1.4638671875,0.0011738702986756652,-0.0027101799753616656,0.00224609375,0.0,2.826973470052083,-0.8683878580729166,-3.695361328125,0.0005608949488370271,0.005355279639951001,-0.0055908203125,-0.006103515625,-0.009684244791666666,-0.005859375,-0.004862467447916667,-0.0078125,0.53515625,2.671875,0.0078369140625,0.0050048828125,0.4666666666666667,0.5333333333333333,0.6666666666666666,-0.0010666910807291664,0.017236328125,5000
25,25,0.0012044270833333334,-1.4603515625,-1.4615559895833334,0.0013088384734306518,-0.004983785593662463,-0.00341796875,-0.001953125,2.8229695638020833,-0.86929931640625,-3.692268880208333,0.0005985020596500113,0.005291670930700453,-0.0095947265625,-0.009765625,-0.00914306640625,-0.009765625,-0.0018961588541666667,-0.0029296875,0.53125,2.669921875,0.0061767578125,0.0087890625,0.3333333333333333,0.6,0.7333333333333333,-0.006469930013020833,0.01818216959635414,5000
25,26,-0.00025227864583333336,-1.4608723958333334,-1.4606201171875,0.0014035881578892974,-0.009569410418328842,-0.004874674479166666,-0.00390625,2.8197306315104167,-0.8741658528645834,-3.693896484375,0.0006711788055006786,0.0070702389251321735,-0.012833658854166667,-0.009765625,-0.006758626302083333,0.0,-0.005472819010416667,-0.00390625,0.52734375,2.640625,0.007958984375,0.009765625,0.4666666666666667,0.6666666666666666,0.6,-0.004061482747395833,0.020198567708333334,5000
25,27,0.001373291015625,-1.4597981770833333,-1.4611714680989583,0.0014286877678307771,-0.007893648682659732,-0.0032491048177083334,-0.00390625,2.8244425455729165,-0.86929931640625,-3.693741861979167,0.0006509123518257516,0.005977619659611807,-0.008121744791666666,-0.01171875,-0.0086669921875,-0.0078125,-0.002994791666666667,0.0,0.53515625,2.6640625,0.004872639973958333,0.004364013671875,0.4,0.6666666666666666,0.7333333333333333,-0.008333740234375,0.016121622721354163,5000
25,28,0.005190022786458333,-1.4591145833333334,-1.4643046061197917,0.001343121625661261,-0.0034677926879677088,0.000567626953125,0.0,2.8286376953125,-0.8673421223958333,-3.6959798177083334,0.0005638440036992228,0.0035128419905356427,-0.003926595052083333,-0.00390625,-0.005582682291666667,-0.0078125,-0.00428466796875,0.0048828125,0.53515625,2.671875,0.004494222005208334,0.009765625,0.4666666666666667,0.6,0.6666666666666666,-0.008165181477864583,0.01723861694335937,5000
25,29,0.005088297526041666,-1.45869140625,-1.4637797037760416,0.0014559611728171278,-0.004072129847223566,0.00046590169270833336,0.0,2.8259033203125,-0.8677978515625,-3.693701171875,0.0007633961654605071,0.003360674421487616,-0.006660970052083334,0.001953125,-0.00445556640625,0.0,-0.000994873046875,-0.00390625,0.53515625,2.6484375,0.007126871744791667,-0.00048828125,0.4666666666666667,0.4666666666666667,0.4,-0.006946156819661458,0.02151494344075521,5000
25,30,0.004498291015625,-1.458984375,-1.463482666015625,0.0014069165567528977,-0.0036825088856033317,-0.00012410481770833333,0.0,2.8287679036458333,-0.8656494140625,-3.6944173177083335,0.000570060285097059,0.0022483865625163605,-0.00379638671875,-0.0009765625,-0.006131998697916667,-0.00390625,2.6448567708333334e-05,0.0,0.53125,2.65625,0.0036722819010416665,0.001556396484375,0.4666666666666667,0.5333333333333333,0.6666666666666666,-0.0075175984700520835,0.014878794352213535,5000
25,31,0.004005940755208334,-1.4593424479166666,-1.463348388671875,0.0011551435551603456,-0.00430548043272308,-0.000616455078125,0.00390625,2.8274210611979167,-0.86595458984375,-3.693375651041667,0.0006387391071055766,0.004665033535785266,-0.005143229166666667,-0.0078125,-0.006795247395833333,-0.00390625,-0.004624430338541667,-0.00390625,0.53125,2.671875,0.004526774088541667,0.0048828125,0.5333333333333333,0.5333333333333333,0.6,-0.009323984781901041,0.018139699300130208,5000
26,0,-0.0016337076822916666,-1.4619140625,-1.4602803548177083,0.001592756264782321,-0.010587713630996257,-0.006256103515625,0.0,2.8283121744791666,-0.869140625,-3.6974527994791666,0.0006699447185256921,0.002398973871395159,-0.004252115885416667,-0.001953125,-0.008931477864583334,-0.00634765625,0.0016560872395833333,0.00390625,0.53515625,2.6796875,-0.0020039876302083335,0.0009765625,0.4666666666666667,0.6,0.5333333333333333,-0.01619074503580729,0.011690368652343748,5000
26,1,0.0007242838541666667,-1.4608723958333334,-1.4615966796875,0.0011100730084179283,-0.0070725606684161136,-0.0038981119791666667,-0.001953125,2.8282755533854167,-0.8691691080729167,-3.6974446614583334,0.0006437916861639892,0.004997774963461373,-0.004288736979166667,-0.00390625,-0.0043212890625,0.0,-0.004182942708333333,0.0,0.53125,2.65625,0.000390625,-0.003662109375,0.4,0.5333333333333333,0.4666666666666667,-0.01044921875,0.01120625813802083,5000
26,2,0.0011454264322916666,-1.4611328125,-1.4622782389322917,0.0013565056438499042,-0.00888789782838692,-0.0034769694010416668,0.00146484375,2.82996826171875,-0.8680135091145833,-3.697981770833333,0.0007485777864426035,0.0004706175115660804,-0.0025960286458333332,0.0,-0.007088216145833334,-0.009765625,-0.003497314453125,-0.001953125,0.53515625,2.6484375,-0.0008809407552083333,0.001953125,0.5333333333333333,0.4666666666666667,0.5333333333333333,-0.015188344319661458,0.013306070963541661,5000
26,3,0.0015909830729166667,-1.4596354166666667,-1.4612263997395833,0.0014753683305371358,-0.008899899070759833,-0.0030314127604166665,0.0,2.8245524088541667,-0.8696044921875,-3.6941569010416666,0.0005505828077223791,0.007294207508403542,-0.008011881510416667,0.0,-0.007918294270833333,-0.005615234375,-0.0024556477864583334,-0.0029296875,0.53515625,2.65625,0.00498046875,0.00543212890625,0.4666666666666667,0.4666666666666667,0.5333333333333333,-0.009371134440104166,0.019113057454427068,5000
26,4,0.0016092936197916667,-1.4600260416666666,-1.4616353352864584,0.001380927435012075,-0.0057332912058654555,-0.0030131022135416667,0.0,2.831742350260417,-0.86885986328125,-3.7006022135416665,0.0006421800572191034,0.0003482442218734477,-0.0008219401041666667,0.0078125,-0.006612141927083333,-0.0078125,-0.00506591796875,-0.00390625,0.52734375,2.6875,-0.002191162109375,-0.005401611328125,0.4666666666666667,0.4,0.4,-0.016439259847005207,0.012026570638020824,5000
26,5,0.002567545572916667,-1.4583658854166666,-1.4609334309895834,0.0011766438315076763,-0.006160996068863073,-0.0020548502604166665,-0.001953125,2.82200927734375,-0.8690144856770833,-3.691023763020833,0.0007288059008546226,0.008136791423737386,-0.010555013020833334,-0.00390625,-0.009110514322916667,-0.0078125,-0.004783121744791666,-0.0029296875,0.53515625,2.65625,0.008500162760416667,0.01336669921875,0.3333333333333333,0.5333333333333333,0.6666666666666666,-0.005417683919270833,0.02249776204427083,5000
26,6,0.00022176106770833333,-1.46259765625,-1.4628194173177083,0.0012485252485620038,-0.00934804433874941,-0.004400634765625,0.0,2.8244873046875,-0.8697998046875,-3.694287109375,0.0006260914608887969,0.00856964390605541,-0.008076985677083334,-0.001953125,-0.0073486328125,-0.0078125,-0.00244140625,0.0,0.53515625,2.671875,0.0036763509114583334,0.00390625,0.4666666666666667,0.5333333333333333,0.6,-0.008258107503255209,0.015941416422526028,5000
26,7,0.0015401204427083334,-1.4616536458333333,-1.4631937662760417,0.0013666712699349627,-0.009120143247376734,-0.003082275390625,-0.0029296875,2.8276936848958334,-0.8692057291666667,-3.6968994140625,0.0007570062214342231,0.0057300921153076246,-0.00487060546875,0.0,-0.005879720052083333,-0.0078125,-0.006376139322916667,-0.00390625,0.53515625,2.65625,0.001788330078125,0.001953125,0.4,0.4666666666666667,0.5333333333333333,-0.011074676513671874,0.01468002319335936,5000
26,8,0.004671223958333333,-1.4581380208333334,-1.4628092447916667,0.0012972037435013697,-0.0036912354399971444,4.8828125e-05,0.0,2.8233683268229166,-0.8707804361979167,-3.6941487630208334,0.00063545768629208,0.00759240787385468,-0.009195963541666666,-0.00390625,-0.005330403645833333,-0.0078125,-0.0011739095052083334,-0.0029296875,0.53515625,2.65625,0.009244791666666667,0.005859375,0.4666666666666667,0.6,0.6,-0.0036376953125,0.02179463704427082,5000
26,9,0.007407633463541666,-1.4580078125,-1.4654154459635416,0.001319264063374001,-0.001164514961782549,0.0027852376302083333,0.0009765625,2.821830240885417,-0.86873779296875,-3.690568033854167,0.0007565885407347276,0.0049577589059868225,-0.010734049479166667,-0.01171875,-0.00557861328125,-0.0042724609375,-0.004066975911458334,0.0,0.53515625,2.646484375,0.013519287109375,0.01171875,0.6,0.6666666666666666,0.8,0.0021519978841145833,0.025298360188802063,5000
26,10,-0.000494384765625,-1.458984375,-1.458489990234375,0.0014234307648243658,-0.004360693658208929,-0.005116780598958333,0.0,2.8275349934895835,-0.8688028971354167,-3.696337890625,0.0007351450096617309,0.005727225049414326,-0.005029296875,0.0,-0.0053955078125,-0.00390625,-0.0014058430989583334,0.00146484375,0.53515625,2.671875,-8.748372395833333e-05,0.0068359375,0.4666666666666667,0.4666666666666667,0.5333333333333333,-0.015307769775390626,0.013966878255208334,5000
26,11,0.003330485026041667,-1.4576497395833334,-1.460980224609375,0.0012994019154193132,-0.005413055905116337,-0.0012919108072916667,0.00390625,2.8295694986979165,-0.86942138671875,-3.698990885416667,0.0007200486730096517,0.0015715845609732425,-0.002994791666666667,0.00146484375,-0.008902994791666667,-0.0078125,-0.004227701822916667,-0.001953125,0.53515625,2.6640625,0.001702880859375,-0.001953125,0.5333333333333333,0.4,0.4666666666666667,-0.010930938720703125,0.014203084309895829,5000
26,12,0.003422037760416667,-1.4580078125,-1.4614298502604166,0.0013505042246430216,-0.0031317243128118556,-0.0012003580729166667,0.0009765625,2.8283935546875,-0.8665771484375,-3.694970703125,0.0006031130485926742,0.002815975917362932,-0.004170735677083333,0.0010986328125,-0.007466634114583333,-0.014892578125,-0.0058024088541666664,-0.00390625,0.53125,2.6796875,0.0029703776041666665,0.0001220703125,0.5333333333333333,0.4666666666666667,0.5333333333333333,-0.010315043131510417,0.015739339192708326,5000
26,13,0.0069580078125,-1.4582682291666667,-1.4652262369791667,0.001257041348013793,-0.002540081122941164,0.0023356119791666666,0.001953125,2.822554524739583,-0.8721394856770833,-3.694694010416667,0.0007318369967863988,0.007167725923968043,-0.010009765625,-0.00390625,-0.007303873697916667,-0.0078125,-0.004117838541666667,0.0009765625,0.53515625,2.6640625,0.012345377604166667,0.01171875,0.5333333333333333,0.6666666666666666,0.8,0.0036617024739583333,0.021810913085937484,5000
26,14,0.0012308756510416667,-1.4611653645833333,-1.462396240234375,0.00134501864796087,-0.006053946092494941,-0.003391520182291667,-0.00390625,2.8287109375,-0.8697672526041667,-3.698478190104167,0.0006803940349809058,0.004676312742358395,-0.0038533528645833333,0.0,-0.00333251953125,0.00146484375,0.0037862141927083332,0.00927734375,0.53125,2.671875,0.00046183268229166665,0.0009765625,0.4666666666666667,0.4666666666666667,0.6,-0.012632598876953125,0.013352508544921876,5000
26,15,0.0020894368489583334,-1.4587890625,-1.4608784993489583,0.0015194826649419255,-0.004954112009925498,-0.002532958984375,0.0,2.825736490885417,-0.86912841796875,-3.6948649088541665,0.000537657932037087,0.003995844973073216,-0.006827799479166666,0.0,-0.009086100260416667,-0.00390625,-0.0008036295572916666,0.0,0.53125,2.65625,0.004294840494791666,0.00390625,0.4666666666666667,0.4666666666666667,0.5333333333333333,-0.0082867431640625,0.016583506266276037,5000
26,16,0.00072021484375,-1.4587239583333333,-1.4594441731770833,0.0012843385328074688,-0.0057676868519299564,-0.003902180989583333,-0.00390625,2.8273722330729165,-0.86903076171875,-3.696402994791667,0.0007057943383821397,0.0036797366658908345,-0.0051920572916666664,0.0,-0.009586588541666666,-0.0078125,-0.003605143229166667,-0.001953125,0.53125,2.6640625,0.0012898763020833333,0.0029296875,0.4666666666666667,0.4666666666666667,0.6,-0.014860636393229166,0.01634989420572916,5000
26,17,0.004575602213541667,-1.4583984375,-1.4629740397135416,0.0013270868093823189,-0.004204054917652282,-4.679361979166667e-05,-0.001953125,2.828080240885417,-0.86820068359375,-3.696280924479167,0.0006765675552502715,0.0027562056084834835,-0.004484049479166667,-0.00390625,-0.007181803385416667,-0.00390625,-0.0013102213541666666,0.0029296875,0.53125,2.6640625,0.004437255859375,0.0028076171875,0.4666666666666667,0.5333333333333333,0.6,-0.009428660074869791,0.01724894205729163,5000
26,18,0.000604248046875,-1.4580403645833333,-1.4586446126302084,0.0013128909628100257,-0.004651438671237841,-0.004018147786458333,-0.001953125,2.8269287109375,-0.86640625,-3.6933349609375,0.0006531561428686866,0.0011957346558117753,-0.005635579427083333,-0.0078125,-0.0015462239583333333,0.0078125,0.0007364908854166667,0.00390625,0.53125,2.6484375,0.001617431640625,-0.0029296875,0.4,0.5333333333333333,0.4,-0.010864359537760417,0.0142157491048177,5000
26,19,0.0026611328125,-1.46064453125,-1.4633056640625,0.0013270494102628585,-0.0054321960867271075,-0.0019612630208333333,0.0,2.8268147786458333,-0.8706217447916667,-3.6974365234375,0.000662499419336378,0.005769629858920152,-0.00574951171875,-0.00390625,-0.008711751302083333,-0.0078125,-0.000946044921875,-0.00390625,0.53515625,2.65625,0.003788248697916667,0.00439453125,0.4666666666666667,0.6,0.6,-0.007194213867187499,0.01513315836588541,5000
26,20,0.0019734700520833335,-1.4606770833333333,-1.4626505533854166,0.0013238501812200209,-0.004801150964269946,-0.00264892578125,0.0,2.82470703125,-0.8685872395833333,-3.6932942708333334,0.0006806569032920539,0.0031134398712087618,-0.007857259114583333,-0.0078125,-0.0065185546875,-0.0078125,-0.003047688802083333,-0.001953125,0.53125,2.65625,0.005208333333333333,0.0078125,0.4666666666666667,0.7333333333333333,0.6,-0.008353983561197917,0.016837870279947913,5000
26,21,0.001483154296875,-1.4593424479166666,-1.4608256022135417,0.0015759170902382936,-0.005323689104431715,-0.003139241536458333,0.001953125,2.8289225260416666,-0.8685139973958333,-3.6974365234375,0.0006763154959628493,0.004542843617976274,-0.0036417643229166665,0.0,-0.00489501953125,0.00146484375,-0.0020650227864583335,0.00390625,0.53515625,2.6796875,0.0005025227864583333,-0.001953125,0.5333333333333333,0.4666666666666667,0.4666666666666667,-0.009096628824869791,0.010042368570963542,5000
26,22,0.0014872233072916667,-1.4609375,-1.4624247233072916,0.0010717665371359115,-0.005712026288269671,-0.0031351725260416667,0.0,2.825858561197917,-0.8680379231770833,-3.693896484375,0.000630540151663466,0.005163855533413089,-0.006705729166666666,-0.00390625,-0.009016927083333333,-0.0078125,-0.003330485026041667,0.0,0.53515625,2.65625,0.003570556640625,0.0,0.4666666666666667,0.5333333333333333,0.4666666666666667,-0.008825785319010416,0.01659378051757812,5000
26,23,-0.0009684244791666667,-1.4584635416666667,-1.4574951171875,0.0016821061215137939,-0.007283544444198431,-0.0055908203125,0.0,2.823470052083333,-0.8704020182291666,-3.6938720703125,0.0005980161086638167,0.00820580595708803,-0.00909423828125,-0.0078125,-0.0077392578125,0.0,-0.004134114583333333,-0.0029296875,0.53515625,2.671875,0.00350341796875,0.0068359375,0.4666666666666667,0.5333333333333333,0.6,-0.012605794270833333,0.017981058756510418,5000
26,24,0.004168701171875,-1.4582682291666667,-1.4624369303385416,0.00115602757457815,-0.0037066567490831575,-0.00045369466145833335,0.0,2.825996907552083,-0.8688273111979167,-3.69482421875,0.0006813450848110392,0.003599181790080953,-0.0065673828125,-0.0009765625,-0.003987630208333333,-0.0009765625,-0.002227783203125,0.0,0.53515625,2.671875,0.006113688151041667,0.0048828125,0.4666666666666667,0.5333333333333333,0.6666666666666666,-0.005306549072265625,0.017043253580729164,5000
26,25,0.0006632486979166667,-1.4608072916666666,-1.4614705403645833,0.0013062870308707352,-0.006384606258132992,-0.003959147135416666,-0.00390625,2.8270751953125,-0.8677327473958333,-3.694807942708333,0.0005939438864244607,0.006381927021915393,-0.0054890950520833336,-0.001953125,-0.007149251302083334,-0.00390625,-0.0021525065104166666,-0.001953125,0.53515625,2.671875,0.0015299479166666667,0.001953125,0.3333333333333333,0.5333333333333333,0.5333333333333333,-0.009782307942708334,0.013521728515624994,5000
26,26,0.0031148274739583332,-1.458984375,-1.4620992024739583,0.0016284830386513855,-0.004773333773119077,-0.001507568359375,-0.00390625,2.82615966796875,-0.86971435546875,-3.6958740234375,0.0006766858375644737,0.0029995247731464648,-0.0064046223958333336,-0.005859375,-0.0073893229166666664,-0.00390625,-0.0029764811197916666,0.0,0.53125,2.6484375,0.004897054036458333,0.005615234375,0.4,0.6666666666666666,0.6666666666666666,-0.009510701497395833,0.018496144612630203,5000
26,27,0.00015665690104166668,-1.4607421875,-1.4608988444010416,0.001419305294913718,-0.006629959840752864,-0.004465738932291667,0.0,2.825150553385417,-0.8691691080729167,-3.694319661458333,0.0006442447715457876,0.004309382943825756,-0.007413736979166667,-0.0078125,-0.010127766927083334,-0.0078125,-0.006601969401041667,-0.00390625,0.53515625,2.6484375,0.002947998046875,0.00390625,0.4666666666666667,0.6,0.6,-0.009285786946614583,0.015226440429687496,5000
26,28,0.00032755533854166664,-1.46005859375,-1.4603861490885417,0.0011584573516240202,-0.005150182736800033,-0.004294840494791666,0.0,2.8292439778645835,-0.86876220703125,-3.698006184895833,0.0006465023724480881,0.0017048174320997854,-0.0033203125,0.0,-0.003108723958333333,0.00390625,-0.0033060709635416665,-0.001953125,0.53515625,2.6640625,-0.0009745279947916667,-0.005859375,0.4666666666666667,0.4666666666666667,0.4666666666666667,-0.013979288736979166,0.012638804117838534,5000
26,29,0.0026468912760416667,-1.4594401041666667,-1.4620869954427083,0.001377380043073794,-0.004758042535081478,-0.0019755045572916667,0.0,2.826790364583333,-0.8696126302083333,-3.696402994791667,0.0006693543480431972,0.005854868906959662,-0.00577392578125,0.0009765625,-0.0060465494791666664,-0.00390625,-0.0009663899739583334,-0.0029296875,0.53515625,2.671875,0.0037984212239583334,0.005859375,0.4666666666666667,0.4666666666666667,0.6,-0.011198170979817708,0.016091257731119787,5000
26,30,0.000970458984375,-1.459375,-1.460345458984375,0.001349148884391118,-0.0063801416354579395,-0.0036519368489583335,0.00146484375,2.82852783203125,-0.86937255859375,-3.697900390625,0.0006677264868325593,0.005120739353611288,-0.004036458333333334,-0.00390625,-0.006538899739583334,-0.0078125,-0.001715087890625,0.0009765625,0.53515625,2.671875,0.000384521484375,0.0,0.5333333333333333,0.5333333333333333,0.4666666666666667,-0.012067260742187499,0.01266733805338541,5000
26,31,0.0006001790364583334,-1.4603515625,-1.4609517415364583,0.0013878776365415964,-0.008621282499736337,-0.004022216796875,0.0009765625,2.8294718424479166,-0.86590576171875,-3.6953776041666666,0.0005676424411270697,0.0015454872129534699,-0.0030924479166666665,0.0,-0.0038899739583333334,0.00390625,-0.0034993489583333335,-0.001953125,0.53515625,2.671875,-0.0009297688802083333,-0.001953125,0.5333333333333333,0.4666666666666667,0.4666666666666667,-0.01733205159505208,0.014501139322916648,5000
27,0,0.004408772786458333,-1.4578450520833333,-1.4622538248697916,0.0013604162327208872,-0.0007594715765091832,-0.000213623046875,0.0,2.8264200846354166,-0.8684122721354167,-3.694832356770833,0.0006670999773920928,0.005375717111197374,-0.006144205729166667,-0.00390625,-0.006827799479166666,-0.00390625,-0.0012247721354166667,0.005859375,0.53515625,2.65625,0.005930582682291667,0.01318359375,0.4666666666666667,0.6,0.6,-0.00597808837890625,0.01723505655924478,5000
27,1,0.0016621907552083334,-1.4615885416666667,-1.463250732421875,0.0012829588961045387,-0.003482481238757434,-0.002960205078125,-0.00390625,2.82655029296875,-0.8688435872395833,-3.6953938802083335,0.0007517063844262491,0.0025850035456345508,-0.006013997395833333,-0.009765625,-0.0010172526041666667,0.0,-0.001007080078125,0.00390625,0.53515625,2.6796875,0.0030537923177083332,0.002471923828125,0.4,0.5333333333333333,0.6,-0.008770802815755208,0.0152587890625,5000
27,2,0.002777099609375,-1.459375,-1.462152099609375,0.0012295148350937716,-0.005544540791251009,-0.0018452962239583334,-0.00390625,2.8244059244791666,-0.8699055989583333,-3.6943115234375,0.000619066139022885,0.005852794357822605,-0.008158365885416666,-0.009765625,-0.008817545572916667,-0.0078125,-0.003668212890625,0.00390625,0.53125,2.671875,0.0063130696614583336,0.0087890625,0.4,0.6,0.6,-0.0067030334472656244,0.01838902791341144,5000
27,3,0.0011189778645833333,-1.4613606770833334,-1.4624796549479167,0.0013776723748380973,-0.008044182219503329,-0.00350341796875,0.0,2.8237101236979165,-0.87005615234375,-3.6937662760416665,0.0007477963204442223,0.008267920256032141,-0.008854166666666666,-0.00390625,-0.006856282552083333,-0.00390625,-0.00147705078125,0.0009765625,0.53515625,2.671875,0.005350748697916667,0.005859375,0.4666666666666667,0.5333333333333333,0.6,-0.005175984700520833,0.01657755533854166,5000
27,4,-0.0011678059895833333,-1.4600260416666666,-1.4588582356770834,0.0012860969381690258,-0.0045048893640189875,-0.005790201822916666,-0.0048828125,2.8240559895833335,-0.8664632161458333,-3.6905192057291667,0.0005812146880605151,0.003838305718271868,-0.00850830078125,-0.01171875,-0.011572265625,-0.0078125,-0.004630533854166666,0.0009765625,0.53515625,2.6484375,0.0027180989583333332,-0.00390625,0.3333333333333333,0.6,0.4666666666666667,-0.009900309244791666,0.015491231282552077,5000
27,5,0.0023946126302083334,-1.45810546875,-1.4605000813802083,0.001499132933253151,-0.0029910704268450044,-0.002227783203125,-0.00390625,2.823555501302083,-0.8691935221354167,-3.6927490234375,0.0006044342308308869,0.006475477336628139,-0.0090087890625,-0.00390625,-0.007902018229166667,-0.0078125,0.0020548502604166665,0.0029296875,0.53515625,2.6640625,0.006781005859375,0.0078125,0.4,0.6,0.5333333333333333,-0.004262593587239583,0.01772547403971353,5000
27,6,0.0021830240885416666,-1.46083984375,-1.4630228678385417,0.0015538729298149765,-0.007116809729573885,-0.0024393717447916668,0.0,2.825821940104167,-0.8664632161458333,-3.69228515625,0.0006416829208327299,0.0015435158751432201,-0.006742350260416667,0.001953125,-0.009220377604166666,-0.00390625,-0.0029622395833333332,0.001953125,0.53515625,2.669921875,0.004302978515625,0.005126953125,0.4666666666666667,0.4,0.6,-0.010526987711588541,0.01885548909505203,5000
27,7,0.00072021484375,-1.46181640625,-1.46253662109375,0.00123250262758877,-0.008892860487895275,-0.003902180989583333,0.0009765625,2.821586100260417,-0.86839599609375,-3.6899820963541665,0.0005604900886298233,0.0068045091516068515,-0.010978190104166667,-0.005859375,-0.007149251302083334,0.0008544921875,-0.006520589192708333,0.0,0.53515625,2.671875,0.0070760091145833336,0.0048828125,0.5333333333333333,0.5333333333333333,0.5333333333333333,-0.007662455240885416,0.021867879231770818,5000
27,8,6.306966145833334e-05,-1.4615885416666667,-1.461651611328125,0.0013026834720743807,-0.005511929717229858,-0.004559326171875,-0.0029296875,2.824853515625,-0.8690836588541667,-3.6939371744791667,0.0006349883554844087,0.004155631204000985,-0.007710774739583333,0.0,-0.0023111979166666667,-0.0029296875,-0.005141194661458333,-0.00390625,0.53515625,2.671875,0.0031514485677083333,-0.001953125,0.3333333333333333,0.4666666666666667,0.4,-0.00592254638671875,0.013163452148437496,5000
27,9,-0.001605224609375,-1.4638671875,-1.462261962890625,0.0014674645060422425,-0.006078262594929629,-0.006227620442708333,0.0,2.8248331705729166,-0.86951904296875,-3.694352213541667,0.0006521533596708485,0.0032802696398595826,-0.007731119791666667,-0.0013427734375,-0.0080810546875,-0.00390625,-0.00472412109375,0.0,0.53515625,2.6640625,0.0015034993489583333,-0.001953125,0.4666666666666667,0.5333333333333333,0.4666666666666667,-0.012118886311848957,0.015110931396484365,5000
27,10,0.005082194010416667,-1.4576497395833334,-1.46273193359375,0.0012830202759818,-0.0010621327965636214,0.0004597981770833333,0.0029296875,2.82672119140625,-0.8676228841145833,-3.694344075520833,0.0006333612709521527,0.00030465249512259845,-0.005843098958333333,-0.00390625,-0.006734212239583333,-0.00341796875,-0.0015726725260416666,0.0,0.53515625,2.6796875,0.006302897135416667,0.0048828125,0.5333333333333333,0.5333333333333333,0.5333333333333333,-0.007238972981770833,0.020288492838541658,5000
27,11,0.0009847005208333333,-1.4609375,-1.4619222005208334,0.0013879662887738944,-0.004718255564677842,-0.0036376953125,0.00146484375,2.8240763346354165,-0.87022705078125,-3.6943033854166667,0.0007038428634492197,0.008780604600155065,-0.008487955729166666,-0.01171875,-0.0070149739583333336,-0.00390625,-0.00054931640625,-0.00390625,0.53125,2.65625,0.004850260416666667,0.00390625,0.6,0.6666666666666666,0.6,-0.009359537760416667,0.018107299804687498,5000
27,12,0.00347900390625,-1.4583658854166666,-1.4618448893229166,0.0012204147665216085,-0.004694128731589592,-0.0011433919270833334,0.0029296875,2.824837239583333,-0.868896484375,-3.693733723958333,0.0006103472441388832,0.007392269713997821,-0.00772705078125,-0.00390625,-0.005952962239583333,-0.0078125,-0.004014078776041667,-0.00390625,0.53125,2.671875,0.006583658854166666,0.0048828125,0.5333333333333333,0.5333333333333333,0.7333333333333333,-0.005140584309895833,0.017436625162760403,5000
27,13,0.0056416829427083336,-1.4580729166666666,-1.463714599609375,0.0013970856252440273,-0.0027507622138376255,0.001019287109375,0.001953125,2.82855224609375,-0.86990966796875,-3.6984619140625,0.0006923917057966597,0.003387141929205491,-0.004012044270833333,0.00390625,-0.0054890950520833336,-0.00390625,-0.00518798828125,-0.00390625,0.53125,2.65625,0.0050313313802083336,0.01171875,0.5333333333333333,0.4666666666666667,0.6,-0.007031809488932291,0.01673599243164062,5000
27,14,0.00294189453125,-1.4600260416666666,-1.4629679361979167,0.001327880880973776,-0.008049331690769766,-0.0016805013020833334,0.001953125,2.8232177734375,-0.8691731770833333,-3.692390950520833,0.0006540519673170229,0.003142075822854355,-0.009346516927083333,-0.001953125,-0.0097412109375,-0.0078125,-0.0029500325520833335,0.00390625,0.53515625,2.6640625,0.007666015625,0.001953125,0.5333333333333333,0.6,0.6,-0.006233723958333334,0.02251800537109375,5000
27,15,0.0013427734375,-1.4595052083333333,-1.4608479817708333,0.0012773268688059563,-0.005568291702153439,-0.0032796223958333334,0.00390625,2.8293253580729165,-0.8692911783854167,-3.698616536458333,0.0006589767749688387,0.002541645419827847,-0.003238932291666667,0.0,-0.009383138020833333,-0.01171875,-0.004669189453125,0.00390625,0.53125,2.6640625,-4.0690104166666664e-05,0.005859375,0.5333333333333333,0.4,0.5333333333333333,-0.014925333658854166,0.014607950846354164,5000
27,16,0.00044352213541666666,-1.46142578125,-1.4618693033854167,0.0014427462874207241,-0.00865776169597497,-0.004178873697916667,0.0,2.8221110026041667,-0.8675211588541667,-3.6896321614583334,0.000575027590419307,0.004948800479524839,-0.010453287760416667,-0.0078125,-0.008837890625,-0.0078125,-0.006270345052083333,0.0,0.53515625,2.65625,0.0062744140625,0.0,0.4666666666666667,0.6666666666666666,0.4666666666666667,-0.004838765462239583,0.018599446614583334,5000
27,17,0.0031962076822916667,-1.4578776041666666,-1.4610738118489583,0.0011726556299583187,-0.0038671408595783575,-0.0014261881510416667,0.0,2.822945149739583,-0.86932373046875,-3.692268880208333,0.0006482199688683277,0.0035609936078910614,-0.009619140625,-0.0078125,-0.00714111328125,-0.001953125,-0.0013224283854166667,0.00390625,0.53515625,2.65625,0.008192952473958333,0.010589599609375,0.4666666666666667,0.5333333333333333,0.6666666666666666,-0.004437459309895833,0.020552825927734372,5000
27,18,0.005413818359375,-1.4596028645833334,-1.4650166829427083,0.001276857276337855,-0.004896672960701578,0.0007914225260416667,0.0,2.8265625,-0.8693603515625,-3.6959228515625,0.0006856197933067196,0.004063268515019271,-0.006001790364583333,-0.00390625,-0.011197916666666667,-0.013427734375,-0.002315266927083333,0.005859375,0.53515625,2.65625,0.006793212890625,0.0068359375,0.4666666666666667,0.5333333333333333,0.5333333333333333,-0.006469777425130208,0.02061976114908854,5000
27,19,0.0010355631510416666,-1.4617838541666666,-1.4628194173177083,0.0012988540185871612,-0.0061177969512640085,-0.0035868326822916666,-0.00390625,2.822310384114583,-0.8708292643229166,-3.6931396484375,0.0007268195909301424,0.005059123517057285,-0.01025390625,-0.01171875,-0.010196940104166666,-0.0078125,-0.0020039876302083335,0.0009765625,0.53125,2.6484375,0.006667073567708333,0.007080078125,0.4,0.6666666666666666,0.6666666666666666,-0.0025523376464843743,0.01635762532552083,5000
27,20,0.0044596354166666664,-1.46044921875,-1.4649088541666666,0.0014660254969939453,-0.008128700319480582,-0.00016276041666666666,0.0,2.8231526692708333,-0.8689615885416667,-3.6921142578125,0.000625899097475878,0.004164497296746375,-0.00941162109375,-0.001953125,-0.008854166666666666,-0.00390625,-0.004229736328125,-0.00390625,0.53125,2.65625,0.009248860677083333,0.0040283203125,0.4666666666666667,0.5333333333333333,0.6,-0.0035892740885416666,0.022856648763020817,5000
27,21,-0.0019185384114583333,-1.4615234375,-1.4596048990885417,0.001238237202511698,-0.010228719384543493,-0.006540934244791667,-0.0029296875,2.82578125,-0.867919921875,-3.693701171875,0.0005161344529301213,0.0031331959527831034,-0.006783040364583334,-0.00390625,-0.009700520833333334,-0.00390625,-0.0035563151041666666,-0.001953125,0.53515625,2.65625,0.00024210611979166667,0.0,0.4,0.6666666666666666,0.4666666666666667,-0.013295644124348959,0.013895874023437496,5000
27,22,0.00447998046875,-1.4577799479166667,-1.4622599283854167,0.0013952570671114206,-0.001580264849354894,-0.00014241536458333334,0.0009765625,2.8246337890625,-0.8706380208333333,-3.6952718098958335,0.000660319176568173,0.0022594649419936576,-0.007930501302083334,-0.00390625,-0.008292643229166667,-0.00390625,-0.004256184895833333,-0.001953125,0.53515625,2.671875,0.0077880859375,0.00390625,0.5333333333333333,0.5333333333333333,0.7333333333333333,-0.0039028930664062496,0.020227152506510415,5000
27,23,0.0068318684895833336,-1.45673828125,-1.4635701497395834,0.0012748484767318416,-0.0019456484387503049,0.00220947265625,0.0029296875,2.8266398111979165,-0.8707967122395833,-3.6974365234375,0.0006447190572999695,0.005207101012064479,-0.0059244791666666664,0.0,-0.008968098958333334,-0.001953125,-0.005126953125,-0.00390625,0.53515625,2.6640625,0.008133951822916667,0.01116943359375,0.6,0.4666666666666667,0.6,-0.004382425944010416,0.02080902099609375,5000
27,24,-0.0003173828125,-1.4619140625,-1.4615966796875,0.0013290729546042365,-0.008379412361348704,-0.0049397786458333336,-0.001953125,2.824881998697917,-0.8689005533854167,-3.6937825520833334,0.0006855060609954214,0.0031875562264907973,-0.007682291666666666,-0.004150390625,-0.00804443359375,-0.0078125,-0.00223388671875,0.0,0.53125,2.65625,0.002742513020833333,0.00390625,0.4666666666666667,0.6,0.6,-0.012793782552083332,0.018009643554687496,5000
27,25,0.0025126139322916665,-1.4599283854166667,-1.4624409993489584,0.001416973760370465,-0.004558520450063717,-0.002109781901041667,0.001953125,2.8217814127604166,-0.87054443359375,-3.6923258463541666,0.0006198104175535769,0.006552113015825336,-0.010782877604166666,-0.0078125,-0.01051025390625,-0.0078125,-0.007454427083333334,-0.00390625,0.53125,2.640625,0.008673095703125,0.0078125,0.5333333333333333,0.6666666666666666,0.5333333333333333,-0.005713500976562499,0.023166910807291666,5000
27,26,0.007029215494791667,-1.456640625,-1.4636698404947917,0.0012744181558710095,-0.0017862223095803608,0.002406819661458333,0.00390625,2.824898274739583,-0.8715779622395833,-3.6964762369791666,0.0006582957484715438,0.007645863137468127,-0.007666015625,-0.0078125,-0.007486979166666667,-0.004638671875,-0.002618408203125,0.0,0.53515625,2.65625,0.010072835286458333,0.0078125,0.5333333333333333,0.6,0.6666666666666666,-0.003730672200520833,0.022972005208333326,5000
27,27,0.004374186197916667,-1.4590494791666666,-1.4634236653645833,0.0013367587852241459,-0.00284698421437992,-0.00024820963541666665,0.0,2.8246785481770833,-0.8686238606770833,-3.6933024088541666,0.0007866305000833664,0.0035936560282022775,-0.0078857421875,-0.003173828125,-0.00166015625,0.0,-0.003938802083333333,0.0,0.53515625,2.6640625,0.007637532552083334,0.005859375,0.4666666666666667,0.5333333333333333,0.6,-0.0035891723632812495,0.019421691894531246,5000
27,28,0.00142822265625,-1.46103515625,-1.46246337890625,0.0014512320675217987,-0.004308233190145508,-0.0031941731770833335,0.0009765625,2.8237630208333333,-0.869921875,-3.6936848958333335,0.0006887295735475162,0.004684276946306425,-0.00880126953125,-0.00390625,-0.010498046875,-0.00390625,-0.003082275390625,0.0,0.53515625,2.6484375,0.005607096354166666,0.0068359375,0.5333333333333333,0.5333333333333333,0.6,-0.005493265787760417,0.015812683105468742,5000
27,29,0.0034566243489583333,-1.4592447916666667,-1.462701416015625,0.0012686138534481314,-0.004331742643686359,-0.001165771484375,0.0029296875,2.8288167317708335,-0.8671875,-3.6960042317708335,0.000756860240756942,0.0012254693586484637,-0.00374755859375,-0.001953125,-0.006494140625,0.0,-0.002650960286458333,0.0029296875,0.53515625,2.6796875,0.002581787109375,0.005615234375,0.5333333333333333,0.5333333333333333,0.6,-0.010833231608072917,0.015358174641927057,5000
27,30,0.0038045247395833335,-1.4616861979166667,-1.46549072265625,0.001293661472765704,-0.0046958765661340085,-0.00081787109375,0.0029296875,2.8263875325520833,-0.86859130859375,-3.6949788411458333,0.0006863841315597354,0.002655233386255612,-0.0061767578125,-0.0078125,-0.005574544270833333,-0.00390625,-0.0034932454427083334,0.00390625,0.53515625,2.65625,0.00535888671875,0.0,0.6,0.6,0.4666666666666667,-0.009342447916666666,0.019157104492187497,5000
27,31,0.0023518880208333332,-1.4606770833333333,-1.4630289713541667,0.001272456647791286,-0.007773517554330373,-0.0022705078125,0.0,2.829361979166667,-0.8658610026041667,-3.6952229817708333,0.0006662390484311319,6.338751110451045e-05,-0.0032023111979166668,0.0078125,-0.0084716796875,-0.001953125,-0.00015462239583333333,0.0,0.53515625,2.685546875,0.0009318033854166667,0.001953125,0.4,0.4,0.5333333333333333,-0.012786966959635417,0.015259094238281246,5000
28,0,-0.001171875,-1.4624348958333333,-1.4612630208333333,0.0013800973737652796,-0.010108453983588494,-0.0057942708333333336,-0.00390625,2.822562662760417,-0.8696980794270833,-3.6922607421875,0.0006644784454545867,0.005250879904639681,-0.010001627604166667,-0.01171875,-0.006510416666666667,-0.0078125,-0.00130615234375,0.001953125,0.53125,2.65625,0.0042073567708333336,0.005859375,0.4,0.7333333333333333,0.7333333333333333,-0.0061041259765624994,0.01447794596354166,5000
28,1,0.0041849772135416664,-1.459375,-1.4635599772135417,0.0011913150694474492,-0.0038487305972595702,-0.0004374186197916667,0.0029296875,2.826765950520833,-0.8680826822916666,-3.6948486328125,0.0006462584665249347,0.0023460084981196936,-0.00579833984375,-0.001953125,-0.005826822916666667,-0.00341796875,-0.0034037272135416666,0.0009765625,0.53125,2.671875,0.005360921223958333,0.0050048828125,0.5333333333333333,0.5333333333333333,0.6,-0.007326711018880208,0.017412109374999988,5000
28,2,0.0025044759114583332,-1.4619466145833333,-1.4644510904947916,0.001258098801502344,-0.009283783848118501,-0.002117919921875,0.0,2.82557373046875,-0.8676961263020834,-3.6932698567708333,0.0006328352451232629,0.0038563737932936176,-0.006990559895833333,-0.0078125,-0.007242838541666667,-0.0029296875,-0.0034932454427083334,0.0,0.53515625,2.685546875,0.004872639973958333,0.0,0.4666666666666667,0.6,0.4666666666666667,-0.007952982584635417,0.018758951822916654,5000
28,3,0.0017191569010416667,-1.4607421875,-1.4624613444010417,0.0012915714400443335,-0.006557093812839106,-0.002903238932291667,0.0,2.826896158854167,-0.8689697265625,-3.6958658854166666,0.0006559488703564937,0.0032498231238677336,-0.005668131510416666,0.0,-0.007002766927083333,-0.0078125,-0.003444417317708333,0.0,0.53515625,2.6640625,0.002764892578125,0.005615234375,0.4666666666666667,0.4666666666666667,0.6,-0.011263020833333333,0.01584681193033854,5000
28,4,0.0019185384114583333,-1.4593424479166666,-1.461260986328125,0.001156344628813096,-0.00875608019803657,-0.002703857421875,0.0,2.82274169921875,-0.86898193359375,-3.6917236328125,0.0006749183942012006,0.004394476369265839,-0.009822591145833334,-0.0078125,-0.0038736979166666668,0.0023193359375,-0.0017822265625,0.0,0.53515625,2.65625,0.007118733723958334,0.005615234375,0.4,0.6,0.5333333333333333,-0.0047648111979166664,0.019334106445312495,5000
28,5,0.0028889973958333335,-1.4602213541666667,-1.4631103515625,0.0012150304997443884,-0.004861122649414166,-0.0017333984375,0.0029296875,2.8262939453125,-0.867041015625,-3.6933349609375,0.0006398483944422033,0.002065403334908749,-0.006270345052083333,0.000732421875,-0.008101399739583333,-0.00390625,-0.0023783365885416668,0.0,0.5390625,2.6796875,0.004536946614583333,0.001953125,0.5333333333333333,0.4,0.5333333333333333,-0.007674458821614583,0.017077738444010417,5000
28,6,0.0043986002604166664,-1.4581705729166667,-1.4625691731770833,0.001093189304542024,-0.0036788136344822293,-0.00022379557291666666,0.001953125,2.824149576822917,-0.8691853841145833,-3.6933349609375,0.0006271092809224694,0.0024701417142061716,-0.008414713541666667,-0.009765625,-0.009346516927083333,-0.009765625,-0.0032674153645833332,0.0,0.53515625,2.6796875,0.00819091796875,0.0093994140625,0.5333333333333333,0.6,0.6666666666666666,-0.00606292724609375,0.02174072265625,5000
28,7,0.0013631184895833333,-1.4611979166666667,-1.46256103515625,0.0011544976086961616,-0.005191332860275325,-0.00325927734375,-0.0029296875,2.8237955729166666,-0.8690836588541667,-3.692879231770833,0.0006525978159745888,0.004399612486517069,-0.008768717447916666,-0.009765625,-0.00623779296875,-0.006103515625,-0.0015482584635416667,0.0,0.53515625,2.671875,0.005509440104166667,0.00390625,0.4,0.6,0.7333333333333333,-0.006921793619791667,0.01822509765625,5000
28,8,0.0041015625,-1.4592447916666667,-1.4633463541666667,0.0012489396515910564,-0.005146492614393336,-0.0005208333333333333,0.0009765625,2.8255045572916666,-0.8688313802083333,-3.6943359375,0.0006883966989208125,0.0019458740471871667,-0.007059733072916667,-0.0032958984375,-0.0064208984375,-0.001953125,-0.0035298665364583335,-0.00390625,0.53515625,2.671875,0.006538899739583334,0.001953125,0.5333333333333333,0.5333333333333333,0.5333333333333333,-0.007829793294270833,0.021090291341145827,5000
28,9,0.0011067708333333333,-1.4625651041666667,-1.463671875,0.001355794584486915,-0.006387843974251615,-0.003515625,0.0,2.8292195638020834,-0.8666951497395833,-3.695914713541667,0.0006655033749317312,0.0012130395887213943,-0.0033447265625,0.002197265625,-0.009757486979166667,-0.009765625,-0.003597005208333333,0.0,0.53515625,2.671875,-0.0001708984375,-0.005859375,0.4666666666666667,0.4666666666666667,0.4,-0.011555989583333334,0.011922810872395825,5000
28,10,0.004988606770833333,-1.45927734375,-1.4642659505208333,0.0012816943850879727,-0.0035564033640414256,0.0003662109375,0.0,2.8233683268229166,-0.87042236328125,-3.6937906901041666,0.0007042004796876759,0.005134524979452432,-0.009195963541666666,-0.0078125,-0.006490071614583333,-0.001953125,-0.00040283203125,0.00390625,0.53515625,2.6484375,0.009562174479166666,0.009765625,0.4666666666666667,0.6666666666666666,0.7333333333333333,-0.0036869303385416666,0.022062988281249987,5000
28,11,0.0016459147135416666,-1.459375,-1.4610209147135416,0.001248872472455071,-0.006379641602810978,-0.0029764811197916666,0.0,2.8270304361979166,-0.8667765299479167,-3.6938069661458335,0.0006099057201520685,0.0017307550518437303,-0.005533854166666667,-0.00390625,-0.0071980794270833336,-0.0028076171875,-0.002215576171875,0.00390625,0.53515625,2.6796875,0.002557373046875,0.00390625,0.4,0.5333333333333333,0.6,-0.01012176513671875,0.015228271484375,5000
28,12,0.002040608723958333,-1.4608072916666666,-1.462847900390625,0.0011616587643241071,-0.00802475020445489,-0.002581787109375,0.0,2.82574462890625,-0.8690958658854167,-3.694840494791667,0.0006440951713335339,0.004082129413288877,-0.006819661458333333,-0.0078125,-0.009285481770833333,-0.0078125,-0.001959228515625,0.0,0.53515625,2.671875,0.0042378743489583336,0.0048828125,0.4666666666666667,0.6666666666666666,0.6,-0.008844248453776042,0.01611984252929687,5000
28,13,0.0036112467447916665,-1.45859375,-1.4622049967447917,0.0013272743285257266,-0.005985604208228057,-0.0010111490885416667,-0.001953125,2.82149658203125,-0.8703572591145833,-3.6918538411458335,0.0007199001793137654,0.004836859228329547,-0.011067708333333334,-0.009765625,-0.0093017578125,-0.0078125,-0.00169677734375,0.0,0.53125,2.65625,0.010056559244791667,0.0068359375,0.4,0.6666666666666666,0.5333333333333333,-0.0036643473307291664,0.023459930419921875,5000
28,14,0.0012288411458333333,-1.4597981770833333,-1.4610270182291667,0.0011680187450284773,-0.009020759121989274,-0.0033935546875,0.0029296875,2.824609375,-0.8692138671875,-3.6938232421875,0.000701653822072179,0.004359733797701243,-0.007954915364583334,-0.00390625,-0.008634440104166667,-0.014892578125,-0.0024169921875,0.00390625,0.53515625,2.6796875,0.004561360677083333,0.0078125,0.5333333333333333,0.6,0.6,-0.010190836588541667,0.019056091308593735,5000
28,15,0.0003153483072916667,-1.4603190104166666,-1.4606343587239583,0.0013764136585494072,-0.005284763991135126,-0.0043070475260416664,-0.00390625,2.8259480794270835,-0.8694295247395833,-3.6953776041666666,0.0007017049892669473,0.0037757591995219845,-0.0066162109375,0.0,-0.006494140625,-0.0078125,-0.0009358723958333334,-0.00634765625,0.53515625,2.6640625,0.0023091634114583335,0.002655029296875,0.4,0.4666666666666667,0.5333333333333333,-0.011281992594401042,0.015834757486979163,5000
28,16,0.0008015950520833333,-1.4606119791666667,-1.46141357421875,0.0011683827800925634,-0.008557657552650694,-0.00382080078125,0.0,2.82186279296875,-0.8693562825520833,-3.6912190755208334,0.0007280910019132575,0.0051366036736183234,-0.010701497395833334,-0.0078125,-0.0059814453125,-0.002685546875,-0.001177978515625,0.0,0.53515625,2.65625,0.006880696614583333,0.009765625,0.4666666666666667,0.6,0.6,-0.006547139485677083,0.01955169677734375,5000
28,17,0.003314208984375,-1.4594075520833334,-1.4627217610677083,0.0012701183610941548,-0.005252892724316448,-0.0013081868489583333,0.001953125,2.823372395833333,-0.869921875,-3.6932942708333334,0.0007098138440232252,0.0037393862858249804,-0.00919189453125,-0.00390625,-0.010542805989583333,-0.009765625,1.8310546875e-05,0.0009765625,0.53515625,2.671875,0.007883707682291666,0.0087890625,0.5333333333333333,0.6666666666666666,0.6666666666666666,-0.0038540140787760415,0.019641723632812493,5000
28,18,0.00289306640625,-1.4602864583333333,-1.4631795247395833,0.0013167356139872145,-0.004741381463776494,-0.0017293294270833333,-0.001953125,2.826346842447917,-0.8679728190104167,-3.694319661458333,0.000619958479539006,0.004041221944778797,-0.006217447916666666,-0.009765625,-0.00626220703125,-0.009765625,-0.004850260416666667,0.0,0.52734375,2.671875,0.004488118489583333,0.0048828125,0.4,0.5333333333333333,0.5333333333333333,-0.006591898600260417,0.015328674316406238,5000
28,19,0.002227783203125,-1.4595703125,-1.461798095703125,0.0012342793273557426,-0.003999625220821682,-0.0023946126302083334,0.0,2.82418212890625,-0.86859130859375,-3.6927734375,0.0006774871526005217,0.00474663386997907,-0.008382161458333334,-0.00390625,-0.006363932291666667,-0.009765625,-0.002557373046875,0.0,0.53515625,2.6640625,0.005987548828125,0.0048828125,0.4666666666666667,0.6,0.6666666666666666,-0.004008229573567708,0.016634318033854165,5000
28,20,0.0043701171875,-1.4576822916666667,-1.4620524088541667,0.0012455038263579352,-0.006614946417278752,-0.00025227864583333336,0.0,2.82073974609375,-0.8720418294270833,-3.6927815755208333,0.0006134348682502158,0.005724243017851688,-0.011824544270833333,-0.0078125,-0.009468587239583333,-0.009765625,-0.002587890625,-0.00390625,0.53125,2.671875,0.011572265625,0.0087890625,0.4666666666666667,0.7333333333333333,0.7333333333333333,0.0002596028645833336,0.022029622395833334,5000
28,21,0.0005411783854166667,-1.4606770833333333,-1.46121826171875,0.0014371407560283427,-0.005198960065695971,-0.004081217447916666,-0.00390625,2.82550048828125,-0.86778564453125,-3.6932861328125,0.0006966615929339203,0.0034554013958822344,-0.007063802083333333,-0.0078125,-0.009765625,-0.0078125,-0.0042378743489583336,0.0,0.53515625,2.671875,0.0029825846354166667,0.001953125,0.4,0.5333333333333333,0.6,-0.010989176432291666,0.016809183756510415,5000
28,22,0.0026652018229166665,-1.460546875,-1.4632120768229167,0.0012767029776613757,-0.008444855778130941,-0.001957194010416667,0.0,2.82388916015625,-0.8695271809895834,-3.6934163411458334,0.0006826138300312979,0.0023213297067924627,-0.008675130208333333,-0.00390625,-0.00853271484375,-0.00390625,-0.0053466796875,0.0,0.53515625,2.65625,0.0067179361979166664,0.00390625,0.4666666666666667,0.6666666666666666,0.6,-0.0070196533203124994,0.020833536783854162,5000
28,23,0.00142822265625,-1.4608723958333334,-1.4623006184895833,0.0013497792306955139,-0.005943840821030967,-0.0031941731770833335,0.0,2.825577799479167,-0.8692789713541667,-3.6948567708333333,0.000716969045139092,0.003968965052034135,-0.006986490885416667,-0.00390625,-0.00572509765625,-0.0032958984375,-0.0007364908854166667,0.0,0.53515625,2.671875,0.0037923177083333333,0.0029296875,0.4,0.6,0.6,-0.00906585693359375,0.016614685058593735,5000
28,24,0.0032511393229166666,-1.4591145833333334,-1.46236572265625,0.001283021384502447,-0.0038343641647497744,-0.0013712565104166666,0.0,2.82550048828125,-0.87086181640625,-3.6963623046875,0.0007389018198853376,0.007715154516198962,-0.007063802083333333,-0.0042724609375,-0.0069539388020833336,-0.00390625,-0.002079264322916667,0.0029296875,0.53515625,2.669921875,0.005692545572916667,0.001953125,0.4666666666666667,0.6,0.5333333333333333,-0.0053758748372395825,0.01722076416015624,5000
28,25,0.00386962890625,-1.4600911458333334,-1.4639607747395833,0.0012646670193797614,-0.004767381890864856,-0.0007527669270833334,0.00390625,2.8233968098958333,-0.8698567708333333,-3.693253580729167,0.0007105888654558108,0.00718533215544404,-0.00916748046875,-0.0078125,-0.007210286458333334,-0.00390625,-0.0014261881510416667,-0.00390625,0.53515625,2.671875,0.008414713541666667,0.00390625,0.6,0.6,0.5333333333333333,-0.003369140625,0.020961100260416643,5000
28,26,0.002750651041666667,-1.4598307291666666,-1.4625813802083334,0.0012777731530338658,-0.005423192620270415,-0.0018717447916666667,-0.00390625,2.819189453125,-0.8704671223958333,-3.6896565755208335,0.0007001851008760592,0.006535222253882941,-0.013374837239583333,-0.013671875,-0.0067789713541666664,0.0,-0.0005330403645833333,0.0,0.53125,2.640625,0.011503092447916667,0.0078125,0.4666666666666667,0.7333333333333333,0.6666666666666666,-0.0022950236002604167,0.02510620117187499,5000
28,27,0.003230794270833333,-1.4585286458333333,-1.4617594401041667,0.0013471308917587202,-0.003794939655844228,-0.0013916015625,0.0,2.82181396484375,-0.8688924153645833,-3.6907063802083333,0.0006808606477864766,0.004747647643115077,-0.010750325520833333,-0.009765625,-0.007975260416666666,-0.00390625,-0.0037109375,-0.00390625,0.53515625,2.640625,0.009358723958333334,0.00244140625,0.4666666666666667,0.7333333333333333,0.6,-0.004086100260416667,0.02226603190104166,5000
28,28,0.0024129231770833332,-1.4594401041666667,-1.46185302734375,0.0012311050385574076,-0.008414459474406718,-0.00220947265625,0.00146484375,2.82508544921875,-0.87093505859375,-3.6960205078125,0.0007243131635974288,0.0038936969271098176,-0.007478841145833333,-0.009765625,-0.007356770833333333,-0.009765625,-0.00041300455729166666,0.0029296875,0.53515625,2.6484375,0.005269368489583333,-0.001953125,0.5333333333333333,0.6,0.4666666666666667,-0.007064208984375,0.018038126627604165,5000
28,29,-0.0018900553385416666,-1.4616536458333333,-1.4597635904947917,0.0014636423190984489,-0.006505541951748988,-0.006512451171875,-0.00390625,2.821761067708333,-0.8710205078125,-3.6927815755208333,0.0006547577276523976,0.008232967479753628,-0.01080322265625,-0.0078125,-0.00994873046875,-0.0078125,-0.0043212890625,0.0,0.53515625,2.6796875,0.004290771484375,0.005859375,0.4,0.6,0.6,-0.008223978678385415,0.015574849446614572,5000
28,30,0.0003173828125,-1.4612630208333333,-1.4615804036458333,0.0014225472398615208,-0.005848625432454884,-0.004305013020833333,-0.005859375,2.823286946614583,-0.8704874674479167,-3.6937744140625,0.0006562306810983209,0.008098899745903509,-0.00927734375,-0.00390625,-0.010099283854166667,-0.0078125,0.00024820963541666665,0.0029296875,0.53515625,2.65625,0.004972330729166667,0.00390625,0.3333333333333333,0.6666666666666666,0.6666666666666666,-0.006153767903645833,0.01669962565104166,5000
28,31,0.0029581705729166668,-1.4592122395833333,-1.46217041015625,0.0013164256046377953,-0.003852666476547327,-0.0016642252604166666,0.0,2.8234049479166665,-0.8703776041666667,-3.6937825520833334,0.000583932757201535,0.005125094836598079,-0.009159342447916666,-0.01171875,-0.0060546875,0.0,-0.000927734375,0.0,0.53515625,2.6796875,0.0074951171875,0.005859375,0.4666666666666667,0.6,0.6666666666666666,-0.004846598307291667,0.01969879150390624,5000
29,0,0.00120849609375,-1.46142578125,-1.46263427734375,0.001200607509911953,-0.0065375498946117945,-0.003413899739583333,0.0,2.82391357421875,-0.86883544921875,-3.6927490234375,0.0006888402449659471,0.0034035440392472475,-0.008650716145833333,-0.001953125,-0.005318196614583334,0.0,0.00017293294270833334,0.0,0.53515625,2.671875,0.00523681640625,0.004150390625,0.4666666666666667,0.5333333333333333,0.6666666666666666,-0.007674153645833333,0.018200988769531246,5000
29,1,0.0018595377604166666,-1.4605794270833334,-1.46243896484375,0.0012671252549645595,-0.006611804503570303,-0.0027628580729166666,0.0,2.8266886393229167,-0.86605224609375,-3.692740885416667,0.0007004423800024592,0.0031574202413968766,-0.005875651041666667,-0.009765625,-0.009285481770833333,-0.0078125,-0.001495361328125,-0.001953125,0.53515625,2.701171875,0.00311279296875,0.001953125,0.4666666666666667,0.5333333333333333,0.5333333333333333,-0.0100750732421875,0.016529032389322906,5000
29,2,0.0034891764322916665,-1.45966796875,-1.4631571451822916,0.0011284541927487123,-0.004336654789138553,-0.0011332194010416667,0.001953125,2.8247639973958334,-0.8696451822916667,-3.6944091796875,0.000697975855352494,0.004067950802549611,-0.00780029296875,-0.0078125,-0.00584716796875,-0.00390625,-0.00191650390625,0.00390625,0.53515625,2.6796875,0.006667073567708333,0.00390625,0.5333333333333333,0.6,0.6666666666666666,-0.004832611083984375,0.018062744140624993,5000
29,3,0.0033650716145833333,-1.4605143229166666,-1.46387939453125,0.0012042898350083247,-0.005386632995900351,-0.00125732421875,0.0009765625,2.82547607421875,-0.8688273111979167,-3.6943033854166667,0.0007335471002724107,0.0037841058904390106,-0.007088216145833334,-0.00390625,-0.008056640625,-0.0147705078125,-0.0022196451822916667,0.0,0.53125,2.6640625,0.005830891927083333,0.0078125,0.5333333333333333,0.6,0.6666666666666666,-0.0066816202799479165,0.018229573567708327,5000
29,4,-0.00048421223958333335,-1.46142578125,-1.4609415690104166,0.001261291813941293,-0.010290097689516255,-0.005106608072916667,-0.0029296875,2.823555501302083,-0.8691935221354167,-3.6927490234375,0.0007027886041379401,0.004206587421260635,-0.0090087890625,-0.0078125,-0.006363932291666667,0.00390625,-0.0011962890625,0.0,0.53515625,2.65625,0.003902180989583333,0.001953125,0.3333333333333333,0.6666666666666666,0.5333333333333333,-0.009289855957031249,0.01749379475911457,5000
29,5,0.002392578125,-1.46220703125,-1.464599609375,0.0012519053179468375,-0.006601788679668443,-0.0022298177083333332,-0.0029296875,2.828125,-0.8668375651041667,-3.694962565104167,0.0006709632438530529,0.0013257917281249917,-0.004439290364583333,-0.001708984375,-0.01005859375,-0.0078125,-0.0012430826822916667,0.0,0.53125,2.6796875,0.00220947265625,0.005859375,0.4666666666666667,0.5333333333333333,0.5333333333333333,-0.010693562825520832,0.015348714192708328,5000
29,6,0.0019978841145833334,-1.4601888020833333,-1.4621866861979167,0.0011219731331347216,-0.009102365834200267,-0.00262451171875,0.0,2.824271647135417,-0.8705525716145833,-3.69482421875,0.0007103762059101798,0.003627725902037646,-0.008292643229166667,-0.0078125,-0.005521647135416667,0.00390625,-0.00020345052083333334,-0.0029296875,0.53515625,2.65625,0.005668131510416666,0.009765625,0.4666666666666667,0.6,0.6,-0.006690063476562499,0.01756612141927083,5000
29,7,0.006239827473958333,-1.4574544270833334,-1.4636942545572917,0.0012216824720019577,-0.0021735546321402883,0.001617431640625,0.0,2.8275146484375,-0.8684651692708333,-3.6959798177083334,0.0006960382398673171,0.0021068133095665928,-0.005049641927083333,-0.001953125,-0.010636393229166667,-0.0078125,-0.002559407552083333,-0.001953125,0.53515625,2.6796875,0.006667073567708333,0.0078125,0.4666666666666667,0.5333333333333333,0.6666666666666666,-0.005638427734374999,0.01839721679687498,5000
29,8,0.00352783203125,-1.4607096354166667,-1.4642374674479166,0.0011949253813239914,-0.0033791588786774344,-0.0010945638020833333,-0.0029296875,2.8232137044270833,-0.8685262044270833,-3.6917399088541667,0.0006885676833610174,0.0045157312347421825,-0.0093505859375,-0.009765625,-0.005350748697916667,0.0006103515625,-0.002315266927083333,-0.00390625,0.53125,2.671875,0.008256022135416667,0.00390625,0.4666666666666667,0.6666666666666666,0.6,-0.004463704427083334,0.02093129475911458,5000
29,9,0.00252685546875,-1.4607096354166667,-1.4632364908854167,0.0012797873423902853,-0.005972432569702228,-0.0020955403645833335,0.0,2.82420654296875,-0.8700968424479166,-3.6943033854166667,0.0007031651453677014,0.004691520436480949,-0.008357747395833334,-0.001953125,-0.00777587890625,-0.0078125,-0.0032328287760416668,0.0,0.52734375,2.6796875,0.00626220703125,-0.0029296875,0.4666666666666667,0.5333333333333333,0.4666666666666667,-0.0059898885091145835,0.019149373372395827,5000
29,10,0.0033711751302083334,-1.4580729166666666,-1.461444091796875,0.0011121822766820134,-0.0032411269516442673,-0.001251220703125,0.00390625,2.8264567057291665,-0.8695231119791667,-3.6959798177083334,0.0007074236656477871,0.003084178275399598,-0.0061075846354166664,0.0,-0.007096354166666667,-0.009765625,-0.0006795247395833333,0.0,0.53125,2.6640625,0.0048563639322916664,0.0087890625,0.5333333333333333,0.4666666666666667,0.6666666666666666,-0.009422353108723958,0.01874415079752604,5000
29,11,0.0014912923177083333,-1.45927734375,-1.4607686360677083,0.0012480150703458638,-0.003095855528540861,-0.003131103515625,0.0,2.82822265625,-0.8671793619791667,-3.6954020182291667,0.000696522409335217,0.0010854117066429975,-0.004341634114583334,-0.001953125,-0.00601806640625,-0.001953125,-0.0025614420572916668,0.0,0.53515625,2.671875,0.0012105305989583333,0.002593994140625,0.4666666666666667,0.5333333333333333,0.5333333333333333,-0.010945638020833334,0.013853810628255196,5000
29,12,0.0047119140625,-1.4595052083333333,-1.4642171223958333,0.0013021276489769754,-0.005552760009027513,8.951822916666666e-05,0.0,2.8248331705729166,-0.8689900716145833,-3.6938232421875,0.0006774101425867872,0.003643338505360616,-0.007731119791666667,-0.009765625,-0.009326171875,-0.0078125,-0.002960205078125,0.0,0.5390625,2.671875,0.007820638020833333,0.00830078125,0.4666666666666667,0.5333333333333333,0.6666666666666666,-0.003768310546875,0.019955647786458315,5000
29,13,0.004134114583333333,-1.4591145833333334,-1.4632486979166666,0.001216469182998068,-0.004053777087625585,-0.00048828125,0.0009765625,2.825944010416667,-0.8678385416666666,-3.6937825520833334,0.0006910219469718513,0.0037989556149621287,-0.006620279947916667,-0.00390625,-0.004435221354166667,-0.001953125,-0.002689615885416667,-0.001953125,0.53515625,2.6796875,0.006131998697916667,0.0078125,0.5333333333333333,0.6,0.6666666666666666,-0.007610677083333333,0.019466145833333334,5000
29,14,0.0031982421875,-1.4598958333333334,-1.4630940755208333,0.0012280386295204864,-0.007170505838197866,-0.0014241536458333333,0.0,2.82510986328125,-0.8697550455729167,-3.6948649088541665,0.0007218733103437877,0.0036393125765082483,-0.007454427083333334,-0.01171875,-0.00760498046875,-0.00390625,-0.0029825846354166667,-0.00390625,0.53515625,2.671875,0.0060302734375,0.007568359375,0.4666666666666667,0.5333333333333333,0.6,-0.0048345947265625,0.0172119140625,5000
29,15,0.0034586588541666665,-1.4600260416666666,-1.4634847005208333,0.0012963862152114937,-0.006259070660876455,-0.0011637369791666667,0.0,2.82435302734375,-0.86893310546875,-3.6932861328125,0.0006932488805121474,0.0035358650369477925,-0.008211263020833333,-0.00390625,-0.00882568359375,-0.0166015625,-0.0016133626302083333,-0.000274658203125,0.53515625,2.65625,0.007047526041666667,0.005859375,0.4666666666666667,0.6666666666666666,0.5333333333333333,-0.005379638671875,0.01972676595052083,5000
29,16,0.0043701171875,-1.4582682291666667,-1.4626383463541666,0.0013605159867586616,-0.002043514865863236,-0.00025227864583333336,0.00390625,2.824409993489583,-0.8688517252604167,-3.69326171875,0.0008081611091941309,0.004699530341790118,-0.008154296875,-0.001953125,-0.007364908854166667,0.0,-0.00242919921875,0.0,0.53125,2.6796875,0.007902018229166667,0.01171875,0.5333333333333333,0.5333333333333333,0.6666666666666666,-0.0052655029296875,0.02079325358072916,5000
29,17,0.002923583984375,-1.45947265625,-1.462396240234375,0.001339823572730357,-0.008598338027212434,-0.0016988118489583333,0.00390625,2.827315266927083,-0.8675252278645833,-3.694840494791667,0.0007056586903602324,0.002772112174924177,-0.0052490234375,0.00390625,-0.0071370442708333336,-0.0078125,-0.0033976236979166665,-0.00390625,0.53515625,2.671875,0.0035502115885416665,0.00390625,0.5333333333333333,0.4666666666666667,0.6,-0.009514516194661458,0.0159509785970052,5000
29,18,0.0022074381510416665,-1.4588216145833333,-1.461029052734375,0.0012173442000644864,-0.004641547361768459,-0.002414957682291667,0.0,2.8282958984375,-0.8686116536458334,-3.696907552083333,0.0006799924033167448,0.00208295368908073,-0.0042683919270833336,0.00390625,-0.006339518229166666,-0.0018310546875,-0.001226806640625,-0.00390625,0.53515625,2.671875,0.0018534342447916667,0.001953125,0.4666666666666667,0.4,0.5333333333333333,-0.009664204915364584,0.012950948079427064,5000
29,19,0.004667154947916667,-1.45751953125,-1.4621866861979167,0.001315517789053866,-0.004658573992032755,4.475911458333333e-05,-0.001953125,2.8275960286458335,-0.8672607421875,-3.6948567708333333,0.0007555371282660548,0.002377885661332341,-0.00496826171875,-0.0032958984375,-0.006803385416666667,-0.001953125,-0.0035990397135416668,-0.00390625,0.53515625,2.671875,0.005013020833333334,-0.003662109375,0.4,0.5333333333333333,0.4666666666666667,-0.006946207682291666,0.017073567708333334,5000
29,20,0.004457600911458333,-1.4599283854166667,-1.464385986328125,0.0013791296100460445,-0.002538219781544055,-0.000164794921875,0.00390625,2.8248006184895833,-0.8695353190104167,-3.6943359375,0.0006942737412389548,0.0031933057166218947,-0.007763671875,-0.009765625,-0.006978352864583333,-0.001953125,-0.0017659505208333333,0.00390625,0.53515625,2.654296875,0.007598876953125,0.0089111328125,0.5333333333333333,0.6666666666666666,0.6666666666666666,-0.005566609700520833,0.01994501749674478,5000
29,21,0.0010030110677083333,-1.4602864583333333,-1.4612894694010417,0.0013091864668347266,-0.00539587725773326,-0.003619384765625,-0.0078125,2.824296061197917,-0.8689737955729167,-3.6932698567708333,0.0006905116482809699,0.003999536109246592,-0.008268229166666667,-0.0078125,-0.010274251302083334,-0.009765625,-0.00340576171875,0.0,0.53515625,2.671875,0.004648844401041667,0.005126953125,0.4,0.6,0.6666666666666666,-0.005863596598307291,0.015213673909505183,5000
29,22,0.0031534830729166665,-1.4595052083333333,-1.46265869140625,0.001109763181509112,-0.004257096681391081,-0.0014689127604166667,0.0,2.825004069010417,-0.86829833984375,-3.6933024088541666,0.0006490193733794754,0.0028171560498358784,-0.007560221354166666,-0.001953125,-0.0059773763020833336,-0.001953125,-0.0036824544270833335,0.0009765625,0.53515625,2.671875,0.00609130859375,0.00390625,0.4,0.5333333333333333,0.6,-0.008138631184895833,0.02038004557291663,5000
29,23,0.0022298177083333332,-1.459765625,-1.4619954427083333,0.001310088253292429,-0.0093044552695143,-0.002392578125,0.0,2.82598876953125,-0.8678263346354167,-3.6938151041666667,0.0006924720803360818,0.0022890565720528615,-0.006575520833333333,-0.001953125,-0.0097900390625,-0.0078125,-0.0033894856770833332,-0.001953125,0.53515625,2.671875,0.004182942708333333,0.005859375,0.4666666666666667,0.5333333333333333,0.6,-0.0099774169921875,0.01765177408854166,5000
29,24,-0.0010721842447916667,-1.4611979166666667,-1.460125732421875,0.0012822697178520976,-0.006829492464813321,-0.005694580078125,-0.00390625,2.8257039388020835,-0.86810302734375,-3.6938069661458335,0.0006766128279028986,0.0028326706622693754,-0.0068603515625,-0.00390625,-0.010107421875,-0.0078125,-0.0014200846354166666,0.00146484375,0.53515625,2.671875,0.001165771484375,0.001953125,0.3333333333333333,0.6666666666666666,0.6,-0.011613362630208334,0.01310485839843749,5000
29,25,0.002777099609375,-1.4601888020833333,-1.4629659016927083,0.0013584458921545438,-0.005687656104815377,-0.0018452962239583334,0.0,2.8246866861979165,-0.8701456705729167,-3.694832356770833,0.0007578622228609478,0.0034426209642608096,-0.007877604166666666,-0.0078125,-0.005342610677083333,-0.00341796875,-0.0022989908854166665,0.0,0.53515625,2.662109375,0.006032307942708333,0.0,0.4666666666666667,0.6666666666666666,0.4666666666666667,-0.006642710367838541,0.020028279622395825,5000
29,26,0.00362548828125,-1.4587239583333333,-1.4623494466145834,0.0012380370595972694,-0.00690546838410047,-0.0009969075520833333,0.00146484375,2.8248697916666665,-0.8685628255208333,-3.6934326171875,0.0006821436586136896,0.002493761889943158,-0.0076944986979166664,-0.00390625,-0.00882568359375,-0.009765625,-0.003926595052083333,-0.00390625,0.53515625,2.671875,0.006697591145833333,0.00390625,0.5333333333333333,0.6,0.6666666666666666,-0.00541259765625,0.018791097005208326,5000
29,27,0.0018758138020833334,-1.4608072916666666,-1.46268310546875,0.0013063466590277106,-0.005455342743421963,-0.00274658203125,-0.00390625,2.8239461263020833,-0.8688273111979167,-3.6927734375,0.0007373576188939371,0.003546465301846258,-0.0086181640625,-0.001953125,-0.008231608072916667,-0.00390625,-0.0023640950520833334,-0.001953125,0.53125,2.6640625,0.00587158203125,0.005859375,0.4,0.5333333333333333,0.6666666666666666,-0.006177978515625,0.018060201009114554,5000
29,28,0.0033955891927083333,-1.45849609375,-1.4618916829427084,0.0012226302276324705,-0.00447569024419822,-0.001226806640625,0.0,2.82850341796875,-0.8684611002604167,-3.6969645182291666,0.0007275807632203462,0.001072023920480352,-0.004060872395833333,-0.0029296875,-0.006571451822916667,-0.001953125,-0.003216552734375,-0.005859375,0.53515625,2.65625,0.002834065755208333,0.0015869140625,0.4666666666666667,0.5333333333333333,0.5333333333333333,-0.01028472900390625,0.015578358968098956,5000
29,29,0.0025838216145833335,-1.45966796875,-1.4622517903645833,0.0012273609986059313,-0.0032181979336696554,-0.00203857421875,0.0,2.82601318359375,-0.8693562825520833,-3.6953694661458334,0.0007502428576781367,0.004130855710335503,-0.006551106770833333,0.0,-0.005269368489583333,0.00390625,-0.00179443359375,0.00146484375,0.53515625,2.6640625,0.0045125325520833336,0.00286865234375,0.4666666666666667,0.4666666666666667,0.5333333333333333,-0.007041015624999999,0.015747172037760417,5000
29,30,0.0005533854166666667,-1.4601236979166667,-1.4606770833333333,0.0011609157509298606,-0.009361831003230745,-0.004069010416666667,-0.00390625,2.825272623697917,-0.8680216471354166,-3.6932942708333334,0.0007622513023112299,0.002099900363735264,-0.007291666666666667,-0.001953125,-0.00731201171875,-0.00390625,-0.0031290690104166666,-0.00390625,0.53125,2.6640625,0.00322265625,0.009765625,0.4666666666666667,0.5333333333333333,0.7333333333333333,-0.011182454427083332,0.01647989908854166,5000
29,31,0.001373291015625,-1.4596354166666667,-1.4610087076822917,0.0011899302083335297,-0.009010777411656436,-0.0032491048177083334,0.0,2.82467041015625,-0.86964111328125,-3.6943115234375,0.0007121148045837468,0.005346452037974013,-0.007893880208333334,-0.00390625,-0.00634765625,0.0008544921875,-0.003999837239583333,0.0,0.53515625,2.671875,0.004644775390625,0.00390625,0.4666666666666667,0.6,0.6,-0.007358957926432291,0.01712290445963541,5000
30,0,0.004439290364583333,-1.4585286458333333,-1.4629679361979167,0.0012356853283401988,-0.0021060237533080694,-0.00018310546875,0.0,2.822501627604167,-0.8718098958333333,-3.6943115234375,0.0007141906215951454,0.005069663398163066,-0.010062662760416667,-0.0078125,-0.007763671875,-0.0018310546875,-0.0002766927083333333,0.0009765625,0.53515625,2.65625,0.009879557291666667,0.01611328125,0.4666666666666667,0.6,0.6666666666666666,-0.0025854492187499995,0.022192484537760418,5000
30,1,0.003544108072916667,-1.4600911458333334,-1.46363525390625,0.0013299407976510593,-0.006088545144057032,-0.0010782877604166667,0.0009765625,2.82252197265625,-0.87032470703125,-3.6928466796875,0.0007156203209239374,0.004913211098047015,-0.010042317708333333,-0.0164794921875,-0.008056640625,-0.0078125,0.0028767903645833333,0.00146484375,0.53515625,2.671875,0.008964029947916667,0.005859375,0.5333333333333333,0.6,0.6,-0.003780721028645833,0.02216400146484375,5000
30,2,0.0041015625,-1.4601236979166667,-1.4642252604166666,0.0012820466348841169,-0.005919195895453341,-0.0005208333333333333,0.0,2.8224894205729165,-0.87130126953125,-3.6937906901041666,0.0006967721940332733,0.005039351787217763,-0.010074869791666666,-0.0078125,-0.009965006510416667,-0.0078125,-0.001287841796875,0.0009765625,0.53515625,2.671875,0.009554036458333333,0.0087890625,0.4666666666666667,0.6,0.7333333333333333,-0.0017093912760416665,0.021362915039062493,5000
30,3,0.0038859049479166665,-1.46162109375,-1.4655069986979166,0.0012597957657518213,-0.006234001372666367,-0.0007364908854166667,0.0009765625,2.82381591796875,-0.87012939453125,-3.6939453125,0.0007491042693389352,0.002136294017164912,-0.008748372395833334,-0.00390625,-0.008028157552083333,-0.00390625,0.00020751953125,0.0009765625,0.53515625,2.65625,0.008011881510416667,0.0057373046875,0.5333333333333333,0.6666666666666666,0.6666666666666666,-0.0061729939778645835,0.022491149902343723,5000
30,4,0.0051228841145833336,-1.46044921875,-1.4655721028645834,0.001239872130216408,-0.005528694565532672,0.00050048828125,0.0009765625,2.8237263997395834,-0.8696492513020834,-3.693375651041667,0.0006785663271940154,0.0035913317989709394,-0.008837890625,-0.001953125,-0.008317057291666667,-0.0013427734375,0.0004638671875,0.00146484375,0.53515625,2.671875,0.00933837890625,0.001953125,0.5333333333333333,0.5333333333333333,0.6666666666666666,-0.003883056640625,0.02373870849609375,5000
30,5,0.004044596354166667,-1.4607747395833333,-1.4648193359375,0.0012812005647736342,-0.005715676468734195,-0.0005777994791666667,0.00390625,2.8237711588541665,-0.8701171875,-3.6938883463541665,0.000694726608982449,0.003318727708986328,-0.008793131510416666,-0.001953125,-0.010042317708333333,-0.0078125,-0.00011800130208333333,0.0009765625,0.53515625,2.6796875,0.00821533203125,0.0068359375,0.5333333333333333,0.5333333333333333,0.6,-0.005136210123697917,0.022457275390624993,5000
30,6,0.004500325520833333,-1.4596028645833334,-1.4641031901041666,0.0013317648990533908,-0.0062965360794335285,-0.0001220703125,0.0,2.823189290364583,-0.87122802734375,-3.6944173177083335,0.0007117049431204306,0.004532782043142791,-0.009375,-0.0078125,-0.007999674479166666,-0.00390625,0.0015421549479166666,0.0009765625,0.53515625,2.65625,0.0092529296875,0.0029296875,0.4666666666666667,0.6666666666666666,0.6666666666666666,-0.0031416829427083335,0.022798258463541613,5000
30,7,0.004471842447916667,-1.4588216145833333,-1.46329345703125,0.001278184301476904,-0.002390011016212896,-0.00015055338541666667,0.0,2.82554931640625,-0.8698038736979167,-3.6953531901041665,0.000688251226540989,0.0033088947824899376,-0.0070149739583333336,0.00390625,-0.008833821614583333,-0.0078125,0.0009928385416666666,0.0009765625,0.53515625,2.6796875,0.006864420572916667,0.001953125,0.4666666666666667,0.4666666666666667,0.6,-0.006153666178385416,0.01998291015625,5000
30,8,0.005961100260416667,-1.4577473958333333,-1.46370849609375,0.0013171055017188542,-0.005025536190162812,0.0013387044270833333,0.0009765625,2.8232218424479165,-0.86912841796875,-3.6923502604166667,0.000737516441466829,0.003043328742484291,-0.009342447916666666,-0.0078125,-0.008333333333333333,-0.001953125,0.0011149088541666666,0.0,0.53515625,2.671875,0.01068115234375,0.0145263671875,0.5333333333333333,0.6,0.6666666666666666,-0.0023850504557291667,0.02282836914062498,5000
30,9,0.00443115234375,-1.4610026041666666,-1.4654337565104167,0.0012968161875384113,-0.005735878745917361,-0.00019124348958333333,0.00146484375,2.825455729166667,-0.8688720703125,-3.694327799479167,0.0007013202288380595,0.002695116658218644,-0.007108561197916667,-0.0078125,-0.007938639322916666,-0.001708984375,0.00020345052083333334,0.0009765625,0.53515625,2.6796875,0.006917317708333333,0.0067138671875,0.5333333333333333,0.6,0.6,-0.006104024251302083,0.020138753255208315,5000
30,10,0.005904134114583333,-1.45791015625,-1.4638142903645834,0.0012736628604343326,-0.0023531373865563012,0.00128173828125,0.0048828125,2.8230916341145833,-0.8702107747395833,-3.6933024088541666,0.0007421821041920728,0.0047856961255823725,-0.00947265625,-0.009765625,-0.0073893229166666664,-0.00390625,0.00069580078125,0.0009765625,0.53515625,2.671875,0.01075439453125,0.009765625,0.5333333333333333,0.6,0.6666666666666666,-0.0025153605143229166,0.02402028401692707,5000
30,11,0.0042073567708333336,-1.4594075520833334,-1.4636149088541666,0.0012898542713276312,-0.0028557535893585697,-0.0004150390625,-0.00390625,2.8240926106770834,-0.8696980794270833,-3.6937906901041666,0.0007377303687125518,0.004418122335183529,-0.0084716796875,-0.00390625,-0.008365885416666666,-0.00390625,-0.0010294596354166667,0.0,0.53515625,2.671875,0.008056640625,0.0079345703125,0.4,0.6,0.6666666666666666,-0.0035325113932291666,0.019971313476562492,5000
30,12,0.00548095703125,-1.4592447916666667,-1.4647257486979166,0.001269869402751736,-0.0021972803622165643,0.0008585611979166667,0.0,2.8239990234375,-0.8699137369791666,-3.6939127604166666,0.0007114940059802683,0.0025128881046852613,-0.008565266927083334,-0.001953125,-0.005224609375,0.001708984375,-0.0010213216145833334,0.0009765625,0.53515625,2.6640625,0.009423828125,0.008056640625,0.4666666666666667,0.6,0.6666666666666666,-0.0033777872721354168,0.02193237304687499,5000
30,13,0.00528564453125,-1.4589518229166667,-1.4642374674479166,0.0012462428297016737,-0.002516864365962385,0.0006632486979166667,0.0009765625,2.82186279296875,-0.8714070638020833,-3.6932698567708333,0.0007110414050578272,0.005011004579597985,-0.010701497395833334,-0.0078125,-0.009952799479166666,-0.0078125,-0.0010294596354166667,-0.00390625,0.53125,2.65625,0.01136474609375,0.009765625,0.5333333333333333,0.6666666666666666,0.7333333333333333,-0.0010621134440104165,0.02422698974609375,5000
30,14,0.0023111979166666667,-1.4615559895833334,-1.4638671875,0.0012574284674104258,-0.006731584747579267,-0.0023111979166666667,0.0,2.822281901041667,-0.8705647786458334,-3.6928466796875,0.0006854256117753523,0.004709236368457654,-0.010282389322916667,-0.00390625,-0.006905110677083334,-0.00390625,0.0007893880208333333,0.0009765625,0.53515625,2.671875,0.00797119140625,0.001953125,0.4666666666666667,0.6,0.6666666666666666,-0.004525146484375,0.02092773437499999,5000
30,15,0.00479736328125,-1.4603841145833334,-1.4651814778645833,0.0013148913796735748,-0.005706902145523597,0.00017496744791666667,0.0009765625,2.822440592447917,-0.8708211263020833,-3.69326171875,0.0007100720657703025,0.004885177189096692,-0.010123697916666667,-0.0078125,-0.00650634765625,-0.001953125,0.0002644856770833333,0.0009765625,0.53515625,2.65625,0.010298665364583333,0.005126953125,0.5333333333333333,0.6666666666666666,0.7333333333333333,-0.0018482462565104162,0.022721455891927082,5000
30,16,0.005743408203125,-1.4597005208333333,-1.4654439290364583,0.0012012253915822265,-0.004975699515068932,0.0011210123697916667,0.0048828125,2.82474365234375,-0.86968994140625,-3.69443359375,0.0006750876191992997,0.0024605564694558614,-0.007820638020833333,-0.001953125,-0.008736165364583333,-0.0078125,-0.0033894856770833332,0.0,0.53515625,2.671875,0.008941650390625,0.00390625,0.6,0.6,0.7333333333333333,-0.0038614908854166666,0.022239176432291667,5000
30,17,0.005379231770833334,-1.4590169270833333,-1.4643961588541667,0.0012892186333648993,-0.0020552626218377384,0.0007568359375,0.0009765625,2.8217447916666667,-0.8711100260416667,-3.692854817708333,0.00071024340417047,0.005003098280668897,-0.010819498697916667,-0.009765625,-0.007926432291666667,-0.001953125,0.00018107096354166667,0.0,0.53515625,2.65625,0.011576334635416666,0.0107421875,0.6,0.6666666666666666,0.6666666666666666,-0.0016038004557291665,0.02413330078125,5000
30,18,0.00499267578125,-1.4584309895833334,-1.4634236653645833,0.0013076529595559166,-0.0054150902645809,0.00037027994791666665,0.0009765625,2.8250732421875,-0.8709065755208333,-3.6959798177083334,0.0007254711297814233,0.005454950538867514,-0.007491048177083333,-0.001953125,-0.008426920572916666,-0.00341796875,0.0018025716145833334,0.00390625,0.53515625,2.671875,0.007861328125,0.0048828125,0.5333333333333333,0.5333333333333333,0.6,-0.0046961466471354164,0.02073994954427083,5000
30,19,0.003230794270833333,-1.46064453125,-1.4638753255208334,0.0012726703535622193,-0.007625977436854564,-0.0013916015625,0.0,2.82601318359375,-0.86790771484375,-3.6939208984375,0.0007176690449001215,0.0013973149073067909,-0.006551106770833333,-0.001708984375,-0.011983235677083334,-0.0078125,-1.6276041666666666e-05,0.0,0.53515625,2.6796875,0.005159505208333333,0.005859375,0.4666666666666667,0.5333333333333333,0.6666666666666666,-0.008260701497395833,0.018669026692708326,5000
30,20,0.004988606770833333,-1.4597330729166667,-1.4647216796875,0.0012760283840676844,-0.005940452539712687,0.0003662109375,0.00390625,2.825142415364583,-0.8691609700520834,-3.6943033854166667,0.000691899152922264,0.003536561546185718,-0.007421875,-0.009765625,-0.010343424479166667,-0.0078125,0.0021199544270833334,0.00390625,0.53515625,2.671875,0.0077880859375,0.009765625,0.5333333333333333,0.5333333333333333,0.6666666666666666,-0.004834187825520833,0.020865885416666667,5000
30,21,0.0056111653645833336,-1.4590494791666666,-1.46466064453125,0.0013234542117807114,-0.0022377299125789798,0.00098876953125,0.0009765625,2.82529296875,-0.8686197916666667,-3.6939127604166666,0.0007041269479757817,0.001757503053018391,-0.007271321614583334,-0.0018310546875,-0.009212239583333334,-0.0078125,-0.00106201171875,0.0009765625,0.53515625,2.6640625,0.008260091145833334,0.0029296875,0.5333333333333333,0.5333333333333333,0.6,-0.005253499348958333,0.02239593505859375,5000
30,22,0.0023193359375,-1.4596028645833334,-1.4619222005208334,0.0013212022004449187,-0.0064941189552891404,-0.0023030598958333334,0.0009765625,2.8224853515625,-0.8707845052083333,-3.6932698567708333,0.0006835575524056955,0.004372991185612592,-0.010078938802083333,-0.009765625,-0.007609049479166667,-0.001953125,0.0005289713541666666,0.0009765625,0.53515625,2.6796875,0.00777587890625,0.0107421875,0.5333333333333333,0.6,0.6,-0.0040205891927083326,0.01968638102213541,5000
30,23,0.006266276041666667,-1.4593098958333333,-1.465576171875,0.0012527582256844922,-0.0019375758351621445,0.0016438802083333333,0.00390625,2.8258260091145835,-0.8690226236979167,-3.6948486328125,0.0006942733077765593,0.0019216773533487902,-0.00673828125,-0.00341796875,-0.00748291015625,-0.00390625,-0.00031331380208333336,0.00390625,0.53515625,2.65625,0.008382161458333334,0.004150390625,0.5333333333333333,0.5333333333333333,0.6666666666666666,-0.004923502604166667,0.022526245117187496,5000
30,24,0.005839029947916667,-1.45830078125,-1.4641398111979167,0.0012910489916520367,-0.001896665397822605,0.0012166341145833333,0.0009765625,2.828568522135417,-0.8674275716145833,-3.69599609375,0.00070634219095802,7.952813434208306e-05,-0.003995768229166667,0.005859375,-0.007926432291666667,-0.001953125,0.0010538736979166666,0.0,0.53515625,2.671875,0.00521240234375,0.004150390625,0.6,0.4,0.5333333333333333,-0.007861735026041667,0.01866923014322916,5000
30,25,0.00264892578125,-1.4605143229166666,-1.4631632486979167,0.0012038796007855098,-0.006307805236610059,-0.0019734700520833335,0.0009765625,2.8219197591145835,-0.8720011393229167,-3.6939208984375,0.0007057536555735849,0.004795841319390157,-0.01064453125,-0.0078125,-0.006510416666666667,-0.00341796875,-0.0014851888020833333,0.0009765625,0.53515625,2.65625,0.008671061197916666,0.008056640625,0.5333333333333333,0.6666666666666666,0.8,-0.00486663818359375,0.021525370279947914,5000
30,26,0.002384440104166667,-1.4603841145833334,-1.4627685546875,0.0012744831018519688,-0.007678061301075103,-0.0022379557291666665,0.0009765625,2.82373046875,-0.8700602213541667,-3.6937906901041666,0.0007202573793171008,0.004843562214217201,-0.008833821614583333,-0.009765625,-0.0053059895833333336,-0.0018310546875,0.0005045572916666667,0.00390625,0.53515625,2.6796875,0.0065958658854166664,0.001220703125,0.5333333333333333,0.6,0.5333333333333333,-0.0053388468424479165,0.018355509440104164,5000
30,27,0.005708821614583333,-1.45791015625,-1.4636189778645834,0.0013148263002524558,-0.0050427600324601555,0.00108642578125,0.00390625,2.8253173828125,-0.8695149739583333,-3.694832356770833,0.0007344580578998375,0.004082543523823121,-0.007246907552083333,-0.00390625,-0.007230631510416667,-0.00341796875,0.00069580078125,0.0009765625,0.53515625,2.671875,0.008333333333333333,0.0050048828125,0.5333333333333333,0.5333333333333333,0.6666666666666666,-0.0039146931966145835,0.020694986979166666,5000
30,28,0.002445475260416667,-1.4606119791666667,-1.4630574544270833,0.0012660581555346921,-0.0061425443776722275,-0.0021769205729166665,0.0,2.8218994140625,-0.8715087890625,-3.693408203125,0.0007172165734431038,0.00476188582490852,-0.010664876302083333,-0.0078125,-0.009175618489583334,-0.00390625,0.00128173828125,0.0009765625,0.53515625,2.65625,0.008487955729166666,0.0029296875,0.4666666666666667,0.6666666666666666,0.6666666666666666,-0.00361358642578125,0.020667012532552077,5000
30,29,0.005485026041666666,-1.4602213541666667,-1.4657063802083334,0.0012517419317234458,-0.005439276513794928,0.0008626302083333333,0.0009765625,2.82398681640625,-0.87032470703125,-3.6943115234375,0.0006918853320991033,0.004505849579167087,-0.008577473958333333,-0.00390625,-0.009541829427083334,-0.0078125,0.0023885091145833333,0.00390625,0.53515625,2.6796875,0.009440104166666666,0.004150390625,0.5333333333333333,0.6,0.7333333333333333,-0.0030045572916666662,0.022371622721354165,5000
30,30,0.0030985514322916666,-1.4616861979166667,-1.4647847493489583,0.001316158519852867,-0.006588112959942079,-0.0015238444010416666,0.0009765625,2.82445068359375,-0.87091064453125,-3.695361328125,0.000707110871456458,0.004249634431196842,-0.008113606770833334,-0.001953125,-0.007771809895833333,-0.00390625,-0.0017740885416666667,0.0,0.53515625,2.671875,0.006589762369791667,0.001953125,0.5333333333333333,0.6,0.5333333333333333,-0.005633595784505208,0.020792846679687498,5000
30,31,0.00225830078125,-1.46064453125,-1.46290283203125,0.0012871441701169976,-0.006128562954014046,-0.0023640950520833334,0.0,2.8257161458333333,-0.8696533203125,-3.6953694661458334,0.0007072870735164025,0.0022649954761343044,-0.00684814453125,-0.00390625,-0.006245930989583333,0.00390625,0.0024861653645833334,0.00390625,0.53515625,2.65625,0.004484049479166667,0.0009765625,0.4666666666666667,0.6,0.5333333333333333,-0.0076785278320312495,0.01651255289713541,5000
31,0,0.00284423828125,-1.46064453125,-1.46348876953125,0.0012716607895212192,-0.006293897832634983,-0.0017781575520833333,0.0,2.8254150390625,-0.8690266927083333,-3.694441731770833,0.0006876965204755212,0.0021016909004364604,-0.007149251302083334,-0.001953125,-0.007149251302083334,-0.001953125,-0.0017781575520833333,0.0,0.53515625,2.671875,0.00537109375,0.0029296875,0.4666666666666667,0.6,0.6,-0.007212015787760416,0.01781850179036458,5000
31,1,0.00284423828125,-1.46064453125,-1.46348876953125,0.0012716607895212192,-0.006293897832634983,-0.0017781575520833333,0.0,2.8254150390625,-0.8690266927083333,-3.694441731770833,0.0006876965204755212,0.0021016909004364604,-0.007149251302083334,-0.001953125,-0.007149251302083334,-0.001953125,-0.0017781575520833333,0.0,0.53515625,2.671875,0.00537109375,0.0029296875,0.4666666666666667,0.6,0.6,-0.007212015787760416,0.01781850179036458,5000
31,2,0.00284423828125,-1.46064453125,-1.46348876953125,0.0012716607895212192,-0.006293897832634983,-0.0017781575520833333,0.0,2.8254150390625,-0.8690266927083333,-3.694441731770833,0.0006876965204755212,0.0021016909004364604,-0.007149251302083334,-0.001953125,-0.007149251302083334,-0.001953125,-0.0017781575520833333,0.0,0.53515625,2.671875,0.00537109375,0.0029296875,0.4666666666666667,0.6,0.6,-0.007212015787760416,0.01781850179036458,5000
31,3,0.00284423828125,-1.46064453125,-1.46348876953125,0.0012716607895212192,-0.006293897832634983,-0.0017781575520833333,0.0,2.8254150390625,-0.8690266927083333,-3.694441731770833,0.0006876965204755212,0.0021016909004364604,-0.007149251302083334,-0.001953125,-0.007149251302083334,-0.001953125,-0.0017781575520833333,0.0,0.53515625,2.671875,0.00537109375,0.0029296875,0.4666666666666667,0.6,0.6,-0.007212015787760416,0.01781850179036458,5000
31,4,0.00284423828125,-1.46064453125,-1.46348876953125,0.0012716607895212192,-0.006293897832634983,-0.0017781575520833333,0.0,2.8254150390625,-0.8690266927083333,-3.694441731770833,0.0006876965204755212,0.0021016909004364604,-0.007149251302083334,-0.001953125,-0.007149251302083334,-0.001953125,-0.0017781575520833333,0.0,0.53515625,2.671875,0.00537109375,0.0029296875,0.4666666666666667,0.6,0.6,-0.007212015787760416,0.01781850179036458,5000
31,5,0.00284423828125,-1.46064453125,-1.46348876953125,0.0012716607895212192,-0.006293897832634983,-0.0017781575520833333,0.0,2.8254150390625,-0.8690266927083333,-3.694441731770833,0.0006876965204755212,0.0021016909004364604,-0.007149251302083334,-0.001953125,-0.007149251302083334,-0.001953125,-0.0017781575520833333,0.0,0.53515625,2.671875,0.00537109375,0.0029296875,0.4666666666666667,0.6,0.6,-0.007212015787760416,0.01781850179036458,5000
31,6,0.00284423828125,-1.46064453125,-1.46348876953125,0.0012716607895212192,-0.006293897832634983,-0.0017781575520833333,0.0,2.8254150390625,-0.8690266927083333,-3.694441731770833,0.0006876965204755212,0.0021016909004364604,-0.007149251302083334,-0.001953125,-0.007149251302083334,-0.001953125,-0.0017781575520833333,0.0,0.53515625,2.671875,0.00537109375,0.0029296875,0.4666666666666667,0.6,0.6,-0.007212015787760416,0.01781850179036458,5000
31,7,0.00284423828125,-1.46064453125,-1.46348876953125,0.0012716607895212192,-0.006293897832634983,-0.0017781575520833333,0.0,2.8254150390625,-0.8690266927083333,-3.694441731770833,0.0006876965204755212,0.0021016909004364604,-0.007149251302083334,-0.001953125,-0.007149251302083334,-0.001953125,-0.0017781575520833333,0.0,0.53515625,2.671875,0.00537109375,0.0029296875,0.4666666666666667,0.6,0.6,-0.007212015787760416,0.01781850179036458,5000
31,8,0.00284423828125,-1.46064453125,-1.46348876953125,0.0012716607895212192,-0.006293897832634983,-0.0017781575520833333,0.0,2.8254150390625,-0.8690266927083333,-3.694441731770833,0.0006876965204755212,0.0021016909004364604,-0.007149251302083334,-0.001953125,-0.007149251302083334,-0.001953125,-0.0017781575520833333,0.0,0.53515625,2.671875,0.00537109375,0.0029296875,0.4666666666666667,0.6,0.6,-0.007212015787760416,0.01781850179036458,5000
31,9,0.00284423828125,-1.46064453125,-1.46348876953125,0.0012716607895212192,-0.006293897832634983,-0.0017781575520833333,0.0,2.8254150390625,-0.8690266927083333,-3.694441731770833,0.0006876965204755212,0.0021016909004364604,-0.007149251302083334,-0.001953125,-0.007149251302083334,-0.001953125,-0.0017781575520833333,0.0,0.53515625,2.671875,0.00537109375,0.0029296875,0.4666666666666667,0.6,0.6,-0.007212015787760416,0.01781850179036458,5000
31,10,0.00284423828125,-1.46064453125,-1.46348876953125,0.0012716607895212192,-0.006293897832634983,-0.0017781575520833333,0.0,2.8254150390625,-0.8690266927083333,-3.694441731770833,0.0006876965204755212,0.0021016909004364604,-0.007149251302083334,-0.001953125,-0.007149251302083334,-0.001953125,-0.0017781575520833333,0.0,0.53515625,2.671875,0.00537109375,0.0029296875,0.4666666666666667,0.6,0.6,-0.007212015787760416,0.01781850179036458,5000
31,11,0.00284423828125,-1.46064453125,-1.46348876953125,0.0012716607895212192,-0.006293897832634983,-0.0017781575520833333,0.0,2.8254150390625,-0.8690266927083333,-3.694441731770833,0.0006876965204755212,0.0021016909004364604,-0.007149251302083334,-0.001953125,-0.007149251302083334,-0.001953125,-0.0017781575520833333,0.0,0.53515625,2.671875,0.00537109375,0.0029296875,0.4666666666666667,0.6,0.6,-0.007212015787760416,0.01781850179036458,5000
31,12,0.00284423828125,-1.46064453125,-1.46348876953125,0.0012716607895212192,-0.006293897832634983,-0.0017781575520833333,0.0,2.8254150390625,-0.8690266927083333,-3.694441731770833,0.0006876965204755212,0.0021016909004364604,-0.007149251302083334,-0.001953125,-0.007149251302083334,-0.001953125,-0.0017781575520833333,0.0,0.53515625,2.671875,0.00537109375,0.0029296875,0.4666666666666667,0.6,0.6,-0.007212015787760416,0.01781850179036458,5000
31,13,0.00284423828125,-1.46064453125,-1.46348876953125,0.0012716607895212192,-0.006293897832634983,-0.0017781575520833333,0.0,2.8254150390625,-0.8690266927083333,-3.694441731770833,0.0006876965204755212,0.0021016909004364604,-0.007149251302083334,-0.001953125,-0.007149251302083334,-0.001953125,-0.0017781575520833333,0.0,0.53515625,2.671875,0.00537109375,0.0029296875,0.4666666666666667,0.6,0.6,-0.007212015787760416,0.01781850179036458,5000
31,14,0.00284423828125,-1.46064453125,-1.46348876953125,0.0012716607895212192,-0.006293897832634983,-0.0017781575520833333,0.0,2.8254150390625,-0.8690266927083333,-3.694441731770833,0.0006876965204755212,0.0021016909004364604,-0.007149251302083334,-0.001953125,-0.007149251302083334,-0.001953125,-0.0017781575520833333,0.0,0.53515625,2.671875,0.00537109375,0.0029296875,0.4666666666666667,0.6,0.6,-0.007212015787760416,0.01781850179036458,5000
31,15,0.00284423828125,-1.46064453125,-1.46348876953125,0.0012716607895212192,-0.006293897832634983,-0.0017781575520833333,0.0,2.8254150390625,-0.8690266927083333,-3.694441731770833,0.0006876965204755212,0.0021016909004364604,-0.007149251302083334,-0.001953125,-0.007149251302083334,-0.001953125,-0.0017781575520833333,0.0,0.53515625,2.671875,0.00537109375,0.0029296875,0.4666666666666667,0.6,0.6,-0.007212015787760416,0.01781850179036458,5000
31,16,0.00284423828125,-1.46064453125,-1.46348876953125,0.0012716607895212192,-0.006293897832634983,-0.0017781575520833333,0.0,2.8254150390625,-0.8690266927083333,-3.694441731770833,0.0006876965204755212,0.0021016909004364604,-0.007149251302083334,-0.001953125,-0.007149251302083334,-0.001953125,-0.0017781575520833333,0.0,0.53515625,2.671875,0.00537109375,0.0029296875,0.4666666666666667,0.6,0.6,-0.007212015787760416,0.01781850179036458,5000
31,17,0.00284423828125,-1.46064453125,-1.46348876953125,0.0012716607895212192,-0.006293897832634983,-0.0017781575520833333,0.0,2.8254150390625,-0.8690266927083333,-3.694441731770833,0.0006876965204755212,0.0021016909004364604,-0.007149251302083334,-0.001953125,-0.007149251302083334,-0.001953125,-0.0017781575520833333,0.0,0.53515625,2.671875,0.00537109375,0.0029296875,0.4666666666666667,0.6,0.6,-0.007212015787760416,0.01781850179036458,5000
31,18,0.00284423828125,-1.46064453125,-1.46348876953125,0.0012716607895212192,-0.006293897832634983,-0.0017781575520833333,0.0,2.8254150390625,-0.8690266927083333,-3.694441731770833,0.0006876965204755212,0.0021016909004364604,-0.007149251302083334,-0.001953125,-0.007149251302083334,-0.001953125,-0.0017781575520833333,0.0,0.53515625,2.671875,0.00537109375,0.0029296875,0.4666666666666667,0.6,0.6,-0.007212015787760416,0.01781850179036458,5000
31,19,0.00284423828125,-1.46064453125,-1.46348876953125,0.0012716607895212192,-0.006293897832634983,-0.0017781575520833333,0.0,2.8254150390625,-0.8690266927083333,-3.694441731770833,0.0006876965204755212,0.0021016909004364604,-0.007149251302083334,-0.001953125,-0.007149251302083334,-0.001953125,-0.0017781575520833333,0.0,0.53515625,2.671875,0.00537109375,0.0029296875,0.4666666666666667,0.6,0.6,-0.007212015787760416,0.01781850179036458,5000
31,20,0.00284423828125,-1.46064453125,-1.46348876953125,0.0012716607895212192,-0.006293897832634983,-0.0017781575520833333,0.0,2.8254150390625,-0.8690266927083333,-3.694441731770833,0.0006876965204755212,0.0021016909004364604,-0.007149251302083334,-0.001953125,-0.007149251302083334,-0.001953125,-0.0017781575520833333,0.0,0.53515625,2.671875,0.00537109375,0.0029296875,0.4666666666666667,0.6,0.6,-0.007212015787760416,0.01781850179036458,5000
31,21,0.00284423828125,-1.46064453125,-1.46348876953125,0.0012716607895212192,-0.006293897832634983,-0.0017781575520833333,0.0,2.8254150390625,-0.8690266927083333,-3.694441731770833,0.0006876965204755212,0.0021016909004364604,-0.007149251302083334,-0.001953125,-0.007149251302083334,-0.001953125,-0.0017781575520833333,0.0,0.53515625,2.671875,0.00537109375,0.0029296875,0.4666666666666667,0.6,0.6,-0.007212015787760416,0.01781850179036458,5000
31,22,0.00284423828125,-1.46064453125,-1.46348876953125,0.0012716607895212192,-0.006293897832634983,-0.0017781575520833333,0.0,2.8254150390625,-0.8690266927083333,-3.694441731770833,0.0006876965204755212,0.0021016909004364604,-0.007149251302083334,-0.001953125,-0.007149251302083334,-0.001953125,-0.0017781575520833333,0.0,0.53515625,2.671875,0.00537109375,0.0029296875,0.4666666666666667,0.6,0.6,-0.007212015787760416,0.01781850179036458,5000
31,23,0.00284423828125,-1.46064453125,-1.46348876953125,0.0012716607895212192,-0.006293897832634983,-0.0017781575520833333,0.0,2.8254150390625,-0.8690266927083333,-3.694441731770833,0.0006876965204755212,0.0021016909004364604,-0.007149251302083334,-0.001953125,-0.007149251302083334,-0.001953125,-0.0017781575520833333,0.0,0.53515625,2.671875,0.00537109375,0.0029296875,0.4666666666666667,0.6,0.6,-0.007212015787760416,0.01781850179036458,5000
31,24,0.00284423828125,-1.46064453125,-1.46348876953125,0.0012716607895212192,-0.006293897832634983,-0.0017781575520833333,0.0,2.8254150390625,-0.8690266927083333,-3.694441731770833,0.0006876965204755212,0.0021016909004364604,-0.007149251302083334,-0.001953125,-0.007149251302083334,-0.001953125,-0.0017781575520833333,0.0,0.53515625,2.671875,0.00537109375,0.0029296875,0.4666666666666667,0.6,0.6,-0.007212015787760416,0.01781850179036458,5000
31,25,0.00284423828125,-1.46064453125,-1.46348876953125,0.0012716607895212192,-0.006293897832634983,-0.0017781575520833333,0.0,2.8254150390625,-0.8690266927083333,-3.694441731770833,0.0006876965204755212,0.0021016909004364604,-0.007149251302083334,-0.001953125,-0.007149251302083334,-0.001953125,-0.0017781575520833333,0.0,0.53515625,2.671875,0.00537109375,0.0029296875,0.4666666666666667,0.6,0.6,-0.007212015787760416,0.01781850179036458,5000
31,26,0.00284423828125,-1.46064453125,-1.46348876953125,0.0012716607895212192,-0.006293897832634983,-0.0017781575520833333,0.0,2.8254150390625,-0.8690266927083333,-3.694441731770833,0.0006876965204755212,0.0021016909004364604,-0.007149251302083334,-0.001953125,-0.007149251302083334,-0.001953125,-0.0017781575520833333,0.0,0.53515625,2.671875,0.00537109375,0.0029296875,0.4666666666666667,0.6,0.6,-0.007212015787760416,0.01781850179036458,5000
31,27,0.00284423828125,-1.46064453125,-1.46348876953125,0.0012716607895212192,-0.006293897832634983,-0.0017781575520833333,0.0,2.8254150390625,-0.8690266927083333,-3.694441731770833,0.0006876965204755212,0.0021016909004364604,-0.007149251302083334,-0.001953125,-0.007149251302083334,-0.001953125,-0.0017781575520833333,0.0,0.53515625,2.671875,0.00537109375,0.0029296875,0.4666666666666667,0.6,0.6,-0.007212015787760416,0.01781850179036458,5000
31,28,0.00284423828125,-1.46064453125,-1.46348876953125,0.0012716607895212192,-0.006293897832634983,-0.0017781575520833333,0.0,2.8254150390625,-0.8690266927083333,-3.694441731770833,0.0006876965204755212,0.0021016909004364604,-0.007149251302083334,-0.001953125,-0.007149251302083334,-0.001953125,-0.0017781575520833333,0.0,0.53515625,2.671875,0.00537109375,0.0029296875,0.4666666666666667,0.6,0.6,-0.007212015787760416,0.01781850179036458,5000
31,29,0.00284423828125,-1.46064453125,-1.46348876953125,0.0012716607895212192,-0.006293897832634983,-0.0017781575520833333,0.0,2.8254150390625,-0.8690266927083333,-3.694441731770833,0.0006876965204755212,0.0021016909004364604,-0.007149251302083334,-0.001953125,-0.007149251302083334,-0.001953125,-0.0017781575520833333,0.0,0.53515625,2.671875,0.00537109375,0.0029296875,0.4666666666666667,0.6,0.6,-0.007212015787760416,0.01781850179036458,5000
31,30,0.00284423828125,-1.46064453125,-1.46348876953125,0.0012716607895212192,-0.006293897832634983,-0.0017781575520833333,0.0,2.8254150390625,-0.8690266927083333,-3.694441731770833,0.0006876965204755212,0.0021016909004364604,-0.007149251302083334,-0.001953125,-0.007149251302083334,-0.001953125,-0.0017781575520833333,0.0,0.53515625,2.671875,0.00537109375,0.0029296875,0.4666666666666667,0.6,0.6,-0.007212015787760416,0.01781850179036458,5000
31,31,0.00284423828125,-1.46064453125,-1.46348876953125,0.0012716607895212192,-0.006293897832634983,-0.0017781575520833333,0.0,2.8254150390625,-0.8690266927083333,-3.694441731770833,0.0006876965204755212,0.0021016909004364604,-0.007149251302083334,-0.001953125,-0.007149251302083334,-0.001953125,-0.0017781575520833333,0.0,0.53515625,2.671875,0.00537109375,0.0029296875,0.4666666666666667,0.6,0.6,-0.007212015787760416,0.01781850179036458,5000
