layer,head,ac_answer_logprob_diff_mean,ac_primary_lp_mean,ac_alt_lp_mean,ac_kl_div_mean,ac_normalized_mean,ac_ie_mean,ac_ie_median,ca_answer_logprob_diff_mean,ca_primary_lp_mean,ca_alt_lp_mean,ca_kl_div_mean,ca_normalized_mean,ca_ie_mean,ca_ie_median,aa_ie_mean,aa_ie_median,cc_ie_mean,cc_ie_median,ac_answer_logprob_diff_median,ca_answer_logprob_diff_median,bidirectional_ie_mean,bidirectional_ie_median,p_ac_ie_gt_zero,p_ca_ie_lt_zero,p_bidirectional_ie_gt_zero,bidirectional_ie_bootstrap_ci_2_5,bidirectional_ie_bootstrap_ci_97_5,bootstrap_resamples
0,0,-0.0021484375,-1.1386067708333334,-1.1364583333333333,0.0017304298545559175,-0.0030887102101037627,-0.009407552083333333,-0.009765625,3.6952840169270833,-0.58179931640625,-4.277083333333334,0.0005797736108596096,-0.0048307293712390575,0.0166748046875,0.0086669921875,0.014029947916666667,0.0087890625,-0.00021158854166666667,0.0,0.154296875,2.7080078125,-0.026082356770833332,-0.03955078125,0.3333333333333333,0.3333333333333333,0.3333333333333333,-0.0455084228515625,-0.006220703125000071,5000
0,1,-0.008154296875,-1.1382161458333333,-1.1300618489583334,0.0019036329552989733,-0.005813657329159602,-0.015413411458333333,-0.012451171875,3.695540364583333,-0.5820638020833333,-4.277604166666666,0.0006945136617418334,-0.004441590486733449,0.01693115234375,0.017578125,0.016064453125,0.0166015625,-0.004410807291666667,-0.00390625,0.125,2.7109375,-0.03234456380208333,-0.04620361328125,0.26666666666666666,0.2,0.26666666666666666,-0.054207763671875,-0.009910583496093773,5000
0,2,-0.005973307291666666,-1.1349609375,-1.1289876302083333,0.007151594330131639,-0.008598996490304224,-0.013232421875,-0.001953125,3.7,-0.5791666666666667,-4.279166666666667,0.0011075694374377662,-0.00642453187955748,0.021390787760416665,0.017578125,0.009944661458333334,0.0078125,-0.0005859375,-0.0078125,0.13671875,2.68359375,-0.034623209635416666,-0.01953125,0.4666666666666667,0.3333333333333333,0.3333333333333333,-0.06777374267578125,-0.006073404947916691,5000
0,3,0.028304036458333334,-1.1149088541666667,-1.143212890625,0.005344162079093607,0.0034050673760590523,0.021044921875,0.00048828125,3.709586588541667,-0.580517578125,-4.290104166666667,0.001415187272066502,-0.006183763752916669,0.030977376302083335,0.0157470703125,0.008365885416666666,0.0048828125,0.0034342447916666666,0.0,0.138671875,2.6962890625,-0.009932454427083333,-0.0234375,0.5333333333333333,0.3333333333333333,0.4,-0.059845377604166666,0.05424102783203123,5000
0,4,-0.0015625,-1.136328125,-1.134765625,0.0011687600317624475,-0.0045627289765579225,-0.008821614583333333,-0.009765625,3.69127197265625,-0.5769571940104167,-4.268229166666667,0.0007501483186193873,-0.005205535333256819,0.012662760416666667,0.0078125,0.0064127604166666664,0.00390625,0.0015787760416666667,0.0,0.15234375,2.6953125,-0.021484375,-0.009765625,0.4,0.26666666666666666,0.26666666666666666,-0.04006368001302083,-0.003718261718750012,5000
0,5,0.006429036458333333,-1.130078125,-1.1365071614583333,0.0012798027139336995,-0.002019727327935641,-0.000830078125,0.00390625,3.6854207356770834,-0.5812459309895833,-4.266666666666667,0.0006924413988379451,-0.0026762225923658628,0.0068115234375,0.0084228515625,0.016117350260416666,0.0166015625,-0.0012369791666666666,-0.005859375,0.138671875,2.7294921875,-0.0076416015625,0.0,0.6,0.4,0.4666666666666667,-0.026579996744791664,0.006819661458333333,5000
0,6,0.015413411458333333,-1.1212890625,-1.1367024739583333,0.003982758408680358,-0.0022577178192272705,0.008154296875,0.001953125,3.6901529947916667,-0.5853678385416666,-4.275520833333333,0.0008254651181895387,-0.003709794194120154,0.011543782552083333,0.0078125,0.0112060546875,0.0087890625,-0.001953125,0.0,0.138671875,2.6796875,-0.0033894856770833332,-0.00390625,0.5333333333333333,0.26666666666666666,0.4666666666666667,-0.032377217610677085,0.026266682942708314,5000
0,7,-0.0023600260416666665,-1.1321614583333333,-1.1298014322916667,0.002039406012107658,-0.004901957108504605,-0.009619140625,-0.0078125,3.692626953125,-0.5818522135416667,-4.274479166666667,0.0006294587805919167,-0.004195028789795671,0.014017740885416666,0.01708984375,0.0076944986979166664,0.0,0.0023274739583333333,0.001953125,0.15625,2.6953125,-0.023636881510416666,-0.021484375,0.4,0.13333333333333333,0.2,-0.04679412841796875,-0.002412821451822918,5000
0,8,0.01318359375,-1.1315755208333333,-1.1447591145833333,0.0016835219979767333,-0.0009299591812441437,0.0059244791666666664,0.0,3.6944905598958333,-0.5815511067708333,-4.276041666666667,0.0007173874750156412,-0.004163921339930777,0.01588134765625,0.0205078125,0.014599609375,0.0205078125,-0.005354817708333333,0.0,0.140625,2.68359375,-0.009956868489583333,-0.01171875,0.4666666666666667,0.26666666666666666,0.3333333333333333,-0.028272806803385415,0.008573913574218743,5000
0,9,0.0044596354166666664,-1.1337239583333334,-1.13818359375,0.00160101561425788,-0.002672155919822387,-0.0027994791666666667,0.0,3.681563313802083,-0.58302001953125,-4.264583333333333,0.0005665849598535063,-0.0017120490006698468,0.0029541015625,0.00390625,0.013704427083333333,0.013671875,0.0006184895833333333,0.0,0.13671875,2.7109375,-0.005753580729166667,0.00390625,0.4666666666666667,0.3333333333333333,0.6,-0.021648356119791667,0.008415120442708328,5000
0,10,0.005517578125,-1.132421875,-1.137939453125,0.0017170691021419608,-0.0017998665541836647,-0.0017415364583333334,-0.001953125,3.6893798828125,-0.5736409505208333,-4.263020833333333,0.0009800646576411476,-0.0026582228459903602,0.010770670572916667,0.01171875,0.01173095703125,0.0078125,-0.003955078125,-0.009765625,0.140625,2.703125,-0.01251220703125,-0.00836181640625,0.4666666666666667,0.3333333333333333,0.3333333333333333,-0.02747406005859375,0.0008755493164062396,5000
0,11,-0.027815755208333334,-1.1410807291666667,-1.1132649739583333,0.004430514331136561,-0.01232736828342511,-0.035074869791666664,-0.021484375,3.6941569010416666,-0.577197265625,-4.271354166666667,0.0010621083293278803,-0.005085612734701484,0.015547688802083333,0.021484375,0.0102294921875,0.0087890625,-0.009602864583333334,-0.009765625,0.1328125,2.7265625,-0.05062255859375,-0.04296875,0.3333333333333333,0.2,0.13333333333333333,-0.08564503987630209,-0.020283711751302086,5000
0,12,0.00361328125,-1.1376302083333334,-1.1412434895833334,0.0015329236349279315,-0.002325652975250243,-0.0036458333333333334,-0.008544921875,3.68690185546875,-0.5766398111979166,-4.263541666666667,0.0007556322871471105,-0.002874027961744118,0.008292643229166667,0.01171875,0.009944661458333334,0.0087890625,-0.006429036458333333,-0.00390625,0.15625,2.7080078125,-0.0119384765625,-0.00048828125,0.3333333333333333,0.4,0.4,-0.029085286458333335,0.003849894205729158,5000
0,13,0.005810546875,-1.1349609375,-1.140771484375,0.0016036707343723242,-0.003701668456025764,-0.0014485677083333334,0.0,3.6916463216145834,-0.5817911783854167,-4.2734375,0.0005586522680472825,-0.003760090977729914,0.013037109375,0.01953125,0.011079915364583333,0.0146484375,0.0030924479166666665,0.001953125,0.123046875,2.69140625,-0.014485677083333334,-0.00390625,0.4,0.3333333333333333,0.4666666666666667,-0.031087646484375,-0.0004880777994791696,5000
0,14,0.0054361979166666664,-1.127734375,-1.1331705729166666,0.0017427467530693656,-0.002378832814587275,-0.0018229166666666667,0.001953125,3.6859334309895835,-0.5859415690104167,-4.271875,0.0006379302108290278,-0.0017015876662073688,0.00732421875,0.0084228515625,0.012776692708333334,0.0087890625,0.0013020833333333333,0.001953125,0.138671875,2.669921875,-0.009147135416666667,-0.013671875,0.5333333333333333,0.4,0.3333333333333333,-0.0234375,0.004940999348958316,5000
0,15,-8.138020833333333e-05,-1.1369140625,-1.1368326822916666,0.0018105125314134198,-0.0026378529177404656,-0.007340494791666667,-0.0048828125,3.691056315104167,-0.5787353515625,-4.269791666666666,0.0007109626060738006,-0.0033943730676246195,0.012447102864583334,0.01251220703125,0.008390299479166667,0.0084228515625,-0.004427083333333333,-0.0126953125,0.138671875,2.6796875,-0.01978759765625,-0.01837158203125,0.26666666666666666,0.26666666666666666,0.3333333333333333,-0.031202494303385415,-0.008906758626302087,5000
0,16,0.010384114583333333,-1.1309895833333334,-1.1413736979166667,0.001720794665478135,-1.1278223244670186e-05,0.003125,0.009765625,3.695068359375,-0.5804524739583333,-4.275520833333333,0.0007784270716505242,-0.004339988843308939,0.016459147135416668,0.0166015625,0.0142822265625,0.013427734375,-0.004182942708333333,0.0,0.154296875,2.681640625,-0.013334147135416667,-0.01849365234375,0.5333333333333333,0.26666666666666666,0.3333333333333333,-0.032033081054687496,0.0051517740885416614,5000
0,17,0.0095703125,-1.1307291666666666,-1.1402994791666667,0.0014221611531590986,-0.0003362139939635871,0.0023111979166666667,0.001953125,3.69478759765625,-0.5781290690104167,-4.272916666666666,0.0006818176164816637,-0.00514131655819035,0.016178385416666666,0.015625,0.009228515625,0.00927734375,-0.003597005208333333,0.0,0.138671875,2.703125,-0.0138671875,-0.0263671875,0.5333333333333333,0.2,0.26666666666666666,-0.025065104166666668,-0.00185546875,5000
0,18,0.00498046875,-1.1361979166666667,-1.1411783854166666,0.001315449829052404,-0.0013107186256268904,-0.0022786458333333335,0.0,3.69306640625,-0.5767252604166667,-4.269791666666666,0.0005889174783125716,-0.004444011717094315,0.014457194010416667,0.015625,0.011515299479166666,0.013671875,0.001025390625,0.0,0.15625,2.6875,-0.01673583984375,-0.0234375,0.4,0.2,0.3333333333333333,-0.031861572265625,-0.002087300618489585,5000
0,19,0.006868489583333333,-1.1334635416666667,-1.14033203125,0.0016684771661627366,-0.002292213261317638,-0.000390625,0.0078125,3.694999186197917,-0.58416748046875,-4.279166666666667,0.0007029113776219625,-0.004080392056520149,0.016389973958333335,0.0118408203125,0.013944498697916667,0.0087890625,0.00042317708333333335,0.001953125,0.140625,2.68359375,-0.016780598958333334,-0.0224609375,0.6,0.26666666666666666,0.4,-0.03400126139322917,-0.001667683919270842,5000
0,20,-0.000830078125,-1.1349609375,-1.134130859375,0.0014231647104880512,-0.0035951732927990434,-0.008089192708333333,-0.01171875,3.686079915364583,-0.5821492513020833,-4.268229166666667,0.0006453104526294116,-0.0018295704589574857,0.007470703125,0.0081787109375,0.0153564453125,0.009033203125,0.001220703125,0.0,0.138671875,2.69921875,-0.015559895833333334,-0.015625,0.3333333333333333,0.3333333333333333,0.26666666666666666,-0.02803609212239583,-0.003580525716145836,5000
0,21,0.007926432291666667,-1.1294270833333333,-1.137353515625,0.001671778096064328,-0.001733309169185335,0.0006673177083333333,0.0,3.685538736979167,-0.5811279296875,-4.266666666666667,0.0006879412249132715,-0.0024820600709469453,0.006929524739583333,0.0068359375,0.007792154947916667,0.0087890625,-0.00068359375,0.0,0.13671875,2.6796875,-0.00626220703125,-0.0029296875,0.4666666666666667,0.4,0.3333333333333333,-0.020692545572916665,0.008074035644531234,5000
0,22,0.006966145833333334,-1.1298828125,-1.1368489583333334,0.0016005515648324826,-0.0018934734156216436,-0.00029296875,-0.00390625,3.6859781901041666,-0.5822509765625,-4.268229166666667,0.000644458177099117,-0.0005016095720401382,0.007368977864583333,0.0078125,0.017142740885416667,0.0166015625,-0.006119791666666667,0.0,0.15625,2.67578125,-0.007661946614583333,-0.0078125,0.4666666666666667,0.2,0.4,-0.02123626708984375,0.006478780110677071,5000
0,23,0.009407552083333333,-1.1304036458333333,-1.1398111979166667,0.0016236213194709811,9.457046833181755e-05,0.0021484375,0.00390625,3.6943359375,-0.5806640625,-4.275,0.0006445790338455372,-0.004502438549903661,0.015726725260416668,0.01190185546875,0.016170247395833334,0.01708984375,-0.00244140625,-0.00390625,0.140625,2.69921875,-0.013578287760416667,-0.00390625,0.5333333333333333,0.3333333333333333,0.4666666666666667,-0.03551869710286458,0.0054006958007812335,5000
0,24,-0.015364583333333333,-1.132421875,-1.1170572916666666,0.008543074410274604,-0.013037250555166191,-0.022623697916666668,0.009765625,3.69002685546875,-0.57559814453125,-4.265625,0.001963295280001693,-0.0035898955694892943,0.011417643229166666,0.01025390625,0.009773763020833333,0.013671875,-0.004248046875,-0.00146484375,0.1171875,2.66015625,-0.034041341145833334,-0.0458984375,0.5333333333333333,0.4,0.3333333333333333,-0.07909627278645832,0.011948242187499975,5000
0,25,0.015608723958333333,-1.1285807291666667,-1.144189453125,0.0019100199751074499,-0.001081736320179727,0.008349609375,-0.0078125,3.692041015625,-0.579833984375,-4.271875,0.0005842277307395299,-0.00481982513768397,0.013431803385416666,0.0126953125,0.011971028645833333,0.009033203125,0.0013020833333333333,0.0,0.125,2.693359375,-0.005082194010416667,-0.01171875,0.4,0.26666666666666666,0.3333333333333333,-0.022119344075520832,0.012232869466145813,5000
0,26,0.009635416666666667,-1.1319661458333334,-1.1416015625,0.002573112278608965,0.0008026391875497411,0.002376302083333333,0.00390625,3.68782958984375,-0.5835245768229167,-4.271354166666667,0.0008026062997203831,-0.0018302158270539289,0.009220377604166666,0.0126953125,0.00673828125,0.0068359375,-0.005533854166666667,-0.009765625,0.140625,2.6669921875,-0.006844075520833334,0.005859375,0.6,0.2,0.5333333333333333,-0.03198384602864583,0.017489624023437487,5000
0,27,0.007405598958333333,-1.1349609375,-1.1423665364583333,0.0016938578754033668,-0.0014105682254679107,0.000146484375,-0.001953125,3.7025390625,-0.5781901041666667,-4.280729166666666,0.0007217659512355313,-0.006773872754387655,0.023929850260416666,0.0244140625,0.009488932291666667,0.0087890625,0.0024088541666666668,0.0,0.140625,2.703125,-0.023783365885416668,-0.0263671875,0.4666666666666667,0.2,0.2,-0.037065531412760415,-0.011283162434895837,5000
0,28,0.005729166666666666,-1.1333333333333333,-1.1390625,0.0013896795426002373,-0.0021219877912979643,-0.0015299479166666667,-0.001953125,3.6870076497395834,-0.5827840169270834,-4.269791666666666,0.000531874280583272,-0.0017944324256677971,0.0083984375,0.0078125,0.014827473958333334,0.0166015625,-0.004052734375,0.0,0.15625,2.7177734375,-0.009928385416666666,-0.01025390625,0.4666666666666667,0.26666666666666666,0.3333333333333333,-0.02579833984375,0.005794677734374995,5000
0,29,-0.0031575520833333334,-1.1378255208333334,-1.13466796875,0.0012719654583896011,-0.0030418789362861424,-0.010416666666666666,-0.00830078125,3.6970784505208334,-0.5805257161458334,-4.277604166666666,0.0004985959141871833,-0.004385306815158882,0.01846923828125,0.0224609375,0.009912109375,0.0078125,-0.0003255208333333333,0.0,0.140625,2.671875,-0.028885904947916666,-0.0281982421875,0.26666666666666666,0.26666666666666666,0.2,-0.042321879069010415,-0.015071004231770843,5000
0,30,0.002376302083333333,-1.1336588541666666,-1.13603515625,0.0012709496083379184,-0.0032019055033067245,-0.0048828125,-0.005859375,3.6938517252604166,-0.5816691080729167,-4.275520833333333,0.0008323630785968902,-0.003488948789444868,0.015242513020833333,0.013671875,0.013993326822916667,0.0087890625,-0.0011067708333333333,0.0,0.134765625,2.6865234375,-0.020125325520833334,-0.0107421875,0.3333333333333333,0.2,0.26666666666666666,-0.0356365966796875,-0.004978027343750035,5000
0,31,0.0048177083333333336,-1.1337890625,-1.1386067708333334,0.0015005801856548104,-0.002379748665540035,-0.00244140625,0.0,3.6892985026041667,-0.5815348307291667,-4.270833333333333,0.0006134433120096924,-0.0035508432978263627,0.010689290364583333,0.01171875,0.011014811197916667,0.0087890625,-0.0019205729166666666,0.0,0.138671875,2.6953125,-0.013130696614583333,-0.0078125,0.4666666666666667,0.2,0.4,-0.029520670572916668,0.003056335449218743,5000
1,0,0.005517578125,-1.1384765625,-1.143994140625,0.0015886099203235035,-0.0018008453544383566,-0.0017415364583333334,-0.00390625,3.6907633463541667,-0.5800699869791667,-4.270833333333333,0.0005937375459686984,-0.003514791443559001,0.012154134114583333,0.01708984375,0.01031494140625,0.01318359375,-0.004150390625,-0.009765625,0.140625,2.6923828125,-0.013895670572916666,-0.0078125,0.4666666666666667,0.26666666666666666,0.3333333333333333,-0.028841552734375,0.001701049804687497,5000
1,1,0.0008138020833333334,-1.1334635416666667,-1.13427734375,0.0015807058956322075,-0.002818790049710208,-0.0064453125,0.00390625,3.6925862630208335,-0.5824137369791667,-4.275,0.0007790219029352693,-0.0031111589258737047,0.01397705078125,0.015625,0.01500244140625,0.015625,0.002018229166666667,0.001953125,0.15625,2.70703125,-0.02042236328125,-0.018798828125,0.5333333333333333,0.3333333333333333,0.3333333333333333,-0.04092641194661458,-0.0018064371744791698,5000
1,2,-0.002506510416666667,-1.1392578125,-1.1367513020833333,0.001493198365656499,-0.004774398842101087,-0.009765625,-0.009765625,3.68974609375,-0.5810872395833333,-4.270833333333333,0.0006243777573986048,-0.0037080801669149804,0.011136881510416667,0.010986328125,0.012373860677083333,0.01702880859375,0.0,-0.001953125,0.13671875,2.68359375,-0.020902506510416665,-0.01080322265625,0.26666666666666666,0.3333333333333333,0.26666666666666666,-0.0405279541015625,-0.0014634195963541875,5000
1,3,-0.0014485677083333334,-1.1341145833333333,-1.132666015625,0.0016537220276601145,-0.004321050473663524,-0.008707682291666666,-0.0087890625,3.69134521484375,-0.5831339518229167,-4.274479166666667,0.0006657598118018456,-0.0031499593892675474,0.012736002604166666,0.01171875,0.007649739583333333,0.001953125,-0.003955078125,0.0,0.15625,2.703125,-0.021443684895833332,-0.01611328125,0.4666666666666667,0.13333333333333333,0.2,-0.03755716959635417,-0.002863972981770842,5000
1,4,-0.010791015625,-1.137890625,-1.127099609375,0.0038581730990043073,-0.008783851811931956,-0.018050130208333334,-0.013671875,3.6831705729166666,-0.5855794270833333,-4.26875,0.0005244947755941122,-0.0006193349114053363,0.004561360677083333,-0.001953125,0.01263427734375,0.005859375,-0.005240885416666666,-0.0078125,0.138671875,2.66796875,-0.022611490885416665,-0.015625,0.4,0.5333333333333333,0.4,-0.05559102376302083,0.003959757486979157,5000
1,5,0.0009928385416666666,-1.1363932291666667,-1.1373860677083334,0.0013411094881315396,-0.002616202649580102,-0.006266276041666667,-0.0078125,3.68948974609375,-0.58551025390625,-4.275,0.0007225206257884185,-0.003502943844328878,0.010880533854166667,0.01953125,0.01915283203125,0.01171875,-0.009163411458333333,-0.0078125,0.138671875,2.6943359375,-0.017146809895833334,-0.015625,0.4,0.3333333333333333,0.2,-0.031958211263020835,-0.0024167887369791695,5000
1,6,-0.004134114583333333,-1.1378255208333334,-1.13369140625,0.0018954455436026156,-0.005252449785082966,-0.011393229166666666,-0.009765625,3.693611653645833,-0.5787841796875,-4.272395833333333,0.0006827108896574088,-0.004063234710528554,0.01500244140625,0.015625,0.017830403645833333,0.01171875,-0.011637369791666666,-0.001953125,0.140625,2.6904296875,-0.026395670572916665,-0.02301025390625,0.4,0.26666666666666666,0.26666666666666666,-0.04651021321614583,-0.008766988118489609,5000
1,7,-0.0012044270833333334,-1.1354166666666667,-1.1342122395833334,0.0015108371364740646,-0.004864245406226551,-0.008463541666666666,-0.00390625,3.68868408203125,-0.5805867513020834,-4.269270833333334,0.0005058096967709297,-0.0016777198765838713,0.010074869791666666,0.01171875,0.011966959635416666,0.013671875,-0.005452473958333333,-0.0078125,0.140625,2.6875,-0.018538411458333334,-0.0234375,0.4,0.2,0.3333333333333333,-0.035660807291666666,-0.0007320149739583392,5000
1,8,0.010123697916666667,-1.1320963541666667,-1.1422200520833334,0.00164751517470002,-0.000901259381187876,0.002864583333333333,0.005126953125,3.6904012044270833,-0.5840779622395833,-4.274479166666667,0.0005288081197398357,-0.0038629561083965277,0.0117919921875,0.009765625,0.010416666666666666,0.0126953125,-0.0025716145833333333,-0.0146484375,0.158203125,2.6875,-0.008927408854166667,0.0,0.6,0.2,0.4666666666666667,-0.026025797526041665,0.0064567057291666195,5000
1,9,-0.0021484375,-1.138671875,-1.1365234375,0.001507297913862677,-0.0044697839696532455,-0.009407552083333333,-0.009765625,3.6921630859375,-0.5786702473958333,-4.270833333333333,0.0005441680690414459,-0.0030715551362001975,0.013553873697916666,0.015625,0.008251953125,0.013671875,-0.0037760416666666667,-0.0009765625,0.123046875,2.693359375,-0.02296142578125,-0.017578125,0.4,0.2,0.2,-0.0398480224609375,-0.007498372395833345,5000
1,10,-0.00035807291666666664,-1.1337239583333334,-1.1333658854166666,0.001770381777025411,-0.004493720564595304,-0.0076171875,-0.00390625,3.6919962565104165,-0.5814412434895834,-4.2734375,0.0005983499954457821,-0.0036018560435070834,0.013387044270833334,0.019287109375,0.011531575520833334,0.0087890625,-0.0016276041666666667,-0.0078125,0.140625,2.7109375,-0.021004231770833333,-0.0283203125,0.4666666666666667,0.26666666666666666,0.26666666666666666,-0.039763997395833334,-0.0015779622395833452,5000
1,11,0.010774739583333333,-1.1287760416666666,-1.13955078125,0.0017233701185422783,-0.001715311257795348,0.003515625,-0.005859375,3.6888020833333335,-0.5815104166666667,-4.2703125,0.0006743473281257223,-0.002288703746100814,0.01019287109375,0.009033203125,0.013358561197916667,0.0079345703125,0.0017578125,-0.0068359375,0.123046875,2.69140625,-0.00667724609375,-0.00250244140625,0.4666666666666667,0.3333333333333333,0.4,-0.021733194986979166,0.008162638346354162,5000
1,12,0.001611328125,-1.1348307291666666,-1.1364420572916667,0.0018591228404434765,-0.003461565554783878,-0.005647786458333333,-0.005859375,3.687064615885417,-0.57960205078125,-4.266666666666667,0.0006041423054325114,-0.0031454113544557107,0.008455403645833333,0.0087890625,0.012247721354166666,0.0079345703125,0.0016927083333333334,-0.00390625,0.15625,2.69140625,-0.014103190104166666,-0.009765625,0.4666666666666667,0.3333333333333333,0.4,-0.03210530598958333,0.0036810302734374615,5000
1,13,-0.030908203125,-1.1438151041666667,-1.1129069010416666,0.014772354751710966,-0.02034385981375674,-0.038167317708333336,-0.0146484375,3.690476481119792,-0.582440185546875,-4.272916666666666,0.0008275113985116978,-0.0029547391066059997,0.011867268880208334,0.00390625,0.008414713541666667,0.01171875,-0.0069010416666666664,-0.010498046875,0.1171875,2.720703125,-0.050034586588541666,-0.0263671875,0.4,0.4,0.4,-0.12138916015625,0.0014657084147134995,5000
1,14,0.008040364583333333,-1.1342447916666667,-1.14228515625,0.001622527619727251,-0.0005913588777809969,0.00078125,-0.00390625,3.6845662434895834,-0.5841837565104167,-4.26875,0.0005396344886437425,-0.0019178913889204504,0.00595703125,0.0029296875,0.00224609375,0.0,-0.0046875,0.0,0.140625,2.6875,-0.00517578125,0.0,0.4666666666666667,0.3333333333333333,0.4666666666666667,-0.01974324544270833,0.009116617838541638,5000
1,15,-0.004117838541666667,-1.1366536458333334,-1.1325358072916667,0.0019232794583820222,-0.006461993600343935,-0.011376953125,-0.017578125,3.69342041015625,-0.5836629231770833,-4.277083333333334,0.0006526418659962516,-0.003875147448259664,0.014811197916666666,0.0078125,0.016422526041666666,0.015625,-0.008772786458333333,0.00390625,0.140625,2.6953125,-0.026188151041666666,-0.0234375,0.3333333333333333,0.13333333333333333,0.2,-0.04633951822916667,-0.004638671875,5000
1,16,0.00654296875,-1.134375,-1.14091796875,0.0015249444811807602,-0.002228683475559593,-0.0007161458333333333,0.0,3.68865966796875,-0.58165283203125,-4.2703125,0.0007358521528433192,-0.003077901963181864,0.010050455729166666,0.009521484375,0.015034993489583334,0.015625,-0.009554036458333333,-0.0068359375,0.138671875,2.6943359375,-0.0107666015625,-0.00732421875,0.4666666666666667,0.2,0.4,-0.0300872802734375,0.008375040690104151,5000
1,17,-0.008463541666666666,-1.1388020833333334,-1.1303385416666667,0.002233162572530527,-0.006161488891305213,-0.01572265625,-0.0078125,3.6854288736979166,-0.5822794596354167,-4.267708333333333,0.0006254750183666204,-0.001867353224341519,0.006819661458333333,0.0048828125,0.009354654947916667,0.015625,-0.00021158854166666667,-0.00390625,0.13671875,2.6767578125,-0.022542317708333332,-0.015625,0.3333333333333333,0.4,0.4,-0.050618489583333336,0.0015875244140624912,5000
1,18,-0.014013671875,-1.1406901041666666,-1.1266764322916667,0.007267289104540889,-0.013353187989832762,-0.021272786458333335,0.001953125,3.697037760416667,-0.58056640625,-4.277604166666666,0.0013768483606829067,-0.004958883709988043,0.018428548177083334,0.0078125,0.008341471354166666,0.0078125,-0.002490234375,-0.007080078125,0.107421875,2.6640625,-0.03970133463541667,-0.005859375,0.5333333333333333,0.2,0.4,-0.09790100097656249,0.004895222981770831,5000
1,19,0.00037434895833333336,-1.1395833333333334,-1.1399576822916666,0.0015764348499717382,-0.004458361085460366,-0.006884765625,-0.015625,3.6926839192708334,-0.5817952473958333,-4.274479166666667,0.0005097366552325694,-0.0029915523797101316,0.01407470703125,0.01416015625,0.00802001953125,0.00390625,-0.00654296875,-0.0078125,0.140625,2.69140625,-0.02095947265625,-0.01171875,0.4,0.26666666666666666,0.2,-0.03722127278645833,-0.00524017333984376,5000
1,20,0.0060384114583333336,-1.1336588541666666,-1.139697265625,0.00277555809068025,-0.003237595735441039,-0.001220703125,0.0087890625,3.693794759114583,-0.5843302408854166,-4.278125,0.0006212860927669111,-0.004366736195280905,0.015185546875,0.00634765625,0.007173665364583333,0.01251220703125,0.001416015625,0.0029296875,0.15625,2.6875,-0.01640625,-0.0322265625,0.5333333333333333,0.2,0.4,-0.0408709716796875,0.007641805013020831,5000
1,21,-0.006787109375,-1.1373046875,-1.130517578125,0.0013613387890474174,-0.006851315819780712,-0.014046223958333333,-0.013671875,3.6882568359375,-0.5846598307291667,-4.272916666666666,0.0006623661989648346,-0.0024729629117718572,0.009647623697916666,0.0068359375,0.010127766927083334,0.0107421875,-0.0032552083333333335,-0.003662109375,0.12109375,2.66015625,-0.02369384765625,-0.025390625,0.26666666666666666,0.3333333333333333,0.13333333333333333,-0.03606394449869792,-0.01066833496093751,5000
1,22,0.006119791666666667,-1.1359375,-1.1420572916666667,0.0019513085670669701,-0.0029055297382816286,-0.0011393229166666667,0.005126953125,3.6886962890625,-0.5800537109375,-4.26875,0.0005432743046903168,-0.0021946309618461604,0.010087076822916667,0.0076904296875,0.013395182291666667,0.01416015625,-0.000439453125,0.001708984375,0.13671875,2.7021484375,-0.011226399739583334,0.005859375,0.5333333333333333,0.3333333333333333,0.5333333333333333,-0.030550130208333335,0.007293192545572895,5000
1,23,-0.004443359375,-1.1344401041666667,-1.1299967447916666,0.0015017102156990355,-0.0060993555577394274,-0.011702473958333333,-0.01171875,3.691023763020833,-0.5824137369791667,-4.2734375,0.000596373449296609,-0.0045885763581812134,0.01241455078125,0.015625,0.015673828125,0.0146484375,-0.0033203125,-0.0048828125,0.140625,2.6884765625,-0.024117024739583333,-0.01519775390625,0.4,0.2,0.13333333333333333,-0.04030782063802083,-0.00946400960286459,5000
1,24,-0.051708984375,-1.150390625,-1.098681640625,0.012965178339609711,-0.02706537364337446,-0.05896809895833333,-0.022705078125,3.6890218098958334,-0.5818115234375,-4.270833333333333,0.0009218731203461149,-0.0033363854989437486,0.01041259765625,0.01953125,0.019925944010416665,0.01641845703125,-0.0005696614583333334,-0.00390625,0.123046875,2.71875,-0.06938069661458333,-0.01953125,0.26666666666666666,0.3333333333333333,0.4,-0.14926361083984374,-0.005647379557291672,5000
1,25,0.00654296875,-1.1290364583333334,-1.1355794270833333,0.0014442495032396764,-0.0018965539007652467,-0.0007161458333333333,-0.005859375,3.69332275390625,-0.58167724609375,-4.275,0.0009019920621490921,-0.003283908928534357,0.014713541666666666,0.015625,0.011726888020833333,0.0078125,-0.004915364583333333,-0.00390625,0.15625,2.6875,-0.0154296875,-0.0185546875,0.4666666666666667,0.26666666666666666,0.26666666666666666,-0.03143798828125,0.0012386067708333097,5000
1,26,-0.022200520833333334,-1.1413411458333333,-1.119140625,0.015520154185654656,-0.017346137800206166,-0.029459635416666668,-0.0302734375,3.681160481770833,-0.5855061848958333,-4.266666666666667,0.0007514027297437186,-0.0019187000750753738,0.00255126953125,0.0009765625,0.016923014322916666,0.01953125,-0.004541015625,-0.0048828125,0.140625,2.6884765625,-0.03201090494791667,-0.03997802734375,0.3333333333333333,0.4,0.3333333333333333,-0.11992594401041666,0.05295888264973952,5000
1,27,0.014306640625,-1.1274739583333333,-1.1417805989583334,0.0022102828554061713,0.0011341067623509035,0.007047526041666667,0.00732421875,3.69105224609375,-0.5813435872395833,-4.272395833333333,0.0004513337407326304,-0.0028977125322334854,0.012443033854166667,0.01171875,0.008251953125,0.00390625,-0.007340494791666667,-0.013671875,0.158203125,2.6875,-0.0053955078125,-0.0234375,0.5333333333333333,0.2,0.4666666666666667,-0.029525553385416667,0.018751627604166644,5000
1,28,-0.007161458333333333,-1.1416015625,-1.1344401041666667,0.001965682838586972,-0.0057861772151018296,-0.014420572916666667,-0.015625,3.6892659505208334,-0.5779215494791666,-4.2671875,0.0005403639842370699,-0.0025613213465401196,0.01065673828125,0.0078125,0.007918294270833333,0.01416015625,-4.8828125e-05,0.0,0.12109375,2.6796875,-0.025077311197916667,-0.01611328125,0.2,0.4,0.26666666666666666,-0.04601277669270833,-0.0037700398763021114,5000
1,29,0.00771484375,-1.1297526041666666,-1.1374674479166667,0.001840240658560506,-0.0013721253089755967,0.0004557291666666667,-0.0078125,3.685371907552083,-0.5812947591145833,-4.266666666666667,0.000614152595193568,-0.00357116295733437,0.0067626953125,0.00390625,0.016748046875,0.01171875,-0.000634765625,0.0,0.15625,2.7080078125,-0.006306966145833333,-0.009765625,0.4666666666666667,0.26666666666666666,0.3333333333333333,-0.03142923990885416,0.01798583984374999,5000
1,30,-0.016634114583333335,-1.1370442708333333,-1.12041015625,0.003861531664855719,-0.010174110260174125,-0.023893229166666665,-0.0283203125,3.691605631510417,-0.5771443684895833,-4.26875,0.0005618382130345306,-0.004827608680317923,0.012996419270833334,0.01171875,0.014192708333333333,0.0224609375,-0.00556640625,0.001953125,0.138671875,2.69921875,-0.0368896484375,-0.029296875,0.26666666666666666,0.3333333333333333,0.26666666666666666,-0.0704351806640625,-0.00478495279947917,5000
1,31,0.006233723958333334,-1.13359375,-1.1398274739583334,0.0018582331135368901,-0.0025831384606773296,-0.001025390625,-0.0078125,3.6980387369791665,-0.5800862630208333,-4.278125,0.0006588658188834811,-0.0053664739774318656,0.019429524739583332,0.015625,0.017720540364583332,0.0142822265625,0.003955078125,0.001953125,0.140625,2.7216796875,-0.020454915364583333,-0.0220947265625,0.4666666666666667,0.13333333333333333,0.26666666666666666,-0.04570332845052083,0.0036835734049479006,5000
2,0,0.004524739583333334,-1.1340494791666667,-1.13857421875,0.0014029842726081922,-0.001985256290124061,-0.002734375,-0.009765625,3.683455403645833,-0.5837320963541667,-4.2671875,0.0007139215743453531,0.0005240236046950784,0.00484619140625,0.00885009765625,0.016805013020833332,0.01171875,-0.005126953125,0.00390625,0.140625,2.66015625,-0.00758056640625,-0.005859375,0.4666666666666667,0.26666666666666666,0.4,-0.022173767089843748,0.0069994099934895734,5000
2,1,-0.0049479166666666664,-1.132421875,-1.1274739583333333,0.0013745825284903993,-0.007746930491616578,-0.01220703125,-0.01171875,3.6887939453125,-0.5841227213541667,-4.272916666666666,0.0005723347752526195,-0.00293540166887241,0.010184733072916667,0.00909423828125,0.013492838541666666,0.0087890625,-0.009781901041666667,-0.00390625,0.125,2.68359375,-0.022391764322916667,-0.01953125,0.4,0.3333333333333333,0.4,-0.04171773274739583,-0.004317016601562503,5000
2,2,0.0024251302083333334,-1.1248697916666666,-1.127294921875,0.0035886264696411577,-0.006232754628420522,-0.004833984375,-0.0029296875,3.6951253255208334,-0.5793538411458333,-4.274479166666667,0.0005368268586158356,-0.004854840704384334,0.01651611328125,0.0078125,0.01160888671875,0.015869140625,-0.0034342447916666666,0.001953125,0.140625,2.6796875,-0.02135009765625,-0.005859375,0.4666666666666667,0.26666666666666666,0.3333333333333333,-0.05837066650390625,0.009248860677083333,5000
2,3,0.005013020833333334,-1.1327473958333334,-1.1377604166666666,0.0016404697472783343,-0.003391125394939401,-0.00224609375,0.00390625,3.6942179361979166,-0.5823445638020833,-4.2765625,0.0007007530427848899,-0.0035917391721384945,0.015608723958333333,0.009765625,0.01475830078125,0.01739501953125,-0.011653645833333334,-0.021484375,0.140625,2.6904296875,-0.017854817708333335,-0.009765625,0.5333333333333333,0.2,0.3333333333333333,-0.032601114908854166,-0.004158325195312503,5000
2,4,0.001220703125,-1.1368489583333334,-1.1380696614583334,0.001492318346079494,-0.003555230059778265,-0.0060384114583333336,-0.00390625,3.68636474609375,-0.5797810872395833,-4.266145833333334,0.0005757732614900973,-0.0013881229083063092,0.0077555338541666664,0.013671875,0.012520345052083333,0.015625,-0.0024576822916666666,-0.009765625,0.140625,2.7080078125,-0.0137939453125,-0.01171875,0.4,0.3333333333333333,0.3333333333333333,-0.03188496907552083,0.004044596354166667,5000
2,5,-0.000634765625,-1.144140625,-1.143505859375,0.002816793720942872,-0.002350971819027136,-0.007893880208333334,-0.0029296875,3.67987060546875,-0.5821085611979167,-4.261979166666666,0.0005858412315221952,-0.0013900725132165845,0.0012613932291666667,0.0078125,0.0119140625,0.0081787109375,-0.0024251302083333334,0.0,0.140625,2.6787109375,-0.0091552734375,-0.0068359375,0.4666666666666667,0.4,0.3333333333333333,-0.03187703450520833,0.011848958333333333,5000
2,6,-0.0017903645833333333,-1.1337239583333334,-1.13193359375,0.0013615429206571088,-0.006263417127131285,-0.009049479166666667,-0.00390625,3.688370768229167,-0.5798583984375,-4.268229166666667,0.0006427941114789216,-0.0021223054905878955,0.009761555989583334,0.0009765625,0.012455240885416666,0.0087890625,0.0012369791666666666,0.004150390625,0.12109375,2.705078125,-0.01881103515625,-0.015625,0.3333333333333333,0.3333333333333333,0.2,-0.03506317138671875,-0.004247945149739585,5000
2,7,0.0015787760416666667,-1.12890625,-1.1304850260416666,0.002380847702759039,-0.003965619341216422,-0.0056803385416666664,0.0,3.6833455403645834,-0.5817586263020833,-4.265104166666666,0.0005909641315315777,-0.0015484419821828507,0.004736328125,0.0,0.009720865885416667,0.0107421875,-0.00625,-0.001953125,0.140625,2.6845703125,-0.010416666666666666,-0.00634765625,0.4,0.4666666666666667,0.4666666666666667,-0.029557291666666666,0.006121419270833309,5000
2,8,0.00810546875,-1.1245442708333333,-1.1326497395833333,0.003286453556406832,-0.003938952133896415,0.0008463541666666667,-0.017578125,3.7071573893229166,-0.58294677734375,-4.290104166666667,0.0009511009520156952,-0.005652493880084768,0.028548177083333334,0.0078125,0.01114501953125,0.0078125,-0.0038899739583333334,-0.00390625,0.134765625,2.671875,-0.027701822916666667,-0.03125,0.26666666666666666,0.3333333333333333,0.13333333333333333,-0.05133585611979167,-0.0022615559895833456,5000
2,9,-0.002262369791666667,-1.1384114583333333,-1.1361490885416667,0.001379995171965056,-0.00414255722123256,-0.009521484375,-0.005859375,3.6874715169270833,-0.5823201497395833,-4.269791666666666,0.0006020432380912241,-0.0018949616658327636,0.0088623046875,0.008544921875,0.01385498046875,0.015625,3.255208333333333e-05,0.0,0.134765625,2.6611328125,-0.0183837890625,-0.013671875,0.4,0.3333333333333333,0.26666666666666666,-0.0318524169921875,-0.006184285481770842,5000
2,10,0.0011067708333333333,-1.1373046875,-1.1384114583333333,0.001577096669816412,-0.003204903022987926,-0.00615234375,-0.005859375,3.6895263671875,-0.5813069661458333,-4.270833333333333,0.00040361259110827374,-0.002306363326775106,0.010917154947916667,0.0146484375,0.013326009114583334,0.01953125,-0.012239583333333333,-0.0078125,0.140625,2.69921875,-0.017069498697916668,-0.014404296875,0.4666666666666667,0.2,0.26666666666666666,-0.034798380533854166,2.5126139322906307e-05,5000
2,11,0.0009928385416666666,-1.1371744791666667,-1.1381673177083333,0.0017831576927917724,-0.003012010058438568,-0.006266276041666667,-0.015625,3.69083251953125,-0.5852091471354167,-4.276041666666667,0.0005685411214795082,-0.0032169788054525876,0.012223307291666667,0.014892578125,0.020267740885416666,0.0166015625,-0.003483072916666667,0.001953125,0.140625,2.6953125,-0.018489583333333334,-0.0107421875,0.4,0.26666666666666666,0.3333333333333333,-0.0353857421875,-0.0021960449218750176,5000
2,12,0.007535807291666667,-1.1328776041666666,-1.1404134114583333,0.0014941955975359062,-0.0008073491682049325,0.0002766927083333333,-0.005859375,3.697432454427083,-0.5775675455729167,-4.275,0.0006701926579483837,-0.006377617047715365,0.0188232421875,0.017578125,0.015266927083333333,0.01806640625,-0.005354817708333333,-0.0068359375,0.15625,2.7177734375,-0.018546549479166667,-0.015625,0.4666666666666667,0.26666666666666666,0.3333333333333333,-0.03802978515625,0.0007407633463541636,5000
2,13,0.00030924479166666665,-1.1339192708333334,-1.134228515625,0.0015611719691997492,-0.0045173304618441965,-0.006949869791666666,0.0,3.6878377278645833,-0.58299560546875,-4.270833333333333,0.0006211278268802496,-0.0017790632244497684,0.009228515625,0.008056640625,0.01351318359375,0.005859375,0.004020182291666666,0.00341796875,0.138671875,2.6640625,-0.016178385416666666,-0.01171875,0.4,0.26666666666666666,0.26666666666666666,-0.030974527994791664,-0.001708984375,5000
2,14,0.0034342447916666666,-1.1338541666666666,-1.1372884114583333,0.0011956192971401673,-0.002346603859227018,-0.0038248697916666665,-0.005859375,3.6962158203125,-0.5813883463541667,-4.277604166666666,0.0004932214101724897,-0.005530538014564127,0.017606608072916665,0.021484375,0.014689127604166666,0.0224609375,0.0028483072916666665,-0.001953125,0.15625,2.6943359375,-0.021431477864583333,-0.01953125,0.4666666666666667,0.2,0.2,-0.03678436279296875,-0.006156209309895836,5000
2,15,0.015511067708333333,-1.13046875,-1.1459798177083333,0.0013672736993530657,0.0016568370981401073,0.008251953125,0.00390625,3.683854166666667,-0.5807291666666666,-4.264583333333333,0.0007648990638869913,-0.0006779354042600256,0.0052449544270833336,0.00390625,0.013264973958333334,0.0146484375,-0.002734375,0.001953125,0.140625,2.6953125,0.0030069986979166666,0.001953125,0.6,0.4,0.5333333333333333,-0.00935882568359375,0.01569569905598956,5000
2,16,0.004378255208333333,-1.128515625,-1.1328938802083333,0.0021566913130218615,-0.0028564655565296304,-0.002880859375,0.001953125,3.695389811197917,-0.5827351888020833,-4.278125,0.0005025802600075936,-0.004283414192694035,0.016780598958333334,0.0130615234375,0.013716634114583333,0.015625,-0.005843098958333333,-0.009765625,0.15625,2.7001953125,-0.019661458333333333,-0.010009765625,0.5333333333333333,0.26666666666666666,0.26666666666666666,-0.0435333251953125,-0.0004302978515625148,5000
2,17,0.002099609375,-1.1339192708333334,-1.1360188802083333,0.0019938447989424546,-0.0026164252701544656,-0.005159505208333333,0.0,3.6892740885416666,-0.5768717447916667,-4.266145833333334,0.0006705999911678131,-0.0038386734827676053,0.010664876302083333,0.005859375,0.015511067708333333,0.0081787109375,-0.0022135416666666666,-0.0078125,0.138671875,2.6875,-0.015824381510416666,-0.01416015625,0.4666666666666667,0.26666666666666666,0.4,-0.03131601969401042,-0.0017250569661458363,5000
2,18,0.000732421875,-1.1313802083333333,-1.1321126302083333,0.0013801245659052974,-0.0036785833628457413,-0.0065266927083333336,-0.01171875,3.690604654947917,-0.58387451171875,-4.274479166666667,0.0005416645252348669,-0.0031848096923412276,0.011995442708333333,0.0166015625,0.012626139322916667,0.015625,-0.005452473958333333,-0.00390625,0.15625,2.6640625,-0.018522135416666665,-0.0078125,0.4666666666666667,0.3333333333333333,0.3333333333333333,-0.03642659505208333,-0.0011710611979166784,5000
2,19,0.0008463541666666667,-1.1374348958333333,-1.13828125,0.001765927611220772,-0.004292461049091206,-0.0064127604166666664,-0.01171875,3.68480224609375,-0.5771769205729167,-4.261979166666666,0.0007499976987675944,-0.0018107998664562155,0.006193033854166667,0.0078125,0.020930989583333334,0.021484375,-0.003857421875,-0.001953125,0.138671875,2.68359375,-0.012605794270833333,-0.009521484375,0.4,0.26666666666666666,0.3333333333333333,-0.028144327799479167,0.0033040364583333333,5000
2,20,0.004638671875,-1.1326822916666666,-1.1373209635416666,0.0019404388802903192,-0.002856868896879068,-0.002620442708333333,-0.01171875,3.694344075520833,-0.5790934244791667,-4.2734375,0.0005008321708260759,-0.004576957592530465,0.01573486328125,0.01953125,0.008736165364583333,0.00390625,-0.002978515625,0.0107421875,0.15625,2.703125,-0.018355305989583334,-0.02734375,0.4,0.2,0.4,-0.038261006673177084,0.0025480143229166547,5000
2,21,0.004150390625,-1.1353515625,-1.139501953125,0.0013667843094486605,-0.002000333898780102,-0.003108723958333333,-0.00390625,3.687699381510417,-0.5810506184895833,-4.26875,0.0005257229593134334,-0.0025649820037107864,0.009090169270833334,0.013671875,0.00972900390625,0.015625,-0.001025390625,-0.0029296875,0.138671875,2.6552734375,-0.012198893229166667,-0.0166015625,0.26666666666666666,0.13333333333333333,0.3333333333333333,-0.0255865478515625,0.0010107421874999765,5000
2,22,0.004931640625,-1.1330729166666667,-1.1380045572916666,0.0014247861332497378,-0.0018903995649605827,-0.0023274739583333333,-0.01171875,3.687760416666667,-0.5809895833333333,-4.26875,0.000593165269234751,-0.0019018707004960155,0.009151204427083334,0.0078125,0.0075439453125,0.01220703125,0.00087890625,0.0,0.150390625,2.6943359375,-0.011478678385416666,-0.01953125,0.4666666666666667,0.3333333333333333,0.4,-0.0298590087890625,0.006951395670572894,5000
2,23,0.0069010416666666664,-1.13203125,-1.1389322916666667,0.0015373468114429788,-0.0017549322662569185,-0.00035807291666666664,-0.00390625,3.680403645833333,-0.5831380208333333,-4.263541666666667,0.0005759388083169846,-0.0006374353889596437,0.00179443359375,0.001953125,0.016068522135416666,0.023193359375,-0.001953125,0.001953125,0.140625,2.6455078125,-0.0021525065104166666,-0.0048828125,0.4,0.4,0.4666666666666667,-0.017786254882812498,0.013050130208333323,5000
2,24,0.00302734375,-1.1306640625,-1.13369140625,0.0017638575054103609,-0.0029064010681778664,-0.004231770833333333,-0.00390625,3.6864420572916665,-0.583349609375,-4.269791666666666,0.0007373626779835469,-0.001066373674712222,0.007832845052083334,0.01123046875,0.015946451822916666,0.0146484375,-0.0109375,-0.0078125,0.15625,2.6748046875,-0.012064615885416666,-0.0048828125,0.4666666666666667,0.3333333333333333,0.4,-0.03161417643229166,0.006610412597656216,5000
2,25,-0.0017903645833333333,-1.1317708333333334,-1.12998046875,0.001371101564517526,-0.004683207947042393,-0.009049479166666667,-0.0078125,3.685469563802083,-0.5843221028645833,-4.269791666666666,0.0007282085266309416,-0.0014332515553081462,0.0068603515625,0.005859375,0.018107096354166668,0.013671875,-0.009309895833333333,-0.00390625,0.140625,2.671875,-0.015909830729166668,-0.017578125,0.3333333333333333,0.26666666666666666,0.2,-0.025862833658854167,-0.005631510416666667,5000
2,26,-0.00224609375,-1.1369791666666667,-1.1347330729166667,0.0015961242390931463,-0.004187420148164067,-0.009505208333333333,-0.005859375,3.6929524739583335,-0.577880859375,-4.270833333333333,0.000703017195977469,-0.0037691376999021736,0.01434326171875,0.013671875,0.011930338541666667,0.00390625,-0.006673177083333333,-0.01171875,0.138671875,2.705078125,-0.023848470052083334,-0.02734375,0.4,0.26666666666666666,0.3333333333333333,-0.04389658610026042,-0.004333089192708339,5000
2,27,0.001611328125,-1.1361979166666667,-1.1378092447916666,0.0014026240158572555,-0.003194632386523321,-0.005647786458333333,-0.00390625,3.69124755859375,-0.5847941080729167,-4.276041666666667,0.0005358548524256587,-0.0030136996480424004,0.012638346354166666,0.01953125,0.021854654947916666,0.01702880859375,-0.00029296875,-0.0107421875,0.15625,2.69140625,-0.0182861328125,-0.01171875,0.4666666666666667,0.26666666666666666,0.26666666666666666,-0.03651611328125,0.0007177734374999762,5000
2,28,0.004313151041666667,-1.1377604166666666,-1.1420735677083333,0.0012135272777557746,-0.0032870649854546013,-0.0029459635416666666,0.001953125,3.700752766927083,-0.5784138997395833,-4.279166666666667,0.0008577014666944175,-0.007040910018981467,0.0221435546875,0.0244140625,0.0026692708333333334,0.0009765625,-0.005126953125,-0.01953125,0.125,2.7265625,-0.025089518229166666,-0.02734375,0.5333333333333333,0.13333333333333333,0.3333333333333333,-0.043123575846354165,-0.009244791666666667,5000
2,29,-0.0033040364583333333,-1.1407552083333334,-1.137451171875,0.0017580346038293213,-0.004155736222889001,-0.010563151041666666,-0.0078125,3.6952555338541666,-0.5828694661458333,-4.278125,0.00047786972776541625,-0.005249482756567397,0.016646321614583334,0.021484375,0.0171142578125,0.013671875,-0.000146484375,0.00732421875,0.140625,2.703125,-0.02720947265625,-0.01910400390625,0.4666666666666667,0.2,0.26666666666666666,-0.04911020914713542,-0.006989237467447936,5000
2,30,0.005387369791666667,-1.1333333333333333,-1.138720703125,0.0016545447655515876,-0.002232958962989309,-0.0018717447916666667,-0.01171875,3.691015625,-0.5813802083333334,-4.272395833333333,0.0007209761385255331,-0.002399883838186827,0.012406412760416667,0.015380859375,0.00931396484375,0.015625,-0.007356770833333333,-0.001953125,0.138671875,2.6923828125,-0.014278157552083334,-0.01171875,0.4666666666666667,0.3333333333333333,0.26666666666666666,-0.030014241536458333,0.002052307128906228,5000
2,31,0.007307942708333333,-1.1337239583333334,-1.1410319010416667,0.0014859157041306444,-0.0013492551980468848,4.8828125e-05,0.00390625,3.689835611979167,-0.5841227213541667,-4.273958333333334,0.0007118740739287783,-0.0028883817807566934,0.011226399739583334,0.01123046875,0.010237630208333333,0.0086669921875,-0.0039713541666666664,-0.00390625,0.15625,2.69921875,-0.011177571614583333,-0.00787353515625,0.5333333333333333,0.2,0.26666666666666666,-0.026416524251302084,0.003679809570312479,5000
3,0,0.00030924479166666665,-1.1307291666666666,-1.1310384114583334,0.0014422973231565685,-0.005350914127593908,-0.006949869791666666,0.001953125,3.6913045247395835,-0.58265380859375,-4.273958333333334,0.000727035477547951,-0.002522170607979828,0.0126953125,0.008544921875,0.010282389322916667,0.0087890625,-0.00322265625,-0.001953125,0.140625,2.7001953125,-0.019645182291666667,-0.017578125,0.5333333333333333,0.4,0.3333333333333333,-0.035857747395833334,-0.004280598958333334,5000
3,1,0.004443359375,-1.1328125,-1.137255859375,0.0014154457266775523,-0.0018452387819721833,-0.0028157552083333333,-0.01171875,3.6951090494791665,-0.5824951171875,-4.277604166666666,0.0006834165819673843,-0.004237665986029138,0.016499837239583332,0.0185546875,0.016292317708333334,0.01171875,-0.00283203125,-0.00390625,0.125,2.6728515625,-0.019315592447916665,-0.021240234375,0.4666666666666667,0.2,0.3333333333333333,-0.03366739908854167,-0.005195821126302088,5000
3,2,0.0005696614583333334,-1.1373697916666667,-1.137939453125,0.0017386472396332025,-0.003618925642109196,-0.006689453125,-0.0078125,3.6877115885416667,-0.5794759114583333,-4.2671875,0.0006953957112793122,-0.0034107870097104848,0.009102376302083333,0.00390625,0.020076497395833334,0.01953125,-0.0013671875,-0.005859375,0.15234375,2.736328125,-0.015791829427083334,0.005859375,0.4666666666666667,0.4666666666666667,0.5333333333333333,-0.03828226725260417,0.0037764485677083274,5000
3,3,0.0036458333333333334,-1.1336588541666666,-1.1373046875,0.0011267934536280367,-0.0030283499270551736,-0.00361328125,-0.001953125,3.6893636067708333,-0.5804280598958333,-4.269791666666666,0.0006576961326680376,-0.0030383876739272626,0.01075439453125,0.009765625,0.0125,0.015625,-0.006477864583333334,-0.01953125,0.140625,2.6953125,-0.01436767578125,-0.01171875,0.4666666666666667,0.26666666666666666,0.3333333333333333,-0.028919677734375,-0.0011058553059895967,5000
3,4,-0.008219401041666666,-1.1352864583333333,-1.1270670572916666,0.003568515302723464,-0.007885136541366806,-0.015478515625,-0.017578125,3.6859090169270834,-0.5776326497395833,-4.263541666666667,0.0007257449001043694,-0.001240205500842272,0.0072998046875,0.00390625,0.016438802083333332,0.013671875,-0.0033365885416666665,-0.001953125,0.125,2.69140625,-0.0227783203125,-0.0302734375,0.3333333333333333,0.3333333333333333,0.26666666666666666,-0.05787841796875,0.013211263020833286,5000
3,5,-3.255208333333333e-05,-1.1340494791666667,-1.1340169270833333,0.0014447254798852737,-0.004079056266368195,-0.007291666666666667,-0.01171875,3.69500732421875,-0.58155517578125,-4.2765625,0.0007121141586826595,-0.004576444779275413,0.016398111979166668,0.0146484375,0.01148681640625,0.0087890625,0.000244140625,0.0,0.12109375,2.6875,-0.023689778645833333,-0.02734375,0.3333333333333333,0.3333333333333333,0.13333333333333333,-0.03952677408854167,-0.007942504882812503,5000
3,6,0.0038736979166666668,-1.1338541666666666,-1.1377278645833333,0.001511030454163003,-0.0025410662684652503,-0.0033854166666666668,-0.01171875,3.69185791015625,-0.5826212565104166,-4.274479166666667,0.0007322435021297781,-0.0031691662474605327,0.013248697916666666,0.015625,0.007979329427083333,0.0009765625,0.0022786458333333335,-0.00244140625,0.125,2.6943359375,-0.016634114583333335,-0.015625,0.3333333333333333,0.3333333333333333,0.26666666666666666,-0.0304119873046875,-0.0015293375651041754,5000
3,7,0.007242838541666667,-1.130078125,-1.1373209635416666,0.010167475292117735,-0.004582166094648541,-1.6276041666666666e-05,-0.01171875,3.67197265625,-0.5832356770833333,-4.255208333333333,0.0011068336386410441,0.00046064032553085494,-0.006636555989583333,-0.0009765625,0.015771484375,0.021484375,-0.008365885416666666,-0.017578125,0.140625,2.6953125,0.006620279947916667,-0.0234375,0.4,0.5333333333333333,0.4,-0.04727060953776042,0.08399576822916663,5000
3,8,0.005615234375,-1.1305989583333333,-1.1362141927083333,0.0013419380817617514,-0.0011874910007499797,-0.0016438802083333333,0.001953125,3.6947224934895835,-0.5802775065104167,-4.275,0.0007609598235856898,-0.002715137634166868,0.01611328125,0.01171875,0.010579427083333334,0.0078125,0.0043294270833333336,0.001953125,0.138671875,2.6884765625,-0.017757161458333334,-0.021484375,0.5333333333333333,0.26666666666666666,0.3333333333333333,-0.03378946940104167,-0.001545613606770842,5000
3,9,0.004020182291666666,-1.1349609375,-1.1389811197916666,0.0018939192297402082,-0.003410896561599873,-0.003238932291666667,0.001953125,3.691695149739583,-0.5812215169270833,-4.272916666666666,0.0007524676733510923,-0.004011700117004741,0.0130859375,0.010986328125,0.009375,0.01171875,0.0008463541666666667,-0.005859375,0.138671875,2.6875,-0.016324869791666665,-0.0048828125,0.5333333333333333,0.26666666666666666,0.26666666666666666,-0.032959391276041666,-0.001253051757812503,5000
3,10,0.0017740885416666667,-1.1372395833333333,-1.139013671875,0.001827151794826946,-0.0023981442525596213,-0.005485026041666666,-0.001953125,3.68223876953125,-0.5813028971354167,-4.263541666666667,0.0006184375715915044,-0.0005791165330411544,0.0036295572916666668,0.0048828125,0.010892740885416667,0.008544921875,-0.0017252604166666666,-0.00390625,0.13671875,2.6865234375,-0.009114583333333334,0.0013427734375,0.3333333333333333,0.4666666666666667,0.5333333333333333,-0.023918050130208333,0.005241292317708327,5000
3,11,-0.0019205729166666666,-1.1356770833333334,-1.1337565104166667,0.001836509347513016,-0.0047039950830019515,-0.0091796875,0.0,3.6930257161458333,-0.5746826171875,-4.267708333333333,0.00077489040003944,-0.005699680954101569,0.01441650390625,0.015625,0.011767578125,0.005859375,-0.0044921875,0.0,0.13671875,2.70703125,-0.02359619140625,-0.0087890625,0.4,0.13333333333333333,0.3333333333333333,-0.044315694173177086,-0.005578206380208339,5000
3,12,0.004443359375,-1.13515625,-1.139599609375,0.0014953437000744326,-0.0027141520038545053,-0.0028157552083333333,-0.009765625,3.6957275390625,-0.5813557942708333,-4.277083333333334,0.0006999858486133329,-0.004202021747381118,0.017118326822916665,0.0234375,0.012638346354166666,0.01171875,-0.004248046875,-0.001953125,0.125,2.671875,-0.01993408203125,-0.0107421875,0.4,0.26666666666666666,0.3333333333333333,-0.03783854166666666,-0.00220947265625,5000
3,13,0.005859375,-1.1310546875,-1.1369140625,0.0016860901731238246,-0.0007690871130492411,-0.0013997395833333333,-0.00390625,3.69554443359375,-0.5773722330729166,-4.272916666666666,0.0004633971874072322,-0.004524021883757228,0.016935221354166665,0.019775390625,0.0073811848958333336,0.0078125,-0.005891927083333333,-0.00146484375,0.15625,2.71875,-0.0183349609375,-0.017578125,0.3333333333333333,0.13333333333333333,0.2,-0.03283101399739583,-0.00322265625,5000
3,14,-0.010856119791666667,-1.1406901041666666,-1.129833984375,0.0032180547745057934,-0.006778825583906072,-0.018115234375,-0.01953125,3.6861897786458333,-0.5825602213541666,-4.26875,0.0006507235904004358,-0.0027105958552455975,0.00758056640625,0.00390625,0.014864095052083333,0.02056884765625,-0.002099609375,0.001953125,0.150390625,2.69140625,-0.02569580078125,-0.01953125,0.26666666666666666,0.26666666666666666,0.3333333333333333,-0.051546427408854165,-0.0012364705403645907,5000
3,15,-0.00888671875,-1.1444661458333334,-1.1355794270833333,0.002255827124479948,-0.006209118599591842,-0.016145833333333335,-0.013671875,3.69195556640625,-0.5804402669270833,-4.272395833333333,0.0007733928871745905,-0.0029297248032691386,0.013346354166666666,0.0078125,0.016837565104166667,0.01953125,-0.009391276041666667,-0.002197265625,0.140625,2.6875,-0.0294921875,-0.0078125,0.3333333333333333,0.26666666666666666,0.4,-0.05729329427083333,-0.005012207031250012,5000
3,16,-0.005208333333333333,-1.1353515625,-1.1301432291666667,0.001362212466398983,-0.005888230037935814,-0.012467447916666667,0.0,3.68436279296875,-0.58282470703125,-4.2671875,0.0006166621345954755,-0.0007270236915878893,0.005753580729166667,-0.000244140625,0.021004231770833333,0.0234375,-0.004833984375,0.001708984375,0.140625,2.6923828125,-0.018221028645833335,-0.021484375,0.4666666666666667,0.5333333333333333,0.4666666666666667,-0.036515909830729165,-0.0005853271484375089,5000
3,17,0.00166015625,-1.1328125,-1.13447265625,0.0015365457276116884,-0.0034228829307402795,-0.005598958333333333,-0.005859375,3.691748046875,-0.5790852864583333,-4.270833333333333,0.0006097096964289857,-0.002132297406528451,0.013138834635416667,0.01123046875,0.009578450520833334,0.013671875,-0.0032552083333333335,-0.00390625,0.140625,2.6728515625,-0.01873779296875,-0.01953125,0.4666666666666667,0.26666666666666666,0.2,-0.037142333984375,-0.0009599812825520877,5000
3,18,0.010481770833333333,-1.1349609375,-1.1454427083333334,0.0015141423570378932,-0.0005654812931046811,0.00322265625,0.0009765625,3.6942464192708333,-0.5849202473958334,-4.279166666666667,0.0006231139388554678,-0.0028469080575516483,0.01563720703125,0.01171875,0.009932454427083333,0.013671875,-0.00205078125,-0.001953125,0.140625,2.6796875,-0.01241455078125,-0.0078125,0.5333333333333333,0.26666666666666666,0.3333333333333333,-0.034753824869791665,0.008961385091145814,5000
3,19,0.002978515625,-1.132421875,-1.135400390625,0.0018044154172377391,-0.0036188257642266086,-0.004280598958333334,-0.0078125,3.689892578125,-0.581982421875,-4.271875,0.00042804436745236333,-0.003173988778485542,0.011283365885416667,0.0078125,0.016084798177083335,0.0078125,-0.0037760416666666667,0.007568359375,0.134765625,2.7099609375,-0.01556396484375,-0.01605224609375,0.4,0.26666666666666666,0.26666666666666666,-0.03602335611979167,0.004920145670572906,5000
3,20,0.003483072916666667,-1.13203125,-1.1355143229166667,0.001490660925717096,-0.0018836379067817893,-0.0037760416666666667,0.00390625,3.6893717447916665,-0.5830240885416667,-4.272395833333333,0.000849642762523739,-0.003359641825849183,0.010762532552083334,0.0087890625,0.0069539388020833336,0.00390625,0.001025390625,-0.00390625,0.140625,2.70703125,-0.01453857421875,-0.01953125,0.6,0.3333333333333333,0.4,-0.028202412923177083,-0.0012083943684895848,5000
3,21,0.006184895833333333,-1.1352213541666667,-1.14140625,0.0013480287069779398,-0.0016375508400450155,-0.00107421875,-0.0078125,3.6956461588541667,-0.5809163411458333,-4.2765625,0.000586548847328131,-0.005026141639422669,0.017036946614583333,0.021484375,0.007906087239583333,0.0078125,0.006429036458333333,0.001953125,0.140625,2.6865234375,-0.018111165364583334,-0.013671875,0.4666666666666667,0.3333333333333333,0.3333333333333333,-0.03616312662760417,-0.0024739583333333332,5000
3,22,-0.0013997395833333333,-1.1403645833333333,-1.13896484375,0.00213906134955398,-0.003613403651184301,-0.008658854166666667,-0.01171875,3.6993896484375,-0.5761311848958334,-4.275520833333333,0.0007216832784035798,-0.004918347657462188,0.020780436197916665,0.0166015625,0.012369791666666666,0.0107421875,0.000244140625,0.0,0.16796875,2.69921875,-0.029439290364583332,-0.03680419921875,0.4,0.06666666666666667,0.26666666666666666,-0.053955790201822916,-0.0043578084309895855,5000
3,23,0.004134114583333333,-1.1348958333333334,-1.1390299479166666,0.0020343552567201424,-0.002036100013014065,-0.003125,-0.001953125,3.685380045572917,-0.5802449544270833,-4.265625,0.0006081293807209805,-0.0013224969178938686,0.0067708333333333336,0.001953125,0.013688151041666667,0.0146484375,-0.0001953125,-0.00390625,0.134765625,2.6875,-0.009895833333333333,-0.00390625,0.4666666666666667,0.26666666666666666,0.3333333333333333,-0.025613199869791665,0.003841552734374994,5000
3,24,-0.001806640625,-1.1380208333333333,-1.1362141927083333,0.0013212116406122855,-0.003999660306948244,-0.009065755208333333,-0.0126953125,3.6926554361979167,-0.5813028971354167,-4.273958333333334,0.0006182073594676749,-0.0048516789687433745,0.014046223958333333,0.015625,0.00908203125,0.0084228515625,-0.010872395833333333,0.00390625,0.15625,2.69921875,-0.023111979166666668,-0.025390625,0.26666666666666666,0.26666666666666666,0.26666666666666666,-0.03829813639322917,-0.0078125,5000
3,25,-0.0027180989583333332,-1.1359375,-1.1332194010416667,0.001676393565952186,-0.00396705884975025,-0.009977213541666667,-0.009765625,3.6884806315104166,-0.5833943684895834,-4.271875,0.000539776904989737,-0.0023969939882854045,0.009871419270833333,0.00390625,0.01759033203125,0.0234375,-0.003076171875,-0.00390625,0.138671875,2.6884765625,-0.0198486328125,-0.01171875,0.4,0.26666666666666666,0.13333333333333333,-0.0342535400390625,-0.0057124837239583386,5000
3,26,9.765625e-05,-1.1376953125,-1.13779296875,0.0015323286110057466,-0.0034417178732947585,-0.007161458333333333,-0.015625,3.6925333658854167,-0.5809041341145833,-4.2734375,0.0008168854342940235,-0.00363426212974964,0.013924153645833333,0.0174560546875,0.008357747395833334,0.0078125,-0.0039713541666666664,-0.001953125,0.119140625,2.7021484375,-0.021085611979166665,-0.017578125,0.4,0.3333333333333333,0.3333333333333333,-0.043116861979166664,0.0005220540364583155,5000
3,27,0.009440104166666666,-1.1314453125,-1.1408854166666667,0.0015342685034259512,-0.00046020276522530104,0.0021809895833333334,0.00390625,3.68255615234375,-0.5809855143229167,-4.263541666666667,0.000790460296436236,-0.0014736257261804117,0.003946940104166667,0.0009765625,0.012381998697916667,0.01123046875,0.001220703125,0.0,0.15625,2.671875,-0.0017659505208333333,-0.0185546875,0.5333333333333333,0.4,0.4666666666666667,-0.020931599934895833,0.01961303710937499,5000
3,28,0.0006998697916666667,-1.1352213541666667,-1.1359212239583334,0.0015585438156858554,-0.002626785447890668,-0.006559244791666667,-0.006103515625,3.691878255208333,-0.5810384114583333,-4.272916666666666,0.0005987544755688207,-0.0030833688418230995,0.01326904296875,0.017578125,0.010196940104166666,0.0086669921875,0.0013509114583333333,0.00390625,0.15625,2.6796875,-0.019828287760416667,-0.02734375,0.4,0.26666666666666666,0.26666666666666666,-0.034769999186197914,-0.002656250000000012,5000
3,29,-0.004134114583333333,-1.139453125,-1.1353190104166666,0.0015609755821440394,-0.005358659495537597,-0.011393229166666666,-0.0078125,3.689949544270833,-0.5803629557291666,-4.2703125,0.0007475445619769578,-0.0036278938690636623,0.01134033203125,0.00390625,0.0121337890625,0.00390625,-0.0059244791666666664,-0.009765625,0.140625,2.7265625,-0.022733561197916665,-0.03125,0.3333333333333333,0.4,0.4,-0.04644449869791666,-0.0007819620768229655,5000
3,30,0.004231770833333333,-1.1306640625,-1.1348958333333334,0.0015884445973325524,-0.0023743752402170895,-0.00302734375,-0.009765625,3.6965535481770835,-0.58209228515625,-4.278645833333333,0.0008406918068407852,-0.004518244798864233,0.0179443359375,0.015380859375,0.007222493489583333,0.0009765625,-0.0044596354166666664,-0.005859375,0.15625,2.71484375,-0.0209716796875,-0.017578125,0.4,0.26666666666666666,0.3333333333333333,-0.040822143554687496,-0.0014396158854166786,5000
3,31,-9.765625e-05,-1.1330729166666667,-1.1329752604166667,0.0015298633293613323,-0.0030524305377745606,-0.007356770833333333,-0.00634765625,3.69573974609375,-0.5766560872395833,-4.272395833333333,0.0006643597712210731,-0.004347366111892531,0.017130533854166668,0.01953125,0.01103515625,0.0078125,-0.002783203125,-0.0078125,0.15625,2.6962890625,-0.0244873046875,-0.01953125,0.3333333333333333,0.3333333333333333,0.3333333333333333,-0.04678609212239583,-0.004694824218750012,5000
4,0,0.006998697916666667,-1.1337890625,-1.1407877604166667,0.0018332478295732333,-0.0007813758785749389,-0.00026041666666666666,0.00390625,3.6852620442708335,-0.5824462890625,-4.267708333333333,0.0007836686143340868,-0.0010039193823046513,0.00665283203125,0.0009765625,0.01085205078125,0.01171875,-0.0012532552083333334,0.001953125,0.140625,2.6796875,-0.006913248697916667,-0.0029296875,0.5333333333333333,0.4,0.4666666666666667,-0.02022023518880208,0.005269673665364578,5000
4,1,0.00693359375,-1.13359375,-1.14052734375,0.0017652272053320127,-0.0019443282881166648,-0.0003255208333333333,-0.0078125,3.6897013346354166,-0.58009033203125,-4.269791666666666,0.0006940945527985049,-0.0030517063118153703,0.011092122395833333,0.00390625,0.01884765625,0.0242919921875,0.0034993489583333335,0.001953125,0.138671875,2.6875,-0.011417643229166666,0.0,0.4666666666666667,0.4,0.4666666666666667,-0.031828206380208335,0.00805725097656249,5000
4,2,0.006640625,-1.1344401041666667,-1.1410807291666667,0.0011218815579970317,-0.0010662586379288316,-0.0006184895833333333,-0.0078125,3.6946695963541667,-0.5824137369791667,-4.277083333333334,0.0008213166309820382,-0.004718333639114851,0.016060384114583333,0.017578125,0.011490885416666667,0.007568359375,-0.0029622395833333332,-0.013671875,0.15625,2.7109375,-0.016678873697916666,-0.0166015625,0.4666666666666667,0.26666666666666666,0.26666666666666666,-0.0379815673828125,0.004700622558593737,5000
4,3,0.008821614583333333,-1.1300130208333334,-1.1388346354166667,0.0011803953763289817,-0.0010058849165215588,0.0015625,-0.001953125,3.6886962890625,-0.5805745442708333,-4.269270833333334,0.0007302877727125938,-0.0025416121025072305,0.010087076822916667,0.0078125,0.017887369791666666,0.01171875,-3.255208333333333e-05,-0.00390625,0.140625,2.6875,-0.008524576822916666,0.0,0.4666666666666667,0.3333333333333333,0.4666666666666667,-0.021667887369791666,0.004036458333333334,5000
4,4,0.007194010416666666,-1.1342447916666667,-1.1414388020833333,0.001075948260593426,-0.0002526519637339332,-6.510416666666667e-05,-0.00390625,3.689750162760417,-0.58472900390625,-4.274479166666667,0.0008645681619129315,-0.0019343407734576635,0.011140950520833333,0.008056640625,0.0124755859375,0.02099609375,-0.0027994791666666667,0.0,0.16796875,2.6875,-0.0112060546875,-0.0078125,0.4,0.3333333333333333,0.4,-0.028996378580729166,0.006291300455729157,5000
4,5,0.00517578125,-1.1385416666666666,-1.1437174479166667,0.0014177707285983154,-0.0017910128180888226,-0.0020833333333333333,0.0,3.690909830729167,-0.5825276692708333,-4.2734375,0.0006543483904418357,-0.0030448306319382384,0.012300618489583333,0.0078125,0.012508138020833334,0.0146484375,0.000341796875,0.0,0.15625,2.7119140625,-0.014383951822916666,-0.00732421875,0.4666666666666667,0.26666666666666666,0.4,-0.03779327392578125,0.007373453776041661,5000
4,6,-0.0038248697916666665,-1.1383463541666667,-1.134521484375,0.0015245490251618184,-0.005056162804167121,-0.011083984375,0.0,3.6894246419270833,-0.5803670247395833,-4.269791666666666,0.0007379023999740982,-0.0026377110873292125,0.0108154296875,0.0078125,0.012394205729166666,0.0107421875,-0.004475911458333333,0.001953125,0.138671875,2.681640625,-0.0218994140625,-0.021484375,0.4666666666666667,0.2,0.2,-0.03779398600260417,-0.007429606119791672,5000
4,7,0.00634765625,-1.130859375,-1.13720703125,0.001556879755245102,-0.002180973146499307,-0.0009114583333333333,-0.001953125,3.6885498046875,-0.5822835286458333,-4.270833333333333,0.0008503240666008908,-0.0035284408926456773,0.009940592447916667,0.01123046875,0.015694173177083333,0.015625,-0.00048828125,0.0,0.140625,2.6953125,-0.01085205078125,-0.00390625,0.4666666666666667,0.3333333333333333,0.3333333333333333,-0.030233256022135415,0.009164225260416655,5000
4,8,0.00013020833333333333,-1.1299479166666666,-1.130078125,0.0016093564725921244,-0.0032409138941693425,-0.00712890625,-0.009765625,3.70299072265625,-0.57669677734375,-4.2796875,0.0007126374786417263,-0.003966747752404922,0.024381510416666665,0.005126953125,0.0046956380208333336,0.0009765625,0.004231770833333333,0.00390625,0.138671875,2.6943359375,-0.031510416666666666,-0.0390625,0.3333333333333333,0.4,0.26666666666666666,-0.0548028564453125,-0.010521240234375019,5000
4,9,0.017903645833333332,-1.1272135416666667,-1.1451171875,0.002292700724374752,0.0008289789358504451,0.01064453125,-0.009765625,3.6927083333333335,-0.5833333333333334,-4.276041666666667,0.0007622827823316529,-0.004366178572579159,0.01409912109375,0.015625,0.01182861328125,0.01171875,-0.005013020833333334,-0.005859375,0.140625,2.6806640625,-0.00345458984375,-0.001953125,0.4666666666666667,0.2,0.4,-0.028263346354166666,0.023700663248697875,5000
4,10,0.0017740885416666667,-1.1347005208333334,-1.136474609375,0.0011544477484213215,-0.003582879811564765,-0.005485026041666666,-0.013671875,3.6897908528645833,-0.58104248046875,-4.270833333333333,0.0006901027742460305,-0.003651170961591371,0.011181640625,0.0078125,0.00916748046875,0.0078125,-0.00234375,-0.009765625,0.134765625,2.6943359375,-0.016666666666666666,-0.009765625,0.3333333333333333,0.2,0.4,-0.036174112955729164,0.0015787760416666667,5000
4,11,0.01669921875,-1.13125,-1.14794921875,0.002840590066493425,0.0018265130595153003,0.009440104166666666,0.013916015625,3.694657389322917,-0.5803426106770834,-4.275,0.0007502330052999062,-0.004648805125407206,0.016048177083333334,0.019287109375,0.007515462239583334,0.0048828125,-0.00022786458333333334,0.0,0.138671875,2.7109375,-0.006608072916666667,0.013671875,0.6666666666666666,0.26666666666666666,0.6,-0.045606282552083335,0.02910196940104166,5000
4,12,0.002978515625,-1.1301432291666667,-1.1331217447916666,0.0019136575136936428,-0.0037957219355505972,-0.004280598958333334,-0.00390625,3.6897623697916666,-0.578466796875,-4.268229166666667,0.0006989899022314099,-0.002453822607402604,0.011153157552083333,0.01171875,0.013065592447916666,0.013671875,0.0020670572916666667,-0.00390625,0.138671875,2.703125,-0.015433756510416667,-0.0068359375,0.4666666666666667,0.3333333333333333,0.26666666666666666,-0.03401702880859375,0.002283325195312491,5000
4,13,-0.009814453125,-1.1348307291666666,-1.1250162760416667,0.0028482795126429606,-0.009680859880839537,-0.017073567708333334,-0.01171875,3.6946370442708334,-0.5777587890625,-4.272395833333333,0.0008029843403996092,-0.0063258822617653886,0.01602783203125,0.01171875,0.013948567708333333,0.01171875,-0.0010579427083333333,-0.013671875,0.138671875,2.69140625,-0.033101399739583336,-0.0234375,0.4,0.26666666666666666,0.26666666666666666,-0.06316060384114583,-0.0065787760416666785,5000
4,14,0.014680989583333333,-1.1283203125,-1.1430013020833334,0.0021094056604993383,-0.0007023666485130414,0.007421875,0.0,3.6868082682291665,-0.5829833984375,-4.269791666666666,0.0008465771504904783,-0.002158366347070553,0.008199055989583334,0.001953125,0.011576334635416666,0.005859375,-0.0022135416666666666,0.0009765625,0.134765625,2.68359375,-0.0007771809895833333,-0.00390625,0.4666666666666667,0.3333333333333333,0.4666666666666667,-0.016369832356770832,0.015954895019531245,5000
4,15,0.005403645833333333,-1.1353515625,-1.1407552083333334,0.0013872338995901139,-0.00255858355120611,-0.00185546875,-0.0078125,3.692557779947917,-0.5798380533854167,-4.272395833333333,0.000601251058921689,-0.0037206138968551433,0.013948567708333333,0.0146484375,0.01270751953125,0.014892578125,-0.005843098958333333,0.0,0.119140625,2.693359375,-0.015804036458333334,-0.015625,0.4,0.2,0.26666666666666666,-0.0340106201171875,0.0016603597005208303,5000
4,16,0.005533854166666667,-1.1322916666666667,-1.1378255208333334,0.001409252815561993,-0.0017031943329821112,-0.0017252604166666666,0.005859375,3.6909993489583335,-0.582958984375,-4.273958333333334,0.000598724708241014,-0.0022464192550491154,0.01239013671875,0.008544921875,0.010054524739583333,-0.0009765625,0.006949869791666666,0.01171875,0.140625,2.6875,-0.014115397135416667,-0.010986328125,0.6,0.26666666666666666,0.26666666666666666,-0.028613688151041667,0.0003219604492187426,5000
4,17,0.0047037760416666664,-1.1321614583333333,-1.136865234375,0.001351401681179304,-0.0014763820431475984,-0.0025553385416666667,0.0078125,3.687760416666667,-0.5778645833333333,-4.265625,0.0006403798059954239,-0.0031684799386982143,0.009151204427083334,0.005859375,0.009183756510416667,0.01171875,0.0045735677083333336,-0.001953125,0.1640625,2.697265625,-0.01170654296875,-0.01202392578125,0.5333333333333333,0.4666666666666667,0.4,-0.030814615885416667,0.005502115885416655,5000
4,18,0.007861328125,-1.1305338541666667,-1.1383951822916667,0.0014175148262794456,-0.0011808223929832492,0.0006022135416666667,0.0,3.6897542317708334,-0.5805582682291667,-4.2703125,0.0006053381623929861,-0.003537913278030982,0.01114501953125,0.0068359375,0.018302408854166667,0.021484375,-0.0004557291666666667,0.001953125,0.140625,2.6875,-0.010542805989583333,-0.00390625,0.4666666666666667,0.3333333333333333,0.3333333333333333,-0.026681111653645832,0.004785766601562491,5000
4,19,0.009521484375,-1.1304036458333333,-1.1399251302083333,0.0016202385585717548,-0.0007326990663206592,0.002262369791666667,0.001953125,3.69500732421875,-0.5742635091145833,-4.269270833333334,0.000715277790599241,-0.003714378498665329,0.016398111979166668,0.0181884765625,0.014571126302083333,0.017578125,0.0011393229166666667,-0.0078125,0.138671875,2.71484375,-0.0141357421875,-0.01123046875,0.5333333333333333,0.2,0.4,-0.030013834635416667,0.0005133056640624911,5000
4,20,0.010319010416666666,-1.1313802083333333,-1.14169921875,0.0013088663808720697,-5.882734759495162e-05,0.0030598958333333333,0.0,3.696708170572917,-0.5814168294270833,-4.278125,0.0005950897164175336,-0.005041205985501749,0.018098958333333335,0.0146484375,0.011348470052083334,0.01171875,0.0034342447916666666,0.00390625,0.138671875,2.703125,-0.0150390625,-0.0205078125,0.4666666666666667,0.2,0.4666666666666667,-0.029980875651041666,-0.0010740152994791698,5000
4,21,0.008837890625,-1.134375,-1.143212890625,0.0012621169570400242,-0.00010632094673043725,0.0015787760416666667,-0.00390625,3.683487955729167,-0.5831787109375,-4.266666666666667,0.0005849211872840895,0.0005508172868111866,0.0048787434895833336,-0.001220703125,0.011995442708333333,0.010986328125,-0.0006998697916666667,0.0,0.158203125,2.6875,-0.003299967447916667,0.00390625,0.4666666666666667,0.5333333333333333,0.5333333333333333,-0.025191446940104167,0.018380940755208314,5000
4,22,0.0020670572916666667,-1.1346354166666666,-1.1367024739583333,0.0011387576540176486,-0.0036127128666503536,-0.0051920572916666664,0.0,3.6932779947916665,-0.5817220052083333,-4.275,0.0007691061673535711,-0.0038693271470726692,0.014668782552083334,0.01220703125,0.010498046875,0.0087890625,-0.001123046875,0.001953125,0.138671875,2.69921875,-0.01986083984375,-0.01953125,0.4666666666666667,0.26666666666666666,0.3333333333333333,-0.036801757812499995,-0.004833679199218755,5000
4,23,0.013688151041666667,-1.1302734375,-1.1439615885416667,0.0015429007424609998,0.0004305734272074823,0.006429036458333333,0.0078125,3.70164794921875,-0.5806437174479167,-4.282291666666667,0.0007707865347092352,-0.006125258893283315,0.023038736979166665,0.015625,0.014306640625,0.015625,-0.001708984375,-0.009765625,0.15234375,2.6953125,-0.016609700520833333,-0.021484375,0.5333333333333333,0.06666666666666667,0.4,-0.030322469075520834,-0.0030596923828125028,5000
4,24,0.008219401041666666,-1.1337239583333334,-1.141943359375,0.0015083026218707944,-0.000943382409238429,0.0009602864583333333,-0.00390625,3.69588623046875,-0.58067626953125,-4.2765625,0.0006227135315383219,-0.00498966784432636,0.017277018229166666,0.0078125,0.01265869140625,0.01171875,0.0015299479166666667,-0.005859375,0.138671875,2.7177734375,-0.016316731770833332,-0.0166015625,0.4,0.2,0.2,-0.030112101236979164,-0.0022786458333333335,5000
4,25,0.0016276041666666667,-1.1333333333333333,-1.1349609375,0.0013699886052750952,-0.003982407124872364,-0.005631510416666667,-0.0078125,3.68558349609375,-0.5810831705729167,-4.266666666666667,0.0007715698366430097,-0.001749020504220658,0.006974283854166667,0.0087890625,0.015311686197916667,0.0126953125,-0.0014485677083333334,-0.0048828125,0.134765625,2.6630859375,-0.012605794270833333,-0.00390625,0.4,0.26666666666666666,0.3333333333333333,-0.0291107177734375,0.0032489013671874734,5000
4,26,0.0036946614583333332,-1.1345703125,-1.1382649739583333,0.001179402568796746,-0.002139990271079403,-0.003564453125,-0.0078125,3.69461669921875,-0.5814249674479167,-4.276041666666667,0.0006864933255776513,-0.0036639478650967654,0.016007486979166666,0.024169921875,0.009134928385416666,0.00830078125,0.000634765625,-0.005859375,0.123046875,2.6806640625,-0.019571940104166668,-0.0166015625,0.3333333333333333,0.2,0.26666666666666666,-0.0379888916015625,-0.002920532226562515,5000
4,27,0.0038736979166666668,-1.132421875,-1.1362955729166666,0.0013516015204000501,-0.002443612620112167,-0.0033854166666666668,-0.00390625,3.6817138671875,-0.5802652994791667,-4.261979166666666,0.0007856911570381705,-0.001422821428976212,0.0031046549479166667,0.00390625,0.014501953125,0.015625,-0.0017578125,-0.0078125,0.140625,2.69140625,-0.006490071614583333,-0.001953125,0.4,0.26666666666666666,0.4,-0.021871134440104165,0.007719014485677082,5000
4,28,0.010221354166666667,-1.13203125,-1.1422526041666667,0.0013119929438256,0.0006346640288287876,0.0029622395833333332,0.001953125,3.694291178385417,-0.57862548828125,-4.272916666666666,0.0006177017512933738,-0.004293232557812621,0.015681966145833334,0.010986328125,0.006559244791666667,0.0029296875,-0.0029459635416666666,-0.0068359375,0.15234375,2.69921875,-0.0127197265625,-0.00927734375,0.5333333333333333,0.13333333333333333,0.3333333333333333,-0.028443400065104166,0.0014571126302083274,5000
4,29,0.010188802083333334,-1.1306640625,-1.1408528645833333,0.001559522587645914,0.0005813651035869328,0.0029296875,0.0,3.6860107421875,-0.5848225911458333,-4.270833333333333,0.0008248999514065323,-0.000866694865356999,0.007401529947916667,0.00390625,0.013712565104166666,0.01171875,-0.002099609375,-0.0078125,0.134765625,2.69140625,-0.004471842447916667,-0.00616455078125,0.4,0.26666666666666666,0.3333333333333333,-0.018677266438802083,0.00957875569661458,5000
4,30,0.0018717447916666667,-1.1336588541666666,-1.1355305989583333,0.001286815564423589,-0.003287471341074409,-0.005387369791666667,-0.00390625,3.69447021484375,-0.5779256184895833,-4.272395833333333,0.0006821706323743047,-0.004748610197629398,0.015861002604166667,0.0166015625,0.014774576822916666,0.0087890625,0.005110677083333333,-0.001953125,0.15625,2.7119140625,-0.021248372395833333,-0.01513671875,0.4666666666666667,0.3333333333333333,0.3333333333333333,-0.040918375651041665,-0.002766113281250012,5000
4,31,0.007828776041666667,-1.1289713541666666,-1.1368001302083333,0.0013500149972504197,-0.0009200953076343559,0.0005696614583333334,0.001953125,3.690873209635417,-0.58048095703125,-4.271354166666667,0.0007629455628454381,-0.003314872606548876,0.012263997395833334,0.01611328125,0.010795084635416667,0.01171875,-0.005045572916666667,-0.005859375,0.140625,2.70703125,-0.0116943359375,-0.005859375,0.5333333333333333,0.3333333333333333,0.4,-0.032373453776041665,0.006787312825520831,5000
5,0,0.005078125,-1.1326822916666666,-1.1377604166666666,0.001595564400257988,-0.001971233577431458,-0.0021809895833333334,0.001953125,3.6928914388020835,-0.5831502278645834,-4.276041666666667,0.0007613117643272044,-0.003598390287050945,0.0142822265625,0.01171875,0.016975911458333333,0.0166015625,-0.0013997395833333333,0.00390625,0.140625,2.703125,-0.016463216145833334,-0.0096435546875,0.5333333333333333,0.2,0.4666666666666667,-0.033040771484375,-0.0015458170572916726,5000
5,1,0.011751302083333333,-1.1270833333333334,-1.1388346354166667,0.0012867353741149465,-0.00023953775058046213,0.0044921875,0.001953125,3.6890909830729166,-0.5817423502604167,-4.270833333333333,0.0007141870919907062,-0.0027478860337967147,0.010481770833333333,0.0078125,0.008976236979166666,0.00390625,0.003271484375,0.0068359375,0.138671875,2.7080078125,-0.005989583333333334,0.0,0.6,0.4,0.4666666666666667,-0.0166021728515625,0.0036053466796874974,5000
5,2,0.0024088541666666668,-1.1328125,-1.1352213541666667,0.001453658893511973,-0.003921225157559645,-0.004850260416666667,-0.00390625,3.69156494140625,-0.5823933919270833,-4.273958333333334,0.0006965502211563782,-0.0030726764155634403,0.012955729166666667,0.008544921875,0.014005533854166667,0.015625,0.0045735677083333336,0.00390625,0.123046875,2.6884765625,-0.017805989583333334,-0.0146484375,0.4,0.2,0.2,-0.0298193359375,-0.006656494140625005,5000
5,3,0.0033854166666666668,-1.1365885416666666,-1.1399739583333333,0.0015006031605043486,-0.0028607607503574654,-0.0038736979166666668,0.0048828125,3.6904093424479165,-0.5788614908854167,-4.269270833333334,0.0007806953040289524,-0.0018324205939802517,0.011800130208333334,0.0079345703125,0.019844563802083333,0.015625,0.006396484375,0.0087890625,0.15625,2.6640625,-0.015673828125,-0.0064697265625,0.6,0.2,0.4,-0.0345135498046875,0.003646240234374994,5000
5,4,0.0060546875,-1.1386067708333334,-1.1446614583333334,0.001793810224273081,-0.0027713387145996042,-0.0012044270833333334,0.0,3.7014444986979167,-0.5772013346354167,-4.278645833333333,0.0008318229042296459,-0.005233857169129273,0.022835286458333333,0.0234375,0.012150065104166666,0.01123046875,-0.0017578125,-0.005859375,0.13671875,2.6796875,-0.024039713541666667,-0.0146484375,0.4,0.26666666666666666,0.26666666666666666,-0.04383138020833333,-0.005078125,5000
5,5,0.009505208333333333,-1.1311848958333333,-1.1406901041666666,0.0010298412837586599,-0.0004709505172536333,0.00224609375,-0.0078125,3.69498291015625,-0.5805379231770833,-4.275520833333333,0.0009409745042098912,-0.004838909218337032,0.016373697916666666,0.0146484375,0.016776529947916667,0.0146484375,0.0019205729166666666,0.00390625,0.15625,2.69921875,-0.014127604166666667,-0.01171875,0.4666666666666667,0.26666666666666666,0.26666666666666666,-0.029736328125,0.0014497884114583156,5000
5,6,0.008121744791666666,-1.1323567708333333,-1.140478515625,0.0015273805991936854,-0.0014006325878971227,0.0008626302083333333,0.001953125,3.6961873372395835,-0.5803751627604167,-4.2765625,0.0008468039343285324,-0.004190975413040162,0.017578125,0.0155029296875,0.009480794270833334,0.001953125,0.0011393229166666667,0.00732421875,0.138671875,2.6953125,-0.016715494791666667,-0.0098876953125,0.5333333333333333,0.06666666666666667,0.4,-0.03339152018229167,-0.0008054606119791696,5000
5,7,0.005908203125,-1.1335286458333333,-1.1394368489583333,0.0017865892963292794,-0.0010063820905639265,-0.0013509114583333333,0.0029296875,3.6997802734375,-0.5799072265625,-4.2796875,0.0006676381363082825,-0.005923895138458613,0.021171061197916667,0.0205078125,0.016292317708333334,0.0166015625,0.0047037760416666664,0.0,0.140625,2.6953125,-0.02252197265625,-0.02734375,0.5333333333333333,0.06666666666666667,0.26666666666666666,-0.0361822509765625,-0.009138692220052086,5000
5,8,0.009391276041666667,-1.1313151041666667,-1.1407063802083333,0.0013669546192665442,-9.44086843173958e-05,0.002132161458333333,0.0068359375,3.6896647135416667,-0.5796061197916667,-4.269270833333334,0.0007152503563237436,-0.0026064619860609803,0.011055501302083333,0.01611328125,0.016145833333333335,0.01416015625,0.001123046875,0.001953125,0.15234375,2.6875,-0.00892333984375,-0.009521484375,0.5333333333333333,0.3333333333333333,0.4,-0.028076171875,0.00836201985677083,5000
5,9,0.009375,-1.1284505208333333,-1.1378255208333334,0.0014480871124399632,-0.0006507117035028376,0.0021158854166666665,0.0,3.68785400390625,-0.5798543294270834,-4.267708333333333,0.0007423985325614151,-0.0013723893322800133,0.009244791666666667,0.01123046875,0.00692138671875,0.0146484375,0.0045735677083333336,-0.00390625,0.140625,2.6796875,-0.00712890625,-0.0107421875,0.4666666666666667,0.3333333333333333,0.3333333333333333,-0.019800008138020832,0.005989786783854164,5000
5,10,0.0067708333333333336,-1.1323567708333333,-1.1391276041666667,0.001519873324268878,-0.0017825245977574646,-0.00048828125,-0.001953125,3.6891153971354167,-0.5785929361979166,-4.267708333333333,0.0006770122638745033,-0.003522104895567879,0.010506184895833333,0.0146484375,0.016817220052083335,0.01171875,-0.0004069010416666667,-0.001953125,0.13671875,2.71875,-0.010994466145833333,-0.0126953125,0.4,0.3333333333333333,0.4666666666666667,-0.027034708658854167,0.0037923177083333333,5000
5,11,0.004410807291666667,-1.1346354166666666,-1.1390462239583334,0.001574320639918366,-0.003408225262890589,-0.0028483072916666665,-0.01171875,3.69730224609375,-0.57926025390625,-4.2765625,0.0007940182952297111,-0.005570703697834035,0.018693033854166666,0.0162353515625,0.015087890625,0.015625,0.004899088541666667,0.00390625,0.15625,2.6875,-0.021541341145833334,-0.015625,0.4,0.13333333333333333,0.26666666666666666,-0.039347941080729164,-0.003366699218750036,5000
5,12,0.005712890625,-1.1373697916666667,-1.1430826822916667,0.0013529672322325661,-0.0016185745513840036,-0.0015462239583333333,0.00390625,3.692154947916667,-0.58232421875,-4.274479166666667,0.0006381123095366707,-0.003184016038087543,0.013545735677083334,0.0146484375,0.014261881510416666,0.013671875,0.0008138020833333334,0.001953125,0.13671875,2.671875,-0.015091959635416667,-0.0078125,0.6,0.2,0.3333333333333333,-0.03325480143229166,0.0018154907226562397,5000
5,13,0.012353515625,-1.1293619791666667,-1.1417154947916666,0.0015392297387308432,0.0015876151808911993,0.005094401041666667,-0.00390625,3.6901041666666665,-0.5817708333333333,-4.271875,0.0008394242680488632,-0.003881079027662647,0.011494954427083334,0.01123046875,0.013444010416666667,0.01953125,0.0033203125,0.001953125,0.15625,2.6953125,-0.006400553385416666,-0.01171875,0.4666666666666667,0.3333333333333333,0.26666666666666666,-0.022383626302083334,0.010921223958333334,5000
5,14,-0.0037109375,-1.1330078125,-1.129296875,0.0026126949282666784,-0.005589600862274082,-0.010970052083333333,0.0,3.6882609049479167,-0.57996826171875,-4.268229166666667,0.0007323351501303682,-0.002041963891971514,0.009651692708333333,0.007568359375,0.012113444010416667,0.0146484375,-0.0005533854166666667,-0.00390625,0.15625,2.6875,-0.020621744791666667,-0.01171875,0.4666666666666667,0.3333333333333333,0.4,-0.0441748046875,-0.0005997721354167022,5000
5,15,0.010986328125,-1.1275390625,-1.138525390625,0.001351554064560661,-0.0012392414777442897,0.003727213541666667,-0.005859375,3.693497721354167,-0.5794189453125,-4.272916666666666,0.0008438733552242002,-0.003755396731667667,0.014888509114583334,0.013671875,0.022184244791666665,0.0257568359375,0.00380859375,0.0107421875,0.134765625,2.69921875,-0.011161295572916667,-0.01171875,0.4,0.2,0.3333333333333333,-0.02467946370442708,0.0018149820963541637,5000
5,16,0.008968098958333334,-1.1296875,-1.1386555989583333,0.002591278067988029,-0.0028041944467481128,0.001708984375,0.0029296875,3.6886271158854167,-0.5801228841145833,-4.26875,0.000723441414277444,-0.0027398575183454664,0.010017903645833333,0.015625,0.011165364583333334,0.01171875,0.0050618489583333336,-0.00390625,0.123046875,2.71875,-0.008308919270833333,0.0,0.6,0.26666666666666666,0.4666666666666667,-0.03276509602864583,0.014039103190104152,5000
5,17,0.009928385416666666,-1.1251953125,-1.1351236979166666,0.00310802777014628,-0.002683365505798867,0.0026692708333333334,0.0,3.7026326497395834,-0.57913818359375,-4.281770833333334,0.0007044440627478909,-0.005868769525499566,0.0240234375,0.01171875,0.012178548177083333,0.00390625,-0.0007486979166666667,0.001953125,0.140625,2.70703125,-0.021354166666666667,-0.025390625,0.4666666666666667,0.2,0.3333333333333333,-0.04862752278645833,0.004932047526041661,5000
5,18,0.0033203125,-1.1341145833333333,-1.1374348958333333,0.001715756137159836,-0.0022843810754232864,-0.003938802083333333,-0.0078125,3.69683837890625,-0.5802449544270833,-4.277083333333334,0.0007080919406633752,-0.00545229809316026,0.018229166666666668,0.015625,0.00811767578125,0.009765625,-0.0030924479166666665,-0.0078125,0.125,2.71484375,-0.02216796875,-0.01953125,0.4,0.26666666666666666,0.2,-0.037142333984375,-0.008064168294270842,5000
5,19,-0.019954427083333334,-1.1455078125,-1.1255533854166666,0.002680911329661191,-0.009822506423301633,-0.027213541666666667,-0.013671875,3.68656005859375,-0.58218994140625,-4.26875,0.0009458046857670785,-0.0015856054544370625,0.007950846354166667,-0.00390625,0.01201171875,0.01220703125,-0.0006673177083333333,0.0,0.12890625,2.6943359375,-0.03516438802083333,-0.0361328125,0.3333333333333333,0.5333333333333333,0.4,-0.0756195068359375,0.00338704427083331,5000
5,20,0.011376953125,-1.1315755208333333,-1.1429524739583334,0.0015105277347006397,0.0004209324375548352,0.004117838541666667,-0.0078125,3.69365234375,-0.5771809895833333,-4.270833333333333,0.0009004842127013614,-0.0033213791166359376,0.015043131510416667,0.0087890625,0.009611002604166667,0.01123046875,0.004069010416666667,0.00390625,0.13671875,2.6982421875,-0.01092529296875,-0.01171875,0.4,0.2,0.3333333333333333,-0.031710306803385414,0.008081868489583323,5000
5,21,0.009895833333333333,-1.1313151041666667,-1.1412109375,0.0014289716728053724,-0.0014331354898275838,0.00263671875,0.001953125,3.695113118489583,-0.5809285481770833,-4.276041666666667,0.000580566411568728,-0.0034202667325168024,0.01650390625,0.01171875,0.010835774739583333,0.0087890625,0.0030924479166666665,-0.00390625,0.138671875,2.703125,-0.0138671875,-0.0009765625,0.5333333333333333,0.2,0.4666666666666667,-0.030281778971354166,0.001108805338541637,5000
5,22,0.008479817708333334,-1.1309895833333334,-1.1394694010416666,0.0016002274318951486,-0.0018509042649824733,0.001220703125,-0.001953125,3.687630208333333,-0.5795572916666667,-4.2671875,0.0006660345197232021,-0.001983619235626573,0.00902099609375,0.0078125,0.01253662109375,0.0087890625,-0.0001953125,-0.001953125,0.138671875,2.6953125,-0.00780029296875,-0.00390625,0.4666666666666667,0.2,0.4666666666666667,-0.021195475260416666,0.006006164550781246,5000
5,23,0.011295572916666666,-1.1323567708333333,-1.14365234375,0.0015270987140677227,-0.0005119010479482399,0.004036458333333334,-0.001953125,3.691963704427083,-0.5799112955729167,-4.271875,0.0006103854152157005,-0.004155654097001107,0.0133544921875,0.01171875,0.014693196614583333,0.0155029296875,0.0008463541666666667,0.00390625,0.138671875,2.703125,-0.009318033854166666,-0.00927734375,0.4666666666666667,0.13333333333333333,0.3333333333333333,-0.026920979817708333,0.008799235026041637,5000
5,24,0.010139973958333333,-1.1318359375,-1.1419759114583334,0.0016104030524335753,-0.0005737584437526382,0.002880859375,0.005859375,3.6900065104166666,-0.5839518229166667,-4.273958333333334,0.00071087082005528,-0.00287659899859666,0.011397298177083333,0.015625,0.012418619791666667,0.0078125,0.002262369791666667,0.00390625,0.138671875,2.6796875,-0.008516438802083333,-0.00958251953125,0.6,0.13333333333333333,0.4,-0.023018391927083333,0.006148783365885409,5000
5,25,0.006591796875,-1.1301432291666667,-1.1367350260416667,0.0015314961021375925,-0.002616459387812167,-0.0006673177083333333,0.01171875,3.686470540364583,-0.58123779296875,-4.267708333333333,0.0006165672519497789,-0.0023670460826498885,0.007861328125,0.00390625,0.00927734375,0.00146484375,-0.0023600260416666665,-0.005859375,0.15625,2.6953125,-0.008528645833333333,-0.017578125,0.5333333333333333,0.3333333333333333,0.4666666666666667,-0.028377685546875,0.010885416666666597,5000
5,26,0.012760416666666666,-1.1306640625,-1.1434244791666666,0.0013208740953462952,5.640160813687745e-05,0.005501302083333334,0.013427734375,3.69219970703125,-0.5775919596354167,-4.269791666666666,0.0006383988377502297,-0.0038703495953284752,0.013590494791666666,0.0185546875,0.017362467447916665,0.01171875,0.001318359375,0.0068359375,0.154296875,2.6728515625,-0.008089192708333333,0.0,0.6,0.2,0.4666666666666667,-0.02602620442708333,0.009993489583333333,5000
5,27,0.000439453125,-1.1383463541666667,-1.1387858072916666,0.0016968259791332527,-0.004257119765582392,-0.006819661458333333,-0.0048828125,3.687646484375,-0.581103515625,-4.26875,0.0006203892641260193,-0.0016923803213988893,0.009037272135416666,0.0048828125,0.00999755859375,0.009765625,0.0019205729166666666,0.0,0.134765625,2.671875,-0.01585693359375,-0.00341796875,0.4,0.3333333333333333,0.4666666666666667,-0.03471822102864583,0.0020065307617187426,5000
5,28,0.007210286458333334,-1.1321614583333333,-1.1393717447916667,0.0011771457213328633,-0.0007869831684470624,-4.8828125e-05,-0.001953125,3.6881673177083334,-0.5800618489583333,-4.268229166666667,0.0007093157617841773,-0.003245995581694919,0.00955810546875,0.00390625,0.013419596354166667,0.013671875,-0.00087890625,-0.0078125,0.140625,2.6953125,-0.00960693359375,-0.017578125,0.4666666666666667,0.26666666666666666,0.26666666666666666,-0.02123291015625,0.0032877604166666667,5000
5,29,0.008821614583333333,-1.1325520833333333,-1.1413736979166667,0.001801030539338046,-0.001274868556520803,0.0015625,0.0,3.688277180989583,-0.58411865234375,-4.272395833333333,0.0007365091929929276,-0.0027900752425139294,0.00966796875,0.0087890625,0.0126220703125,0.0078125,-0.0027018229166666666,-0.0068359375,0.13671875,2.6806640625,-0.00810546875,-0.0087890625,0.4666666666666667,0.4,0.4666666666666667,-0.025798543294270834,0.009270426432291649,5000
5,30,0.0013997395833333333,-1.1340494791666667,-1.13544921875,0.0015121772964883456,-0.0036045814184985647,-0.005859375,-0.0087890625,3.69539794921875,-0.5775187174479167,-4.272916666666666,0.0007438780644301801,-0.004538412339594409,0.016788736979166666,0.015869140625,0.014762369791666667,0.015625,-0.0028157552083333333,-0.0078125,0.140625,2.6953125,-0.022648111979166666,-0.0198974609375,0.4666666666666667,0.2,0.26666666666666666,-0.03828959147135417,-0.006232503255208351,5000
5,31,0.0080078125,-1.1299479166666666,-1.1379557291666667,0.001346319576324358,-0.002082430235270782,0.0007486979166666667,-0.0029296875,3.691939290364583,-0.57889404296875,-4.270833333333333,0.0007804220712479856,-0.0038377865329274,0.013330078125,0.010986328125,0.016023763020833335,0.0166015625,0.0028971354166666668,-0.00390625,0.123046875,2.6962890625,-0.012581380208333333,-0.0078125,0.4,0.26666666666666666,0.4666666666666667,-0.028092447916666666,0.001351318359374994,5000
6,0,0.002783203125,-1.1345052083333333,-1.1372884114583333,0.0013855283069061498,-0.0030467713638248784,-0.004475911458333333,0.0,3.6984903971354166,-0.58067626953125,-4.279166666666667,0.0007562065958621495,-0.004939760122095844,0.019881184895833334,0.025390625,0.015836588541666665,0.015380859375,-0.0045735677083333336,0.001953125,0.15625,2.6796875,-0.024357096354166666,-0.0281982421875,0.4666666666666667,0.13333333333333333,0.06666666666666667,-0.03807942708333333,-0.009773559570312503,5000
6,1,0.005712890625,-1.1335286458333333,-1.1392415364583333,0.0015401719720990067,-0.0029207141595143163,-0.0015462239583333333,-0.0078125,3.69122314453125,-0.58377685546875,-4.275,0.0006395662846693201,-0.003861982360889189,0.012613932291666666,0.01416015625,0.012080891927083334,0.0152587890625,0.0018391927083333333,0.00390625,0.134765625,2.6884765625,-0.01416015625,-0.0087890625,0.4,0.2,0.4,-0.029126790364583332,2.5024414062491118e-05,5000
6,2,0.009049479166666667,-1.1322916666666667,-1.1413411458333333,0.0015493692716948935,-0.0012269418899778699,0.0017903645833333333,0.00390625,3.6938191731770833,-0.5775349934895834,-4.271354166666667,0.0005468715788876448,-0.0034734114983138676,0.0152099609375,0.0146484375,0.016182454427083333,0.015869140625,-0.0021158854166666665,-0.0078125,0.140625,2.6806640625,-0.013419596354166667,-0.001953125,0.5333333333333333,0.13333333333333333,0.4,-0.029769287109375,0.0015075683593749705,5000
6,3,0.00458984375,-1.1315104166666667,-1.1361002604166666,0.0014455829199753842,-0.0030786130965565245,-0.0026692708333333334,0.0,3.688277180989583,-0.58411865234375,-4.272395833333333,0.0008858246899181726,-0.00335775225366261,0.00966796875,0.005859375,0.0101806640625,0.00390625,-0.001513671875,-0.00390625,0.123046875,2.6875,-0.012337239583333333,-0.0087890625,0.4666666666666667,0.3333333333333333,0.4,-0.03136393229166667,0.00625,5000
6,4,0.0019694010416666666,-1.1361328125,-1.1381022135416667,0.001461650388389498,-0.0031965717079375923,-0.005289713541666667,-0.0078125,3.694230143229167,-0.5838948567708333,-4.278125,0.0009215038076133603,-0.005015357952248636,0.015620930989583334,0.0224609375,0.011555989583333334,0.0146484375,-0.004410807291666667,0.00390625,0.125,2.6923828125,-0.02091064453125,-0.017578125,0.4,0.26666666666666666,0.26666666666666666,-0.03583231608072917,-0.005956522623697924,5000
6,5,0.007796223958333333,-1.1343098958333333,-1.1421061197916667,0.001768729688422638,-0.0017020797011302379,0.000537109375,0.001953125,3.687939453125,-0.5802897135416667,-4.268229166666667,0.0007401640766363295,-0.0023734230230915395,0.009330240885416667,0.0087890625,0.02293701171875,0.024169921875,-0.004345703125,-0.009765625,0.138671875,2.6875,-0.008793131510416666,0.0009765625,0.5333333333333333,0.4,0.5333333333333333,-0.030473531087239582,0.012338460286458314,5000
6,6,0.010872395833333333,-1.1310546875,-1.1419270833333333,0.0016419547216499487,0.00041631596218855653,0.00361328125,0.00390625,3.689042154947917,-0.5781453450520834,-4.2671875,0.000660678991738863,-0.002411346854274252,0.010432942708333334,0.01025390625,0.0129638671875,0.01123046875,0.0001953125,0.00390625,0.140625,2.6923828125,-0.006819661458333333,-0.0069580078125,0.6,0.26666666666666666,0.4666666666666667,-0.025969034830729164,0.011678873697916656,5000
6,7,0.002376302083333333,-1.1341796875,-1.1365559895833333,0.002120177422776252,-0.004210020507393413,-0.0048828125,-0.00390625,3.69847412109375,-0.5770467122395834,-4.275520833333333,0.0007864318736546259,-0.006182526377034162,0.019864908854166665,0.0257568359375,0.011181640625,0.013671875,0.0018391927083333333,-0.001953125,0.138671875,2.6884765625,-0.024747721354166665,-0.009765625,0.4,0.2,0.26666666666666666,-0.046883341471354166,-0.00661600748697917,5000
6,8,0.016520182291666668,-1.1272135416666667,-1.1437337239583334,0.0022869452903845166,0.0013778045384029679,0.009261067708333333,0.015625,3.691475423177083,-0.5819620768229167,-4.2734375,0.0006942862089471137,-0.0031073059051711397,0.0128662109375,0.017578125,0.01141357421875,0.010009765625,-0.003125,0.0,0.15625,2.6796875,-0.003605143229166667,0.0068359375,0.6,0.2,0.5333333333333333,-0.024976806640624998,0.017302652994791647,5000
6,9,0.005110677083333333,-1.1324869791666667,-1.13759765625,0.0012410982486174666,-0.0027628577272950077,-0.0021484375,-0.001953125,3.6930257161458333,-0.5783284505208334,-4.271354166666667,0.0006855949651470187,-0.0029496560784713745,0.01441650390625,0.015625,0.014697265625,0.0079345703125,-0.002587890625,0.001953125,0.123046875,2.6826171875,-0.01656494140625,-0.0234375,0.4666666666666667,0.2,0.4,-0.0321728515625,-0.001224466959635421,5000
6,10,0.008430989583333333,-1.1303385416666667,-1.13876953125,0.0013553535803991447,-0.0006743336061125198,0.001171875,0.001953125,3.6954386393229166,-0.58060302734375,-4.276041666666667,0.0008449332967866748,-0.004541848487441519,0.016829427083333334,0.015380859375,0.012711588541666667,0.0087890625,-0.0030436197916666667,-0.00390625,0.140625,2.6845703125,-0.015657552083333335,-0.013427734375,0.5333333333333333,0.06666666666666667,0.26666666666666666,-0.02840291341145833,-0.0021805826822916727,5000
6,11,0.010563151041666666,-1.1323567708333333,-1.142919921875,0.0015544088402927514,-0.0012377980967466738,0.0033040364583333333,0.001953125,3.6932576497395835,-0.58070068359375,-4.273958333333334,0.0007416948389549067,-0.004074063872154027,0.0146484375,0.0126953125,0.010807291666666666,0.0078125,0.0014973958333333334,0.001953125,0.140625,2.6748046875,-0.011344401041666667,0.0,0.5333333333333333,0.13333333333333333,0.4,-0.024685058593749996,0.0012465413411458124,5000
6,12,0.003597005208333333,-1.1287760416666666,-1.132373046875,0.0015290647350583466,-0.0025296416340726746,-0.003662109375,-0.00390625,3.6980997721354165,-0.5758585611979167,-4.273958333333334,0.0009998502898063046,-0.005048276788204432,0.019490559895833332,0.0234375,0.01099853515625,0.015625,-0.0032552083333333335,-0.00390625,0.138671875,2.69140625,-0.023152669270833332,-0.015625,0.4666666666666667,0.06666666666666667,0.2,-0.037305501302083335,-0.00978983561197917,5000
6,13,0.005078125,-1.1356119791666666,-1.1406901041666666,0.0014590151606465823,-0.00011265490268961487,-0.0021809895833333334,0.001953125,3.688895670572917,-0.5861043294270833,-4.275,0.0006510498557375186,-0.002345419122750329,0.010286458333333333,0.01123046875,0.013936360677083334,0.005859375,-0.006722005208333334,-0.01171875,0.13671875,2.6640625,-0.012467447916666667,-0.00390625,0.5333333333333333,0.3333333333333333,0.4,-0.029102376302083333,0.0009208170572916488,5000
6,14,0.011930338541666667,-1.1283203125,-1.1402506510416666,0.0014571583868322395,-0.00031628804019948666,0.004671223958333333,0.005859375,3.6978434244791667,-0.5792399088541667,-4.277083333333334,0.000917935617756186,-0.0049230849095424556,0.019234212239583333,0.015625,0.013232421875,0.01171875,0.004280598958333334,0.0078125,0.123046875,2.7041015625,-0.01456298828125,-0.009765625,0.5333333333333333,0.2,0.3333333333333333,-0.03326039632161458,0.002718505859374994,5000
6,15,0.012190755208333333,-1.1266927083333333,-1.1388834635416667,0.0014809120400864355,0.0007703438305719998,0.004931640625,0.0,3.6935546875,-0.5793619791666667,-4.272916666666666,0.0006675523925583244,-0.0029104933118715213,0.014945475260416667,0.015625,0.011649576822916667,0.015625,-0.0007649739583333333,-0.00390625,0.15234375,2.6884765625,-0.010013834635416666,-0.0078125,0.4666666666666667,0.3333333333333333,0.2,-0.023136698404947916,0.004228617350260404,5000
6,16,0.009423828125,-1.1309244791666666,-1.1403483072916667,0.0015002842968471104,-0.0019747426522084793,0.0021647135416666668,-0.005859375,3.6884724934895834,-0.5818400065104167,-4.2703125,0.0006838237617157355,-0.0017371440012304768,0.00986328125,0.0078125,0.015478515625,0.013671875,0.00029296875,0.0029296875,0.125,2.6640625,-0.007698567708333334,-0.01171875,0.4666666666666667,0.26666666666666666,0.3333333333333333,-0.022682291666666667,0.008839314778645814,5000
6,17,0.013330078125,-1.1309244791666666,-1.1442545572916667,0.0013964707049649154,0.0009716318519635459,0.006070963541666667,0.0078125,3.693001302083333,-0.5814778645833333,-4.274479166666667,0.000764800964781179,-0.0039038146278583107,0.01439208984375,0.0087890625,0.012174479166666667,0.0177001953125,-0.0013020833333333333,-0.001953125,0.15625,2.6796875,-0.008321126302083334,-0.009521484375,0.6,0.2,0.4666666666666667,-0.025561625162760417,0.007539978027343748,5000
6,18,0.0062825520833333336,-1.12890625,-1.1351888020833334,0.0014345500083005039,-0.0009796052424032808,-0.0009765625,-0.005859375,3.6972330729166667,-0.5777669270833333,-4.275,0.0008835051737557576,-0.0045305433383923495,0.018623860677083333,0.02496337890625,0.01387939453125,0.0166015625,0.0013997395833333333,0.00390625,0.15625,2.68359375,-0.019600423177083333,-0.0234375,0.4,0.26666666666666666,0.2,-0.037533874511718746,-0.002330423990885433,5000
6,19,0.004410807291666667,-1.1338541666666666,-1.1382649739583333,0.0015549049748398043,-0.0033432869180792272,-0.0028483072916666665,-0.0078125,3.68829345703125,-0.5825398763020834,-4.270833333333333,0.0007969778829858721,-0.0013693499589377599,0.009684244791666666,0.0086669921875,0.015034993489583334,0.00830078125,0.0010904947916666667,-0.01171875,0.123046875,2.6728515625,-0.012532552083333334,-0.0052490234375,0.4,0.26666666666666666,0.4666666666666667,-0.029549153645833333,0.003713785807291625,5000
6,20,-0.0013509114583333333,-1.1345052083333333,-1.133154296875,0.0012902256675410091,-0.0034836317570232905,-0.008610026041666666,-0.0078125,3.70140380859375,-0.57828369140625,-4.2796875,0.000964996290668796,-0.006857894884242157,0.022794596354166665,0.0257568359375,0.012093098958333333,0.0159912109375,-0.0014973958333333334,-0.00390625,0.138671875,2.68359375,-0.03140462239583333,-0.0244140625,0.4666666666666667,0.2,0.2,-0.05078145345052083,-0.013313802083333333,5000
6,21,0.0018717447916666667,-1.1380859375,-1.1399576822916666,0.0015936960683944046,-0.0005863142571592851,-0.005387369791666667,0.001953125,3.699043782552083,-0.58585205078125,-4.284895833333334,0.0006665310200106124,-0.006210132054508055,0.0204345703125,0.0224609375,0.018741861979166666,0.015869140625,-0.009602864583333334,-0.005859375,0.138671875,2.7265625,-0.025821940104166666,-0.03125,0.5333333333333333,0.26666666666666666,0.26666666666666666,-0.045062052408854164,-0.005857340494791696,5000
6,22,0.007779947916666667,-1.1314453125,-1.1392252604166666,0.0017595969007124115,-0.002059249283517231,0.0005208333333333333,-0.00390625,3.6887491861979167,-0.58260498046875,-4.271354166666667,0.0005985666927186999,-0.002059135410715171,0.010139973958333333,0.0079345703125,0.015779622395833335,0.0224609375,-0.0041015625,0.001953125,0.138671875,2.671875,-0.009619140625,0.0057373046875,0.3333333333333333,0.3333333333333333,0.5333333333333333,-0.028328450520833333,0.008497517903645812,5000
6,23,0.0041015625,-1.1365234375,-1.140625,0.0017738578014501974,-0.0022309643227235087,-0.0031575520833333334,-0.005859375,3.6911336263020833,-0.57657470703125,-4.267708333333333,0.0011433171654378306,-0.004881302201860727,0.0125244140625,0.0078125,0.017606608072916665,0.01123046875,0.0013346354166666667,0.0048828125,0.140625,2.6796875,-0.015681966145833334,0.0,0.4666666666666667,0.4,0.4666666666666667,-0.038184407552083334,0.005030924479166643,5000
6,24,0.00869140625,-1.1322916666666667,-1.1409830729166666,0.0015079785682815341,-0.0026135659278275604,0.0014322916666666666,-0.001953125,3.69146728515625,-0.5824910481770833,-4.273958333333334,0.0007015975158430451,-0.0029305402096174217,0.012858072916666666,0.01953125,0.011336263020833333,0.013671875,-0.00146484375,0.00390625,0.12109375,2.6865234375,-0.01142578125,-0.013671875,0.4,0.3333333333333333,0.4,-0.024309488932291665,0.0016440836588541637,5000
6,25,0.003727213541666667,-1.1325520833333333,-1.136279296875,0.0013352841344695372,-0.00331345028338513,-0.0035319010416666667,0.00390625,3.697945149739583,-0.5786173502604167,-4.2765625,0.0007638492638048641,-0.005795686761361786,0.0193359375,0.015625,0.018302408854166667,0.0146484375,0.0022135416666666666,0.0048828125,0.125,2.7080078125,-0.022867838541666668,-0.0126953125,0.5333333333333333,0.2,0.3333333333333333,-0.04072306315104167,-0.006110432942708351,5000
6,26,0.009765625,-1.1300130208333334,-1.1397786458333334,0.0017578243151207087,-0.001315773371848542,0.002506510416666667,0.001953125,3.6895955403645835,-0.58123779296875,-4.270833333333333,0.0007316370582846507,-0.0032390116031141753,0.010986328125,0.0087890625,0.01181640625,0.0146484375,0.00341796875,0.001953125,0.138671875,2.6904296875,-0.008479817708333334,-0.0087890625,0.5333333333333333,0.26666666666666666,0.4666666666666667,-0.027849731445312498,0.011021118164062467,5000
6,27,0.0015462239583333333,-1.1341796875,-1.1357259114583333,0.0014390457743281263,-0.0038350948155827292,-0.005712890625,-0.015625,3.6904296875,-0.5772786458333333,-4.267708333333333,0.0008406797330742714,-0.0030071534054780715,0.011820475260416666,0.00830078125,0.01739501953125,0.01171875,0.0034342447916666666,0.00390625,0.123046875,2.6875,-0.017533365885416666,-0.01171875,0.4,0.4,0.2,-0.040062357584635416,0.0046152750651041515,5000
6,28,0.010921223958333334,-1.1329427083333334,-1.1438639322916666,0.0018196336529061967,-0.0011187870670272583,0.003662109375,0.0,3.6967488606770833,-0.5766886393229167,-4.2734375,0.0007650841193864149,-0.0052491693960660364,0.0181396484375,0.015625,0.020332845052083333,0.024169921875,-0.0017578125,0.0,0.13671875,2.7177734375,-0.0144775390625,-0.009765625,0.4666666666666667,0.26666666666666666,0.26666666666666666,-0.03398539225260416,0.00517598470052083,5000
6,29,0.006363932291666667,-1.1333984375,-1.1397623697916666,0.0014196052127120715,-0.0023554871794133443,-0.0008951822916666666,-0.00390625,3.695060221354167,-0.5788981119791666,-4.273958333333334,0.0008011279893684298,-0.005335638033501339,0.016451009114583335,0.01171875,0.012386067708333334,0.0087890625,0.0020833333333333333,0.00390625,0.140625,2.73046875,-0.01734619140625,-0.005859375,0.4,0.26666666666666666,0.4,-0.034408976236979166,-0.0011149088541666666,5000
6,30,0.012613932291666666,-1.1292317708333333,-1.141845703125,0.0013018117296233966,-0.0003177022076600114,0.005354817708333333,0.009765625,3.690987141927083,-0.58453369140625,-4.275520833333333,0.0006419608193864528,-0.002637855793711545,0.0123779296875,0.01171875,0.016255696614583332,0.015869140625,0.00047200520833333334,0.0029296875,0.15625,2.703125,-0.0070231119791666664,0.001708984375,0.6666666666666666,0.2,0.5333333333333333,-0.029745279947916665,0.013852335611979147,5000
6,31,0.008577473958333333,-1.1326822916666666,-1.141259765625,0.0014585238698083978,-0.0012325668618934707,0.001318359375,0.001953125,3.693595377604167,-0.5788004557291667,-4.272395833333333,0.0007586725574147073,-0.0039939118215836,0.014986165364583333,0.0126953125,0.01279296875,0.01025390625,-0.0009928385416666666,-0.01171875,0.138671875,2.703125,-0.013667805989583334,-0.00390625,0.6,0.06666666666666667,0.4666666666666667,-0.028499552408854167,0.0007813517252604152,5000
7,0,0.007210286458333334,-1.1338541666666666,-1.141064453125,0.0019323000299428746,-0.0013766042588613063,-4.8828125e-05,0.005859375,3.6837483723958333,-0.5808349609375,-4.264583333333333,0.0006127094672725442,-0.0019384734152819757,0.00513916015625,0.0009765625,0.019807942708333335,0.01708984375,0.000439453125,0.005126953125,0.171875,2.67578125,-0.00518798828125,0.00390625,0.6,0.4,0.5333333333333333,-0.023414204915364584,0.012302958170572883,5000
7,1,0.005078125,-1.1311197916666667,-1.1361979166666667,0.0019848350597188795,-0.0036990288849732883,-0.0021809895833333334,0.0,3.692757161458333,-0.579638671875,-4.272395833333333,0.0006870900644108002,-0.0025659957723578436,0.01414794921875,0.0087890625,0.014803059895833333,0.0159912109375,-0.0008463541666666667,0.001953125,0.140625,2.6640625,-0.016328938802083335,-0.017333984375,0.4666666666666667,0.26666666666666666,0.3333333333333333,-0.03859130859375,0.002927246093749976,5000
7,2,-0.0035807291666666665,-1.1380208333333333,-1.1344401041666667,0.0031104291859273404,-0.0060552580677483625,-0.01083984375,-0.005859375,3.6915852864583334,-0.580810546875,-4.272395833333333,0.0007943373427337757,-0.003432580452008426,0.01297607421875,0.01171875,0.015104166666666667,0.01123046875,-0.0005859375,0.00390625,0.13671875,2.6904296875,-0.02381591796875,-0.005859375,0.4,0.2,0.4,-0.05464711507161458,-0.00039398193359376036,5000
7,3,0.012239583333333333,-1.1345703125,-1.1468098958333333,0.0016903958156221032,0.0005185171823983201,0.00498046875,0.001953125,3.692948404947917,-0.5820515950520834,-4.275,0.0007205133983437392,-0.004231400306228104,0.014339192708333334,0.0179443359375,0.011568196614583333,0.0087890625,0.000634765625,0.00390625,0.138671875,2.703125,-0.009358723958333334,-0.005859375,0.5333333333333333,0.13333333333333333,0.4,-0.030086873372395833,0.009726359049479147,5000
7,4,0.010237630208333333,-1.129296875,-1.1395345052083334,0.0015597757448956727,-0.0009970085737381227,0.002978515625,0.0,3.6939737955729166,-0.58206787109375,-4.276041666666667,0.0007286312759777785,-0.003274834762384954,0.015364583333333333,0.015625,0.0194580078125,0.0224609375,-0.006201171875,0.0,0.138671875,2.70703125,-0.012386067708333334,-0.0159912109375,0.4,0.2,0.3333333333333333,-0.024878133138020835,0.0005617268880208303,5000
7,5,-0.007796223958333333,-1.1341796875,-1.1263834635416667,0.001713269249700983,-0.007566383202485884,-0.015055338541666666,-0.00390625,3.691117350260417,-0.57867431640625,-4.269791666666666,0.0009253251496556492,-0.0031873840027624926,0.012508138020833334,0.00390625,0.019527180989583334,0.0224609375,0.0024739583333333332,0.0029296875,0.09765625,2.6953125,-0.0275634765625,-0.01953125,0.4,0.2,0.2,-0.05009928385416666,-0.004148763020833357,5000
7,6,0.003238932291666667,-1.1333333333333333,-1.136572265625,0.001439634700641399,-0.0016010695922883394,-0.004020182291666666,-0.0078125,3.694140625,-0.577734375,-4.271875,0.000755653420358491,-0.003977437312414963,0.015531412760416667,0.01171875,0.015091959635416667,0.01220703125,0.0027994791666666667,0.00390625,0.150390625,2.703125,-0.019551595052083332,-0.021484375,0.4,0.2,0.26666666666666666,-0.04089070638020833,0.00034261067708332146,5000
7,7,0.01494140625,-1.1322265625,-1.14716796875,0.0014335942375210157,0.0016265603891365346,0.007682291666666666,0.00390625,3.693770345052083,-0.5822713216145833,-4.276041666666667,0.0008038623395802203,-0.004621619385923625,0.0151611328125,0.01171875,0.021126302083333333,0.015625,-0.003987630208333333,0.0,0.15625,2.7099609375,-0.007478841145833333,0.0009765625,0.6,0.3333333333333333,0.5333333333333333,-0.028297119140625,0.01181660970052083,5000
7,8,0.017854817708333335,-1.1302083333333333,-1.1480631510416666,0.0014266681194327663,0.0034450734725743892,0.010595703125,0.01953125,3.699051920572917,-0.58011474609375,-4.279166666666667,0.0010199586440666753,-0.007153785154180175,0.020442708333333334,0.0166015625,0.012198893229166667,0.013671875,0.0018717447916666667,0.0,0.15625,2.71875,-0.009847005208333334,-0.0078125,0.6,0.06666666666666667,0.3333333333333333,-0.022836100260416665,0.003011881510416655,5000
7,9,0.004248046875,-1.1323567708333333,-1.1366048177083334,0.0013283017786705619,-0.003218350092377696,-0.0030110677083333335,-0.009765625,3.69354248046875,-0.57989501953125,-4.2734375,0.0006122669780269003,-0.003492306572913486,0.014933268229166666,0.0079345703125,0.009033203125,0.005859375,0.00205078125,0.0,0.140625,2.7021484375,-0.0179443359375,-0.01953125,0.4,0.2,0.26666666666666666,-0.03234090169270833,-0.003458455403645836,5000
7,10,0.0009602864583333333,-1.1340494791666667,-1.135009765625,0.0014666980089659614,-0.004827032421029902,-0.006298828125,-0.0078125,3.69566650390625,-0.5814168294270833,-4.277083333333334,0.000672745167872835,-0.004520993885222757,0.017057291666666665,0.0078125,0.0192138671875,0.015625,0.0001953125,0.009765625,0.123046875,2.6962890625,-0.023356119791666668,-0.015625,0.4,0.13333333333333333,0.13333333333333333,-0.04117919921875,-0.006640218098958339,5000
7,11,0.005257161458333334,-1.1322265625,-1.1374837239583333,0.00151107774066129,-0.002246497422789341,-0.002001953125,-0.009765625,3.6892293294270835,-0.5795206705729167,-4.26875,0.0006613164240778659,-0.002090316245526853,0.0106201171875,0.01171875,0.014493815104166667,0.015869140625,-0.003955078125,-0.0078125,0.125,2.67578125,-0.0126220703125,-0.0078125,0.4666666666666667,0.4,0.4,-0.02726318359375,0.00013020833333333333,5000
7,12,0.007454427083333334,-1.1282552083333333,-1.1357096354166667,0.0012862552112169537,-0.00122141818955971,0.0001953125,0.0,3.6894490559895834,-0.5834676106770833,-4.272916666666666,0.0006734406922261246,-0.0025495493047824266,0.01083984375,0.01123046875,0.014013671875,0.015625,0.0004069010416666667,0.005859375,0.15625,2.671875,-0.01064453125,-0.0048828125,0.4666666666666667,0.26666666666666666,0.26666666666666666,-0.019987792968749998,-0.0012204996744791697,5000
7,13,0.0038899739583333334,-1.1350911458333333,-1.1389811197916666,0.0016126791210474797,-0.003242161070308997,-0.003369140625,0.0,3.69197998046875,-0.5819783528645833,-4.273958333333334,0.0009311437160687396,-0.0037360544480554586,0.013370768229166666,0.009765625,0.015018717447916666,0.015625,0.0006673177083333333,0.001953125,0.13671875,2.68359375,-0.016739908854166666,-0.0125732421875,0.4666666666666667,0.3333333333333333,0.4666666666666667,-0.0379168701171875,0.003622843424479146,5000
7,14,0.007177734375,-1.1332682291666667,-1.1404459635416666,0.0013135617363616461,-0.0011410714307068571,-8.138020833333333e-05,-0.001953125,3.6977864583333333,-0.5787760416666666,-4.2765625,0.0007409221153012621,-0.005097782724937072,0.01917724609375,0.015625,0.006705729166666666,0.00390625,-0.0021809895833333334,0.001953125,0.140625,2.6806640625,-0.019258626302083335,-0.01171875,0.4666666666666667,0.2,0.2,-0.0380712890625,-0.0031761678059896085,5000
7,15,0.008203125,-1.13125,-1.139453125,0.0013149842183563813,-0.0010873589232550482,0.0009440104166666667,0.001953125,3.69468994140625,-0.5792683919270833,-4.273958333333334,0.0007882068136221712,-0.004307327883129821,0.016080729166666665,0.015625,0.014225260416666666,0.010986328125,-0.0006184895833333333,0.005615234375,0.140625,2.6943359375,-0.01513671875,-0.0205078125,0.5333333333333333,0.26666666666666666,0.26666666666666666,-0.030794677734375,0.0005053710937499883,5000
7,16,0.010302734375,-1.1298828125,-1.140185546875,0.001357835851202134,7.474287605977314e-05,0.0030436197916666667,-0.0048828125,3.693892415364583,-0.58006591796875,-4.273958333333334,0.0009006787835235374,-0.004480580987233135,0.015283203125,0.0146484375,0.0087158203125,0.0009765625,-0.0018880208333333333,0.0,0.140625,2.6826171875,-0.012239583333333333,-0.001953125,0.4666666666666667,0.13333333333333333,0.4,-0.026644694010416668,0.0004557291666666667,5000
7,17,0.010611979166666667,-1.1279296875,-1.1385416666666666,0.001470795929254722,-0.0014002643807582782,0.003352864583333333,0.005859375,3.695845540364583,-0.5786336263020834,-4.274479166666667,0.0007640349500052852,-0.0051852387253405055,0.017236328125,0.0238037109375,0.020528157552083332,0.02685546875,0.00048828125,0.00390625,0.13671875,2.7109375,-0.013883463541666667,-0.0045166015625,0.5333333333333333,0.26666666666666666,0.4666666666666667,-0.034114990234374996,0.005176391601562491,5000
7,18,0.00013020833333333333,-1.1337239583333334,-1.1338541666666666,0.001310208997878662,-0.003780167394341237,-0.00712890625,-0.01171875,3.693587239583333,-0.5782877604166666,-4.271875,0.0007275055055866467,-0.003584255813553017,0.01497802734375,0.0224609375,0.0189697265625,0.0205078125,-0.0007486979166666667,-0.00390625,0.138671875,2.71875,-0.02210693359375,-0.01953125,0.4666666666666667,0.3333333333333333,0.3333333333333333,-0.04277364095052083,-0.00239573160807293,5000
7,19,0.007877604166666666,-1.1348307291666666,-1.1427083333333334,0.0015470476634659562,-0.0008255269057043539,0.0006184895833333333,0.00390625,3.6908365885416665,-0.580517578125,-4.271354166666667,0.0006038878141726223,-0.002967447441918533,0.012227376302083334,0.00390625,0.014786783854166667,0.0078125,-0.0028157552083333333,-0.0078125,0.140625,2.6875,-0.01160888671875,-0.00390625,0.5333333333333333,0.26666666666666666,0.4,-0.029907430013020833,0.004195454915364579,5000
7,20,0.0013997395833333333,-1.1360677083333333,-1.1374674479166667,0.0013501039159547368,-0.0029343029359648978,-0.005859375,-0.00390625,3.6942789713541666,-0.5822835286458333,-4.2765625,0.0007388850009105985,-0.0038166693803961854,0.015669759114583334,0.015625,0.014754231770833333,0.008056640625,0.002587890625,0.0078125,0.140625,2.70703125,-0.021529134114583334,-0.01953125,0.4,0.13333333333333333,0.26666666666666666,-0.038778889973958335,-0.006598917643229182,5000
7,21,-0.0029134114583333334,-1.1376953125,-1.1347819010416667,0.0017749959689414103,-0.005075118050294018,-0.010172526041666666,-0.0048828125,3.693306477864583,-0.58065185546875,-4.273958333333334,0.0007667170159959112,-0.0029619432186583964,0.014697265625,0.01025390625,0.015055338541666666,0.00927734375,-0.0010416666666666667,0.0,0.140625,2.6806640625,-0.024869791666666665,-0.0205078125,0.4666666666666667,0.2,0.26666666666666666,-0.04896687825520833,-0.0016585286458333569,5000
7,22,0.007763671875,-1.1313151041666667,-1.1390787760416667,0.0013099415249307794,-0.0011323673442110325,0.0005045572916666667,0.001953125,3.694466145833333,-0.5784505208333334,-4.272916666666666,0.000577121118083948,-0.004246462819406819,0.01585693359375,0.01953125,0.01580810546875,0.013671875,0.005647786458333333,0.001953125,0.138671875,2.6943359375,-0.015352376302083333,-0.01397705078125,0.5333333333333333,0.26666666666666666,0.3333333333333333,-0.03104278564453125,0.0005862426757812456,5000
7,23,0.0059244791666666664,-1.1357421875,-1.1416666666666666,0.0018003504489137669,-0.0013538250330971866,-0.0013346354166666667,0.0078125,3.68883056640625,-0.57991943359375,-4.26875,0.0006814886820024726,-0.002781605787328728,0.010221354166666667,0.01171875,0.014306640625,0.015625,-0.0012532552083333334,-0.00390625,0.15625,2.68359375,-0.011555989583333334,-0.0084228515625,0.5333333333333333,0.2,0.4666666666666667,-0.03501241048177083,0.010384928385416655,5000
7,24,0.012776692708333334,-1.1315755208333333,-1.1443522135416666,0.001553250112583573,0.0005281702001845789,0.005517578125,0.0078125,3.69478759765625,-0.5812540690104167,-4.276041666666667,0.0006841634669292938,-0.004677139074699115,0.016178385416666666,0.0177001953125,0.01463623046875,0.009765625,0.004345703125,0.00634765625,0.140625,2.693359375,-0.010660807291666666,-0.00341796875,0.6,0.26666666666666666,0.4666666666666667,-0.027213948567708333,0.005397135416666643,5000
7,25,0.006640625,-1.1369140625,-1.1435546875,0.0014233604425677093,-0.0017812758850600826,-0.0006184895833333333,-0.001953125,3.69345703125,-0.58154296875,-4.275,0.0006047636137156502,-0.0038852410279857975,0.014847819010416667,0.0107421875,0.013419596354166667,0.015625,0.0015625,0.009765625,0.140625,2.6962890625,-0.01546630859375,-0.005859375,0.4666666666666667,0.2,0.3333333333333333,-0.03310597737630208,0.000748901367187497,5000
7,26,0.007421875,-1.1332682291666667,-1.1406901041666666,0.0012690460251440115,-0.001917847078183442,0.00016276041666666666,0.0,3.6900838216145835,-0.5781453450520834,-4.268229166666667,0.0006561694503170315,-0.0021557637923396386,0.011474609375,0.015625,0.012308756510416666,0.010986328125,-0.0038899739583333334,0.000732421875,0.123046875,2.685546875,-0.011311848958333334,-0.01953125,0.4666666666666667,0.3333333333333333,0.4,-0.0240484619140625,0.0012056477864583156,5000
7,27,0.00322265625,-1.1328776041666666,-1.1361002604166666,0.0017473985816927316,-0.0033331848493228663,-0.004036458333333334,0.001953125,3.6923624674479165,-0.5831583658854167,-4.275520833333333,0.0006678158427725188,-0.003798344926801714,0.013753255208333334,0.0107421875,0.018436686197916666,0.015625,0.005940755208333333,0.009765625,0.138671875,2.6875,-0.017789713541666665,-0.009521484375,0.5333333333333333,0.3333333333333333,0.3333333333333333,-0.03671915690104167,0.0009932454427083273,5000
7,28,0.004264322916666666,-1.1327473958333334,-1.13701171875,0.0014960197578939261,-0.002128706917751271,-0.002994791666666667,-0.0078125,3.6929890950520834,-0.5757609049479167,-4.26875,0.0007304839727705345,-0.003117084024507243,0.0143798828125,0.021484375,0.007706705729166667,0.005859375,0.0006998697916666667,0.0,0.140625,2.6787109375,-0.017374674479166668,-0.0159912109375,0.4666666666666667,0.26666666666666666,0.3333333333333333,-0.033488566080729164,-0.001423543294270842,5000
7,29,0.00673828125,-1.1291666666666667,-1.1359049479166667,0.0015617612512832761,-0.0016713414338528855,-0.0005208333333333333,0.00390625,3.6913777669270833,-0.58414306640625,-4.275520833333333,0.000705251215705044,-0.0027798216894339054,0.0127685546875,0.0107421875,0.016056315104166666,0.01123046875,0.0018391927083333333,0.001953125,0.140625,2.7021484375,-0.013289388020833333,0.0,0.5333333333333333,0.2,0.4666666666666667,-0.03210469563802083,0.0034507242838541638,5000
7,30,0.004296875,-1.135546875,-1.13984375,0.0017923383847926332,-0.0027799900922121376,-0.0029622395833333332,0.00390625,3.6949503580729166,-0.5805704752604167,-4.275520833333333,0.0008196798463984124,-0.0034227889119187015,0.016341145833333334,0.0166015625,0.01414794921875,0.008056640625,-0.0025390625,-0.0078125,0.123046875,2.7099609375,-0.019303385416666666,-0.000732421875,0.5333333333333333,0.3333333333333333,0.4666666666666667,-0.046712849934895835,0.004801432291666667,5000
7,31,0.00908203125,-1.1338541666666666,-1.1429361979166666,0.0013908625557705505,-0.0008944710274938569,0.0018229166666666667,0.001953125,3.69058837890625,-0.57972412109375,-4.2703125,0.0009659692458106014,-0.003247798562848724,0.011979166666666667,0.0048828125,0.019376627604166665,0.0166015625,-0.0009440104166666667,0.0,0.138671875,2.69140625,-0.01015625,-0.0078125,0.5333333333333333,0.26666666666666666,0.4,-0.0261151123046875,0.006087443033854164,5000
8,0,0.010074869791666666,-1.1360026041666667,-1.1460774739583333,0.0014783249151408184,-0.0008240535759161135,0.0028157552083333333,0.0,3.694710286458333,-0.5797688802083333,-4.274479166666667,0.0008126994778462109,-0.004171920557198617,0.01610107421875,0.0185546875,0.0065185546875,0.0009765625,-0.0028971354166666668,0.001953125,0.13671875,2.6953125,-0.013285319010416666,0.00250244140625,0.4666666666666667,0.2,0.5333333333333333,-0.03613291422526042,0.007039388020833333,5000
8,1,0.007779947916666667,-1.1311197916666667,-1.1388997395833333,0.0014421045555309251,-0.0018699842820255976,0.0005208333333333333,0.001953125,3.691642252604167,-0.5765869140625,-4.268229166666667,0.0007616594451339301,-0.002945987810737867,0.013033040364583333,0.013671875,0.017203776041666667,0.0166015625,-0.00654296875,0.001953125,0.15625,2.6904296875,-0.01251220703125,-0.0048828125,0.5333333333333333,0.4666666666666667,0.4666666666666667,-0.03178578694661458,0.0057781982421874975,5000
8,2,0.000244140625,-1.1368489583333334,-1.1370930989583334,0.0013572725905137309,-0.003499289087165432,-0.0070149739583333336,0.00390625,3.6958740234375,-0.5780843098958334,-4.273958333333334,0.000576566755017317,-0.004525553896818328,0.017264811197916667,0.015625,0.00860595703125,0.0078125,-0.004036458333333334,0.0,0.140625,2.6875,-0.02427978515625,-0.01953125,0.6,0.13333333333333333,0.26666666666666666,-0.041056925455729164,-0.00815806070963542,5000
8,3,0.007991536458333334,-1.1263020833333333,-1.1342936197916667,0.0015113550772381796,-0.0008281013958907534,0.000732421875,0.001953125,3.69954833984375,-0.5811808268229167,-4.280729166666666,0.000664008143886399,-0.005149522265803044,0.020939127604166666,0.0235595703125,0.0145263671875,0.015625,-0.0030436197916666667,-0.0078125,0.138671875,2.697265625,-0.020206705729166666,-0.009765625,0.5333333333333333,0.2,0.3333333333333333,-0.0406005859375,-0.002025553385416679,5000
8,4,0.0025716145833333333,-1.1347005208333334,-1.1372721354166666,0.0013512094753348875,-0.00313940882152181,-0.0046875,0.0,3.697684733072917,-0.5778361002604167,-4.275520833333333,0.0006135238215474783,-0.005172437933099543,0.019075520833333335,0.0185546875,0.012638346354166666,0.0146484375,0.000146484375,0.01171875,0.140625,2.685546875,-0.023763020833333332,-0.0101318359375,0.4666666666666667,0.2,0.3333333333333333,-0.04212300618489583,-0.00637186686197917,5000
8,5,0.00439453125,-1.1348958333333334,-1.1392903645833334,0.0017685499004592455,-0.0014936417995031913,-0.002864583333333333,0.0,3.691475423177083,-0.5783162434895833,-4.269791666666666,0.0007998557019151519,-0.0028509269250789407,0.0128662109375,0.005859375,0.01630859375,0.0244140625,-0.0051920572916666664,0.0,0.15625,2.70703125,-0.015730794270833334,-0.025390625,0.4666666666666667,0.3333333333333333,0.3333333333333333,-0.03662109375,0.0068039957682291576,5000
8,6,0.011181640625,-1.1323567708333333,-1.1435384114583333,0.0015858387161018553,-0.0009613092053271888,0.003922526041666667,-0.00390625,3.6961385091145833,-0.5767781575520833,-4.272916666666666,0.0009283297836421626,-0.004978585415674099,0.017529296875,0.0159912109375,0.006868489583333333,0.010986328125,0.001025390625,0.0,0.138671875,2.7138671875,-0.013606770833333334,-0.00634765625,0.4666666666666667,0.2,0.4666666666666667,-0.034278157552083334,0.006689860026041661,5000
8,7,0.003125,-1.13203125,-1.13515625,0.0014023394741881187,-0.002803828894263749,-0.004134114583333333,0.001953125,3.6963623046875,-0.5802001953125,-4.2765625,0.0006543574990214498,-0.005279108373957213,0.017753092447916667,0.0166015625,0.010249837239583334,0.0087890625,-0.0013020833333333333,0.0,0.15625,2.6953125,-0.02188720703125,-0.0234375,0.5333333333333333,0.26666666666666666,0.3333333333333333,-0.0423016357421875,-0.002863464355468766,5000
8,8,0.0028483072916666665,-1.1346354166666666,-1.1374837239583333,0.001604081157151416,-0.0034038210147072836,-0.004410807291666667,-0.015625,3.6953084309895834,-0.57708740234375,-4.272395833333333,0.0006381279982594705,-0.004288610789672879,0.01669921875,0.01953125,0.011417643229166666,0.01123046875,-0.0031575520833333334,0.00390625,0.13671875,2.6923828125,-0.021110026041666667,-0.015625,0.4,0.26666666666666666,0.26666666666666666,-0.03736165364583333,-0.005013020833333334,5000
8,9,0.0038899739583333334,-1.1359375,-1.1398274739583334,0.0015566443373913658,-0.002655271538020385,-0.003369140625,0.001953125,3.6928914388020835,-0.5784627278645833,-4.271354166666667,0.000764661415453936,-0.0032518525897789986,0.0142822265625,0.0107421875,0.014860026041666667,0.0146484375,0.0044596354166666664,0.0,0.138671875,2.69921875,-0.0176513671875,-0.0126953125,0.5333333333333333,0.2,0.3333333333333333,-0.033325602213541666,-0.002562866210937509,5000
8,10,0.007698567708333334,-1.1294921875,-1.1371907552083333,0.0012321242618171051,-0.0006121830533261079,0.000439453125,0.0,3.6932657877604167,-0.5791300455729167,-4.272395833333333,0.0005622083679362179,-0.004568668979718989,0.014656575520833333,0.015625,0.0102783203125,0.009765625,-0.0033040364583333333,0.00390625,0.13671875,2.7001953125,-0.014217122395833334,-0.01953125,0.4666666666666667,0.2,0.4,-0.028336995442708332,1.729329427081853e-05,5000
8,11,0.007210286458333334,-1.1295572916666667,-1.136767578125,0.0016412901247483086,-0.0017852769031615583,-4.8828125e-05,-0.01171875,3.694938151041667,-0.5774576822916667,-4.272395833333333,0.0006993268960743857,-0.005165462467417893,0.016328938802083335,0.0146484375,0.014322916666666666,0.010986328125,-0.0044921875,0.0,0.15625,2.71875,-0.016377766927083332,-0.009765625,0.4666666666666667,0.2,0.4666666666666667,-0.03880391438802083,0.005822957356770831,5000
8,12,0.008154296875,-1.1321614583333333,-1.1403157552083334,0.0014218162332467674,-0.0006865090256848087,0.0008951822916666666,0.01171875,3.6947672526041666,-0.5797119140625,-4.274479166666667,0.0006424812157346159,-0.0036763879341522522,0.016158040364583334,0.01123046875,0.014900716145833333,0.015380859375,0.00244140625,0.001953125,0.154296875,2.6796875,-0.015262858072916666,-0.00640869140625,0.5333333333333333,0.2,0.4,-0.03391560872395833,0.002282816569010415,5000
8,13,0.010286458333333333,-1.1327473958333334,-1.1430338541666667,0.002195492086333156,-0.0005105683857573819,0.00302734375,-0.001953125,3.7005900065104167,-0.5749308268229166,-4.275520833333333,0.0008392155130327286,-0.005584448144688032,0.021980794270833333,0.01953125,0.012797037760416666,0.0078125,0.0037109375,0.001953125,0.142578125,2.69140625,-0.018953450520833335,-0.021484375,0.4,0.06666666666666667,0.3333333333333333,-0.04153096516927083,0.005240885416666666,5000
8,14,0.004296875,-1.1328776041666666,-1.1371744791666667,0.0013616313719445993,-0.0025895319651122527,-0.0029622395833333332,-0.013671875,3.693558756510417,-0.5803995768229167,-4.273958333333334,0.0007101011670369563,-0.0049882323023312065,0.014949544270833334,0.01953125,0.011014811197916667,0.00927734375,0.0018717447916666667,0.0,0.138671875,2.6826171875,-0.017911783854166665,-0.0068359375,0.4,0.26666666666666666,0.3333333333333333,-0.034026082356770834,-0.001578369140625006,5000
8,15,0.010498046875,-1.1307291666666666,-1.1412272135416666,0.0015815813418382106,-0.00042918239912918707,0.003238932291666667,-0.0048828125,3.695845540364583,-0.57967529296875,-4.275520833333333,0.0007772447901109372,-0.004786227109457736,0.017236328125,0.015625,0.019368489583333332,0.01953125,0.0031901041666666666,0.0048828125,0.15625,2.6875,-0.013997395833333334,-0.017578125,0.4666666666666667,0.06666666666666667,0.3333333333333333,-0.0306396484375,0.003581136067708327,5000
8,16,0.0032877604166666667,-1.1319661458333334,-1.13525390625,0.0015603336170033298,-0.0032728505555081073,-0.0039713541666666664,-0.005859375,3.695906575520833,-0.5806559244791667,-4.2765625,0.0009112684952396622,-0.003966186321880729,0.01729736328125,0.015625,0.0153564453125,0.01171875,-0.0009928385416666666,-0.001953125,0.140625,2.7109375,-0.021268717447916665,-0.01715087890625,0.4,0.3333333333333333,0.26666666666666666,-0.03980316162109375,-0.002081298828125089,5000
8,17,0.0033203125,-1.1341796875,-1.1375,0.0015268815227779088,-0.002238206737779792,-0.003938802083333333,0.01171875,3.6942342122395835,-0.5776407877604167,-4.271875,0.0006553834438532191,-0.0034067143262945564,0.015625,0.015625,0.015218098958333334,0.01123046875,-0.003515625,0.0,0.15625,2.693359375,-0.019563802083333335,-0.01953125,0.6,0.26666666666666666,0.4,-0.04060099283854167,0.0008060709635416607,5000
8,18,0.0039713541666666664,-1.1319661458333334,-1.1359375,0.0014108560278607628,-0.0034323687686611004,-0.0032877604166666667,-0.00390625,3.6912638346354165,-0.5795694986979166,-4.270833333333333,0.0009134762867543295,-0.003031191368741278,0.012654622395833334,0.01123046875,0.013704427083333333,0.0081787109375,-4.8828125e-05,0.00390625,0.125,2.6953125,-0.0159423828125,-0.0086669921875,0.4,0.13333333333333333,0.3333333333333333,-0.0324951171875,0.0010500081380208303,5000
8,19,0.004117838541666667,-1.132421875,-1.1365397135416666,0.0016110692530268203,-0.003097658393231333,-0.0031412760416666668,0.00390625,3.684256998697917,-0.58084716796875,-4.265104166666666,0.0007221671108483333,-0.0021209397022587447,0.005647786458333333,0.00390625,0.01932373046875,0.0166015625,-0.0011067708333333333,-0.001953125,0.140625,2.6865234375,-0.0087890625,-0.00390625,0.5333333333333333,0.3333333333333333,0.4,-0.03115437825520833,0.01123067220052083,5000
8,20,0.008382161458333334,-1.1313802083333333,-1.1397623697916666,0.0013457532517756443,-0.0007163907477958203,0.001123046875,0.00390625,3.6914306640625,-0.5814860026041667,-4.272916666666666,0.0007457984399360151,-0.004385906900856342,0.012821451822916666,0.0078125,0.015291341145833333,0.021484375,-0.00048828125,0.013916015625,0.140625,2.6875,-0.011698404947916666,-0.0107421875,0.6,0.3333333333333333,0.4666666666666667,-0.02981435139973958,0.006345113118489561,5000
8,21,0.006087239583333333,-1.1333333333333333,-1.1394205729166667,0.001474124565008619,-0.002019881243075098,-0.001171875,0.001953125,3.693412272135417,-0.57794189453125,-4.271354166666667,0.0005377826130825782,-0.003701167331519851,0.014803059895833333,0.015869140625,0.009395345052083334,0.01123046875,0.0024576822916666666,0.0107421875,0.138671875,2.69140625,-0.015974934895833334,-0.0078125,0.5333333333333333,0.2,0.2,-0.0310150146484375,-0.0022202555338541874,5000
8,22,0.00107421875,-1.1377604166666666,-1.1388346354166667,0.001401049793616125,-0.00384430347821905,-0.006184895833333333,-0.013671875,3.69312744140625,-0.58343505859375,-4.2765625,0.000737281618495092,-0.0036081474433296004,0.014518229166666667,0.015625,0.022835286458333333,0.0234375,0.0022786458333333335,0.007080078125,0.140625,2.7099609375,-0.020703125,-0.01171875,0.4666666666666667,0.4,0.4,-0.04449930826822917,0.0006599934895833216,5000
8,23,0.006070963541666667,-1.131640625,-1.1377115885416667,0.001781142381180686,-0.003379417611211392,-0.0011881510416666666,-0.00390625,3.6939697265625,-0.5831136067708333,-4.277083333333334,0.0006277025866742441,-0.0038490409625901926,0.015360514322916666,0.01171875,0.0095458984375,0.01171875,-0.001953125,0.00390625,0.119140625,2.6875,-0.016548665364583333,-0.00860595703125,0.4666666666666667,0.13333333333333333,0.26666666666666666,-0.029386596679687498,-0.0042637125651041755,5000
8,24,0.009033203125,-1.1321614583333333,-1.1411946614583333,0.0014764386636888615,-0.0017908544101124227,0.0017740885416666667,-0.0048828125,3.69786376953125,-0.5813028971354167,-4.279166666666667,0.0009612541590335071,-0.005451113962694427,0.019254557291666665,0.03125,0.0145263671875,0.0146484375,-0.0010904947916666667,0.001953125,0.123046875,2.6953125,-0.01748046875,-0.013671875,0.4,0.13333333333333333,0.26666666666666666,-0.031697591145833336,-0.0047605387369791695,5000
8,25,0.00751953125,-1.1307942708333334,-1.1383138020833334,0.0014473609114166684,-0.0011101705147380243,0.00026041666666666666,0.00390625,3.68634033203125,-0.5818888346354166,-4.268229166666667,0.0006905893060515784,-0.0025046232263190795,0.007731119791666667,0.005859375,0.0106689453125,0.015625,-0.002783203125,0.0009765625,0.140625,2.67578125,-0.007470703125,-0.0048828125,0.5333333333333333,0.4,0.4666666666666667,-0.0272137451171875,0.011989339192708304,5000
8,26,0.006136067708333333,-1.1348958333333334,-1.1410319010416667,0.0015065041695609574,-0.001063328136790934,-0.001123046875,-0.00390625,3.70546875,-0.58203125,-4.2875,0.0007492694186078062,-0.006972705139024771,0.026859537760416666,0.02880859375,0.015047200520833333,0.0087890625,-0.0026529947916666668,0.0078125,0.15625,2.6904296875,-0.027982584635416665,-0.02734375,0.4666666666666667,0.2,0.2,-0.047917378743489586,-0.009395039876302087,5000
8,27,0.005403645833333333,-1.1343098958333333,-1.1397135416666666,0.0016411468776117238,-0.0010994336863977194,-0.00185546875,0.0078125,3.696854654947917,-0.57918701171875,-4.276041666666667,0.0006652924238543852,-0.004686616443918405,0.018245442708333334,0.015625,0.018155924479166665,0.01171875,-0.003922526041666667,-0.001953125,0.140625,2.6875,-0.020100911458333332,-0.005859375,0.6,0.26666666666666666,0.3333333333333333,-0.04141438802083333,-0.0014385986328125267,5000
8,28,0.009586588541666666,-1.1325520833333333,-1.142138671875,0.0016581378098612534,-0.00012965359237768087,0.0023274739583333333,-0.001953125,3.6937662760416665,-0.582275390625,-4.276041666666667,0.000658930705319782,-0.0036289687212984153,0.015157063802083334,0.01715087890625,0.019425455729166666,0.015625,0.002262369791666667,0.0,0.13671875,2.6884765625,-0.01282958984375,-0.00640869140625,0.4,0.26666666666666666,0.4,-0.03565684000651042,0.0075409952799479,5000
8,29,0.003466796875,-1.1373697916666667,-1.1408365885416667,0.001327723595987484,-0.0026646466482437483,-0.0037923177083333333,-0.005859375,3.69796142578125,-0.5806844075520833,-4.278645833333333,0.0007715051091374402,-0.006141866458511108,0.019352213541666666,0.0220947265625,0.023612467447916667,0.0238037109375,0.0008951822916666666,0.00390625,0.138671875,2.6962890625,-0.02314453125,-0.013671875,0.4666666666666667,0.06666666666666667,0.2,-0.039591471354166664,-0.007747192382812503,5000
8,30,-0.003108723958333333,-1.1342447916666667,-1.1311360677083333,0.001297305978710457,-0.003559503100806075,-0.010367838541666667,-0.001953125,3.6925374348958333,-0.5829833984375,-4.275520833333333,0.0007857068913562719,-0.0035085825380771233,0.01392822265625,0.015625,0.019173177083333333,0.0224609375,-0.0017252604166666666,0.0078125,0.138671875,2.697265625,-0.024296061197916666,-0.01904296875,0.4,0.26666666666666666,0.13333333333333333,-0.04102376302083333,-0.010065205891927106,5000
8,31,0.0048828125,-1.1322265625,-1.137109375,0.0017218236877226914,-0.001710970688848104,-0.002376302083333333,0.00390625,3.6869099934895835,-0.5818400065104167,-4.26875,0.0006260306773486539,-0.0018127710844287506,0.00830078125,0.005859375,0.011812337239583333,0.0107421875,0.000341796875,-0.00390625,0.15234375,2.6884765625,-0.010677083333333334,-0.0166015625,0.5333333333333333,0.3333333333333333,0.4666666666666667,-0.03355326334635417,0.010059204101562491,5000
9,0,0.009765625,-1.1341796875,-1.1439453125,0.0016812750060944894,-0.001067024586227954,0.002506510416666667,0.015625,3.69510498046875,-0.5793741861979167,-4.274479166666667,0.0007390414953803295,-0.00425352327157742,0.016495768229166666,0.02197265625,0.017154947916666666,0.015625,0.005452473958333333,0.00390625,0.15625,2.6953125,-0.0139892578125,-0.0155029296875,0.5333333333333333,0.13333333333333333,0.3333333333333333,-0.03391276041666667,0.006095987955729157,5000
9,1,0.00517578125,-1.1333333333333333,-1.1385091145833333,0.0012133636028114595,-0.0016141893281273916,-0.0020833333333333333,-0.00390625,3.69461669921875,-0.5798624674479167,-4.274479166666667,0.0011940754193292887,-0.004404805261179815,0.016007486979166666,0.015625,0.0179443359375,0.021484375,-0.0007161458333333333,0.004150390625,0.15234375,2.6875,-0.0180908203125,-0.01171875,0.4666666666666667,0.2,0.4,-0.040887858072916665,0.001994628906249988,5000
9,2,0.005094401041666667,-1.130859375,-1.1359537760416667,0.0013876394128712398,-0.0018562494440430657,-0.0021647135416666668,-0.00390625,3.69127197265625,-0.5832071940104167,-4.274479166666667,0.0006326577772096999,-0.003081974784200337,0.012662760416666667,0.017578125,0.0134765625,0.01318359375,-0.0015625,0.005859375,0.140625,2.6875,-0.014827473958333334,-0.00146484375,0.4666666666666667,0.3333333333333333,0.3333333333333333,-0.03278177897135417,0.0011885579427083272,5000
9,3,0.010563151041666666,-1.1311848958333333,-1.141748046875,0.0013393504626480223,-0.000724754272903496,0.0033040364583333333,0.0078125,3.6949422200520834,-0.5800577799479166,-4.275,0.0008076653134756069,-0.0044192771581182564,0.0163330078125,0.015625,0.008805338541666667,0.01953125,-0.0009765625,0.00390625,0.138671875,2.68359375,-0.013028971354166667,-0.001953125,0.6,0.26666666666666666,0.4666666666666667,-0.03143147786458333,0.0050703938802083275,5000
9,4,0.00615234375,-1.1386067708333334,-1.1447591145833333,0.0011970084260957336,-0.0016731407369673574,-0.0011067708333333333,0.001953125,3.69102783203125,-0.58084716796875,-4.271875,0.0007746772820989193,-0.002557987380549088,0.012418619791666667,0.0087890625,0.012849934895833333,0.0107421875,0.0013346354166666667,-0.005859375,0.138671875,2.6884765625,-0.013525390625,-0.0166015625,0.5333333333333333,0.4,0.4,-0.03411539713541666,0.006739095052083322,5000
9,5,0.006689453125,-1.133984375,-1.140673828125,0.0018562263569942,-0.0011048068991032236,-0.0005696614583333334,-0.00439453125,3.6966145833333335,-0.5809895833333333,-4.277604166666666,0.0009333994010858081,-0.004294416131707043,0.01800537109375,0.015625,0.01632080078125,0.013671875,4.8828125e-05,0.0,0.16796875,2.69140625,-0.018575032552083332,-0.031005859375,0.4,0.13333333333333333,0.26666666666666666,-0.036934814453125,0.0008753458658854093,5000
9,6,0.006624348958333333,-1.1342447916666667,-1.140869140625,0.001586813454732611,-0.001958627481789093,-0.000634765625,-0.0107421875,3.691153971354167,-0.5833251953125,-4.274479166666667,0.0006723581892607149,-0.002893609004335574,0.012544759114583333,0.010986328125,0.017704264322916666,0.010986328125,-0.000146484375,0.005126953125,0.125,2.6875,-0.013179524739583334,-0.0078125,0.4,0.2,0.4,-0.033448282877604166,0.005066223144531245,5000
9,7,0.010188802083333334,-1.1311848958333333,-1.1413736979166667,0.0013979726414759723,-0.0010604964234732634,0.0029296875,-0.005859375,3.6903401692708333,-0.5799723307291667,-4.2703125,0.0008154045363185684,-0.0030180989242830684,0.01173095703125,0.01513671875,0.010262044270833333,0.0087890625,-0.002880859375,-0.001953125,0.119140625,2.6826171875,-0.00880126953125,-0.015625,0.4,0.3333333333333333,0.3333333333333333,-0.026310221354166666,0.009635925292968743,5000
9,8,0.010628255208333333,-1.1325520833333333,-1.1431803385416666,0.0013466212841396416,-2.6144332639355868e-05,0.003369140625,0.001953125,3.693778483072917,-0.5801798502604166,-4.273958333333334,0.0008197804541849429,-0.0028047003031337527,0.015169270833333333,0.0126953125,0.017997233072916667,0.013671875,-0.0019205729166666666,-0.001220703125,0.138671875,2.6953125,-0.011800130208333334,-0.0047607421875,0.6,0.2,0.3333333333333333,-0.03162618001302083,0.005973307291666666,5000
9,9,0.008463541666666666,-1.1309244791666666,-1.1393880208333333,0.0016154263001220146,-0.001090100371034104,0.0012044270833333334,-0.01171875,3.69368896484375,-0.5787068684895833,-4.272395833333333,0.0006679919700721791,-0.002222656784791749,0.015079752604166666,0.02197265625,0.012386067708333334,0.0081787109375,-0.0010579427083333333,0.0,0.123046875,2.6767578125,-0.013875325520833334,-0.01171875,0.4,0.26666666666666666,0.26666666666666666,-0.03158365885416667,0.005013834635416655,5000
9,10,0.010546875,-1.13359375,-1.144140625,0.0020552048810956445,-0.0005366311958460264,0.0032877604166666667,-0.00390625,3.6915486653645835,-0.58084716796875,-4.272395833333333,0.0007390963861559497,-0.0034122156311407253,0.012939453125,0.01171875,0.015059407552083333,0.010986328125,-0.00011393229166666667,-0.001953125,0.125,2.6806640625,-0.009651692708333333,-0.0050048828125,0.4666666666666667,0.2,0.4666666666666667,-0.0309576416015625,0.01386779785156249,5000
9,11,0.008154296875,-1.1305989583333333,-1.1387532552083333,0.0015090150444823619,-0.0010727434291704502,0.0008951822916666666,0.0,3.6937744140625,-0.5765380859375,-4.2703125,0.000745291858060542,-0.005092848707758668,0.015165201822916667,0.013671875,0.013321940104166667,0.0166015625,-0.0028483072916666665,-0.0009765625,0.140625,2.6953125,-0.01427001953125,-0.01654052734375,0.4666666666666667,0.13333333333333333,0.3333333333333333,-0.03250335693359375,0.004817911783854164,5000
9,12,0.0070149739583333336,-1.1348307291666666,-1.141845703125,0.0012289345499924378,-0.0017264196180625233,-0.000244140625,0.001953125,3.69566650390625,-0.57933349609375,-4.275,0.0007561875110630274,-0.004669518178731541,0.017057291666666665,0.01123046875,0.0181884765625,0.0234375,0.0015787760416666667,0.0,0.138671875,2.69921875,-0.017301432291666665,-0.0068359375,0.5333333333333333,0.13333333333333333,0.26666666666666666,-0.033545125325520835,-0.0022867838541666668,5000
9,13,0.0065266927083333336,-1.1340494791666667,-1.140576171875,0.0013449763727647393,-0.00211518312283576,-0.000732421875,-0.00390625,3.6962849934895834,-0.5787150065104166,-4.275,0.0006501491436491859,-0.005527504392100426,0.01767578125,0.01953125,0.022001139322916665,0.0244140625,-0.0001953125,0.001708984375,0.140625,2.6953125,-0.018408203125,-0.0283203125,0.4,0.13333333333333333,0.3333333333333333,-0.036353352864583334,-0.0001359049479167022,5000
9,14,0.006868489583333333,-1.134375,-1.1412434895833334,0.0016145036834828636,-0.0014956891651788944,-0.000390625,0.0,3.68941650390625,-0.5782918294270833,-4.267708333333333,0.000865040480086313,-0.001992989994761722,0.010807291666666666,0.0078125,0.014359537760416667,0.010986328125,0.0014485677083333334,0.001953125,0.138671875,2.6875,-0.011197916666666667,-0.01171875,0.4666666666666667,0.4666666666666667,0.4,-0.034790445963541666,0.010880940755208329,5000
9,15,0.009228515625,-1.1330729166666667,-1.1423014322916667,0.0015615568422001388,-0.0009518150620994532,0.0019694010416666666,0.0009765625,3.6907674153645833,-0.5811075846354167,-4.271875,0.0007383265670720424,-0.0031496548230171037,0.012158203125,0.0078125,0.015592447916666667,0.015625,-0.005843098958333333,-0.00390625,0.140625,2.7041015625,-0.010188802083333334,-0.0068359375,0.5333333333333333,0.3333333333333333,0.3333333333333333,-0.029915974934895832,0.006690266927083321,5000
9,16,0.00517578125,-1.13515625,-1.14033203125,0.0012491655026125703,-0.0022644159025202713,-0.0020833333333333333,-0.001953125,3.6947062174479166,-0.57821044921875,-4.272916666666666,0.0008291920861460554,-0.004563345159211293,0.016097005208333334,0.015625,0.014029947916666667,0.0166015625,-0.0011393229166666667,0.001953125,0.134765625,2.6953125,-0.018180338541666667,-0.0068359375,0.4666666666666667,0.13333333333333333,0.26666666666666666,-0.03489013671875,-0.0030190022786458362,5000
9,17,0.0049479166666666664,-1.1352864583333333,-1.140234375,0.0014225244053912224,-0.001054626527322785,-0.0023111979166666667,0.0,3.6958577473958334,-0.5801839192708333,-4.276041666666667,0.0007243203289279484,-0.005459615450855353,0.01724853515625,0.0107421875,0.008793131510416666,0.0078125,0.00234375,0.0078125,0.140625,2.70703125,-0.019559733072916665,-0.0166015625,0.4666666666666667,0.13333333333333333,0.3333333333333333,-0.040280456542968746,-0.00042246500651042703,5000
9,18,0.010270182291666667,-1.1358723958333334,-1.146142578125,0.0018045336053115215,-0.0009327064855773807,0.0030110677083333335,-0.0078125,3.6987508138020835,-0.5772908528645834,-4.276041666666667,0.000899274233292104,-0.005469722738735758,0.0201416015625,0.015625,0.01552734375,0.013671875,8.138020833333333e-05,0.001953125,0.140625,2.7216796875,-0.017130533854166668,-0.0234375,0.4666666666666667,0.06666666666666667,0.3333333333333333,-0.042279663085937495,0.006096191406249988,5000
9,19,0.010367838541666667,-1.1326822916666666,-1.1430501302083333,0.0016848742528688676,-0.001070020870400482,0.003108723958333333,-0.001953125,3.6898681640625,-0.5809651692708333,-4.270833333333333,0.0006130100555915462,-0.002289706989917843,0.011258951822916667,0.00537109375,0.015755208333333333,0.0087890625,0.0021809895833333334,0.0,0.123046875,2.6875,-0.008150227864583333,0.0009765625,0.4,0.3333333333333333,0.5333333333333333,-0.030059305826822914,0.011552530924479158,5000
9,20,0.004248046875,-1.1338541666666666,-1.1381022135416667,0.0012649365461380846,-0.002794754370673601,-0.0030110677083333335,-0.001953125,3.690445963541667,-0.5788248697916667,-4.269270833333334,0.0007484258083668789,-0.002215423718296411,0.011836751302083334,0.0107421875,0.01796875,0.0255126953125,0.002864583333333333,0.0078125,0.119140625,2.68359375,-0.014847819010416667,-0.00927734375,0.4666666666666667,0.26666666666666666,0.26666666666666666,-0.032177734375,0.0016401163736979123,5000
9,21,0.009586588541666666,-1.1315755208333333,-1.141162109375,0.0012884377488076061,-0.0006774963786035618,0.0023274739583333333,0.0,3.69512939453125,-0.58143310546875,-4.2765625,0.0008548255481973355,-0.005351613477319567,0.016520182291666668,0.017578125,0.01611328125,0.0078125,0.005126953125,0.005859375,0.134765625,2.6806640625,-0.014192708333333333,-0.016357421875,0.4666666666666667,0.13333333333333333,0.3333333333333333,-0.0323822021484375,0.004395955403645813,5000
9,22,0.00869140625,-1.13125,-1.13994140625,0.0013883498584059898,-0.0009573369107247755,0.0014322916666666666,0.0,3.689078776041667,-0.579150390625,-4.268229166666667,0.0008713510299993139,-0.001806416230764344,0.010469563802083333,0.01123046875,0.020548502604166668,0.0179443359375,0.0001953125,-0.0078125,0.13671875,2.6728515625,-0.009037272135416666,-0.00079345703125,0.4666666666666667,0.3333333333333333,0.4666666666666667,-0.030767313639322915,0.010445963541666655,5000
9,23,0.009944661458333334,-1.1328125,-1.1427571614583334,0.00144329940370505,-0.00035681506236130375,0.002685546875,0.0029296875,3.694868977864583,-0.5785685221354167,-4.2734375,0.0007994213356695745,-0.004750910500037034,0.016259765625,0.0238037109375,0.014310709635416667,0.01171875,0.004508463541666666,0.00390625,0.134765625,2.703125,-0.01357421875,-0.01123046875,0.5333333333333333,0.2,0.4,-0.029818115234375,0.0006278483072916489,5000
9,24,0.005696614583333333,-1.1326171875,-1.1383138020833334,0.0014816149361180245,-0.0007035499940191844,-0.0015625,0.005859375,3.693465169270833,-0.5836181640625,-4.277083333333334,0.0007762710787138304,-0.003582344804978967,0.01485595703125,0.01904296875,0.0092529296875,0.0048828125,0.008463541666666666,0.0185546875,0.15625,2.6953125,-0.01641845703125,-0.0107421875,0.6,0.2,0.26666666666666666,-0.03813079833984375,0.002898254394531234,5000
9,25,0.0064453125,-1.1348307291666666,-1.1412760416666667,0.001252984026009593,-0.0019372505515362314,-0.0008138020833333334,-0.001953125,3.6927286783854165,-0.5796671549479167,-4.272395833333333,0.0006647644575240881,-0.003170169074656848,0.014119466145833334,0.0078125,0.014607747395833334,0.01171875,0.0009765625,-0.00390625,0.134765625,2.69140625,-0.014933268229166666,-0.0078125,0.4,0.13333333333333333,0.26666666666666666,-0.033789265950520835,0.003402099609374994,5000
9,26,-0.0013020833333333333,-1.1370442708333333,-1.1357421875,0.001586718740371728,-0.004892555594272644,-0.008561197916666667,-0.005859375,3.6903483072916665,-0.579443359375,-4.269791666666666,0.0006991412158425529,-0.003331567772818371,0.011739095052083334,0.009765625,0.015067545572916667,0.0126953125,-0.0040852864583333336,-0.009765625,0.140625,2.6875,-0.02030029296875,-0.021484375,0.4666666666666667,0.06666666666666667,0.4,-0.0364752197265625,-0.004378051757812503,5000
9,27,0.007763671875,-1.1336588541666666,-1.1414225260416666,0.0016927535440343922,-0.0006457268889696582,0.0005045572916666667,0.00390625,3.6953369140625,-0.5796630859375,-4.275,0.0007495607327343585,-0.004306874736933999,0.016727701822916666,0.009765625,0.011470540364583334,0.0084228515625,-0.0026041666666666665,0.001953125,0.140625,2.6943359375,-0.01622314453125,-0.0068359375,0.6,0.3333333333333333,0.4,-0.04004791259765625,0.004460144042968742,5000
9,28,0.018798828125,-1.135546875,-1.154345703125,0.0021639725845532653,0.0029806941982582244,0.011539713541666666,0.00390625,3.698193359375,-0.5851399739583333,-4.283333333333333,0.0010444172134465766,-0.005210916491206254,0.019584147135416667,0.015625,0.020548502604166668,0.0224609375,-6.510416666666667e-05,0.009765625,0.138671875,2.671875,-0.00804443359375,-0.0087890625,0.6,0.13333333333333333,0.4,-0.03051025390625,0.013176371256510404,5000
9,29,0.005712890625,-1.1321614583333333,-1.1378743489583334,0.001539762197302872,-0.0028741822014963347,-0.0015462239583333333,-0.00390625,3.7014892578125,-0.5802815755208334,-4.281770833333334,0.0008553346982739174,-0.007230810041770585,0.022880045572916667,0.0205078125,0.0147216796875,0.0166015625,0.0021647135416666668,-0.005859375,0.125,2.6875,-0.02442626953125,-0.017578125,0.4666666666666667,0.06666666666666667,0.2,-0.03901641845703125,-0.010806884765625005,5000
9,30,0.0018717447916666667,-1.1333984375,-1.1352701822916667,0.0014358676913006454,-0.0032539507267597546,-0.005387369791666667,-0.0126953125,3.6946736653645833,-0.5787638346354167,-4.2734375,0.0007451506800831238,-0.004975562518082734,0.016064453125,0.010986328125,0.011649576822916667,0.0079345703125,-0.0006184895833333333,-0.001953125,0.138671875,2.7001953125,-0.021451822916666665,-0.0234375,0.4666666666666667,0.3333333333333333,0.3333333333333333,-0.04021809895833333,-0.0027823893229166788,5000
9,31,0.008170572916666667,-1.1332682291666667,-1.1414388020833333,0.0014012018225405985,-0.000490634058450961,0.0009114583333333333,-0.001953125,3.693550618489583,-0.5762410481770833,-4.269791666666666,0.0007515118967740962,-0.0035728634378721477,0.01494140625,0.01806640625,0.01591796875,0.01171875,-0.004134114583333333,-0.0078125,0.158203125,2.6806640625,-0.014029947916666667,-0.0107421875,0.4666666666666667,0.2,0.4666666666666667,-0.03583251953125,0.0061297607421874735,5000
10,0,0.00947265625,-1.1339192708333334,-1.1433919270833333,0.0014142955954334659,-9.723193031870286e-05,0.0022135416666666666,0.001953125,3.6904500325520835,-0.5809041341145833,-4.271354166666667,0.0006709131089591437,-0.0024896976626917738,0.0118408203125,0.009765625,0.022696940104166667,0.0257568359375,0.0009928385416666666,0.0078125,0.138671875,2.6796875,-0.009627278645833333,-0.0029296875,0.5333333333333333,0.4,0.4,-0.02744140625,0.006527303059895824,5000
10,1,0.011002604166666667,-1.1322916666666667,-1.1432942708333333,0.0013312432324365205,0.00039953021236293766,0.0037434895833333335,0.0078125,3.7010701497395835,-0.57601318359375,-4.277083333333334,0.0008325587563138854,-0.0069981965385445,0.0224609375,0.0244140625,0.011771647135416667,0.01611328125,0.0031575520833333334,0.01171875,0.158203125,2.7158203125,-0.018717447916666668,-0.01953125,0.6,0.13333333333333333,0.4,-0.038984374999999995,0.0020833333333333333,5000
10,2,0.008138020833333334,-1.1327473958333334,-1.1408854166666667,0.0015346669804293153,-0.0009116497472998505,0.00087890625,0.0078125,3.6897257486979167,-0.5811075846354167,-4.270833333333333,0.0006620464960861913,-0.0029275439295636963,0.011116536458333333,0.013671875,0.019563802083333335,0.0234375,0.008414713541666667,0.0107421875,0.140625,2.6728515625,-0.010237630208333333,-0.0068359375,0.6,0.26666666666666666,0.4,-0.02789998372395833,0.007227376302083322,5000
10,3,0.008447265625,-1.1328776041666666,-1.1413248697916667,0.001360541716591731,0.00011090829749772947,0.0011881510416666666,0.00390625,3.693550618489583,-0.57884521484375,-4.272395833333333,0.0007396024381549653,-0.0037241785492130885,0.01494140625,0.015625,0.013134765625,0.0081787109375,0.0059244791666666664,0.00390625,0.140625,2.6943359375,-0.013753255208333334,-0.015625,0.5333333333333333,0.2,0.3333333333333333,-0.03347188313802083,0.0038332112630208304,5000
10,4,0.007861328125,-1.1331380208333333,-1.1409993489583334,0.0013443405929025362,-0.0010771409537648432,0.0006022135416666667,-0.0048828125,3.69072265625,-0.58271484375,-4.2734375,0.0006050547122127402,-0.0021158239254184326,0.012113444010416667,0.008056640625,0.013712565104166666,0.01171875,0.004280598958333334,0.00390625,0.138671875,2.6875,-0.01151123046875,-0.0126953125,0.4666666666666667,0.26666666666666666,0.3333333333333333,-0.029574178059895834,0.004752909342447912,5000
10,5,0.006803385416666667,-1.1321614583333333,-1.13896484375,0.0015975814544057017,-0.0016803853314462268,-0.0004557291666666667,-0.00390625,3.6959228515625,-0.5801188151041666,-4.276041666666667,0.0006696015250617014,-0.004892583806283686,0.017313639322916668,0.01708984375,0.01500244140625,0.015625,-0.0014322916666666666,0.00390625,0.123046875,2.7001953125,-0.017769368489583333,0.0,0.4666666666666667,0.2,0.4,-0.03843190511067708,0.0002326456705729063,5000
10,6,0.010921223958333334,-1.1291015625,-1.1400227864583334,0.0012138717992678173,0.00063963813172687,0.003662109375,0.0078125,3.693070475260417,-0.57984619140625,-4.272916666666666,0.0008084483941359386,-0.003417255409704336,0.014461263020833334,0.0078125,0.019624837239583335,0.02734375,-0.0011555989583333333,-0.00390625,0.138671875,2.7021484375,-0.010799153645833334,-0.00048828125,0.6,0.26666666666666666,0.4666666666666667,-0.032145792643229164,0.007138061523437485,5000
10,7,0.007047526041666667,-1.1358072916666666,-1.1428548177083333,0.0014850607860795386,-0.002209908900759812,-0.00021158854166666667,0.0,3.6985432942708334,-0.5806233723958333,-4.279166666666667,0.0007454369081596689,-0.005394338193662579,0.01993408203125,0.0166015625,0.017374674479166668,0.015625,0.0072265625,0.015625,0.123046875,2.703125,-0.020145670572916666,-0.00537109375,0.4666666666666667,0.26666666666666666,0.4,-0.04366119384765625,-0.0002519734700520878,5000
10,8,0.011832682291666667,-1.133203125,-1.1450358072916667,0.0015104375706356335,0.0004083747386606565,0.0045735677083333336,0.01513671875,3.69276123046875,-0.58067626953125,-4.2734375,0.0006399864912564159,-0.0032959495499504123,0.014152018229166667,0.0166015625,0.015283203125,0.0146484375,0.006917317708333333,0.0068359375,0.15625,2.6796875,-0.009578450520833334,-0.0009765625,0.6,0.2,0.4,-0.030242106119791664,0.010582071940104128,5000
10,9,0.010725911458333333,-1.1326171875,-1.1433430989583333,0.0014597893698696403,-0.0013467961074290103,0.003466796875,-0.01171875,3.69996337890625,-0.5771199544270833,-4.277083333333334,0.0008440985082903403,-0.005644184697612509,0.021354166666666667,0.021484375,0.016935221354166665,0.024169921875,0.002490234375,0.0048828125,0.123046875,2.6806640625,-0.017887369791666666,0.0,0.4,0.2,0.4666666666666667,-0.038827311197916665,-7.975260416669034e-05,5000
10,10,0.00029296875,-1.1336588541666666,-1.1339518229166667,0.0015002782114854807,-0.004208488924667079,-0.006966145833333334,0.001953125,3.69256591796875,-0.58399658203125,-4.2765625,0.0005891441462194974,-0.0028148297947624013,0.013956705729166666,0.00830078125,0.016373697916666666,0.0185546875,0.003564453125,0.00390625,0.138671875,2.67578125,-0.0209228515625,-0.0107421875,0.5333333333333333,0.3333333333333333,0.4,-0.03838724772135416,-0.003855590820312527,5000
10,11,0.008658854166666667,-1.1286458333333333,-1.1373046875,0.001207781199478075,-0.001195201679835237,0.0013997395833333333,0.0,3.6909464518229167,-0.5814493815104167,-4.272395833333333,0.0008267649382713005,-0.0013692411385196497,0.012337239583333333,0.015380859375,0.017704264322916666,0.017578125,-0.0008951822916666666,0.0,0.134765625,2.685546875,-0.0109375,-0.0078125,0.4666666666666667,0.3333333333333333,0.4,-0.03281290690104167,0.010481770833333333,5000
10,12,0.00654296875,-1.1341145833333333,-1.1406575520833333,0.001462392084658905,-0.0010031021481575382,-0.0007161458333333333,0.0048828125,3.690299479166667,-0.5805338541666667,-4.270833333333333,0.0007417158432373186,-0.0027269701635682514,0.011690266927083333,0.0078125,0.016015625,0.0146484375,0.00029296875,0.0087890625,0.15625,2.6875,-0.012406412760416667,-0.0185546875,0.6,0.3333333333333333,0.4,-0.030909729003906247,0.005221048990885409,5000
10,13,0.013802083333333333,-1.134375,-1.1481770833333333,0.001417082665681875,0.001632927090569113,0.00654296875,0.009765625,3.68826904296875,-0.58048095703125,-4.26875,0.000855110819670454,-0.0011543655867863611,0.009659830729166667,0.013671875,0.020662434895833335,0.015869140625,0.007779947916666667,0.0078125,0.15625,2.6865234375,-0.003116861979166667,0.0009765625,0.5333333333333333,0.26666666666666666,0.5333333333333333,-0.024823201497395832,0.01724711100260413,5000
10,14,0.010335286458333334,-1.1321614583333333,-1.1424967447916667,0.0015296709660121506,-0.00015756665317877595,0.003076171875,0.005859375,3.69693603515625,-0.5770222981770833,-4.273958333333334,0.0007023397520967156,-0.005645013190263857,0.018326822916666666,0.0234375,0.014632161458333333,0.015625,0.0072591145833333336,0.0078125,0.142578125,2.6962890625,-0.015250651041666667,-0.0107421875,0.5333333333333333,0.2,0.3333333333333333,-0.03399393717447916,0.0038918050130208066,5000
10,15,0.007666015625,-1.1313802083333333,-1.1390462239583334,0.0013146789326277312,-0.0015134693349143852,0.0004069010416666667,-0.0009765625,3.6981160481770834,-0.5800089518229167,-4.278125,0.0006707071159937389,-0.006438458429298985,0.0195068359375,0.0126953125,0.0127197265625,0.013671875,0.0007486979166666667,0.00390625,0.140625,2.703125,-0.019099934895833334,-0.01025390625,0.4666666666666667,0.06666666666666667,0.3333333333333333,-0.036085205078125,-0.0025390625,5000
10,16,0.009375,-1.1307291666666666,-1.1401041666666667,0.001402014389842954,-0.0009925164580388752,0.0021158854166666665,0.0009765625,3.690262858072917,-0.57952880859375,-4.269791666666666,0.0008693213252798374,-0.002194250151726937,0.011653645833333334,0.0087890625,0.0182373046875,0.016845703125,-4.8828125e-05,0.00390625,0.138671875,2.6787109375,-0.009537760416666667,0.0009765625,0.5333333333333333,0.2,0.5333333333333333,-0.028955485026041665,0.00834330240885414,5000
10,17,0.0125,-1.1302083333333333,-1.1427083333333334,0.0015954988689126147,0.0006156845534877176,0.005240885416666666,0.0078125,3.6944783528645835,-0.5789591471354166,-4.2734375,0.0006700835055927647,-0.0037833422362231013,0.015869140625,0.0240478515625,0.020011393229166667,0.0166015625,0.0029134114583333334,0.00390625,0.15625,2.6787109375,-0.010628255208333333,-0.00390625,0.5333333333333333,0.3333333333333333,0.4,-0.034700927734375,0.011613566080729158,5000
10,18,0.00576171875,-1.1352213541666667,-1.1409830729166666,0.0012944040061267754,-0.0026923142860272634,-0.0014973958333333334,-0.0078125,3.69429931640625,-0.57757568359375,-4.271875,0.0008372556863552904,-0.0048672917950776055,0.015690104166666666,0.015625,0.02216796875,0.01953125,0.005777994791666667,0.00390625,0.125,2.7099609375,-0.0171875,-0.01416015625,0.4,0.3333333333333333,0.26666666666666666,-0.035059611002604164,0.0014575195312499882,5000
10,19,0.004280598958333334,-1.1359375,-1.1402180989583333,0.0013983268195278155,-0.002773049087446136,-0.002978515625,-0.00390625,3.69234619140625,-0.5805704752604167,-4.272916666666666,0.0007656824925748999,-0.002813266423129357,0.013736979166666666,0.015625,0.014237467447916667,0.0234375,0.0015787760416666667,0.001953125,0.140625,2.6708984375,-0.016715494791666667,-0.01953125,0.4666666666666667,0.2,0.3333333333333333,-0.034123738606770836,0.0008640543619791459,5000
10,20,0.010237630208333333,-1.1330729166666667,-1.143310546875,0.0012331158184716417,-0.000885993820975149,0.002978515625,0.0009765625,3.693408203125,-0.583154296875,-4.2765625,0.0007439414017786876,-0.003781275363901534,0.014798990885416667,0.0107421875,0.014436848958333333,0.01171875,0.004768880208333334,0.001953125,0.123046875,2.703125,-0.011820475260416666,0.0,0.5333333333333333,0.2,0.4,-0.030470886230468747,0.0047119140625,5000
10,21,0.00791015625,-1.1342447916666667,-1.1421549479166666,0.001427816742738671,-0.0012426891283200158,0.0006510416666666666,0.001953125,3.704345703125,-0.5763834635416667,-4.280729166666666,0.0006841938474897054,-0.007049326937903443,0.025736490885416668,0.0234375,0.01695556640625,0.015625,0.0032552083333333335,0.001953125,0.123046875,2.70703125,-0.02508544921875,-0.0244140625,0.5333333333333333,0.0,0.2,-0.04355926513671875,-0.008353576660156252,5000
10,22,0.008805338541666667,-1.1307291666666666,-1.1395345052083334,0.001427373454917857,-0.0010178543991666439,0.0015462239583333333,0.001953125,3.6981241861979166,-0.57635498046875,-4.274479166666667,0.0007904428238218065,-0.006258383990461709,0.019514973958333334,0.01953125,0.01192626953125,0.0078125,0.007275390625,0.0078125,0.15625,2.7109375,-0.01796875,-0.02197265625,0.5333333333333333,0.13333333333333333,0.3333333333333333,-0.03533528645833333,-0.000730794270833357,5000
10,23,0.00693359375,-1.1328776041666666,-1.1398111979166667,0.001343181914163146,-0.00141914360908574,-0.0003255208333333333,0.0,3.70107421875,-0.58173828125,-4.2828125,0.000746855421977,-0.006272630572260379,0.022465006510416666,0.03125,0.008711751302083333,0.0078125,0.002685546875,-0.00390625,0.140625,2.7001953125,-0.02279052734375,-0.015625,0.4666666666666667,0.2,0.3333333333333333,-0.041227315266927085,-0.005476684570312503,5000
10,24,0.01064453125,-1.1290364583333334,-1.1396809895833333,0.0016153760012462526,-2.613489376423426e-05,0.0033854166666666668,0.005859375,3.69261474609375,-0.57769775390625,-4.2703125,0.0007110533889320217,-0.003903216096752618,0.014005533854166667,0.0087890625,0.011197916666666667,0.0107421875,6.510416666666667e-05,0.0,0.15625,2.6875,-0.0106201171875,-0.0029296875,0.5333333333333333,0.2,0.26666666666666666,-0.029484049479166666,0.0072265625,5000
10,25,0.011995442708333333,-1.1358072916666666,-1.147802734375,0.0015013284689388252,-0.00045160075717229077,0.004736328125,0.0,3.6945231119791666,-0.5815185546875,-4.276041666666667,0.000830067622273526,-0.00487206326403995,0.015913899739583334,0.0185546875,0.014310709635416667,0.0076904296875,0.0,-0.0078125,0.134765625,2.68359375,-0.011177571614583333,-0.00054931640625,0.4666666666666667,0.26666666666666666,0.4666666666666667,-0.031298929850260414,0.008203837076822906,5000
10,26,0.005078125,-1.1331380208333333,-1.1382161458333333,0.0014515503434439977,-0.002115117928613575,-0.0021809895833333334,0.0078125,3.6994873046875,-0.5807210286458333,-4.280208333333333,0.0006619675938965962,-0.005970644690116483,0.020878092447916666,0.021484375,0.019637044270833334,0.015625,0.00703125,0.001953125,0.134765625,2.69921875,-0.02305908203125,-0.00390625,0.6,0.2,0.3333333333333333,-0.0450439453125,-0.0035352579752604267,5000
10,27,0.0091796875,-1.1311848958333333,-1.1403645833333333,0.001501240707215644,-0.0014126442165699467,0.0019205729166666666,0.00390625,3.6934488932291667,-0.5747802734375,-4.268229166666667,0.0007819444334356353,-0.003281377142034077,0.014839680989583333,0.015625,0.015673828125,0.01171875,-0.0029296875,0.001953125,0.119140625,2.7080078125,-0.012919108072916666,-0.00830078125,0.5333333333333333,0.2,0.26666666666666666,-0.0310467529296875,0.004435831705729158,5000
10,28,0.012288411458333334,-1.133203125,-1.1454915364583333,0.0013559573521082788,0.0012984620436651388,0.005029296875,0.0078125,3.6901570638020833,-0.5796346028645833,-4.269791666666666,0.0006811230794944227,-0.0011373571649669278,0.0115478515625,0.0107421875,0.01253662109375,0.0064697265625,-0.0007975260416666667,0.001953125,0.140625,2.685546875,-0.0065185546875,-0.0015869140625,0.7333333333333333,0.2,0.4666666666666667,-0.0250408935546875,0.009822794596354163,5000
10,29,0.005126953125,-1.13515625,-1.140283203125,0.001111392400683478,-0.001080099645964726,-0.002132161458333333,0.00390625,3.6921142578125,-0.5781982421875,-4.2703125,0.0007109094185215262,-0.003659322728004397,0.013505045572916667,0.0107421875,0.01488037109375,0.01171875,0.00185546875,0.0,0.140625,2.6953125,-0.01563720703125,-0.01123046875,0.5333333333333333,0.2,0.4,-0.03339090983072917,0.0005421956380208186,5000
10,30,0.009537760416666667,-1.13203125,-1.1415690104166667,0.0014985271091062262,-0.0008290338698745669,0.0022786458333333335,0.0,3.68887939453125,-0.58299560546875,-4.271875,0.0008179383821416699,-0.0023259435678753175,0.010270182291666667,0.015625,0.012577311197916666,0.015625,-0.001025390625,0.0,0.158203125,2.65625,-0.007991536458333334,-0.0068359375,0.4666666666666667,0.4,0.4,-0.026229044596354167,0.009377034505208303,5000
10,31,0.011360677083333333,-1.1307942708333334,-1.1421549479166666,0.0014842139386716808,0.00014271032915969076,0.0041015625,0.0166015625,3.6947306315104167,-0.57974853515625,-4.274479166666667,0.0007459132182134918,-0.0048936126350774605,0.016121419270833333,0.015625,0.013004557291666666,0.0087890625,-0.0013834635416666667,-0.00390625,0.15625,2.70703125,-0.012019856770833334,0.001953125,0.6,0.2,0.5333333333333333,-0.03131693522135417,0.0057067871093749705,5000
11,0,0.012711588541666667,-1.1320963541666667,-1.1448079427083333,0.0014505599619212461,0.0008986715139158094,0.005452473958333333,0.005859375,3.6928426106770833,-0.58111572265625,-4.273958333333334,0.0006942812855954458,-0.0029137859580790413,0.0142333984375,0.008544921875,0.019384765625,0.0263671875,0.006819661458333333,0.001953125,0.134765625,2.6953125,-0.008780924479166667,-0.00439453125,0.5333333333333333,0.2,0.4666666666666667,-0.0250164794921875,0.005257161458333334,5000
11,1,0.008284505208333333,-1.1323567708333333,-1.1406412760416667,0.0012793377213654508,-0.0003192660723372883,0.001025390625,0.001953125,3.69420166015625,-0.5802775065104167,-4.274479166666667,0.0007224201748225284,-0.003356624942710197,0.015592447916666667,0.0224609375,0.0176513671875,0.0179443359375,0.0011067708333333333,0.001953125,0.138671875,2.6787109375,-0.014567057291666666,-0.013671875,0.5333333333333333,0.26666666666666666,0.3333333333333333,-0.031757812499999996,0.0004557291666666667,5000
11,2,0.006363932291666667,-1.1359375,-1.1423014322916667,0.0012360215680523444,-0.0006210178627677574,-0.0008951822916666666,0.0,3.6961385091145833,-0.57781982421875,-4.273958333333334,0.0006576343950251113,-0.0052364630409328095,0.017529296875,0.0157470703125,0.012495930989583333,0.0126953125,0.00263671875,0.00390625,0.15234375,2.693359375,-0.018424479166666667,-0.0045166015625,0.4666666666666667,0.2,0.4,-0.041398111979166666,0.0023439534505208305,5000
11,3,0.011490885416666667,-1.1343098958333333,-1.14580078125,0.0013491244102044192,-0.00017104294690198292,0.004231770833333333,0.0,3.69935302734375,-0.5798136393229166,-4.279166666666667,0.000809673055302298,-0.0058855254530053806,0.020743815104166667,0.024169921875,0.01669921875,0.0087890625,0.0015462239583333333,0.00390625,0.13671875,2.71484375,-0.016512044270833335,-0.01171875,0.4666666666666667,0.2,0.3333333333333333,-0.0379400634765625,0.0044193522135416614,5000
11,4,0.009602864583333334,-1.1317708333333334,-1.1413736979166667,0.0014957375460686903,6.917190905054432e-05,0.00234375,0.00390625,3.6903116861979166,-0.58104248046875,-4.271354166666667,0.00066035984542836,-0.003621015959257738,0.011702473958333333,0.013671875,0.015030924479166667,0.0126953125,0.003515625,0.0,0.138671875,2.703125,-0.009358723958333334,-0.0006103515625,0.6,0.2,0.4666666666666667,-0.02980367024739583,0.01015645345052083,5000
11,5,0.010139973958333333,-1.13046875,-1.1406087239583333,0.001413814799025837,-0.00013305904329914437,0.002880859375,0.00390625,3.699967447916667,-0.5771158854166667,-4.277083333333334,0.000971781408106721,-0.005978898824677522,0.021358235677083334,0.0166015625,0.0166015625,0.0234375,0.0032877604166666667,0.013671875,0.140625,2.701171875,-0.018477376302083334,-0.0107421875,0.6,0.2,0.3333333333333333,-0.03553476969401042,-0.0025216674804687663,5000
11,6,-1.6276041666666666e-05,-1.13828125,-1.1382649739583333,0.0013030786395142235,-0.0033008397982164255,-0.007275390625,-0.001953125,3.695625813802083,-0.5793741861979167,-4.275,0.0005660332162838964,-0.004246697395580023,0.0170166015625,0.021484375,0.009859212239583333,0.01123046875,0.001611328125,0.01123046875,0.123046875,2.677734375,-0.0242919921875,-0.0263671875,0.4,0.2,0.26666666666666666,-0.040332438151041664,-0.008006998697916677,5000
11,7,0.009407552083333333,-1.1322916666666667,-1.14169921875,0.0014806385608896878,-0.0005789048925748691,0.0021484375,0.01171875,3.694230143229167,-0.5823323567708333,-4.2765625,0.0006904328710044881,-0.0036295422062593034,0.015620930989583334,0.01788330078125,0.011238606770833333,0.0107421875,-0.002132161458333333,0.0,0.15234375,2.6845703125,-0.013472493489583333,0.00390625,0.6,0.26666666666666666,0.6,-0.03290771484375,0.004701131184895813,5000
11,8,0.0052734375,-1.1335286458333333,-1.1388020833333334,0.0012464066112980049,-0.0013951377997598673,-0.0019856770833333332,0.00390625,3.6946085611979167,-0.57830810546875,-4.272916666666666,0.0007748716786358245,-0.0045926461304412495,0.015999348958333333,0.0126953125,0.01683349609375,0.017578125,-0.0010904947916666667,0.0068359375,0.138671875,2.693359375,-0.017985026041666668,-0.0107421875,0.6,0.13333333333333333,0.3333333333333333,-0.03654866536458333,-0.0005204264322916726,5000
11,9,0.011376953125,-1.1314453125,-1.142822265625,0.0013627958877584733,-0.0005473631879436189,0.004117838541666667,0.00390625,3.6954020182291667,-0.5790771484375,-4.274479166666667,0.0005900906309137399,-0.004389890758354808,0.016792805989583333,0.015380859375,0.018607584635416667,0.0185546875,0.002294921875,-0.001953125,0.140625,2.6953125,-0.012674967447916666,-0.01708984375,0.5333333333333333,0.2,0.4,-0.03321156819661458,0.006231282552083309,5000
11,10,0.008870442708333334,-1.1332682291666667,-1.142138671875,0.001474498722090629,-0.0021596190167646567,0.001611328125,-0.001953125,3.690681966145833,-0.5785888671875,-4.269270833333334,0.0007229227395982749,-0.0036308645868028586,0.01207275390625,0.015625,0.012984212239583333,0.0166015625,3.255208333333333e-05,-0.00390625,0.123046875,2.6953125,-0.01046142578125,-0.000244140625,0.4,0.26666666666666666,0.4,-0.02878570556640625,0.007955525716145825,5000
11,11,0.00986328125,-1.1330729166666667,-1.1429361979166666,0.001403753318844944,0.00013190597071541693,0.0026041666666666665,0.001953125,3.6984456380208335,-0.5802001953125,-4.278645833333333,0.0008331281669812471,-0.004618021616759068,0.01983642578125,0.00927734375,0.0127197265625,0.009765625,-0.0004069010416666667,0.00390625,0.15625,2.6953125,-0.017232259114583332,-0.013671875,0.5333333333333333,0.13333333333333333,0.3333333333333333,-0.036566365559895835,-0.0006829833984375089,5000
11,12,0.011669921875,-1.1328776041666666,-1.1445475260416667,0.001437646819752542,0.0004988247367637893,0.004410807291666667,0.01953125,3.697770182291667,-0.578271484375,-4.276041666666667,0.0007083476685046692,-0.005221341952638586,0.019160970052083334,0.02154541015625,0.01392822265625,0.015625,-0.0036783854166666666,0.00390625,0.15625,2.6884765625,-0.014750162760416666,-0.0087890625,0.5333333333333333,0.2,0.4,-0.03605224609375,0.006001790364583333,5000
11,13,0.00703125,-1.1347005208333334,-1.1417317708333334,0.0013206154953082391,3.254636177431464e-05,-0.00022786458333333334,0.005126953125,3.6937052408854165,-0.57921142578125,-4.272916666666666,0.0007364428253587085,-0.0033259916868047345,0.015096028645833334,0.010986328125,0.021012369791666666,0.013671875,0.003857421875,0.001953125,0.150390625,2.7060546875,-0.015323893229166666,-0.0068359375,0.5333333333333333,0.13333333333333333,0.26666666666666666,-0.03352213541666667,0.0011893717447916488,5000
11,14,0.005891927083333333,-1.1368489583333334,-1.1427408854166667,0.0011775734850589937,-0.0021405296705953782,-0.0013671875,-0.001953125,3.69112548828125,-0.5828328450520833,-4.273958333333334,0.000775911387623655,-0.0029885311405668455,0.012516276041666666,0.01123046875,0.01553955078125,0.010986328125,-0.001953125,0.0029296875,0.134765625,2.669921875,-0.013883463541666667,-0.0009765625,0.4666666666666667,0.26666666666666666,0.4,-0.03679341634114583,0.00753153483072911,5000
11,15,0.0019694010416666666,-1.1341796875,-1.1361490885416667,0.001372010434182048,-0.0029680546090339486,-0.005289713541666667,-0.00390625,3.68990478515625,-0.5814493815104167,-4.271354166666667,0.000747888638009153,-0.002434782520992908,0.011295572916666666,0.0087890625,0.015523274739583334,0.0159912109375,0.0008463541666666667,0.0078125,0.15625,2.7060546875,-0.016585286458333334,-0.005859375,0.4,0.4,0.4666666666666667,-0.03901407877604167,0.004467976888020831,5000
11,16,0.009586588541666666,-1.1296223958333333,-1.139208984375,0.0014837321269311325,0.00010868904432314187,0.0023274739583333333,0.0107421875,3.691056315104167,-0.5787353515625,-4.269791666666666,0.000735303977497276,-0.003618293531804013,0.012447102864583334,0.015625,0.021439615885416666,0.015625,-0.00166015625,0.00390625,0.140625,2.70703125,-0.01011962890625,-0.00543212890625,0.6666666666666666,0.2,0.4666666666666667,-0.02474843343098958,0.003898824055989573,5000
11,17,0.01484375,-1.1292317708333333,-1.1440755208333333,0.001267518643197075,0.0016292171292758009,0.007584635416666667,0.0048828125,3.69097900390625,-0.57933349609375,-4.2703125,0.000980396018407632,-0.003266544402888855,0.012369791666666666,0.015625,0.018314615885416666,0.023681640625,-0.002132161458333333,-0.009765625,0.15625,2.69921875,-0.00478515625,-0.009765625,0.6,0.2,0.3333333333333333,-0.02254292805989583,0.01296407063802083,5000
11,18,0.007926432291666667,-1.1328125,-1.1407389322916666,0.0013646843466966763,-0.0010211599651498086,0.0006673177083333333,0.00390625,3.69459228515625,-0.5778035481770833,-4.272395833333333,0.0007130203239453738,-0.0034950739721626213,0.015983072916666667,0.0234375,0.015262858072916666,0.01220703125,0.0025716145833333333,0.001953125,0.125,2.7080078125,-0.015315755208333334,-0.0042724609375,0.5333333333333333,0.2,0.26666666666666666,-0.03769571940104167,0.00602355957031248,5000
11,19,0.005240885416666666,-1.1345703125,-1.1398111979166667,0.0012645099161036756,-0.0012375367988152759,-0.002018229166666667,0.00390625,3.6919270833333333,-0.57578125,-4.267708333333333,0.0007371398896861974,-0.0033543376168490503,0.01331787109375,0.0166015625,0.011739095052083334,0.0009765625,0.0024251302083333334,0.00390625,0.15625,2.6875,-0.015336100260416667,-0.0068359375,0.6,0.26666666666666666,0.4,-0.0324261474609375,0.0012981160481770819,5000
11,20,0.005387369791666667,-1.1354166666666667,-1.1408040364583334,0.0013907162818559667,-0.0016155484847915316,-0.0018717447916666667,0.0078125,3.6925089518229166,-0.5798868815104167,-4.272395833333333,0.0005693486168187259,-0.0032131406084495375,0.013899739583333333,0.0084228515625,0.016292317708333334,0.01171875,-0.0027669270833333335,0.005859375,0.15625,2.6875,-0.015771484375,-0.01171875,0.5333333333333333,0.2,0.4,-0.03644327799479167,0.003727213541666667,5000
11,21,0.00556640625,-1.1324869791666667,-1.1380533854166666,0.0013300571743536068,-0.001740746560139369,-0.0016927083333333334,0.00390625,3.6921142578125,-0.5818440755208333,-4.273958333333334,0.0007728805991761044,-0.003682100877058619,0.013505045572916667,0.01171875,0.0199951171875,0.01708984375,-0.000537109375,-0.00390625,0.140625,2.703125,-0.01519775390625,-0.00347900390625,0.6,0.3333333333333333,0.3333333333333333,-0.03669850667317708,0.005209757486979146,5000
11,22,0.008626302083333334,-1.1326171875,-1.1412434895833334,0.0013251601493142202,-0.0005699939766634759,0.0013671875,0.0,3.6914469401041665,-0.5793863932291666,-4.270833333333333,0.0007238270527827707,-0.0032408624673307936,0.012837727864583334,0.021484375,0.012211100260416666,0.01220703125,0.003125,0.00390625,0.138671875,2.6875,-0.011470540364583334,-0.0078125,0.4666666666666667,0.3333333333333333,0.4,-0.02883778889973958,0.005806681315104164,5000
11,23,0.01376953125,-1.1319661458333334,-1.1457356770833333,0.001463787880250286,0.0006497538422133315,0.006510416666666667,-0.001953125,3.6910441080729166,-0.5829142252604167,-4.273958333333334,0.0006771690189193224,-0.003122543058598479,0.012434895833333333,0.0081787109375,0.01546630859375,0.01123046875,-0.004134114583333333,0.0,0.123046875,2.6806640625,-0.0059244791666666664,-0.00390625,0.4,0.2,0.4666666666666667,-0.0231781005859375,0.009986979166666642,5000
11,24,0.005989583333333334,-1.1380859375,-1.1440755208333333,0.0015545529503866032,-0.0027558494626001087,-0.00126953125,0.0,3.6952840169270833,-0.58023681640625,-4.275520833333333,0.0006547874608617439,-0.003958846729686687,0.0166748046875,0.01171875,0.015730794270833334,0.0126953125,0.0039713541666666664,0.0029296875,0.123046875,2.6875,-0.0179443359375,-0.0086669921875,0.4666666666666667,0.2,0.3333333333333333,-0.034725952148437496,-0.001326293945312503,5000
11,25,0.005973307291666666,-1.1336588541666666,-1.1396321614583333,0.0013568163326890584,-0.0010114815925879215,-0.0012858072916666667,0.0,3.696219889322917,-0.5787801106770833,-4.275,0.0007102779609624188,-0.0061828085595169975,0.017610677083333335,0.015625,0.016239420572916666,0.015625,-0.000537109375,-0.005859375,0.140625,2.7060546875,-0.018896484375,-0.0078125,0.4666666666666667,0.13333333333333333,0.2,-0.034359130859374996,-0.004556477864583346,5000
11,26,0.008544921875,-1.134765625,-1.143310546875,0.0012635232376405738,-0.0011538202596818147,0.0012858072916666667,0.001953125,3.6980712890625,-0.5784912109375,-4.2765625,0.0008155279251098921,-0.004549182811890447,0.019462076822916667,0.0155029296875,0.020638020833333333,0.0213623046875,0.0035319010416666667,0.001953125,0.138671875,2.689453125,-0.01817626953125,-0.0068359375,0.5333333333333333,0.2,0.26666666666666666,-0.0383319091796875,-0.0010405476888020995,5000
11,27,0.006575520833333333,-1.1309895833333334,-1.1375651041666666,0.0014461015416869138,-0.0020011794536620286,-0.00068359375,-0.00390625,3.697273763020833,-0.5777262369791667,-4.275,0.0006225950404959191,-0.005174058341223074,0.01866455078125,0.0166015625,0.017561848958333334,0.0135498046875,0.0001953125,0.00390625,0.154296875,2.6953125,-0.01934814453125,-0.017578125,0.4666666666666667,0.13333333333333333,0.3333333333333333,-0.03894124348958333,-0.0003701782226562515,5000
11,28,0.0077473958333333336,-1.1330729166666667,-1.1408203125,0.0017479525374355213,-0.0015693116657633846,0.00048828125,0.0029296875,3.69349365234375,-0.5789021809895833,-4.272395833333333,0.0008645264761563367,-0.0034891763702485485,0.014884440104166667,0.01318359375,0.013008626302083333,0.010986328125,0.0036946614583333332,-0.00390625,0.13671875,2.671875,-0.014396158854166667,0.001953125,0.5333333333333333,0.26666666666666666,0.5333333333333333,-0.03754374186197917,0.005078735351562491,5000
11,29,0.011197916666666667,-1.1329427083333334,-1.144140625,0.0015314239805786878,0.0015830931253123697,0.003938802083333333,0.0146484375,3.6963826497395833,-0.57757568359375,-4.273958333333334,0.0007005657734840171,-0.0055489959490411,0.0177734375,0.013671875,0.013330078125,0.00927734375,0.0021647135416666668,0.004638671875,0.154296875,2.6875,-0.013834635416666666,0.005615234375,0.6,0.2,0.6,-0.03812744140625,0.008106282552083323,5000
11,30,0.009733072916666667,-1.1311197916666667,-1.1408528645833333,0.001440123323174516,-5.394816268233914e-05,0.0024739583333333332,0.00390625,3.6903035481770834,-0.5815714518229167,-4.271875,0.0006916418115744375,-0.0022801776214723688,0.0116943359375,0.0107421875,0.00999755859375,0.013671875,0.0014322916666666666,0.0,0.140625,2.6943359375,-0.009220377604166666,0.008056640625,0.6666666666666666,0.3333333333333333,0.6,-0.030013020833333334,0.009116414388020808,5000
11,31,0.005908203125,-1.133984375,-1.139892578125,0.0015291899086208377,-0.0015443844982456865,-0.0013509114583333333,0.00390625,3.6954305013020834,-0.58009033203125,-4.275520833333333,0.0006993914319714711,-0.0045841607825375975,0.0168212890625,0.015625,0.013972981770833334,0.0234375,0.0012369791666666666,0.00390625,0.140625,2.69140625,-0.018172200520833334,-0.01953125,0.6,0.13333333333333333,0.3333333333333333,-0.03554768880208333,-0.0020994059244791694,5000
12,0,0.0099609375,-1.1350260416666667,-1.1449869791666667,0.001357419100826337,-0.0005259414580952022,0.0027018229166666666,-0.00390625,3.6953938802083335,-0.5790852864583333,-4.274479166666667,0.0008222938960928942,-0.004964043530805964,0.01678466796875,0.02496337890625,0.01064453125,0.0087890625,-0.0014485677083333334,0.00390625,0.13671875,2.6884765625,-0.014082845052083333,-0.0107421875,0.4,0.26666666666666666,0.4,-0.03313883463541666,0.0037776692708333098,5000
12,1,0.007177734375,-1.1348307291666666,-1.1420084635416667,0.0011892201628270374,-0.00043125156054434305,-8.138020833333333e-05,0.0078125,3.6902791341145833,-0.5800333658854167,-4.2703125,0.0005918790922794134,-0.0034781612530566204,0.011669921875,0.0078125,0.013761393229166667,0.015625,0.007194010416666666,0.01171875,0.138671875,2.6875,-0.011751302083333333,-0.00341796875,0.6,0.2,0.4,-0.034645792643229166,0.010051879882812479,5000
12,2,0.0049479166666666664,-1.1361979166666667,-1.1411458333333333,0.0011612163323563526,-0.0014122808461137165,-0.0023111979166666667,-0.00048828125,3.6926066080729165,-0.5797892252604167,-4.272395833333333,0.0006549475008938739,-0.003196510434602555,0.013997395833333334,0.0087890625,0.01187744140625,0.015625,0.0012858072916666667,0.004638671875,0.138671875,2.6796875,-0.01630859375,-0.0130615234375,0.4666666666666667,0.26666666666666666,0.4,-0.03497049967447916,0.0006681315104166549,5000
12,3,0.0036946614583333332,-1.1368489583333334,-1.1405436197916667,0.0013923178366252622,-0.003227493224258785,-0.003564453125,-0.00390625,3.6896402994791666,-0.5806722005208333,-4.2703125,0.0009195936643407069,-0.0034833802140354724,0.011031087239583333,0.00732421875,0.014078776041666666,0.01171875,0.0013020833333333333,-0.00390625,0.125,2.6875,-0.014595540364583333,-0.0126953125,0.4,0.2,0.26666666666666666,-0.03125844319661458,0.0021690877278645786,5000
12,4,0.007828776041666667,-1.1330078125,-1.1408365885416667,0.0012580685011261874,-0.0007993671059172392,0.0005696614583333334,-0.0078125,3.690047200520833,-0.5828694661458333,-4.272916666666666,0.0008776289646800471,-0.0019584156520590056,0.01143798828125,0.0081787109375,0.012646484375,0.0126953125,0.004720052083333333,0.0078125,0.15625,2.6875,-0.010868326822916666,-0.00390625,0.4666666666666667,0.26666666666666666,0.4,-0.03130330403645833,0.007869567871093748,5000
12,5,-0.000439453125,-1.1380208333333333,-1.1375813802083334,0.0011434931430460023,-0.0034688472994479544,-0.007698567708333334,-0.0078125,3.6966267903645833,-0.5783732096354167,-4.275,0.0007437212200436456,-0.004861493523122299,0.018017578125,0.0126953125,0.011869303385416667,0.01123046875,0.0038248697916666665,0.015625,0.15625,2.703125,-0.025716145833333332,-0.0250244140625,0.4666666666666667,0.06666666666666667,0.2,-0.04406758626302083,-0.007004801432291696,5000
12,6,0.00517578125,-1.1348958333333334,-1.1400716145833334,0.0012476513811993464,-0.0013621378793198314,-0.0020833333333333333,0.0,3.68839111328125,-0.5808797200520833,-4.269270833333334,0.0005853320016841363,-0.001949100075431933,0.009781901041666667,0.01171875,0.011539713541666666,0.0078125,0.006136067708333333,0.005859375,0.140625,2.703125,-0.011865234375,0.00390625,0.4666666666666667,0.3333333333333333,0.5333333333333333,-0.034168701171874996,0.007356770833333333,5000
12,7,0.008707682291666666,-1.1319661458333334,-1.140673828125,0.001401064175038467,-0.00043201732876882047,0.0014485677083333334,0.001953125,3.694291178385417,-0.5843546549479167,-4.278645833333333,0.0007244945399579943,-0.003914321005938406,0.015681966145833334,0.0234375,0.008138020833333334,0.0084228515625,0.00517578125,0.001953125,0.138671875,2.6875,-0.0142333984375,-0.0009765625,0.5333333333333333,0.3333333333333333,0.4,-0.03383809407552083,0.004524739583333334,5000
12,8,0.007600911458333333,-1.1340494791666667,-1.141650390625,0.0012929795014028436,-0.0011551100511306884,0.000341796875,0.00390625,3.6879638671875,-0.5771402994791667,-4.265104166666666,0.0007560275112614442,-0.0013757782594781092,0.009354654947916667,0.00390625,0.01973876953125,0.0166015625,0.008577473958333333,0.009765625,0.140625,2.6875,-0.009012858072916666,0.0029296875,0.6,0.3333333333333333,0.5333333333333333,-0.02820088704427083,0.00853841145833331,5000
12,9,0.011295572916666666,-1.1311848958333333,-1.14248046875,0.0015906139731599394,0.0009019564005274261,0.004036458333333334,0.015625,3.6972005208333334,-0.5777994791666666,-4.275,0.0006818024170933684,-0.005197166383539574,0.01859130859375,0.01953125,0.014884440104166667,0.01123046875,0.002490234375,0.0078125,0.15625,2.7109375,-0.014554850260416667,-0.0009765625,0.5333333333333333,0.26666666666666666,0.4666666666666667,-0.03923512776692708,0.0075624593098958005,5000
12,10,0.010319010416666666,-1.13046875,-1.1407877604166667,0.0011516613613028572,0.000416473345677421,0.0030598958333333333,0.001220703125,3.6954386393229166,-0.57904052734375,-4.274479166666667,0.0006568789120121476,-0.0046356744702603,0.016829427083333334,0.02001953125,0.016829427083333334,0.0185546875,9.765625e-05,-0.01171875,0.140625,2.7109375,-0.01376953125,-0.0068359375,0.5333333333333333,0.26666666666666666,0.3333333333333333,-0.031733194986979164,0.004232381184895824,5000
12,11,0.01279296875,-1.1325520833333333,-1.1453450520833333,0.001427674676949289,0.0005359954314650202,0.005533854166666667,0.01171875,3.694775390625,-0.581787109375,-4.2765625,0.0007351983930712212,-0.0033695110630214834,0.016166178385416667,0.01806640625,0.012479654947916667,0.0087890625,0.003857421875,0.009765625,0.15625,2.6796875,-0.01063232421875,-0.00909423828125,0.6,0.26666666666666666,0.4,-0.033423970540364584,0.011445515950520783,5000
12,12,0.015445963541666666,-1.1290364583333334,-1.144482421875,0.0012695909914749264,0.0018712163780305576,0.008186848958333333,0.0,3.69769287109375,-0.58043212890625,-4.278125,0.0008509714835303492,-0.005233484226353833,0.019083658854166668,0.008056640625,0.018404134114583335,0.0166015625,0.006819661458333333,0.01220703125,0.13671875,2.7119140625,-0.010896809895833333,-0.0045166015625,0.4666666666666667,0.13333333333333333,0.4,-0.029874674479166665,0.007569376627604152,5000
12,13,0.007779947916666667,-1.135546875,-1.1433268229166667,0.0012987727974184645,0.0005444305669108142,0.0005208333333333333,-0.001953125,3.6957804361979165,-0.5781778971354167,-4.273958333333334,0.0007551306654211336,-0.004242193585629704,0.017171223958333332,0.0234375,0.014827473958333334,0.015625,0.003076171875,0.001953125,0.15625,2.6796875,-0.016650390625,-0.0087890625,0.4,0.13333333333333333,0.3333333333333333,-0.03619791666666667,0.0018400065104166548,5000
12,14,0.006217447916666666,-1.13671875,-1.1429361979166666,0.001299377674117499,-0.00120445010010636,-0.0010416666666666667,0.0078125,3.690380859375,-0.5794108072916667,-4.269791666666666,0.0007566116432991952,-0.003742780396884241,0.011771647135416667,0.0078125,0.018693033854166666,0.02099609375,0.004606119791666667,0.00390625,0.15234375,2.6875,-0.012813313802083334,-0.0048828125,0.6,0.4,0.4666666666666667,-0.034768168131510416,0.007581075032552076,5000
12,15,0.007080078125,-1.1330078125,-1.140087890625,0.0013901043611614166,-0.0012709641067784913,-0.00017903645833333332,-0.0078125,3.6970703125,-0.5800130208333333,-4.277083333333334,0.000656661200642221,-0.005381854765922507,0.018461100260416665,0.01171875,0.009663899739583334,0.005859375,0.00146484375,0.00390625,0.138671875,2.6923828125,-0.01864013671875,-0.0087890625,0.4666666666666667,0.2,0.26666666666666666,-0.03789143880208333,-0.0001497395833333452,5000
12,16,0.007975260416666666,-1.1338541666666666,-1.1418294270833333,0.001736057760857792,-0.00022302183106652333,0.0007161458333333333,0.001953125,3.698905436197917,-0.5760945638020833,-4.275,0.0007873139593202924,-0.005770351003959371,0.020296223958333335,0.0234375,0.016341145833333334,0.0172119140625,0.0060384114583333336,0.015625,0.15625,2.6923828125,-0.019580078125,-0.0107421875,0.5333333333333333,0.2,0.4,-0.04401285807291667,0.00390625,5000
12,17,0.00546875,-1.1356119791666666,-1.1410807291666667,0.001202800098088018,-0.0021495690322791586,-0.0017903645833333333,0.0,3.68909912109375,-0.58121337890625,-4.2703125,0.0006575123334925367,-0.002387244310305616,0.010489908854166667,0.015625,0.0139892578125,0.0126953125,0.002620442708333333,-0.00390625,0.140625,2.6884765625,-0.0122802734375,-0.0166015625,0.4666666666666667,0.26666666666666666,0.4,-0.030550740559895834,0.005721028645833333,5000
12,18,0.014095052083333334,-1.1319010416666666,-1.14599609375,0.0011827524245396604,0.0011391587212500492,0.0068359375,0.00390625,3.6958740234375,-0.5806884765625,-4.2765625,0.0007564651951819487,-0.004818221933055632,0.017264811197916667,0.02099609375,0.016341145833333334,0.0087890625,-0.0003255208333333333,-0.009765625,0.140625,2.6875,-0.010428873697916667,-0.001953125,0.5333333333333333,0.2,0.4666666666666667,-0.028883666992187498,0.006348775227864567,5000
12,19,0.009098307291666666,-1.1340494791666667,-1.1431477864583333,0.0014817029653070466,-0.0006664489635200062,0.0018391927083333333,0.0,3.695731608072917,-0.5797892252604167,-4.275520833333333,0.0006668667284524296,-0.0036625578356892893,0.017122395833333335,0.01171875,0.012044270833333334,0.01123046875,0.005159505208333333,0.00390625,0.140625,2.666015625,-0.015283203125,-0.013671875,0.4666666666666667,0.26666666666666666,0.4,-0.03628255208333333,0.004638671875,5000
12,20,0.0076334635416666664,-1.1352864583333333,-1.142919921875,0.0013278566980685922,-0.000682488932753651,0.00037434895833333336,0.00390625,3.6937906901041666,-0.5796468098958333,-4.2734375,0.0008355021459953659,-0.004377853908145791,0.015181477864583333,0.01318359375,0.014949544270833334,0.017578125,0.001953125,0.00390625,0.15625,2.6953125,-0.01480712890625,-0.00390625,0.5333333333333333,0.26666666666666666,0.4666666666666667,-0.03861531575520833,0.0075241088867187425,5000
12,21,0.005143229166666667,-1.1329427083333334,-1.1380859375,0.0011644244664475191,-0.0012311035225014981,-0.0021158854166666665,0.0,3.698897298177083,-0.57662353515625,-4.275520833333333,0.0006523771553427513,-0.005863191354260043,0.0202880859375,0.0224609375,0.0208740234375,0.01953125,0.0009440104166666667,0.00390625,0.140625,2.703125,-0.022403971354166666,-0.0198974609375,0.4666666666666667,0.0,0.2,-0.036931355794270836,-0.009081827799479171,5000
12,22,0.003727213541666667,-1.1365885416666666,-1.1403157552083334,0.001357316108117938,-0.0024039303729846604,-0.0035319010416666667,0.001953125,3.695703125,-0.580859375,-4.2765625,0.0007607199100120445,-0.005509094743068806,0.017093912760416666,0.0126953125,0.016483561197916666,0.0224609375,0.0005859375,0.001953125,0.138671875,2.6953125,-0.020625813802083334,-0.00714111328125,0.5333333333333333,0.06666666666666667,0.3333333333333333,-0.04100626627604166,-0.0015656534830729301,5000
12,23,0.00927734375,-1.134375,-1.14365234375,0.001329189772845377,0.00038220205118813814,0.002018229166666667,-0.001953125,3.70155029296875,-0.5786580403645833,-4.280208333333333,0.0007733409935556333,-0.007549117478167824,0.022941080729166667,0.0291748046875,0.019600423177083333,0.021484375,0.00341796875,0.00390625,0.140625,2.7109375,-0.0209228515625,-0.0135498046875,0.4666666666666667,0.06666666666666667,0.2,-0.037182820638020836,-0.004484049479166667,5000
12,24,0.004475911458333333,-1.137890625,-1.1423665364583333,0.0014362999178440597,-0.0017463434603097394,-0.002783203125,-0.000732421875,3.6981526692708333,-0.5768473307291667,-4.275,0.0007240663921659291,-0.005766720941497773,0.01954345703125,0.0244140625,0.01187744140625,0.010986328125,0.0027669270833333335,0.001953125,0.140625,2.703125,-0.02232666015625,-0.015625,0.4666666666666667,0.13333333333333333,0.2,-0.040380859375,-0.005144958496093784,5000
12,25,0.01083984375,-1.1324869791666667,-1.1433268229166667,0.0013635018274311113,0.0007024472107187295,0.0035807291666666665,0.00390625,3.6921346028645834,-0.5776570638020834,-4.269791666666666,0.0006971958861423902,-0.0031333302973533487,0.013525390625,0.015625,0.009334309895833334,0.0107421875,0.0,0.00390625,0.140625,2.6923828125,-0.009944661458333334,-0.0013427734375,0.6,0.13333333333333333,0.4,-0.0286376953125,0.007259318033854164,5000
12,26,0.009733072916666667,-1.1348958333333334,-1.14462890625,0.00130105715681393,0.0002556456740007958,0.0024739583333333332,0.001953125,3.6927897135416665,-0.578564453125,-4.271354166666667,0.000677784382544767,-0.003910740120932996,0.014180501302083334,0.015625,0.010693359375,0.015625,0.005257161458333334,0.01171875,0.138671875,2.6953125,-0.01170654296875,-0.0068359375,0.6,0.26666666666666666,0.4666666666666667,-0.034741414388020836,0.009074910481770818,5000
12,27,0.007438151041666666,-1.1307942708333334,-1.138232421875,0.0013954897365496394,-0.002074609881952062,0.00017903645833333332,0.0,3.697884114583333,-0.5802408854166666,-4.278125,0.0008442455413945842,-0.004166935534919003,0.01927490234375,0.02496337890625,0.0185546875,0.01708984375,-0.0013997395833333333,0.00390625,0.123046875,2.6796875,-0.019095865885416667,-0.001953125,0.4666666666666667,0.26666666666666666,0.4,-0.039718017578125,0.0007827758789062278,5000
12,28,0.005224609375,-1.1359375,-1.141162109375,0.0014304849929391845,-0.0018699785744168563,-0.0020345052083333335,-0.00390625,3.6918986002604166,-0.5789347330729167,-4.270833333333333,0.0007455885036565698,-0.0023105516103308662,0.013289388020833333,0.01171875,0.011865234375,0.0078125,0.0033040364583333333,0.005859375,0.140625,2.6923828125,-0.015323893229166666,-0.007080078125,0.4666666666666667,0.3333333333333333,0.26666666666666666,-0.032633463541666664,0.00034993489583333334,5000
12,29,0.012418619791666667,-1.1339192708333334,-1.146337890625,0.0013159788231052031,0.0010869973511082878,0.005159505208333333,0.0029296875,3.6963826497395833,-0.58070068359375,-4.277083333333334,0.0006966213855883806,-0.00425562436482188,0.0177734375,0.0224609375,0.018900553385416668,0.015625,0.005257161458333334,-0.0009765625,0.15625,2.6767578125,-0.012613932291666666,-0.0068359375,0.5333333333333333,0.2,0.4666666666666667,-0.032853190104166666,0.0058028157552083275,5000
12,30,0.01005859375,-1.1341796875,-1.14423828125,0.0014686446699122742,-0.0003688494335946046,0.0027994791666666667,0.005859375,3.6960123697916667,-0.5810709635416667,-4.277083333333334,0.0007360471321536941,-0.005144322798704934,0.017403157552083333,0.021484375,0.016658528645833334,0.017578125,-0.001513671875,-0.001220703125,0.142578125,2.681640625,-0.014603678385416667,-0.00079345703125,0.6,0.26666666666666666,0.4666666666666667,-0.03818837483723958,0.00826965332031248,5000
12,31,0.010986328125,-1.1326171875,-1.143603515625,0.0012373326821175704,0.0005621044342882575,0.003727213541666667,0.001953125,3.6921671549479167,-0.57918701171875,-4.271354166666667,0.0008394472349937306,-0.0038694348892641542,0.013557942708333333,0.010986328125,0.01533203125,0.015625,0.005859375,0.0048828125,0.15625,2.6796875,-0.009830729166666666,-0.001953125,0.5333333333333333,0.13333333333333333,0.4,-0.029566040039062498,0.007967325846354163,5000
13,0,0.0029459635416666666,-1.137890625,-1.1408365885416667,0.0013960849261153046,-0.0027918085241644495,-0.004313151041666667,0.0,3.6968790690104165,-0.5817667643229166,-4.278645833333333,0.0007405039524289972,-0.004914713836372183,0.018269856770833332,0.0224609375,0.016878255208333335,0.02197265625,-0.0001953125,0.001953125,0.138671875,2.6943359375,-0.0225830078125,-0.0086669921875,0.4666666666666667,0.2,0.3333333333333333,-0.042937825520833334,-0.003897908528645836,5000
13,1,0.005240885416666666,-1.1352864583333333,-1.14052734375,0.0012456565102835374,-0.0010782440107631646,-0.002018229166666667,0.00390625,3.69449462890625,-0.5810262044270833,-4.275520833333333,0.0007301920041396339,-0.004652666915277762,0.015885416666666666,0.01904296875,0.017720540364583332,0.0224609375,-0.0010904947916666667,0.00390625,0.15625,2.6884765625,-0.017903645833333332,-0.00390625,0.5333333333333333,0.2,0.4666666666666667,-0.03778544108072917,0.0008146158854166549,5000
13,2,0.0060384114583333336,-1.134765625,-1.1408040364583334,0.0011251336126112874,-0.0015536464494759563,-0.001220703125,0.005859375,3.6939656575520834,-0.57686767578125,-4.270833333333333,0.0007163655112965721,-0.0046286947438322805,0.0153564453125,0.015380859375,0.014571126302083333,0.009765625,-0.00234375,0.0,0.138671875,2.6904296875,-0.0165771484375,-0.006103515625,0.6,0.2,0.3333333333333333,-0.03269938151041667,-0.0013260904947916727,5000
13,3,0.007877604166666666,-1.1348307291666666,-1.1427083333333334,0.0014119881619084724,-0.0007197076868008405,0.0006184895833333333,0.00390625,3.68951416015625,-0.5813191731770834,-4.270833333333333,0.0007414365907902979,-0.003311590241294132,0.010904947916666666,0.00390625,0.013297526041666667,0.01123046875,0.005533854166666667,0.01953125,0.140625,2.6953125,-0.010286458333333333,-0.00341796875,0.5333333333333333,0.13333333333333333,0.4,-0.030851440429687498,0.009799194335937485,5000
13,4,0.0027669270833333335,-1.1377604166666666,-1.14052734375,0.0012532973327564283,-0.0032872453786335835,-0.0044921875,0.0,3.7038533528645834,-0.57635498046875,-4.280208333333333,0.0008227990114144247,-0.00756619353311373,0.025244140625,0.02978515625,0.022025553385416667,0.02685546875,0.003271484375,0.0,0.13671875,2.71875,-0.029736328125,-0.0205078125,0.4666666666666667,0.13333333333333333,0.26666666666666666,-0.053964640299479165,-0.007135823567708351,5000
13,5,0.012744140625,-1.1310546875,-1.143798828125,0.0013412656347304582,0.000582393027934663,0.005485026041666666,0.01220703125,3.6920817057291666,-0.5797932942708334,-4.271875,0.0007277293105657797,-0.0027624978425995306,0.013472493489583333,0.0185546875,0.008284505208333333,0.010986328125,0.0029134114583333334,0.0078125,0.138671875,2.7109375,-0.007987467447916667,-0.00390625,0.6666666666666666,0.26666666666666666,0.4666666666666667,-0.02586761474609375,0.007854003906249988,5000
13,6,0.012141927083333334,-1.1332682291666667,-1.14541015625,0.0013045300725283468,0.0008259702800940802,0.0048828125,0.01171875,3.694441731770833,-0.5789957682291667,-4.2734375,0.0006542840849146495,-0.004740111764825566,0.01583251953125,0.0126953125,0.018343098958333335,0.02685546875,0.0030110677083333335,0.00390625,0.123046875,2.6875,-0.01094970703125,0.0009765625,0.5333333333333333,0.2,0.5333333333333333,-0.030351053873697915,0.006046752929687497,5000
13,7,0.009521484375,-1.1326171875,-1.142138671875,0.001210209650113148,-6.375074067149095e-05,0.002262369791666667,0.00390625,3.6918538411458335,-0.5805419921875,-4.272395833333333,0.0006962032979988438,-0.0037256685722565795,0.01324462890625,0.02392578125,0.010205078125,0.0009765625,0.00042317708333333335,0.009765625,0.134765625,2.68359375,-0.010982259114583334,-0.0078125,0.5333333333333333,0.3333333333333333,0.4666666666666667,-0.028740743001302083,0.006771138509114579,5000
13,8,0.003727213541666667,-1.1354166666666667,-1.1391438802083333,0.0013175492043979622,-0.0017089801261656987,-0.0035319010416666667,-0.00390625,3.6907023111979167,-0.5811726888020833,-4.271875,0.0007030745032829602,-0.0029182676889709293,0.012093098958333333,0.0150146484375,0.016031901041666668,0.01806640625,0.003076171875,0.0029296875,0.138671875,2.6923828125,-0.015625,-0.0068359375,0.4,0.2,0.3333333333333333,-0.031616617838541666,-0.002457478841145836,5000
13,9,0.008544921875,-1.134765625,-1.143310546875,0.001376112540299415,-0.00032699470241570117,0.0012858072916666667,-0.00390625,3.6895182291666666,-0.5802734375,-4.269791666666666,0.0007636479266340567,-0.0028156842220921903,0.010909016927083333,0.010986328125,0.014754231770833333,0.0166015625,0.004931640625,0.0078125,0.15234375,2.6796875,-0.009623209635416666,-0.0048828125,0.4666666666666667,0.26666666666666666,0.4666666666666667,-0.026912638346354167,0.005851745605468742,5000
13,10,0.010888671875,-1.1326822916666666,-1.1435709635416667,0.0013791307406674184,0.00024751615980462296,0.0036295572916666668,0.0,3.6988728841145835,-0.57821044921875,-4.277083333333334,0.000809402222046893,-0.005795800934351545,0.020263671875,0.02001953125,0.015572102864583333,0.0166015625,-0.0023274739583333333,0.0,0.15625,2.703125,-0.016634114583333335,-0.0166015625,0.4666666666666667,0.2,0.26666666666666666,-0.035726318359375,0.0012874348958333097,5000
13,11,0.009130859375,-1.1329427083333334,-1.1420735677083333,0.001383352375057033,-0.0005439591720838734,0.0018717447916666667,0.0,3.6902262369791665,-0.5847737630208333,-4.275,0.000733144912374209,-0.002977644125366316,0.011617024739583334,0.00390625,0.017610677083333335,0.0166015625,-0.001171875,0.00390625,0.119140625,2.6953125,-0.009745279947916666,-0.001953125,0.4666666666666667,0.3333333333333333,0.3333333333333333,-0.027194112141927084,0.006799418131510415,5000
13,12,0.007861328125,-1.1361979166666667,-1.1440592447916667,0.0014821130898396038,-0.0012611544767537931,0.0006022135416666667,0.01171875,3.7010498046875,-0.5765543619791667,-4.277604166666666,0.0008666366771008335,-0.006670553686365473,0.022440592447916668,0.0166015625,0.015690104166666666,0.0126953125,0.001220703125,0.001953125,0.15625,2.7060546875,-0.02183837890625,-0.0283203125,0.6,0.06666666666666667,0.3333333333333333,-0.041980082194010414,-0.0012368774414062513,5000
13,13,0.005387369791666667,-1.1354166666666667,-1.1408040364583334,0.0014851124218363747,-0.0019923925415741717,-0.0018717447916666667,0.00390625,3.6948649088541665,-0.5790934244791667,-4.273958333333334,0.0006778480059732003,-0.0034853960790006333,0.016255696614583332,0.015625,0.01123046875,0.005859375,0.0045735677083333336,0.001953125,0.140625,2.70703125,-0.01812744140625,-0.015625,0.5333333333333333,0.13333333333333333,0.3333333333333333,-0.0348394775390625,-0.003910217285156252,5000
13,14,0.008935546875,-1.133203125,-1.142138671875,0.0013088932512524201,-0.00041973323554645527,0.0016764322916666666,0.0078125,3.69537353515625,-0.5775431315104167,-4.272916666666666,0.0007110472061207659,-0.0039986511048404425,0.016764322916666668,0.0216064453125,0.017972819010416665,0.0244140625,0.004361979166666667,0.00390625,0.15234375,2.703125,-0.015087890625,-0.0078125,0.5333333333333333,0.2,0.3333333333333333,-0.03142964680989583,7.344563802083037e-05,5000
13,15,0.012158203125,-1.1320963541666667,-1.1442545572916667,0.0012823475506569988,0.0005381497403729827,0.004899088541666667,0.01025390625,3.69188232421875,-0.57843017578125,-4.2703125,0.0007478446126202065,-0.004619924088904912,0.013273111979166667,0.009765625,0.01221923828125,0.0159912109375,0.002978515625,0.0078125,0.15625,2.6953125,-0.0083740234375,0.00390625,0.6666666666666666,0.13333333333333333,0.5333333333333333,-0.0275811767578125,0.008579101562499976,5000
13,16,0.010791015625,-1.1315755208333333,-1.1423665364583333,0.001340470669843983,0.0007799290214136998,0.0035319010416666667,0.001953125,3.6988728841145835,-0.5761271158854167,-4.275,0.0007236167221956386,-0.006432829662362532,0.020263671875,0.015625,0.010701497395833334,0.015380859375,0.0,0.00390625,0.138671875,2.7099609375,-0.016731770833333333,-0.015625,0.5333333333333333,0.06666666666666667,0.4,-0.035670572916666664,0.0007979329427083274,5000
13,17,0.002620442708333333,-1.1358072916666666,-1.138427734375,0.0012337734527748593,-0.0028569235459348264,-0.004638671875,-0.001953125,3.6912801106770834,-0.58267822265625,-4.273958333333334,0.0006706112468584384,-0.0025765615202505876,0.0126708984375,0.0081787109375,0.015543619791666666,0.01953125,-0.0008138020833333334,0.005615234375,0.140625,2.6875,-0.0173095703125,-0.01416015625,0.4666666666666667,0.13333333333333333,0.2,-0.03364298502604167,-0.0025309244791666668,5000
13,18,0.010481770833333333,-1.1346354166666666,-1.1451171875,0.0012686453906147596,-6.799769727492711e-05,0.00322265625,0.0,3.688834635416667,-0.58251953125,-4.271354166666667,0.0006862707712485494,-0.0011710437153924578,0.010225423177083333,0.008056640625,0.016825358072916668,0.0150146484375,-0.001611328125,0.00390625,0.13671875,2.6953125,-0.007002766927083333,-0.0078125,0.4666666666666667,0.26666666666666666,0.4,-0.0255462646484375,0.010844523111979157,5000
13,19,0.007161458333333333,-1.1363932291666667,-1.1435546875,0.0012810992450626175,-0.0009433081919871316,-9.765625e-05,0.00390625,3.69488525390625,-0.57855224609375,-4.2734375,0.0008214924384095957,-0.0037050239612797676,0.016276041666666668,0.013671875,0.017183430989583335,0.015625,0.0006673177083333333,0.0,0.119140625,2.6875,-0.016373697916666666,-0.0155029296875,0.5333333333333333,0.13333333333333333,0.26666666666666666,-0.03638570149739583,0.0008469645182291578,5000
13,20,0.00712890625,-1.1336588541666666,-1.1407877604166667,0.001321073940991672,-0.0015475868361956397,-0.00013020833333333333,0.0,3.69642333984375,-0.57857666015625,-4.275,0.0007424870481032051,-0.0051495851077749625,0.017814127604166667,0.0126953125,0.017032877604166666,0.017578125,-0.00026041666666666666,0.00390625,0.13671875,2.703125,-0.0179443359375,-0.0098876953125,0.4666666666666667,0.06666666666666667,0.4,-0.03718363444010417,-0.00039021809895833925,5000
13,21,0.0064453125,-1.1375,-1.1439453125,0.0012678736066219292,-0.0014833674030904458,-0.0008138020833333334,0.0,3.6890055338541665,-0.5813069661458333,-4.2703125,0.0009740678752486546,-0.0031630493021820383,0.010396321614583334,0.0107421875,0.016109212239583334,0.015625,0.00185546875,0.0,0.15625,2.6875,-0.011210123697916666,0.00439453125,0.4666666666666667,0.3333333333333333,0.6,-0.032758483886718745,0.007515563964843749,5000
13,22,0.008837890625,-1.135546875,-1.144384765625,0.0013037703297249447,-0.00027888567890651687,0.0015787760416666667,0.00390625,3.69073486328125,-0.5785359700520833,-4.269270833333334,0.0007172834371916789,-0.002782162670475379,0.012125651041666666,0.008544921875,0.014872233072916666,0.01171875,0.0014485677083333334,0.006103515625,0.15625,2.6875,-0.010546875,0.0,0.5333333333333333,0.26666666666666666,0.4666666666666667,-0.030973307291666665,0.007634277343749988,5000
13,23,0.01337890625,-1.1352864583333333,-1.1486653645833333,0.0012012619944620916,0.001009718049085725,0.006119791666666667,0.00390625,3.695243326822917,-0.57923583984375,-4.274479166666667,0.000679431161407684,-0.004188725199695042,0.016634114583333335,0.01953125,0.016117350260416666,0.023681640625,-0.0013997395833333333,0.005126953125,0.140625,2.7109375,-0.010514322916666667,-0.01025390625,0.5333333333333333,0.2,0.4,-0.0314453125,0.010156656901041661,5000
13,24,0.008902994791666667,-1.1350260416666667,-1.1439290364583334,0.0012362511005750308,-0.0006112818637140793,0.0016438802083333333,0.005859375,3.696219889322917,-0.5761759440104167,-4.272395833333333,0.0008160678449966402,-0.005167051598954188,0.017610677083333335,0.0126953125,0.019429524739583332,0.02520751953125,-0.0012369791666666666,0.0,0.15625,2.69140625,-0.015966796875,-0.00537109375,0.6666666666666666,0.2,0.4,-0.035213623046874996,0.0026125081380208304,5000
13,25,0.005843098958333333,-1.1367838541666666,-1.142626953125,0.0011931228459711968,-0.0020569385294062653,-0.001416015625,0.0,3.6950358072916667,-0.5830891927083334,-4.278125,0.001077703957977791,-0.00411592584750855,0.016426595052083333,0.01806640625,0.015592447916666667,0.01171875,0.003938802083333333,0.00390625,0.138671875,2.70703125,-0.017842610677083332,-0.01483154296875,0.4666666666666667,0.2,0.3333333333333333,-0.03606801350911458,-0.00019927978515625147,5000
13,26,0.0064453125,-1.1354166666666667,-1.1418619791666667,0.001355705421168933,-0.00170918661503823,-0.0008138020833333334,0.0078125,3.687935384114583,-0.57977294921875,-4.267708333333333,0.0009290345391252779,-0.002335386280667566,0.009326171875,0.0081787109375,0.010205078125,0.0078125,-0.000732421875,0.001953125,0.138671875,2.6943359375,-0.010139973958333333,0.0068359375,0.6,0.26666666666666666,0.5333333333333333,-0.028663126627604167,0.007764282226562491,5000
13,27,0.006201171875,-1.1358072916666666,-1.1420084635416667,0.0012159616450881654,-0.0011418219234605744,-0.0010579427083333333,-0.00390625,3.694205729166667,-0.5787109375,-4.272916666666666,0.0007317523215329881,-0.004039467662001449,0.015596516927083333,0.01715087890625,0.015185546875,0.01171875,0.0020345052083333335,0.00390625,0.123046875,2.703125,-0.016654459635416667,-0.00323486328125,0.4666666666666667,0.13333333333333333,0.4,-0.0353778076171875,2.9296874999988157e-05,5000
13,28,0.010237630208333333,-1.1341145833333333,-1.1443522135416666,0.0013592362932130704,8.623049891248896e-05,0.002978515625,-0.001953125,3.6938232421875,-0.5790934244791667,-4.272916666666666,0.0007579326999975773,-0.002671806470299214,0.015214029947916667,0.0240478515625,0.01558837890625,0.0172119140625,0.0009765625,0.0,0.134765625,2.6875,-0.012235514322916667,-0.019287109375,0.4666666666666667,0.3333333333333333,0.26666666666666666,-0.031681722005208336,0.0065925089518229065,5000
13,29,0.0060546875,-1.1357421875,-1.141796875,0.0010613577340081168,-0.0009805285311135156,-0.0012044270833333334,0.00390625,3.6973388671875,-0.5771402994791667,-4.274479166666667,0.0007334460937482926,-0.005031679947773513,0.018729654947916667,0.015625,0.009969075520833334,0.0078125,0.0012532552083333334,0.00390625,0.138671875,2.6953125,-0.01993408203125,-0.02203369140625,0.6,0.2,0.3333333333333333,-0.038529764811197915,-0.003090006510416702,5000
13,30,0.010270182291666667,-1.1336588541666666,-1.1439290364583334,0.0012024442412027225,0.0008224060847156469,0.0030110677083333335,0.001953125,3.692696126302083,-0.57969970703125,-4.272395833333333,0.0007065248461231903,-0.003529274892167035,0.0140869140625,0.00830078125,0.017399088541666666,0.015625,0.0034016927083333334,0.00390625,0.138671875,2.6953125,-0.011075846354166667,-0.01171875,0.5333333333333333,0.26666666666666666,0.4666666666666667,-0.028483479817708334,0.003141886393229158,5000
13,31,0.003466796875,-1.1341796875,-1.137646484375,0.0012828946293201202,-0.0038007602638774154,-0.0037923177083333333,-0.005859375,3.69609375,-0.5799479166666667,-4.276041666666667,0.0008019937707293438,-0.004665462273888245,0.017484537760416665,0.015625,0.012467447916666667,0.010986328125,0.00390625,0.0078125,0.119140625,2.7109375,-0.02127685546875,-0.025390625,0.4,0.13333333333333333,0.26666666666666666,-0.034827779134114584,-0.00852722167968752,5000
14,0,0.008870442708333334,-1.1342447916666667,-1.143115234375,0.001316278406945462,-0.0010198996407101903,0.001611328125,-0.001953125,3.6933349609375,-0.5801025390625,-4.2734375,0.0007530015067020341,-0.003985625231114782,0.014725748697916667,0.0078125,0.014192708333333333,0.0159912109375,0.0026529947916666668,0.00390625,0.140625,2.6953125,-0.013114420572916667,-0.0087890625,0.4666666666666667,0.26666666666666666,0.3333333333333333,-0.030778605143229165,0.0036184692382812337,5000
14,1,0.014632161458333333,-1.1318359375,-1.1464680989583333,0.001378174877284589,0.0014725946202111331,0.007373046875,0.00390625,3.6978434244791667,-0.5797607421875,-4.277604166666666,0.0006577211254893878,-0.005489241749842746,0.019234212239583333,0.01788330078125,0.017374674479166668,0.01171875,0.0001953125,0.0,0.140625,2.7080078125,-0.011861165364583334,-0.0029296875,0.5333333333333333,0.06666666666666667,0.4666666666666667,-0.029689737955729163,0.0043786621093749945,5000
14,2,0.009716796875,-1.1334635416666667,-1.1431803385416666,0.0014190466989911807,-0.0006602043852534017,0.0024576822916666666,0.001953125,3.688309733072917,-0.58148193359375,-4.269791666666666,0.0008044882214848971,-0.001981092851274983,0.009700520833333334,0.0009765625,0.01978759765625,0.0146484375,0.007470703125,0.00390625,0.138671875,2.68359375,-0.007242838541666667,0.00927734375,0.5333333333333333,0.3333333333333333,0.6,-0.028174845377604167,0.011319986979166667,5000
14,3,0.01025390625,-1.1335286458333333,-1.1437825520833333,0.0010908614302522228,0.0003297169857548257,0.002994791666666667,0.0,3.6906494140625,-0.5770589192708333,-4.267708333333333,0.0007801090766488914,-0.0027043711651666964,0.012040201822916667,0.0087890625,0.01605224609375,0.015380859375,0.0045735677083333336,0.015625,0.15625,2.6875,-0.00904541015625,-0.014892578125,0.4666666666666667,0.13333333333333333,0.4,-0.02487233479817708,0.00621002197265624,5000
14,4,0.008902994791666667,-1.1325520833333333,-1.141455078125,0.0012930401115878994,0.00012021084006490021,0.0016438802083333333,0.0078125,3.6960774739583333,-0.5773600260416667,-4.2734375,0.0007152466147180872,-0.004606167754050886,0.01746826171875,0.0185546875,0.015511067708333333,0.0155029296875,0.0016927083333333334,0.00390625,0.140625,2.71875,-0.015824381510416666,-0.00665283203125,0.6,0.13333333333333333,0.3333333333333333,-0.03533966064453125,0.0016120402018229062,5000
14,5,0.01396484375,-1.13203125,-1.14599609375,0.0013741425540886403,0.0007269967092813044,0.006705729166666666,0.00390625,3.6874715169270833,-0.5791951497395833,-4.266666666666667,0.000679595468567634,-0.0020623598961202537,0.0088623046875,0.0078125,0.012784830729166667,0.015380859375,0.0016438802083333333,0.001953125,0.138671875,2.6796875,-0.0021565755208333335,0.0042724609375,0.6,0.26666666666666666,0.6,-0.017301635742187498,0.01158935546874999,5000
14,6,0.005126953125,-1.1342447916666667,-1.1393717447916667,0.00116522374615568,-0.001807267794939297,-0.002132161458333333,-0.001953125,3.6900838216145835,-0.58074951171875,-4.270833333333333,0.0007365089746263424,-0.003200051311328742,0.011474609375,0.0146484375,0.017594401041666666,0.017578125,-0.0012858072916666667,-0.001953125,0.140625,2.6953125,-0.013606770833333334,-0.00390625,0.4,0.26666666666666666,0.26666666666666666,-0.028369140625,-0.00031717936197916963,5000
14,7,0.006722005208333334,-1.1348958333333334,-1.1416178385416667,0.001668132839232278,-0.001792019228870807,-0.000537109375,0.013671875,3.69615478515625,-0.5809285481770833,-4.277083333333334,0.0008183073990124449,-0.00395534574624458,0.017545572916666665,0.0185546875,0.014013671875,0.0084228515625,0.0045735677083333336,0.00390625,0.140625,2.681640625,-0.018082682291666666,-0.010498046875,0.6,0.2,0.4,-0.03771687825520833,0.0010257975260416607,5000
14,8,0.0103515625,-1.1326822916666666,-1.1430338541666667,0.0015910079673138325,-0.0002546472831002155,0.0030924479166666665,0.0078125,3.69781494140625,-0.5792683919270833,-4.277083333333334,0.0007533757910695866,-0.0060243127791429745,0.019205729166666668,0.02685546875,0.017041015625,0.02001953125,0.002864583333333333,0.00390625,0.140625,2.70703125,-0.01611328125,-0.000732421875,0.6666666666666666,0.13333333333333333,0.4666666666666667,-0.03384765625,0.00017130533854166073,5000
14,9,0.008284505208333333,-1.1328125,-1.1410970052083333,0.0012141499894467865,-0.00019309962712403655,0.001025390625,0.001953125,3.6963094075520835,-0.57452392578125,-4.270833333333333,0.0008713047788450878,-0.005094357137328157,0.0177001953125,0.017578125,0.017716471354166666,0.01953125,0.0009440104166666667,0.00390625,0.15625,2.71875,-0.0166748046875,-0.0125732421875,0.5333333333333333,0.13333333333333333,0.4,-0.035538736979166666,0.0018229166666666667,5000
14,10,0.009407552083333333,-1.1356119791666666,-1.14501953125,0.0014416339804522366,-0.0017480847995723938,0.0021484375,0.0,3.69637451171875,-0.58018798828125,-4.2765625,0.0007508592800774194,-0.004339818907505895,0.017765299479166666,0.01513671875,0.016097005208333334,0.01220703125,0.00037434895833333336,-0.0078125,0.13671875,2.703125,-0.015616861979166667,-0.009521484375,0.4666666666666667,0.2,0.4,-0.03372456868489583,0.0006927490234374852,5000
14,11,0.0065266927083333336,-1.1322916666666667,-1.138818359375,0.00123798482042914,-0.001278712597180196,-0.000732421875,0.0,3.69881591796875,-0.57774658203125,-4.2765625,0.0007843079539696801,-0.005550820863826416,0.020206705729166666,0.01953125,0.018216959635416665,0.023681640625,-3.255208333333333e-05,0.00390625,0.13671875,2.6796875,-0.020939127604166666,0.0,0.4666666666666667,0.13333333333333333,0.3333333333333333,-0.04180643717447916,-0.003767700195312503,5000
14,12,0.007845052083333333,-1.133984375,-1.1418294270833333,0.0013343957720494935,-0.0010248849256505534,0.0005859375,-0.00390625,3.6918701171875,-0.5794840494791667,-4.271354166666667,0.0008635922167731909,-0.0034234774957877467,0.013260904947916667,0.015625,0.015523274739583334,0.01171875,-0.0013671875,-0.001953125,0.15234375,2.6796875,-0.012674967447916666,-0.00634765625,0.4666666666666667,0.3333333333333333,0.26666666666666666,-0.028887023925781248,0.0035943603515624792,5000
14,13,0.01591796875,-1.1327473958333334,-1.1486653645833333,0.0013698319744135242,0.0022525881436317257,0.008658854166666667,0.01171875,3.68658447265625,-0.5785196940104167,-4.265104166666666,0.0007538664405568915,-0.0023862638561397867,0.007975260416666666,0.0078125,0.01328125,0.0087890625,0.0018880208333333333,0.001953125,0.15234375,2.69140625,0.00068359375,-0.00390625,0.6,0.2,0.4666666666666667,-0.018523356119791664,0.01940938313802083,5000
14,14,0.0050618489583333336,-1.1373697916666667,-1.142431640625,0.0015806472534990574,-0.0007315078278343677,-0.002197265625,-0.0029296875,3.703515625,-0.576171875,-4.2796875,0.0006971025241978341,-0.007707241040388185,0.024906412760416666,0.02978515625,0.016324869791666665,0.015625,0.002197265625,0.00390625,0.15625,2.734375,-0.027103678385416666,-0.02001953125,0.4666666666666667,0.06666666666666667,0.3333333333333333,-0.04886250813802083,-0.008385925292968754,5000
14,15,0.007877604166666666,-1.1348307291666666,-1.1427083333333334,0.001318937582185012,-0.000636791017344112,0.0006184895833333333,0.009521484375,3.695747884114583,-0.5776896158854167,-4.2734375,0.0006688297961277547,-0.0036422611608352157,0.017138671875,0.015625,0.016731770833333333,0.01904296875,-0.004768880208333334,0.0,0.15625,2.703125,-0.016520182291666668,-0.0146484375,0.5333333333333333,0.2,0.3333333333333333,-0.03479024251302083,0.00011413574218749704,5000
14,16,0.006461588541666666,-1.13515625,-1.1416178385416667,0.0014036278871709517,-0.0012496823907057091,-0.0007975260416666667,0.001953125,3.691117350260417,-0.57711181640625,-4.268229166666667,0.000894293129380318,-0.002162182927593936,0.012508138020833334,0.00390625,0.019645182291666667,0.01953125,0.0035481770833333333,0.01171875,0.123046875,2.68359375,-0.0133056640625,-0.0009765625,0.6,0.3333333333333333,0.4,-0.03504414876302083,0.00407063802083331,5000
14,17,0.011311848958333334,-1.1314453125,-1.1427571614583334,0.0013245716340038183,0.0009893277745088693,0.004052734375,0.01171875,3.695450846354167,-0.5769449869791666,-4.272395833333333,0.0007637281682406143,-0.004787143301778897,0.016841634114583334,0.01806640625,0.012841796875,0.0155029296875,-0.0005696614583333334,0.0,0.15625,2.7080078125,-0.012788899739583333,-0.00390625,0.6,0.3333333333333333,0.4,-0.03391204833984375,0.00693420410156249,5000
14,18,0.007763671875,-1.1365234375,-1.144287109375,0.001292206755444322,-0.0003129833462008577,0.0005045572916666667,-0.0009765625,3.69283447265625,-0.57747802734375,-4.2703125,0.0006809824020993168,-0.0035172303754625574,0.014225260416666666,0.01171875,0.0161376953125,0.015625,0.0021647135416666668,0.00390625,0.123046875,2.703125,-0.013720703125,-0.0078125,0.4666666666666667,0.26666666666666666,0.26666666666666666,-0.034831339518229164,0.006160685221354164,5000
14,19,0.009879557291666667,-1.1350260416666667,-1.1449055989583334,0.0011280664326908752,-0.00018163695573062503,0.002620442708333333,0.003173828125,3.688981119791667,-0.5787272135416667,-4.267708333333333,0.0006291354059795683,-0.003004301007294339,0.010371907552083334,0.01123046875,0.01427001953125,0.0146484375,-0.0029622395833333332,-0.001953125,0.15234375,2.70703125,-0.00775146484375,-0.00738525390625,0.6,0.13333333333333333,0.3333333333333333,-0.0271575927734375,0.012876078287760391,5000
14,20,0.008935546875,-1.1337890625,-1.142724609375,0.0013965088948316969,-1.3374334173469303e-05,0.0016764322916666666,0.001953125,3.70291748046875,-0.5772908528645834,-4.280208333333333,0.0008255571981519376,-0.006613900456863411,0.024308268229166666,0.0284423828125,0.01182861328125,0.010986328125,0.000439453125,-0.001953125,0.138671875,2.6953125,-0.0226318359375,-0.015625,0.5333333333333333,0.06666666666666667,0.13333333333333333,-0.040413614908854166,-0.007096354166666667,5000
14,21,0.006689453125,-1.1354817708333333,-1.1421712239583333,0.0012836446040874047,-0.001384003957744561,-0.0005696614583333334,-0.00390625,3.699027506510417,-0.5775349934895834,-4.2765625,0.0008125901975261298,-0.005117415296220005,0.020418294270833335,0.0224609375,0.01510009765625,0.02099609375,0.001904296875,0.001953125,0.134765625,2.6865234375,-0.020987955729166667,-0.018798828125,0.4,0.26666666666666666,0.26666666666666666,-0.040902099609375,-0.002359822591145836,5000
14,22,0.01240234375,-1.1323567708333333,-1.1447591145833333,0.0015782267017883738,0.0007786598679684736,0.005143229166666667,0.0,3.697456868489583,-0.5759806315104167,-4.2734375,0.0007167006695315264,-0.00608952663748338,0.01884765625,0.0234375,0.0150390625,0.0107421875,0.0016764322916666666,0.00390625,0.140625,2.6953125,-0.013704427083333333,-0.0050048828125,0.4666666666666667,0.26666666666666666,0.4,-0.036451416015625,0.0076930745442707945,5000
14,23,0.008463541666666666,-1.1348958333333334,-1.143359375,0.0013556542772384375,-0.0005831989416444544,0.0012044270833333334,0.0078125,3.6951944986979166,-0.5772013346354167,-4.272395833333333,0.0008176600982184582,-0.003927236251034207,0.016585286458333334,0.0224609375,0.018436686197916666,0.01788330078125,-0.00029296875,0.0078125,0.15625,2.7021484375,-0.015380859375,-0.0068359375,0.6,0.2,0.3333333333333333,-0.04015340169270833,0.008675130208333333,5000
14,24,0.0083984375,-1.1342447916666667,-1.1426432291666666,0.001321388542196653,3.673666089066783e-05,0.0011393229166666667,0.00390625,3.691056315104167,-0.5823811848958333,-4.2734375,0.0007118173870354703,-0.003444382719628473,0.012447102864583334,0.010986328125,0.0155029296875,0.0152587890625,0.0032877604166666667,0.00390625,0.134765625,2.6640625,-0.011307779947916667,-0.001953125,0.6,0.13333333333333333,0.4666666666666667,-0.031546020507812494,0.006907450358072883,5000
14,25,0.007779947916666667,-1.1334635416666667,-1.1412434895833334,0.0014039974972227733,-0.0014548645760224907,0.0005208333333333333,-0.001953125,3.6938232421875,-0.5785725911458334,-4.272395833333333,0.0006201356778773875,-0.004008315346481566,0.015214029947916667,0.01123046875,0.013346354166666666,0.0166015625,0.007828776041666667,0.015625,0.13671875,2.6875,-0.014693196614583333,-0.0107421875,0.4,0.13333333333333333,0.3333333333333333,-0.032918701171875,0.0025084431966145553,5000
14,26,0.002978515625,-1.1377604166666666,-1.1407389322916666,0.001363715680209984,-0.0019172284426325046,-0.004280598958333334,0.001953125,3.6941121419270835,-0.5824503580729167,-4.2765625,0.000706496757796331,-0.0037192517753011226,0.0155029296875,0.0078125,0.01822509765625,0.0152587890625,0.003483072916666667,0.00390625,0.13671875,2.671875,-0.019783528645833333,-0.014404296875,0.5333333333333333,0.4,0.3333333333333333,-0.03541707356770833,-0.004979451497395848,5000
14,27,0.010514322916666667,-1.13359375,-1.1441080729166666,0.0013121084313908787,0.00011005701987339706,0.0032552083333333335,0.00390625,3.6868082682291665,-0.5798583984375,-4.266666666666667,0.0006502963697936833,-0.0022771515649657272,0.008199055989583334,0.0078125,0.010933430989583333,0.0048828125,0.0008626302083333333,0.005859375,0.140625,2.71484375,-0.00494384765625,-0.0009765625,0.6,0.3333333333333333,0.4666666666666667,-0.020650533040364582,0.009753926595052077,5000
14,28,0.011572265625,-1.13359375,-1.145166015625,0.001445962030989195,0.0006013744327490189,0.004313151041666667,0.017578125,3.6955159505208335,-0.5789632161458333,-4.274479166666667,0.0006998311588757955,-0.004905944613723691,0.01690673828125,0.01171875,0.017801920572916668,0.0166015625,0.002197265625,0.001953125,0.15625,2.703125,-0.012593587239583334,-0.0029296875,0.6,0.13333333333333333,0.4666666666666667,-0.030924479166666668,0.0038945515950520758,5000
14,29,0.0146484375,-1.1288411458333334,-1.1434895833333334,0.0012521083826433667,0.0015116671611850026,0.0073893229166666664,0.0068359375,3.69307861328125,-0.5777547200520833,-4.270833333333333,0.0007814356536473538,-0.004290459365380681,0.014469401041666666,0.017578125,0.016044108072916667,0.01171875,0.000634765625,0.001953125,0.13671875,2.7001953125,-0.007080078125,0.0,0.6,0.2,0.4666666666666667,-0.027173055013020832,0.01169453938802083,5000
14,30,0.014583333333333334,-1.1324869791666667,-1.1470703125,0.0012644609779354102,0.001521255957321323,0.00732421875,0.001953125,3.6937255859375,-0.5802327473958333,-4.273958333333334,0.0009849007577560963,-0.0030976775283070176,0.015116373697916666,0.0078125,0.019954427083333334,0.021484375,-0.0026692708333333334,0.0,0.15234375,2.6845703125,-0.007792154947916667,0.001953125,0.5333333333333333,0.2,0.5333333333333333,-0.029281209309895834,0.0102875773111979,5000
14,31,0.0072265625,-1.134375,-1.1416015625,0.001230395539357308,-0.0008880276042724697,-3.255208333333333e-05,0.00390625,3.699715169270833,-0.5778889973958333,-4.277604166666666,0.0007116975467421614,-0.0059309636544217685,0.02110595703125,0.015625,0.012129720052083333,0.015625,0.002978515625,0.005859375,0.140625,2.6953125,-0.021138509114583332,-0.013671875,0.5333333333333333,0.06666666666666667,0.3333333333333333,-0.03961669921875,-0.0033365885416666665,5000
15,0,0.0107421875,-1.1327473958333334,-1.1434895833333334,0.0013518860972524828,2.9318070259442588e-05,0.003483072916666667,0.00390625,3.697884114583333,-0.5755533854166667,-4.2734375,0.0008073733251658968,-0.005066719425785274,0.01927490234375,0.01953125,0.018778483072916668,0.01220703125,0.004231770833333333,0.0,0.140625,2.7109375,-0.015791829427083334,-0.015625,0.6,0.13333333333333333,0.26666666666666666,-0.029598795572916666,-0.00306396484375,5000
15,1,0.008707682291666666,-1.1337239583333334,-1.142431640625,0.0015040643201428955,-0.0012335600665080407,0.0014485677083333334,0.005859375,3.68961181640625,-0.58538818359375,-4.275,0.000803969333759888,-0.002179458060610146,0.011002604166666667,0.013671875,0.01629638671875,0.01123046875,0.006819661458333333,0.01171875,0.13671875,2.65234375,-0.009554036458333333,-0.0009765625,0.5333333333333333,0.26666666666666666,0.4,-0.0312744140625,0.00913146972656249,5000
15,2,0.012125651041666666,-1.130859375,-1.1429850260416667,0.0013767957127125625,0.0003132244130032098,0.004866536458333333,0.00390625,3.68883056640625,-0.5793986002604167,-4.268229166666667,0.0006935979642514716,-0.002613635377502983,0.010221354166666667,0.0081787109375,0.010262044270833333,0.00390625,-0.003108723958333333,-0.001953125,0.13671875,2.6953125,-0.005354817708333333,0.0,0.6,0.2,0.4666666666666667,-0.025447794596354167,0.012662963867187496,5000
15,3,0.012272135416666666,-1.13359375,-1.1458658854166666,0.001592902835852038,0.0008694369535245987,0.005013020833333334,0.0078125,3.69859619140625,-0.5774454752604167,-4.276041666666667,0.0007769362198959795,-0.005948364930082161,0.019986979166666665,0.0234375,0.01231689453125,0.0068359375,0.003564453125,0.0,0.140625,2.71484375,-0.014973958333333334,-0.015625,0.6,0.0,0.4,-0.033553670247395834,0.0016605631510416606,5000
15,4,0.010514322916666667,-1.1349609375,-1.1454752604166667,0.0013722905716149608,0.0003841564833998635,0.0032552083333333335,0.0078125,3.687483723958333,-0.5797037760416667,-4.2671875,0.0007446282126227608,-0.0014199383093570484,0.00887451171875,0.00390625,0.0189697265625,0.0224609375,0.0013509114583333333,0.0,0.15625,2.6953125,-0.0056193033854166664,0.0,0.6666666666666666,0.2,0.4,-0.026994425455729165,0.01350941975911458,5000
15,5,0.007975260416666666,-1.133203125,-1.1411783854166666,0.0012869397562488912,-0.0011383416391021264,0.0007161458333333333,-0.001953125,3.6973388671875,-0.5781819661458333,-4.275520833333333,0.000818408819843472,-0.004891928546490695,0.018729654947916667,0.0185546875,0.014090983072916667,0.01806640625,0.0014811197916666666,0.01171875,0.134765625,2.703125,-0.018013509114583333,-0.0146484375,0.4666666666666667,0.2,0.4,-0.037459716796875,0.00031422932942707006,5000
15,6,0.011490885416666667,-1.1331380208333333,-1.14462890625,0.0014903857884328816,-0.00021184071013348184,0.004231770833333333,-0.001953125,3.696484375,-0.580078125,-4.2765625,0.0007209569257590994,-0.00454658509383756,0.017875162760416667,0.02099609375,0.01783447265625,0.0078125,-0.004964192708333333,-0.001953125,0.134765625,2.6953125,-0.013643391927083333,-0.005859375,0.4666666666666667,0.13333333333333333,0.4,-0.03098175048828125,0.0035328165690104033,5000
15,7,0.010888671875,-1.1334635416666667,-1.1443522135416666,0.0014536889051940576,-7.224235856954687e-05,0.0036295572916666668,0.01318359375,3.6922566731770834,-0.5790974934895833,-4.271354166666667,0.0006797982338615609,-0.0031519187488,0.0136474609375,0.008056640625,0.0124267578125,0.015625,-0.00205078125,-0.009765625,0.15234375,2.6953125,-0.010017903645833333,-0.009765625,0.6,0.2,0.4,-0.028556925455729167,0.009449259440104153,5000
15,8,0.007080078125,-1.1338541666666666,-1.1409342447916666,0.0015105580408662745,-0.001697435113584269,-0.00017903645833333332,0.0,3.6970458984375,-0.5795166015625,-4.2765625,0.0008420167744498582,-0.0047330739065663254,0.018436686197916666,0.0081787109375,0.0170166015625,0.0126953125,0.004899088541666667,0.001953125,0.134765625,2.6953125,-0.01861572265625,-0.00390625,0.4666666666666667,0.3333333333333333,0.4,-0.03901082356770833,-0.0009518432617187544,5000
15,9,0.008675130208333333,-1.1357421875,-1.1444173177083334,0.00140550814209145,-0.0002522047388351427,0.001416015625,0.0078125,3.68900146484375,-0.57974853515625,-4.26875,0.0006790243182296575,-0.002192497179057269,0.010392252604166667,0.0126953125,0.010917154947916667,0.015625,-0.0009440104166666667,-0.001953125,0.13671875,2.6953125,-0.008976236979166666,-0.009765625,0.5333333333333333,0.2,0.4666666666666667,-0.027628987630208334,0.007944335937499976,5000
15,10,0.011865234375,-1.13203125,-1.143896484375,0.0013617521953639398,0.001465108316865599,0.004606119791666667,0.01953125,3.6911417643229165,-0.5796915690104166,-4.270833333333333,0.0007878544547647472,-0.004459700022788467,0.012532552083333334,0.01171875,0.011140950520833333,0.0087890625,-0.0012858072916666667,0.0078125,0.15625,2.703125,-0.007926432291666667,0.009765625,0.6,0.2,0.6,-0.029037068684895834,0.011312662760416656,5000
15,11,0.008740234375,-1.1319661458333334,-1.1407063802083333,0.0014108739072678188,-0.0014563944912095743,0.0014811197916666666,0.001953125,3.6918538411458335,-0.5805419921875,-4.272395833333333,0.0009511577209923539,-0.002574127391663018,0.01324462890625,0.00732421875,0.01656494140625,0.01171875,0.006070963541666667,0.009765625,0.13671875,2.6875,-0.011763509114583333,0.00390625,0.5333333333333333,0.3333333333333333,0.5333333333333333,-0.0334844970703125,0.006807454427083333,5000
15,12,0.011442057291666667,-1.1309244791666666,-1.1423665364583333,0.0012437508031392242,-0.0002454146184563575,0.004182942708333333,0.0048828125,3.68924560546875,-0.5769002278645833,-4.266145833333334,0.0007088511630650631,-0.001557617845264541,0.010636393229166667,0.009765625,0.011869303385416667,0.00531005859375,0.003955078125,0.0009765625,0.15234375,2.6875,-0.006453450520833333,-0.0078125,0.5333333333333333,0.4,0.4,-0.025734049479166667,0.013607584635416656,5000
15,13,0.007698567708333334,-1.1349609375,-1.1426595052083333,0.0013562393629470706,-0.0009974101367036042,0.000439453125,0.00390625,3.693672688802083,-0.57872314453125,-4.272395833333333,0.0007440676098297676,-0.004698123468355799,0.0150634765625,0.0087890625,0.0158203125,0.0166015625,-0.00016276041666666666,0.00390625,0.140625,2.720703125,-0.0146240234375,-0.01220703125,0.5333333333333333,0.2,0.3333333333333333,-0.03361836751302083,0.0023449707031249823,5000
15,14,0.0078125,-1.1326171875,-1.1404296875,0.0012086649499337466,-0.0008315388397627792,0.0005533854166666667,0.001953125,3.6899210611979165,-0.57987060546875,-4.269791666666666,0.0007109648816295125,-0.002762288339272663,0.011311848958333334,0.01123046875,0.01900634765625,0.02197265625,0.004996744791666666,0.00390625,0.138671875,2.703125,-0.010758463541666667,-0.005859375,0.5333333333333333,0.26666666666666666,0.4,-0.02850911458333333,0.0052899169921874975,5000
15,15,0.006754557291666667,-1.1356119791666666,-1.1423665364583333,0.0013809335973515267,-0.0020672817199897933,-0.0005045572916666667,0.001953125,3.6906534830729165,-0.5801798502604166,-4.270833333333333,0.0006689154418034832,-0.002445173996743203,0.012044270833333334,0.0072021484375,0.0210205078125,0.0224609375,0.005354817708333333,0.001953125,0.138671875,2.6953125,-0.012548828125,0.001953125,0.5333333333333333,0.2,0.5333333333333333,-0.03756571451822917,0.008504231770833334,5000
15,16,0.009700520833333334,-1.1333984375,-1.1430989583333333,0.0014285551726879963,-0.000591695491897171,0.00244140625,0.00390625,3.6963175455729167,-0.5823282877604167,-4.278645833333333,0.0007354825145858857,-0.004876115153449134,0.017708333333333333,0.0185546875,0.01961669921875,0.0185546875,0.003108723958333333,0.00390625,0.15625,2.6875,-0.015266927083333333,-0.00390625,0.5333333333333333,0.26666666666666666,0.4666666666666667,-0.03812703450520833,0.0059002685546874975,5000
15,17,0.006673177083333333,-1.1343098958333333,-1.1409830729166666,0.0014338524864870163,-0.0011849856250198047,-0.0005859375,0.00390625,3.6955159505208335,-0.5768798828125,-4.272395833333333,0.0007856625589051022,-0.004632256694711828,0.01690673828125,0.015625,0.015079752604166666,0.015625,0.0024251302083333334,0.00390625,0.140625,2.6953125,-0.01749267578125,-0.01171875,0.5333333333333333,0.0,0.26666666666666666,-0.03381846110026042,-0.0026757812500000236,5000
15,18,0.010530598958333333,-1.1319010416666666,-1.142431640625,0.00138381353122714,1.3816074641905042e-05,0.003271484375,0.00390625,3.7000162760416666,-0.577587890625,-4.277604166666666,0.0006750087632848022,-0.0065895855776261225,0.021407063802083334,0.02099609375,0.012141927083333334,0.00390625,0.004182942708333333,0.00390625,0.138671875,2.703125,-0.018135579427083333,-0.01171875,0.6,0.06666666666666667,0.26666666666666666,-0.03388671875,-0.004370015462239585,5000
15,19,0.009228515625,-1.1323567708333333,-1.1415852864583333,0.0012966857317696498,-0.000620147147722157,0.0019694010416666666,-0.001953125,3.696150716145833,-0.5798909505208333,-4.276041666666667,0.0006909656392516597,-0.004725804174525541,0.01754150390625,0.015625,0.0126953125,0.0146484375,-0.0016927083333333334,0.001953125,0.15625,2.6953125,-0.015572102864583333,-0.0107421875,0.4666666666666667,0.13333333333333333,0.3333333333333333,-0.034220987955729164,0.0003837076822916489,5000
15,20,0.008121744791666666,-1.1325520833333333,-1.140673828125,0.0013401501857646788,-0.0009755824797470727,0.0008626302083333333,0.00390625,3.6933186848958335,-0.5775146484375,-4.270833333333333,0.0008141894319450717,-0.004298776692529433,0.01470947265625,0.01171875,0.014290364583333333,0.00732421875,0.0048828125,-0.001953125,0.15234375,2.703125,-0.013846842447916667,-0.017578125,0.5333333333333333,0.13333333333333333,0.3333333333333333,-0.031934102376302086,0.004253336588541649,5000
15,21,0.008870442708333334,-1.1330078125,-1.1418782552083333,0.0012663355965591163,-0.0013497975419190027,0.001611328125,-0.001953125,3.6927530924479166,-0.5791219075520834,-4.271875,0.0006670455293202641,-0.0035688343517779235,0.014143880208333333,0.010986328125,0.02076416015625,0.0234375,0.002750651041666667,0.0,0.13671875,2.6875,-0.012532552083333334,-0.0107421875,0.4,0.26666666666666666,0.4,-0.0301434326171875,0.00419291178385414,5000
15,22,0.012125651041666666,-1.1315755208333333,-1.143701171875,0.001244300430636111,0.0004953916391426433,0.004866536458333333,0.001953125,3.6972086588541666,-0.5777913411458333,-4.275,0.0007592202805819568,-0.00524113240354052,0.018599446614583334,0.015625,0.016634114583333335,0.01123046875,0.0006184895833333333,0.00390625,0.13671875,2.7109375,-0.01373291015625,-0.0087890625,0.5333333333333333,0.13333333333333333,0.26666666666666666,-0.0330047607421875,0.0035768636067708306,5000
15,23,0.01083984375,-1.1345052083333333,-1.1453450520833333,0.001581735151016406,-0.0003158106763380319,0.0035807291666666665,0.00390625,3.69254150390625,-0.5803751627604167,-4.272916666666666,0.0008360828233249871,-0.004313997705735249,0.013932291666666667,0.009765625,0.01278076171875,0.0146484375,0.00030924479166666665,0.0068359375,0.140625,2.7138671875,-0.0103515625,0.0,0.6,0.26666666666666666,0.4666666666666667,-0.0300146484375,0.007878417968749989,5000
15,24,0.015201822916666666,-1.1333333333333333,-1.14853515625,0.0015525700366464082,0.0018286882183113499,0.007942708333333333,0.0078125,3.6972859700520835,-0.5787556966145834,-4.276041666666667,0.0007687220991876068,-0.004023757359524166,0.0186767578125,0.015625,0.0146240234375,0.0185546875,0.0020345052083333335,0.001953125,0.134765625,2.703125,-0.010734049479166667,-0.01123046875,0.5333333333333333,0.06666666666666667,0.4,-0.030103352864583332,0.006852620442708328,5000
15,25,0.0138671875,-1.1349609375,-1.148828125,0.0013448610423289207,0.0015396774300330545,0.006608072916666667,0.010986328125,3.69044189453125,-0.57987060546875,-4.2703125,0.0009302939770533578,-0.002361710926933381,0.011832682291666667,0.0155029296875,0.018827311197916665,0.0205078125,0.004996744791666666,0.00390625,0.15234375,2.671875,-0.005224609375,-0.0009765625,0.6666666666666666,0.26666666666666666,0.4666666666666667,-0.025350748697916665,0.01142618815104166,5000
15,26,0.014680989583333333,-1.1327473958333334,-1.1474283854166667,0.0015873295591905341,0.0002672159658697487,0.007421875,0.00390625,3.673881022135417,-0.58184814453125,-4.255729166666667,0.000718072785002371,0.001776779411733232,-0.004728190104166667,0.0,0.017138671875,0.015869140625,-0.001220703125,-0.001953125,0.123046875,2.6708984375,0.012150065104166666,0.0078125,0.5333333333333333,0.4666666666666667,0.6666666666666666,-0.011173909505208333,0.0356789143880208,5000
15,27,0.0060546875,-1.1313802083333333,-1.1374348958333333,0.0013633704338861618,-0.002013426259590551,-0.0012044270833333334,0.00390625,3.6874104817708333,-0.5750895182291667,-4.2625,0.0007552869115684288,-0.0018735594586422146,0.00880126953125,0.0087890625,0.00894775390625,0.010986328125,0.006722005208333334,0.0078125,0.138671875,2.6865234375,-0.010005696614583334,-0.0048828125,0.6,0.26666666666666666,0.4,-0.0312744140625,0.010624389648437496,5000
15,28,0.01103515625,-1.1341796875,-1.14521484375,0.0013560468541712297,0.00023765377030813937,0.0037760416666666667,0.01171875,3.692183430989583,-0.5791707356770833,-4.271354166666667,0.0007153517822202998,-0.0037001207805772416,0.01357421875,0.015625,0.008565266927083334,0.01171875,0.0022298177083333332,0.001953125,0.138671875,2.70703125,-0.009798177083333333,0.0029296875,0.6,0.13333333333333333,0.5333333333333333,-0.025814208984375,0.004216308593749988,5000
15,29,0.007356770833333333,-1.1325520833333333,-1.1399088541666667,0.0012395585859392667,-0.001643180956390395,9.765625e-05,0.00390625,3.69405517578125,-0.5757364908854167,-4.269791666666666,0.0007950083004199356,-0.0052945629567698604,0.015445963541666666,0.0166015625,0.01395263671875,0.015625,0.0048177083333333336,0.01171875,0.138671875,2.71484375,-0.015348307291666667,-0.0086669921875,0.6,0.26666666666666666,0.4,-0.036760050455729165,0.0043375651041666664,5000
15,30,0.008772786458333333,-1.1367838541666666,-1.145556640625,0.0013990295847351789,-0.000685545523793608,0.001513671875,0.00390625,3.690995279947917,-0.5808797200520833,-4.271875,0.0006152156578531824,-0.0035410023434323456,0.012386067708333334,0.0146484375,0.0176513671875,0.01123046875,0.0032063802083333332,-0.00390625,0.13671875,2.6953125,-0.010872395833333333,0.0,0.5333333333333333,0.26666666666666666,0.4666666666666667,-0.03141459147135416,0.0075032552083333336,5000
15,31,0.010888671875,-1.1343098958333333,-1.1451985677083334,0.0015371876068223328,-0.00016439896694929833,0.0036295572916666668,0.001953125,3.6970784505208334,-0.5774007161458333,-4.274479166666667,0.0008254073464907322,-0.0058016961147010875,0.01846923828125,0.0234375,0.01842041015625,0.015625,0.000537109375,0.001953125,0.138671875,2.703125,-0.014839680989583333,-0.01788330078125,0.5333333333333333,0.06666666666666667,0.4,-0.03254811604817708,0.0027224731445312455,5000
16,0,0.0070149739583333336,-1.1328776041666666,-1.139892578125,0.0010976147836331575,-0.002106702425656482,-0.000244140625,0.0,3.6931640625,-0.5787109375,-4.271875,0.0006287430878205051,-0.004110361598553606,0.014554850260416667,0.0166015625,0.0205078125,0.0250244140625,0.002392578125,0.0,0.13671875,2.703125,-0.014798990885416667,-0.0029296875,0.4666666666666667,0.13333333333333333,0.4,-0.03567708333333333,0.004744974772135409,5000
16,1,0.003955078125,-1.1348307291666666,-1.1387858072916666,0.001352913613572874,-0.0022419401921752627,-0.0033040364583333333,0.00390625,3.695381673177083,-0.57701416015625,-4.272395833333333,0.0004929890628636893,-0.0050227590457061315,0.0167724609375,0.015869140625,0.014628092447916666,0.0166015625,0.0022786458333333335,0.0078125,0.140625,2.71484375,-0.020076497395833334,-0.0185546875,0.6,0.13333333333333333,0.3333333333333333,-0.0343267822265625,-0.006541951497395848,5000
16,2,0.009798177083333333,-1.1352864583333333,-1.1450846354166666,0.0012756944790907679,-0.00018842917034030102,0.0025390625,0.009765625,3.6911905924479167,-0.58016357421875,-4.271354166666667,0.0006901024685291804,-0.0028950018963902545,0.012581380208333333,0.01171875,0.012980143229166666,0.0078125,0.003841145833333333,0.00390625,0.15625,2.703125,-0.010042317708333333,-0.00146484375,0.5333333333333333,0.2,0.4,-0.03142903645833333,0.008854166666666666,5000
16,3,0.006022135416666667,-1.1333333333333333,-1.13935546875,0.0013378418001540528,-0.0012917070636713247,-0.0012369791666666666,0.00634765625,3.698982747395833,-0.5791422526041666,-4.278125,0.000770771679842092,-0.004846085128278416,0.02037353515625,0.0235595703125,0.017899576822916666,0.0238037109375,0.0018880208333333333,0.0,0.15234375,2.6875,-0.021610514322916666,-0.013671875,0.6,0.13333333333333333,0.4,-0.0424658203125,-0.0021157836914062512,5000
16,4,0.012760416666666666,-1.128515625,-1.1412760416666667,0.0013498771097730869,0.0015660585527798713,0.005501302083333334,0.00390625,3.6926839192708334,-0.5781494140625,-4.270833333333333,0.0007891036170253687,-0.004162063428661399,0.01407470703125,0.0155029296875,0.0196533203125,0.015625,0.004117838541666667,0.00390625,0.15234375,2.6875,-0.008573404947916667,-0.005859375,0.5333333333333333,0.2,0.4,-0.026189371744791665,0.007698771158854164,5000
16,5,0.011897786458333334,-1.1296875,-1.1415852864583333,0.0013338967416325598,0.0004208928799380727,0.004638671875,0.00390625,3.692757161458333,-0.5791178385416667,-4.271875,0.0007434387152851481,-0.004618915095502668,0.01414794921875,0.015625,0.01854248046875,0.015380859375,0.00380859375,0.0,0.13671875,2.703125,-0.00950927734375,-0.0048828125,0.6,0.26666666666666666,0.26666666666666666,-0.02850341796875,0.009274088541666656,5000
16,6,0.00791015625,-1.1315104166666667,-1.1394205729166667,0.0015498728147137028,-0.0007400099590028896,0.0006510416666666666,0.00390625,3.6950480143229165,-0.5815144856770833,-4.2765625,0.0007150284603315631,-0.004520900138602566,0.016438802083333332,0.01171875,0.018013509114583333,0.0234375,0.004182942708333333,0.0078125,0.138671875,2.703125,-0.015787760416666668,-0.00390625,0.6,0.2,0.3333333333333333,-0.03355326334635417,9.826660156249113e-05,5000
16,7,0.009293619791666667,-1.1340494791666667,-1.1433430989583333,0.001590782765759798,-0.0008923582975605582,0.0020345052083333335,-0.001953125,3.69422607421875,-0.57608642578125,-4.2703125,0.0006620943846688174,-0.004113526232156277,0.015616861979166667,0.015625,0.017399088541666666,0.021484375,0.0034016927083333334,0.0078125,0.134765625,2.6953125,-0.013582356770833333,-0.009765625,0.4666666666666667,0.2,0.26666666666666666,-0.03163289388020833,0.00322265625,5000
16,8,0.008837890625,-1.133984375,-1.142822265625,0.00117876504792894,-0.0005716818644229647,0.0015787760416666667,0.010009765625,3.6938435872395834,-0.5759480794270834,-4.269791666666666,0.0006651320862815289,-0.004586772527427071,0.015234375,0.015625,0.012772623697916667,0.009765625,0.0025390625,0.013427734375,0.15625,2.70703125,-0.013655598958333333,-0.01171875,0.6,0.26666666666666666,0.4,-0.031837158203125,0.004069824218749988,5000
16,9,0.011490885416666667,-1.1294921875,-1.1409830729166666,0.001402622618084897,-0.0005517819252637091,0.004231770833333333,0.0,3.694482421875,-0.5784342447916667,-4.272916666666666,0.0007158504597659597,-0.0043089888101398455,0.015873209635416666,0.0185546875,0.012353515625,0.0087890625,0.0019368489583333334,0.0078125,0.123046875,2.71875,-0.011641438802083333,-0.00390625,0.4666666666666667,0.2,0.4,-0.02962249755859375,0.004606323242187497,5000
16,10,0.011246744791666667,-1.1324869791666667,-1.1437337239583334,0.0014469848289848583,0.0004990682145438696,0.003987630208333333,0.0029296875,3.6914347330729167,-0.5793986002604167,-4.270833333333333,0.0007307231946232187,-0.002575438763500726,0.012825520833333333,0.015625,0.01710205078125,0.017578125,0.005501302083333334,0.0,0.134765625,2.7109375,-0.008837890625,-0.0078125,0.5333333333333333,0.3333333333333333,0.3333333333333333,-0.029720458984375,0.011319986979166667,5000
16,11,0.008349609375,-1.135546875,-1.143896484375,0.001216346760742487,-0.001366029542081808,0.0010904947916666667,0.001953125,3.691552734375,-0.583447265625,-4.275,0.000908817163700609,-0.0029072345961320394,0.012943522135416666,0.0166015625,0.011775716145833334,0.0126953125,0.003662109375,0.0078125,0.138671875,2.703125,-0.01185302734375,-0.01708984375,0.5333333333333333,0.2,0.3333333333333333,-0.027393086751302084,0.004650980631510415,5000
16,12,0.012141927083333334,-1.1307291666666666,-1.14287109375,0.001552101645514257,-0.0001190829338443789,0.0048828125,0.0,3.687508138020833,-0.5817626953125,-4.269270833333334,0.0007864888321111184,-0.0022042211990191502,0.00889892578125,0.0078125,0.012288411458333334,0.0087890625,-0.0007649739583333333,-0.0078125,0.134765625,2.671875,-0.00401611328125,0.00384521484375,0.4666666666666667,0.26666666666666666,0.5333333333333333,-0.02401753743489583,0.015239156087239572,5000
16,13,0.0055501302083333336,-1.1369791666666667,-1.142529296875,0.001218291473396368,-0.002041364099007338,-0.001708984375,0.00390625,3.6954305013020834,-0.5795694986979166,-4.275,0.0006577141661701288,-0.005711091683785999,0.0168212890625,0.0179443359375,0.020930989583333334,0.020751953125,0.0038736979166666668,0.0,0.140625,2.6875,-0.0185302734375,-0.00390625,0.5333333333333333,0.2,0.4,-0.0408056640625,0.0032476806640624914,5000
16,14,0.010335286458333334,-1.1331380208333333,-1.1434733072916667,0.0013249328314589403,-0.0001751301557730845,0.003076171875,0.0078125,3.6941202799479167,-0.5798380533854167,-4.273958333333334,0.000593139481742131,-0.004843466692689599,0.015511067708333333,0.0166015625,0.01353759765625,0.0107421875,0.001025390625,0.00390625,0.140625,2.6953125,-0.012434895833333333,-0.0087890625,0.6,0.06666666666666667,0.4,-0.029085489908854168,0.003589680989583321,5000
16,15,0.011181640625,-1.1307291666666666,-1.1419108072916666,0.0015782872173509966,-0.00040708328420027934,0.003922526041666667,0.001953125,3.69339599609375,-0.5826456705729167,-4.276041666666667,0.0007489526933174691,-0.004633487932994606,0.014786783854166667,0.0126953125,0.017793782552083335,0.01715087890625,0.002099609375,0.009765625,0.138671875,2.6953125,-0.0108642578125,-0.0048828125,0.5333333333333333,0.2,0.3333333333333333,-0.026652425130208334,0.004801432291666667,5000
16,16,0.007535807291666667,-1.1333333333333333,-1.140869140625,0.0013288911423819303,-0.0009562514966849414,0.0002766927083333333,0.001953125,3.69500732421875,-0.57999267578125,-4.275,0.0007242879713098775,-0.004423849268859877,0.016398111979166668,0.0166015625,0.014042154947916666,0.01788330078125,0.0025553385416666667,0.004638671875,0.138671875,2.6943359375,-0.016121419270833333,-0.0185546875,0.5333333333333333,0.3333333333333333,0.4,-0.0351812744140625,0.0018239339192708186,5000
16,17,0.01044921875,-1.1322916666666667,-1.1427408854166667,0.0013184646160068663,6.76488913382246e-05,0.0031901041666666666,0.00390625,3.6887410481770835,-0.5831339518229167,-4.271875,0.0007640145085645124,-0.002146844219306781,0.0101318359375,0.0179443359375,0.014034016927083334,0.010986328125,-0.003483072916666667,0.01171875,0.140625,2.677734375,-0.006941731770833333,0.0029296875,0.5333333333333333,0.3333333333333333,0.5333333333333333,-0.023210245768229165,0.008984578450520829,5000
16,18,0.01376953125,-1.1328125,-1.14658203125,0.0014082345358860842,0.0008901041311418408,0.006510416666666667,0.00390625,3.6952799479166667,-0.5786783854166667,-4.273958333333334,0.0005877905382003141,-0.004835850948547995,0.016670735677083333,0.01953125,0.015869140625,0.0238037109375,0.00185546875,0.00390625,0.13671875,2.7109375,-0.010160319010416667,-0.00390625,0.6,0.2,0.4666666666666667,-0.027620646158854168,0.005970764160156228,5000
16,19,0.00908203125,-1.1326171875,-1.14169921875,0.001557703298753959,-0.0009386860002149615,0.0018229166666666667,-0.00390625,3.6946451822916666,-0.5772298177083334,-4.271875,0.0007223824810117118,-0.005147667822596262,0.016035970052083334,0.0166015625,0.015743001302083334,0.0078125,0.0008626302083333333,0.00390625,0.15625,2.7109375,-0.014213053385416667,-0.00390625,0.4666666666666667,0.13333333333333333,0.4,-0.029241231282552082,0.0006973266601562278,5000
16,20,0.00673828125,-1.133203125,-1.13994140625,0.0013573647322485702,-0.0019533812131154174,-0.0005208333333333333,0.001953125,3.6891682942708335,-0.5780192057291667,-4.2671875,0.000636364617382937,-0.0021000494673556343,0.01055908203125,0.0081787109375,0.0117919921875,0.0081787109375,0.005826822916666667,0.01171875,0.138671875,2.6875,-0.011079915364583333,-0.0029296875,0.5333333333333333,0.26666666666666666,0.4,-0.0307171630859375,0.007027486165364579,5000
16,21,0.004964192708333333,-1.1367838541666666,-1.141748046875,0.0014031283136041763,-0.0019860106357024575,-0.002294921875,0.0078125,3.693245442708333,-0.5781087239583333,-4.271354166666667,0.0008898357942965519,-0.0044769514567700695,0.01463623046875,0.017578125,0.014139811197916666,0.017578125,0.004264322916666666,0.0185546875,0.138671875,2.6875,-0.01693115234375,-0.00390625,0.6,0.2,0.4666666666666667,-0.036218668619791665,0.0013918050130208304,5000
16,22,0.07216796875,-1.1156901041666667,-1.1878580729166666,0.00758213398859525,0.01621159664683775,0.06490885416666667,0.0400390625,3.633536783854167,-0.5831298828125,-4.216666666666667,0.0011835461150454776,0.01274616064242941,-0.04507242838541667,-0.03271484375,0.015323893229166666,0.0166015625,0.0037109375,0.01171875,0.15625,2.63671875,0.10998128255208334,0.07421875,0.8,1.0,0.8666666666666667,0.05397379557291667,0.18039540608723953,5000
16,23,0.014176432291666667,-1.1300130208333334,-1.144189453125,0.0013135846493170977,0.0012445573435164439,0.006917317708333333,0.005859375,3.695060221354167,-0.5815022786458334,-4.2765625,0.0009070857841084013,-0.004395953708921326,0.016451009114583335,0.017578125,0.013728841145833334,0.0185546875,0.0029459635416666666,0.0029296875,0.15625,2.6953125,-0.00953369140625,-0.00244140625,0.5333333333333333,0.2,0.4,-0.026848246256510416,0.006726175944010415,5000
16,24,0.008382161458333334,-1.1326171875,-1.1409993489583334,0.0014859886773316208,-0.000852793523374143,0.001123046875,0.0078125,3.692305501302083,-0.5811319986979167,-4.2734375,0.0007074740598413727,-0.002838576859229557,0.0136962890625,0.010986328125,0.011991373697916667,0.0155029296875,0.003515625,0.0,0.140625,2.6875,-0.0125732421875,-0.0087890625,0.6,0.2,0.4,-0.029622395833333332,0.004297078450520831,5000
16,25,0.0069010416666666664,-1.1329427083333334,-1.13984375,0.0012628395991556498,-0.000908115942620588,-0.00035807291666666664,0.0048828125,3.694222005208333,-0.578173828125,-4.272395833333333,0.0008724291343828567,-0.004575097452834363,0.01561279296875,0.015625,0.013248697916666666,0.0155029296875,0.0024088541666666668,0.001953125,0.15234375,2.6884765625,-0.015970865885416668,-0.0087890625,0.5333333333333333,0.13333333333333333,0.3333333333333333,-0.0305419921875,-0.001871337890625006,5000
16,26,0.011637369791666666,-1.1318359375,-1.1434733072916667,0.0013338291018932672,-0.00019803277504604997,0.004378255208333333,0.009765625,3.6954630533854167,-0.5779744466145833,-4.2734375,0.0007618304253392304,-0.004877277564309505,0.016853841145833333,0.01123046875,0.01630859375,0.02490234375,0.0006510416666666666,-0.001953125,0.15234375,2.68359375,-0.0124755859375,-0.0103759765625,0.6,0.06666666666666667,0.4666666666666667,-0.03263631184895833,0.007261149088541637,5000
16,27,0.0013020833333333333,-1.1367838541666666,-1.1380859375,0.0013653222160457154,-0.003083228716822196,-0.00595703125,-0.009765625,3.6932373046875,-0.5791585286458333,-4.272395833333333,0.0006420141275452381,-0.004375920904623366,0.014628092447916666,0.015625,0.015877278645833333,0.0185546875,0.0006022135416666667,-0.001953125,0.15625,2.6953125,-0.020585123697916666,-0.01953125,0.4666666666666667,0.13333333333333333,0.26666666666666666,-0.03645853678385417,-0.004267374674479182,5000
16,28,0.012776692708333334,-1.1322265625,-1.1450032552083333,0.0013224892606737188,0.00044041599919088595,0.005517578125,-0.001953125,3.6931193033854166,-0.5803181966145833,-4.2734375,0.0007073232937074263,-0.004454331770782453,0.014510091145833333,0.01123046875,0.015364583333333333,0.01123046875,0.00546875,0.0078125,0.134765625,2.7021484375,-0.008992513020833334,-0.017578125,0.4,0.13333333333333333,0.3333333333333333,-0.027848714192708332,0.010221964518229158,5000
16,29,0.00439453125,-1.1365885416666666,-1.1409830729166666,0.0014339302435672557,-0.00253849073344137,-0.002864583333333333,0.0,3.69654541015625,-0.5794962565104167,-4.276041666666667,0.0007467964177074048,-0.004756182761102892,0.017936197916666667,0.015625,0.015958658854166665,0.015625,0.0024576822916666666,0.00390625,0.13671875,2.6943359375,-0.02080078125,-0.01611328125,0.4666666666666667,0.2,0.26666666666666666,-0.039307047526041666,-0.0022210693359375087,5000
16,30,0.0054361979166666664,-1.133203125,-1.1386393229166667,0.0012688328317836427,-0.002200131012673781,-0.0018229166666666667,0.0,3.6878621419270834,-0.5788045247395833,-4.266666666666667,0.0006961714370949958,-0.0020266657995747692,0.0092529296875,0.0155029296875,0.014742024739583333,0.02197265625,0.0033854166666666668,0.01171875,0.13671875,2.6953125,-0.011075846354166667,-0.005859375,0.4666666666666667,0.26666666666666666,0.4666666666666667,-0.030030517578125,0.007072143554687497,5000
16,31,0.012483723958333333,-1.1311848958333333,-1.1436686197916666,0.0013805339793293385,0.001076530703717845,0.005224609375,0.013671875,3.6911336263020833,-0.5786580403645833,-4.269791666666666,0.0007647359596110685,-0.003990603129903937,0.0125244140625,0.00634765625,0.017301432291666665,0.01123046875,0.0018880208333333333,0.01171875,0.15234375,2.6953125,-0.0072998046875,-0.00390625,0.5333333333333333,0.13333333333333333,0.4666666666666667,-0.022461344401041666,0.0061690266927083275,5000
17,0,0.007779947916666667,-1.1325520833333333,-1.14033203125,0.0012759445096027341,-0.0006405266092343228,0.0005208333333333333,0.0,3.6953531901041665,-0.5791259765625,-4.274479166666667,0.0006669001383508931,-0.004210936527575929,0.016743977864583332,0.017578125,0.013590494791666666,0.0087890625,-0.002001953125,-0.0078125,0.134765625,2.7109375,-0.01622314453125,-0.017578125,0.4666666666666667,0.2,0.4,-0.03207845052083333,-0.002143656412760427,5000
17,1,0.010384114583333333,-1.1298177083333334,-1.1402018229166666,0.001474909067705106,-6.248348024361991e-05,0.003125,0.00390625,3.6922648111979166,-0.57908935546875,-4.271354166666667,0.0006545616497320718,-0.003455825470432081,0.013655598958333333,0.01123046875,0.02061767578125,0.02685546875,-0.000732421875,0.001953125,0.140625,2.703125,-0.010530598958333333,-0.0113525390625,0.5333333333333333,0.2,0.4,-0.029533487955729167,0.005257161458333334,5000
17,2,0.0050618489583333336,-1.1357421875,-1.1408040364583334,0.0014828261652903526,-0.0019595014837550666,-0.002197265625,-0.0078125,3.692338053385417,-0.58214111328125,-4.274479166666667,0.0007406074793721574,-0.004150199150523812,0.013728841145833334,0.013671875,0.011995442708333333,0.01171875,0.005257161458333334,0.00390625,0.134765625,2.6875,-0.015926106770833334,-0.00390625,0.4,0.26666666666666666,0.4,-0.033252360026041664,0.0003664143880208304,5000
17,3,0.01396484375,-1.1332682291666667,-1.1472330729166667,0.0012421486204306422,0.0017543867118475014,0.006705729166666666,0.013427734375,3.6944620768229166,-0.5789754231770833,-4.2734375,0.0007001186505059073,-0.004462362925655936,0.015852864583333334,0.01123046875,0.021761067708333335,0.0234375,-0.0014811197916666666,0.0,0.15625,2.7080078125,-0.009147135416666667,-0.0009765625,0.5333333333333333,0.26666666666666666,0.4666666666666667,-0.033269246419270836,0.01276184082031248,5000
17,4,0.0070149739583333336,-1.1332682291666667,-1.140283203125,0.0012361953347713997,-0.0018261592262214011,-0.000244140625,0.0,3.689680989583333,-0.5785481770833333,-4.268229166666667,0.000836142532430694,-0.002253934499459261,0.01107177734375,0.00390625,0.015018717447916666,0.013671875,-0.003352864583333333,0.001953125,0.123046875,2.6953125,-0.01131591796875,-0.0048828125,0.4666666666666667,0.3333333333333333,0.26666666666666666,-0.032125752766927085,0.007695719401041649,5000
17,5,0.0066569010416666664,-1.136328125,-1.1429850260416667,0.0013118240003854357,-0.001519490682237802,-0.0006022135416666667,0.001953125,3.6879923502604166,-0.58336181640625,-4.271354166666667,0.0006670839884817048,-0.0030286984001590737,0.009383138020833333,0.0078125,0.016451009114583335,0.01123046875,0.003727213541666667,-0.001953125,0.13671875,2.7109375,-0.0099853515625,-0.0068359375,0.5333333333333333,0.4,0.4,-0.03192057291666666,0.010018717447916655,5000
17,6,0.014697265625,-1.1296875,-1.144384765625,0.0014377421614497196,0.0010011086380344446,0.007438151041666666,0.015625,3.6976969401041666,-0.5788655598958333,-4.2765625,0.0007120081330268362,-0.005010973401488332,0.019087727864583334,0.01953125,0.01846923828125,0.0224609375,0.0032552083333333335,-0.00390625,0.15625,2.7109375,-0.011649576822916667,-0.0029296875,0.6,0.2,0.4,-0.03345977783203125,0.008398539225260414,5000
17,7,0.0029459635416666666,-1.1356770833333334,-1.138623046875,0.0013952379198063196,-0.002697815525101875,-0.004313151041666667,-0.00390625,3.69908447265625,-0.5764363606770834,-4.275520833333333,0.0008217432740352524,-0.006587582612091159,0.020475260416666665,0.0185546875,0.013618977864583333,0.015625,0.00546875,0.001953125,0.140625,2.73046875,-0.024788411458333333,-0.0128173828125,0.4666666666666667,0.13333333333333333,0.4,-0.04379130045572917,-0.006876424153645836,5000
17,8,0.006884765625,-1.1361328125,-1.143017578125,0.001480273333304119,-0.0010862713672739476,-0.00037434895833333336,0.009765625,3.692374674479167,-0.5748128255208333,-4.2671875,0.0008066996277533848,-0.004179593445304106,0.013765462239583333,0.01763916015625,0.009256998697916666,0.0152587890625,0.004671223958333333,0.0,0.15234375,2.6953125,-0.014139811197916666,-0.001953125,0.5333333333333333,0.2,0.4,-0.03318806966145833,0.004048767089843748,5000
17,9,0.009407552083333333,-1.13203125,-1.1414388020833333,0.0011017226783062962,7.141864444296283e-05,0.0021484375,0.005859375,3.69625244140625,-0.57874755859375,-4.275,0.000677704722319451,-0.004379519727617552,0.017643229166666666,0.01123046875,0.01231689453125,0.01123046875,-0.002490234375,0.00390625,0.134765625,2.6953125,-0.015494791666666667,-0.0201416015625,0.5333333333333333,0.06666666666666667,0.4,-0.03326070149739583,-0.00013020833333333333,5000
17,10,0.007828776041666667,-1.133984375,-1.1418131510416667,0.001436855482468137,-0.0011751423923180258,0.0005696614583333334,0.01171875,3.6929443359375,-0.5804931640625,-4.2734375,0.0007619946920579631,-0.0038660159507095523,0.014335123697916667,0.01123046875,0.0134521484375,0.01416015625,-0.00035807291666666664,0.0,0.15625,2.7109375,-0.013765462239583333,-0.00714111328125,0.6,0.2,0.3333333333333333,-0.033756612141927086,0.005800679524739549,5000
17,11,0.009049479166666667,-1.1339192708333334,-1.14296875,0.0015038151107152644,-0.0005430499826608268,0.0017903645833333333,-0.001953125,3.6938883463541665,-0.5785074869791667,-4.272395833333333,0.0006757821904305909,-0.005127681844292523,0.015279134114583334,0.01171875,0.01170654296875,0.015625,-0.002880859375,0.001953125,0.134765625,2.703125,-0.01348876953125,-0.0107421875,0.4,0.13333333333333333,0.3333333333333333,-0.03172210693359375,0.004135538736979146,5000
17,12,0.010367838541666667,-1.1297526041666666,-1.1401204427083333,0.0013616439909916304,-0.0003072024974643523,0.003108723958333333,0.01025390625,3.695076497395833,-0.5804443359375,-4.275520833333333,0.0006459983343940198,-0.00345260631842593,0.01646728515625,0.01788330078125,0.01455078125,0.0185546875,0.001416015625,-0.001953125,0.15625,2.6875,-0.013358561197916667,-0.00762939453125,0.5333333333333333,0.2,0.3333333333333333,-0.03459879557291667,0.006286722819010415,5000
17,13,0.007405598958333333,-1.1313151041666667,-1.138720703125,0.0013372166729918682,-0.0013811221412070216,0.000146484375,0.0,3.6908365885416665,-0.5810384114583333,-4.271875,0.0007593861432858729,-0.003228691053185663,0.012227376302083334,0.0126953125,0.01197509765625,0.015625,-0.0019856770833333332,0.001953125,0.15625,2.703125,-0.012080891927083334,-0.005859375,0.4666666666666667,0.26666666666666666,0.26666666666666666,-0.030946451822916665,0.005887959798177082,5000
17,14,0.007177734375,-1.1339192708333334,-1.1410970052083333,0.00126782498484704,-0.0015514036777609845,-8.138020833333333e-05,0.00390625,3.694266764322917,-0.5791707356770833,-4.2734375,0.0006741235271641258,-0.0046972799191120915,0.015657552083333335,0.013671875,0.02225341796875,0.02197265625,0.0027018229166666666,0.00390625,0.15625,2.703125,-0.015738932291666667,-0.0078125,0.5333333333333333,0.13333333333333333,0.4666666666666667,-0.0355230712890625,0.0026877848307291343,5000
17,15,0.0069010416666666664,-1.1328776041666666,-1.1397786458333334,0.0012987004132879116,-0.002655680436119363,-0.00035807291666666664,0.0,3.68720703125,-0.5794596354166667,-4.266666666666667,0.0006945498559693124,-0.0026126329840733594,0.008597819010416667,0.0087890625,0.018802897135416666,0.0166015625,0.0038899739583333334,0.009765625,0.12109375,2.685546875,-0.008955891927083333,0.001953125,0.4666666666666667,0.4,0.6,-0.026188761393229166,0.00732421875,5000
17,16,0.008626302083333334,-1.1326171875,-1.1412434895833334,0.0015547175749387162,-0.0004687112477551809,0.0013671875,0.001953125,3.694779459635417,-0.57813720703125,-4.272916666666666,0.0006930847552448896,-0.004754195543413097,0.016170247395833334,0.015380859375,0.011140950520833333,0.0087890625,0.0033854166666666668,0.0,0.138671875,2.69140625,-0.014803059895833333,-0.0194091796875,0.5333333333333333,0.2,0.4,-0.0346624755859375,0.002913614908854164,5000
17,17,0.005973307291666666,-1.1328125,-1.1387858072916666,0.0013599392955271588,-0.0019234092881944582,-0.0012858072916666667,0.01171875,3.691666666666667,-0.5776041666666667,-4.269270833333334,0.0007590549614003809,-0.0033744372611815986,0.013057454427083334,0.00830078125,0.0131591796875,0.009765625,0.0,0.005859375,0.15234375,2.6875,-0.01434326171875,-0.015625,0.6,0.3333333333333333,0.4,-0.03589324951171875,0.006014099121093748,5000
17,18,0.011881510416666666,-1.1319661458333334,-1.14384765625,0.0015855803912270788,2.5729746243584722e-05,0.004622395833333333,0.005859375,3.6910115559895833,-0.57982177734375,-4.270833333333333,0.0007649677386602949,-0.0034836827825351327,0.01240234375,0.0048828125,0.019478352864583333,0.0244140625,0.001611328125,0.0078125,0.140625,2.7021484375,-0.007779947916666667,0.0015869140625,0.6,0.2,0.5333333333333333,-0.025342000325520832,0.009913736979166643,5000
17,19,0.009065755208333333,-1.1295572916666667,-1.138623046875,0.0013496279232169761,-0.00019624498196724513,0.001806640625,0.001953125,3.6926676432291665,-0.5786865234375,-4.271354166666667,0.0007169762784513388,-0.005129619839339987,0.014058430989583334,0.0078125,0.013240559895833334,0.01171875,0.006103515625,0.00390625,0.140625,2.705078125,-0.012251790364583333,-0.009765625,0.5333333333333333,0.26666666666666666,0.4,-0.030249430338541668,0.004207661946614579,5000
17,20,0.008837890625,-1.1330729166666667,-1.1419108072916666,0.001335966750000451,-0.00041396686556172384,0.0015787760416666667,0.001953125,3.69266357421875,-0.5786905924479167,-4.271354166666667,0.0006134155065213549,-0.004114804003373289,0.014054361979166667,0.0146484375,0.014705403645833334,0.015625,0.00908203125,0.017578125,0.138671875,2.7099609375,-0.0124755859375,-0.0009765625,0.5333333333333333,0.26666666666666666,0.4666666666666667,-0.032918701171875,0.005762736002604152,5000
17,21,0.00849609375,-1.1336588541666666,-1.1421549479166666,0.001369620592311831,-0.0014387017519170346,0.0012369791666666666,0.001953125,3.6930501302083334,-0.5803873697916667,-4.2734375,0.0007961669592032786,-0.004563268604051892,0.01444091796875,0.01171875,0.016752115885416665,0.013671875,0.0027994791666666667,0.00390625,0.138671875,2.703125,-0.013203938802083334,0.00146484375,0.5333333333333333,0.13333333333333333,0.5333333333333333,-0.03190317789713541,0.004167277018229157,5000
17,22,0.006136067708333333,-1.1339192708333334,-1.1400553385416667,0.0015861126746257901,-0.001522643892327033,-0.001123046875,-0.0078125,3.692244466145833,-0.5785888671875,-4.270833333333333,0.0008353842328672684,-0.0028439008542886944,0.01363525390625,0.015625,0.013859049479166666,0.0107421875,0.00322265625,0.0078125,0.119140625,2.6728515625,-0.01475830078125,-0.0087890625,0.4666666666666667,0.3333333333333333,0.3333333333333333,-0.03916839599609375,0.004639689127604152,5000
17,23,0.007845052083333333,-1.1337890625,-1.1416341145833333,0.0014238032794904776,-0.00146140084309062,0.0005859375,0.0126953125,3.6873209635416666,-0.577783203125,-4.265104166666666,0.0008343865575063644,-0.0016547668507839101,0.008711751302083333,0.01123046875,0.010725911458333333,0.005859375,0.004638671875,0.00390625,0.15625,2.6708984375,-0.008125813802083333,0.014404296875,0.5333333333333333,0.26666666666666666,0.5333333333333333,-0.028788553873697918,0.011295776367187496,5000
17,24,0.010791015625,-1.1307942708333334,-1.1415852864583333,0.0015463131277383372,0.0007435959071022025,0.0035319010416666667,-0.001953125,3.69139404296875,-0.5810017903645833,-4.272395833333333,0.0007928273642733154,-0.0042892470734425675,0.012784830729166667,0.0126953125,0.017496744791666668,0.0234375,0.0005208333333333333,0.001953125,0.134765625,2.7109375,-0.0092529296875,-0.0029296875,0.4666666666666667,0.26666666666666666,0.4,-0.0279888916015625,0.0083251953125,5000
17,25,0.012369791666666666,-1.132421875,-1.1447916666666667,0.0015325644264419837,0.000632735133802181,0.005110677083333333,0.0068359375,3.6954060872395833,-0.58167724609375,-4.277083333333334,0.0009638713828585391,-0.004778577394914093,0.016796875,0.0224609375,0.013712565104166666,0.0146484375,0.007763671875,0.0146484375,0.138671875,2.7109375,-0.011686197916666667,-0.0025634765625,0.6,0.2,0.4,-0.030796101888020833,0.006039632161458316,5000
17,26,0.010026041666666667,-1.13203125,-1.1420572916666667,0.0014230911832759977,-0.00035130877129926794,0.0027669270833333335,0.01025390625,3.692618815104167,-0.5782145182291667,-4.270833333333333,0.0006997428938417935,-0.004004995205587606,0.014009602864583333,0.01708984375,0.012373860677083333,0.00244140625,-0.0002766927083333333,0.001953125,0.15625,2.7109375,-0.01124267578125,-0.005859375,0.6,0.2,0.4666666666666667,-0.03064117431640625,0.00728485107421873,5000
17,27,0.009781901041666667,-1.1317057291666666,-1.1414876302083334,0.0013718993565291764,-0.0007922035507254799,0.0025227864583333335,0.005859375,3.6946085611979167,-0.5788289388020833,-4.2734375,0.00077373512625582,-0.004584895170671157,0.015999348958333333,0.01953125,0.018009440104166666,0.0185546875,0.0048828125,0.0,0.138671875,2.7109375,-0.0134765625,-0.005859375,0.6,0.2,0.4,-0.0342864990234375,0.006755167643229158,5000
17,28,0.010009765625,-1.1313802083333333,-1.1413899739583333,0.0013453430183463448,-0.0007568642766569778,0.002750651041666667,0.00390625,3.69732666015625,-0.5787150065104166,-4.276041666666667,0.0006311410691235797,-0.004888278509801616,0.018717447916666668,0.0233154296875,0.016097005208333334,0.0244140625,0.0013671875,-0.009765625,0.134765625,2.7021484375,-0.015966796875,-0.0078125,0.6,0.2,0.4,-0.0327557373046875,0.00016296386718749704,5000
17,29,0.008317057291666667,-1.1358072916666666,-1.1441243489583333,0.0014633673725160227,-0.000358482715282248,0.0010579427083333333,0.00390625,3.6889892578125,-0.5818440755208333,-4.270833333333333,0.0006590501850080419,-0.003113296493976992,0.010380045572916666,0.0087890625,0.016658528645833334,0.023681640625,0.005859375,0.0,0.15625,2.6796875,-0.009322102864583333,-0.00384521484375,0.5333333333333333,0.3333333333333333,0.3333333333333333,-0.02851287841796875,0.008793436686197913,5000
17,30,0.011962890625,-1.1301432291666667,-1.1421061197916667,0.0015061164190414208,-8.312728902376444e-05,0.0047037760416666664,0.00390625,3.69639892578125,-0.5775594075520833,-4.273958333333334,0.0007892643914538885,-0.0045788224343434715,0.017789713541666665,0.0224609375,0.01519775390625,0.015625,-0.000732421875,0.001953125,0.138671875,2.6767578125,-0.0130859375,-0.005859375,0.6,0.13333333333333333,0.4666666666666667,-0.031201578776041666,0.005421346028645813,5000
17,31,0.00908203125,-1.1339192708333334,-1.1430013020833334,0.0012290177186258583,-0.0007662596364700671,0.0018229166666666667,0.0,3.6918375651041666,-0.5810791015625,-4.272916666666666,0.0007368287136559469,-0.003780311379996588,0.013228352864583333,0.017578125,0.016438802083333332,0.01171875,-0.000830078125,0.0,0.13671875,2.6875,-0.011405436197916667,-0.00390625,0.4666666666666667,0.3333333333333333,0.4666666666666667,-0.027185668945312498,0.0031618245442708304,5000
18,0,0.007877604166666666,-1.1339192708333334,-1.141796875,0.001189044204179528,-0.0014391763233940523,0.0006184895833333333,0.001953125,3.694685872395833,-0.5771891276041666,-4.271875,0.0007920507366192986,-0.004143032768722107,0.01607666015625,0.01123046875,0.016389973958333335,0.0185546875,-0.004524739583333334,0.001953125,0.138671875,2.73046875,-0.015458170572916667,-0.0087890625,0.5333333333333333,0.26666666666666666,0.4666666666666667,-0.035876566569010414,0.004069417317708328,5000
18,1,0.005696614583333333,-1.1350260416666667,-1.14072265625,0.001483982915196509,-0.001544366005670126,-0.0015625,0.01171875,3.6904012044270833,-0.5778279622395833,-4.268229166666667,0.0007204426587904002,-0.003909506781677485,0.0117919921875,0.005859375,0.014737955729166667,0.01708984375,0.000439453125,0.0,0.15625,2.6875,-0.0133544921875,0.0023193359375,0.5333333333333333,0.13333333333333333,0.5333333333333333,-0.03362691243489583,0.005696818033854164,5000
18,2,0.008870442708333334,-1.1347005208333334,-1.1435709635416667,0.001517353349387072,-0.0014976596340396256,0.001611328125,0.001953125,3.698441569010417,-0.57760009765625,-4.276041666666667,0.0006621722414080594,-0.005229891433242189,0.019832356770833334,0.0166015625,0.0080810546875,0.0078125,-0.0008951822916666666,0.00390625,0.138671875,2.6953125,-0.018221028645833335,-0.01220703125,0.5333333333333333,0.06666666666666667,0.26666666666666666,-0.036916503906249995,-4.028320312500592e-05,5000
18,3,0.006559244791666667,-1.1352864583333333,-1.141845703125,0.0014445537242797383,-0.0014557609862130675,-0.0006998697916666667,0.0,3.693070475260417,-0.57984619140625,-4.272916666666666,0.0009043550008801149,-0.004096731658319587,0.014461263020833334,0.0078125,0.009090169270833334,0.00341796875,0.0010416666666666667,0.00390625,0.13671875,2.6953125,-0.0151611328125,-0.001953125,0.4666666666666667,0.13333333333333333,0.4666666666666667,-0.03312215169270833,0.0002770996093749941,5000
18,4,0.0064127604166666664,-1.1332682291666667,-1.1396809895833333,0.0015293294596286713,-0.001781602696458729,-0.0008463541666666667,0.0,3.6893717447916665,-0.580419921875,-4.269791666666666,0.0007080755825105754,-0.002287386082913444,0.010762532552083334,0.0078125,0.01348876953125,0.01123046875,0.003369140625,0.0029296875,0.138671875,2.6875,-0.01160888671875,-0.0068359375,0.4666666666666667,0.26666666666666666,0.4666666666666667,-0.030626627604166668,0.005925292968749988,5000
18,5,0.009798177083333333,-1.1313151041666667,-1.14111328125,0.0011708446485099587,-0.0003653900482206039,0.0025390625,0.005859375,3.68770751953125,-0.5820841471354167,-4.269791666666666,0.0007405621636186248,-0.0018947543281957753,0.009098307291666666,0.0078125,0.010701497395833334,0.01171875,-0.0013020833333333333,0.001953125,0.138671875,2.6884765625,-0.006559244791666667,-0.0029296875,0.6666666666666666,0.3333333333333333,0.4666666666666667,-0.026075032552083332,0.011881510416666666,5000
18,6,0.00712890625,-1.1359375,-1.14306640625,0.0013234994410339462,-0.0014444961518423,-0.00013020833333333333,0.001953125,3.6952555338541666,-0.5787027994791667,-4.273958333333334,0.0007095080792375283,-0.004140151988885197,0.016646321614583334,0.0185546875,0.0187744140625,0.0234375,-0.000439453125,0.0,0.138671875,2.6875,-0.016776529947916667,-0.0146484375,0.6,0.3333333333333333,0.26666666666666666,-0.03777699788411458,0.0027034505208333097,5000
18,7,0.008170572916666667,-1.1347005208333334,-1.14287109375,0.0014963400359841112,-0.001171758581691585,0.0009114583333333333,0.0029296875,3.69744873046875,-0.5785929361979166,-4.276041666666667,0.0006800045199250531,-0.0056468077342777,0.018839518229166668,0.017578125,0.0183837890625,0.017578125,-0.00047200520833333334,0.0,0.138671875,2.71875,-0.017928059895833334,-0.0162353515625,0.6,0.13333333333333333,0.4666666666666667,-0.039226684570312496,0.001205851236979146,5000
18,8,0.006982421875,-1.13359375,-1.140576171875,0.0012618852649015496,-0.0019376262276084668,-0.0002766927083333333,0.00390625,3.6951253255208334,-0.5798746744791666,-4.275,0.0007757101550317418,-0.00476027947178843,0.01651611328125,0.01171875,0.01531982421875,0.01171875,-0.0017252604166666666,-0.001953125,0.140625,2.6943359375,-0.016792805989583333,-0.0107421875,0.5333333333333333,0.13333333333333333,0.4666666666666667,-0.03691019694010417,0.0016948445638020524,5000
18,9,0.007568359375,-1.1359375,-1.143505859375,0.0014066462248804976,-0.0021345918344206844,0.00030924479166666665,0.005859375,3.692610677083333,-0.5771809895833333,-4.269791666666666,0.0006045510924077006,-0.004099596554126422,0.01400146484375,0.01123046875,0.014058430989583334,0.0146484375,0.000830078125,0.001953125,0.140625,2.7138671875,-0.013692220052083334,0.0,0.6,0.13333333333333333,0.4666666666666667,-0.03541829427083333,0.008638509114583333,5000
18,10,0.0111328125,-1.1301432291666667,-1.1412760416666667,0.0012916417525700866,0.00018053357885357095,0.0038736979166666668,0.0068359375,3.691943359375,-0.5809733072916666,-4.272916666666666,0.0006851437336182377,-0.003132277885635517,0.013334147135416667,0.015625,0.01549072265625,0.0185546875,0.004313151041666667,0.0,0.15625,2.6982421875,-0.00946044921875,-0.001953125,0.5333333333333333,0.3333333333333333,0.4,-0.028589274088541665,0.008595275878906228,5000
18,11,0.006217447916666666,-1.1337890625,-1.1400065104166666,0.0012180577866911886,-0.0018074806515405654,-0.0010416666666666667,-0.0048828125,3.6971923828125,-0.5798909505208333,-4.277083333333334,0.0005710245718809765,-0.005703621174749154,0.018583170572916665,0.01953125,0.021854654947916666,0.0238037109375,0.005208333333333333,0.0,0.140625,2.7109375,-0.019624837239583335,-0.0078125,0.4,0.2,0.3333333333333333,-0.03879018147786458,-0.0022660319010416726,5000
18,12,0.009830729166666666,-1.1333984375,-1.1432291666666667,0.0013800983661622517,-0.0003495703463366566,0.0025716145833333333,0.001953125,3.6925984700520833,-0.57979736328125,-4.272395833333333,0.0008925361251548903,-0.0037492285398001285,0.0139892578125,0.0,0.010493977864583334,0.0166015625,-0.0018391927083333333,0.00634765625,0.138671875,2.6943359375,-0.011417643229166666,0.005859375,0.5333333333333333,0.4666666666666667,0.5333333333333333,-0.0361083984375,0.009977620442708328,5000
18,13,0.013313802083333333,-1.1298177083333334,-1.1431315104166666,0.0013368784573213122,0.0010165133724020898,0.0060546875,0.01171875,3.695808919270833,-0.5765869140625,-4.272395833333333,0.0007932320715153836,-0.004704026415623464,0.01719970703125,0.015625,0.012674967447916666,0.01171875,0.003108723958333333,-0.0068359375,0.158203125,2.6875,-0.01114501953125,-0.015625,0.6,0.13333333333333333,0.4,-0.027678222656249998,0.004537150065104164,5000
18,14,0.008919270833333333,-1.1326171875,-1.1415364583333334,0.0014541455641217899,-0.0006390856244970019,0.00166015625,0.00390625,3.6938069661458335,-0.5780680338541667,-4.271875,0.0006278951418821988,-0.004126578743442832,0.01519775390625,0.015625,0.013736979166666666,0.015625,0.003938802083333333,0.001953125,0.140625,2.6953125,-0.01353759765625,-0.0068359375,0.6,0.13333333333333333,0.4,-0.032421875,0.004162699381510415,5000
18,15,0.00859375,-1.132421875,-1.141015625,0.0013051078046797597,-0.0007822307497440444,0.0013346354166666667,0.001953125,3.6933634440104166,-0.57955322265625,-4.272916666666666,0.0006396903557637567,-0.004215649443923354,0.014754231770833333,0.0078125,0.012845865885416667,0.01123046875,-0.00185546875,0.001953125,0.138671875,2.72265625,-0.013419596354166667,-0.0234375,0.5333333333333333,0.26666666666666666,0.4,-0.03497782389322917,0.007031860351562491,5000
18,16,0.011735026041666667,-1.1327473958333334,-1.144482421875,0.0014180252371383836,-3.25891403021682e-05,0.004475911458333333,0.00390625,3.6860555013020835,-0.5811319986979167,-4.2671875,0.000709953269967278,-0.0027042675236243876,0.0074462890625,0.0009765625,0.018155924479166665,0.0166015625,0.002132161458333333,0.00390625,0.138671875,2.69140625,-0.0029703776041666665,0.0008544921875,0.6,0.3333333333333333,0.5333333333333333,-0.017334798177083333,0.011525065104166643,5000
18,17,0.008675130208333333,-1.1358723958333334,-1.1445475260416667,0.0013919131696039366,-0.0014106656702303226,0.001416015625,0.00390625,3.6953369140625,-0.5765380859375,-4.271875,0.0007726967593968109,-0.004668495352414733,0.016727701822916666,0.0224609375,0.015950520833333332,0.01953125,-0.0019368489583333334,0.00390625,0.134765625,2.6904296875,-0.015311686197916667,-0.001953125,0.5333333333333333,0.2,0.4,-0.03863525390625,0.00763549804687497,5000
18,18,0.009537760416666667,-1.132421875,-1.1419596354166666,0.0014659079686125725,-0.000716067218553261,0.0022786458333333335,0.00390625,3.6976806640625,-0.5794026692708333,-4.277083333333334,0.0006259846790768871,-0.005928080720656902,0.019071451822916665,0.010986328125,0.01072998046875,0.008056640625,0.0010904947916666667,0.0078125,0.140625,2.6953125,-0.016792805989583333,-0.0078125,0.5333333333333333,0.06666666666666667,0.4,-0.034884440104166664,0.00022460937499998814,5000
18,19,0.009765625,-1.1360677083333333,-1.1458333333333333,0.001356843173185205,0.00016644268415079178,0.002506510416666667,0.015625,3.691178385416667,-0.5812174479166666,-4.272395833333333,0.0006597234545623316,-0.003461841455683536,0.012569173177083334,0.0078125,0.012845865885416667,0.015625,0.006087239583333333,0.00390625,0.15234375,2.6953125,-0.010062662760416667,-0.007080078125,0.5333333333333333,0.06666666666666667,0.4,-0.029801534016927082,0.007683817545572894,5000
18,20,0.005501302083333334,-1.134765625,-1.1402669270833334,0.0013410619779359893,-0.0021527562771897157,-0.0017578125,0.00390625,3.695967610677083,-0.5790323893229167,-4.275,0.0007770287120081077,-0.0051070487805222,0.0173583984375,0.0185546875,0.013773600260416666,0.0087890625,0.0013834635416666667,0.005859375,0.140625,2.7109375,-0.0191162109375,-0.0087890625,0.5333333333333333,0.13333333333333333,0.3333333333333333,-0.03724812825520833,-0.0018137613932291815,5000
18,21,0.0051920572916666664,-1.1350911458333333,-1.140283203125,0.001414886152195129,-0.002885026724485164,-0.0020670572916666667,-0.0009765625,3.69234619140625,-0.5790079752604167,-4.271354166666667,0.000623805052649531,-0.004030727710706178,0.013736979166666666,0.01171875,0.016861979166666666,0.0234375,0.0036783854166666666,0.001953125,0.138671875,2.7109375,-0.015804036458333334,-0.0111083984375,0.4666666666666667,0.2,0.4,-0.03851114908854166,0.005778605143229158,5000
18,22,0.007096354166666667,-1.13203125,-1.1391276041666667,0.0012567930538170992,-0.0010086512157275018,-0.00016276041666666666,-0.00390625,3.6954060872395833,-0.5811564127604166,-4.2765625,0.0006928361481222223,-0.005056299227430867,0.016796875,0.0179443359375,0.00992431640625,0.0087890625,0.0025553385416666667,0.00390625,0.138671875,2.703125,-0.016959635416666667,-0.0068359375,0.4666666666666667,0.2,0.4,-0.034547119140625,-0.001984863281250012,5000
18,23,0.01240234375,-1.1319661458333334,-1.1443684895833333,0.0013445407807173243,0.0005380645739116117,0.005143229166666667,0.0078125,3.69317626953125,-0.5823445638020833,-4.275520833333333,0.0007902504047910532,-0.004850693933289536,0.014567057291666666,0.0078125,0.012825520833333333,0.015625,0.0024576822916666666,0.001953125,0.15625,2.7060546875,-0.009423828125,-0.01171875,0.5333333333333333,0.13333333333333333,0.4,-0.030135091145833334,0.01142700195312498,5000
18,24,0.007682291666666666,-1.1353515625,-1.1430338541666667,0.0016112025455763334,-0.0016990808852203455,0.00042317708333333335,-0.001953125,3.689347330729167,-0.5809651692708333,-4.2703125,0.0007113414325026474,-0.0025490081582861136,0.010738118489583334,0.0087890625,0.017333984375,0.0224609375,-0.000439453125,0.0078125,0.13671875,2.6796875,-0.01031494140625,0.0,0.4,0.2,0.4,-0.026482035319010416,0.004484049479166667,5000
18,25,0.010026041666666667,-1.1324869791666667,-1.1425130208333334,0.0014611475114313759,-8.477858129162594e-05,0.0027669270833333335,0.00390625,3.6893310546875,-0.5788981119791666,-4.268229166666667,0.0007350636161266019,-0.003262171581470889,0.010721842447916666,0.01171875,0.010640462239583334,0.0081787109375,0.00380859375,0.0,0.138671875,2.7060546875,-0.007954915364583334,-0.00390625,0.6666666666666666,0.26666666666666666,0.4,-0.029932047526041665,0.012839355468749977,5000
18,26,0.005094401041666667,-1.1328776041666666,-1.1379720052083333,0.0013299572465446392,-0.002346604724570696,-0.0021647135416666668,0.001953125,3.697334798177083,-0.57818603515625,-4.275520833333333,0.0007781949338844864,-0.00517789812220342,0.0187255859375,0.015625,0.012190755208333333,0.010986328125,0.0001953125,0.001953125,0.138671875,2.6953125,-0.020890299479166666,-0.0078125,0.5333333333333333,0.13333333333333333,0.4,-0.0409844970703125,-0.00283854166666669,5000
18,27,0.0065266927083333336,-1.1347005208333334,-1.1412272135416666,0.0013413220023355062,-0.0010680151808542516,-0.000732421875,0.001953125,3.6932088216145833,-0.5781453450520834,-4.271354166666667,0.0007217192175332632,-0.004144700064024376,0.014599609375,0.0087890625,0.010770670572916667,0.0107421875,-0.0024739583333333332,-0.0078125,0.138671875,2.693359375,-0.01533203125,-0.0120849609375,0.5333333333333333,0.26666666666666666,0.4666666666666667,-0.03472859700520833,0.002092895507812479,5000
18,28,0.013427734375,-1.1319010416666666,-1.1453287760416666,0.0012825183909625092,0.001266577641499838,0.0061686197916666664,0.001953125,3.6894775390625,-0.5803141276041667,-4.269791666666666,0.0007678984172857686,-0.002891446064806097,0.010868326822916666,0.0087890625,0.0112548828125,0.00390625,0.0013834635416666667,0.001953125,0.138671875,2.6962890625,-0.00469970703125,0.001953125,0.5333333333333333,0.3333333333333333,0.5333333333333333,-0.023820393880208332,0.012480163574218743,5000
18,29,0.007438151041666666,-1.1322916666666667,-1.1397298177083333,0.0013193652941939442,-0.001462058730195145,0.00017903645833333332,0.0,3.6953165690104166,-0.5802042643229167,-4.275520833333333,0.0008810159078907466,-0.004599979795625231,0.016707356770833334,0.015625,0.016719563802083334,0.0234375,-3.255208333333333e-05,0.00390625,0.13671875,2.6953125,-0.0165283203125,-0.00390625,0.4,0.3333333333333333,0.4666666666666667,-0.039200846354166666,0.0038983154296874972,5000
18,30,0.007600911458333333,-1.136328125,-1.1439290364583334,0.001316754848154442,-0.0011963102225493168,0.000341796875,0.001953125,3.693831380208333,-0.5806477864583334,-4.274479166666667,0.0008903771388846118,-0.003600348738924032,0.01522216796875,0.0048828125,0.010087076822916667,0.0126953125,0.002197265625,-0.001953125,0.138671875,2.7001953125,-0.01488037109375,-0.01141357421875,0.5333333333333333,0.2,0.3333333333333333,-0.035702514648437496,0.0038602701822916252,5000
18,31,0.010514322916666667,-1.1322916666666667,-1.1428059895833333,0.0013528032005347616,0.000408156425520281,0.0032552083333333335,0.0087890625,3.68984375,-0.5768229166666666,-4.266666666666667,0.0006923321195954597,-0.003569466566002782,0.011234537760416666,0.013671875,0.01324462890625,0.01123046875,-0.002490234375,0.0029296875,0.138671875,2.70703125,-0.007979329427083333,0.0,0.6,0.26666666666666666,0.4666666666666667,-0.026213073730468748,0.00957051595052083,5000
19,0,0.010172526041666666,-1.13203125,-1.1422037760416666,0.00150575833824422,-0.0004323413390384284,0.0029134114583333334,0.0,3.691170247395833,-0.5807047526041667,-4.271875,0.0005718768879780058,-0.003051225407813838,0.01256103515625,0.0087890625,0.012418619791666667,0.01123046875,0.0027018229166666666,0.00390625,0.138671875,2.6953125,-0.009647623697916666,-0.0068359375,0.4666666666666667,0.2,0.4,-0.023694356282552082,0.003273111979166643,5000
19,1,0.009033203125,-1.1342447916666667,-1.1432779947916667,0.0014724495214833969,-0.0008014406748828378,0.0017740885416666667,0.0078125,3.69129638671875,-0.57745361328125,-4.26875,0.000743901337229813,-0.004206998123060818,0.012687174479166667,0.0185546875,0.020393880208333333,0.0224609375,0.0019368489583333334,0.001953125,0.15625,2.7109375,-0.0109130859375,-0.0068359375,0.6,0.2,0.3333333333333333,-0.030356241861979164,0.0075771077473958245,5000
19,2,0.013606770833333334,-1.1296875,-1.1432942708333333,0.001295086778902018,0.0007508306557129716,0.00634765625,0.00390625,3.6924397786458334,-0.5804768880208333,-4.272916666666666,0.0009015105962931648,-0.003184583414036815,0.01383056640625,0.0185546875,0.016874186197916665,0.021484375,0.00263671875,0.001953125,0.140625,2.6728515625,-0.00748291015625,-0.00390625,0.6,0.4,0.4,-0.02925628662109375,0.011686299641927082,5000
19,3,0.010205078125,-1.1297526041666666,-1.1399576822916666,0.001583514424050845,-0.0006781026775266643,0.0029459635416666666,0.001953125,3.6884806315104166,-0.5802693684895833,-4.26875,0.0007727737800442268,-0.0017848958895079954,0.009871419270833333,0.013671875,0.01158447265625,0.015625,0.0009114583333333333,0.009033203125,0.138671875,2.68359375,-0.006925455729166667,0.00390625,0.5333333333333333,0.4,0.6666666666666666,-0.0266607666015625,0.010189615885416656,5000
19,4,0.01357421875,-1.1290364583333334,-1.1426106770833333,0.0014658246592136376,0.0012763755723615813,0.006315104166666667,0.00390625,3.6944539388020834,-0.5805460611979166,-4.275,0.0007668121619306137,-0.003965348693661527,0.0158447265625,0.01171875,0.016829427083333334,0.0213623046875,-1.6276041666666666e-05,-0.005859375,0.138671875,2.6953125,-0.009529622395833333,-0.005859375,0.6666666666666666,0.2,0.3333333333333333,-0.0334075927734375,0.010197550455729157,5000
19,5,0.006966145833333334,-1.1350260416666667,-1.1419921875,0.0016870271612309281,-0.0011421906158297105,-0.00029296875,0.005859375,3.693794759114583,-0.5812052408854167,-4.275,0.0007098403436447703,-0.005050251483130972,0.015185546875,0.0087890625,0.01422119140625,0.013671875,-0.0017252604166666666,0.001953125,0.138671875,2.6884765625,-0.015478515625,-0.0086669921875,0.6,0.13333333333333333,0.4,-0.0338543701171875,0.0012870279947916488,5000
19,6,0.012141927083333334,-1.1311197916666667,-1.14326171875,0.0015146795102354525,0.00010592519410382699,0.0048828125,-0.001953125,3.695328776041667,-0.5781087239583333,-4.2734375,0.0007488623195319884,-0.0047701983755760475,0.016719563802083334,0.01715087890625,0.01265869140625,0.0078125,-0.0017578125,0.005859375,0.134765625,2.703125,-0.011836751302083334,-0.001953125,0.4666666666666667,0.13333333333333333,0.4666666666666667,-0.031136067708333333,0.005912373860677081,5000
19,7,0.00908203125,-1.1354166666666667,-1.1444986979166667,0.001405305270723409,-0.0005125099951367176,0.0018229166666666667,0.001953125,3.695137532552083,-0.5777791341145834,-4.272916666666666,0.0008188399395360562,-0.004178124350359156,0.0165283203125,0.015625,0.011226399739583334,0.010986328125,0.00205078125,-0.001953125,0.138671875,2.6953125,-0.014705403645833334,-0.0078125,0.5333333333333333,0.26666666666666666,0.4,-0.034197184244791665,0.003817138671874994,5000
19,8,0.007096354166666667,-1.1337239583333334,-1.1408203125,0.0013677655442942594,-0.0011452863911451375,-0.00016276041666666666,0.0,3.686083984375,-0.577978515625,-4.2640625,0.0007415472603944787,-0.0008974325228263863,0.007474772135416667,0.01123046875,0.015852864583333334,0.017578125,0.00078125,0.001953125,0.13671875,2.68359375,-0.007637532552083334,-0.0078125,0.4666666666666667,0.3333333333333333,0.4666666666666667,-0.023104146321614585,0.006718037923177081,5000
19,9,0.011572265625,-1.130859375,-1.142431640625,0.0016951594952497456,0.000650744032475533,0.004313151041666667,0.0068359375,3.694474283854167,-0.5794840494791667,-4.273958333333334,0.0007933815986880389,-0.00423651204971024,0.015865071614583334,0.015625,0.01309814453125,0.0155029296875,0.0012532552083333334,0.005859375,0.15625,2.67578125,-0.011551920572916667,-0.0087890625,0.5333333333333333,0.2,0.3333333333333333,-0.031035868326822914,0.005989990234374995,5000
19,10,0.014225260416666666,-1.127734375,-1.1419596354166666,0.0014706265539028622,0.0003406523048201828,0.006966145833333334,0.013671875,3.6928751627604166,-0.58004150390625,-4.272916666666666,0.000708247860543876,-0.004047770157392965,0.014265950520833333,0.015625,0.016060384114583333,0.01788330078125,0.001806640625,0.001953125,0.134765625,2.6953125,-0.0072998046875,0.00390625,0.6,0.13333333333333333,0.5333333333333333,-0.024511922200520835,0.008919270833333333,5000
19,11,0.010172526041666666,-1.1337239583333334,-1.143896484375,0.0012811027869019255,-0.0009115246926444434,0.0029134114583333334,-0.0078125,3.6945597330729165,-0.57991943359375,-4.274479166666667,0.0008150276736621838,-0.004711919813528818,0.015950520833333332,0.015625,0.012052408854166667,0.0107421875,0.000146484375,0.00390625,0.12109375,2.6826171875,-0.013037109375,-0.003662109375,0.4666666666666667,0.13333333333333333,0.3333333333333333,-0.029988810221354165,0.002442016601562491,5000
19,12,0.0073893229166666664,-1.1348307291666666,-1.1422200520833334,0.0013084865527151356,-0.001503217401675561,0.00013020833333333333,0.0078125,3.69337158203125,-0.5774617513020833,-4.270833333333333,0.0006989778468297983,-0.004168474402263561,0.014762369791666667,0.0152587890625,0.01021728515625,0.00390625,0.0036295572916666668,0.0107421875,0.15625,2.7109375,-0.014632161458333333,-0.0107421875,0.5333333333333333,0.26666666666666666,0.3333333333333333,-0.031136271158854166,0.0009360758463541637,5000
19,13,0.013297526041666667,-1.1319661458333334,-1.145263671875,0.0014271221374454871,0.0005649548894364586,0.0060384114583333336,0.00390625,3.6890584309895833,-0.5822957356770834,-4.271354166666667,0.0007361074927267304,-0.0027162636825444893,0.01044921875,0.01171875,0.016349283854166667,0.015625,0.0023274739583333333,-0.001953125,0.140625,2.703125,-0.004410807291666667,0.0078125,0.5333333333333333,0.2,0.5333333333333333,-0.023430379231770833,0.01324340820312496,5000
19,14,0.008528645833333333,-1.1328776041666666,-1.14140625,0.0013019256808942316,-0.0015428443486406181,0.00126953125,0.005859375,3.6879842122395834,-0.5807657877604167,-4.26875,0.0007226034928130698,-0.0026234606658414403,0.009375,0.0087890625,0.0171875,0.015380859375,0.001171875,0.00390625,0.138671875,2.6796875,-0.00810546875,0.0048828125,0.6,0.3333333333333333,0.6,-0.029956258138020834,0.013169148763020807,5000
19,15,0.00927734375,-1.1319010416666666,-1.1411783854166666,0.0013222284806010027,-0.0009994842563373657,0.002018229166666667,0.001953125,3.6978352864583335,-0.576123046875,-4.273958333333334,0.0008381986611425294,-0.006313411069333459,0.01922607421875,0.0224609375,0.00880126953125,0.01123046875,0.0029459635416666666,-0.0078125,0.140625,2.7275390625,-0.017207845052083334,-0.01519775390625,0.5333333333333333,0.2,0.4666666666666667,-0.03885528564453125,0.0026470947265624678,5000
19,16,0.009065755208333333,-1.133203125,-1.1422688802083334,0.0015049929653178612,-0.0010293391759358666,0.001806640625,0.0,3.6908610026041666,-0.5799723307291667,-4.270833333333333,0.0006690896989298627,-0.0039029430908629034,0.012251790364583333,0.0087890625,0.018538411458333334,0.0234375,-0.0008951822916666666,0.001953125,0.138671875,2.6962890625,-0.010445149739583333,0.00390625,0.4666666666666667,0.2,0.5333333333333333,-0.030253194173177084,0.00761088053385414,5000
19,17,0.009195963541666666,-1.1323567708333333,-1.141552734375,0.0013330436237632187,-0.0003571730842673279,0.0019368489583333334,0.001953125,3.6927083333333335,-0.5786458333333333,-4.271354166666667,0.0006990999972259904,-0.0038286836659778114,0.01409912109375,0.010986328125,0.010091145833333334,0.0107421875,0.00013020833333333333,0.0,0.138671875,2.6826171875,-0.012162272135416667,-0.005859375,0.6,0.26666666666666666,0.3333333333333333,-0.03154551188151041,0.005503641764322883,5000
19,18,0.006982421875,-1.1338541666666666,-1.1408365885416667,0.0013431463171410776,-0.0016248301395898831,-0.0002766927083333333,-0.001953125,3.697770182291667,-0.5777506510416667,-4.275520833333333,0.0007164497115790053,-0.005370492679330759,0.019160970052083334,0.0166015625,0.014798990885416667,0.01904296875,-0.0035319010416666667,0.001953125,0.15625,2.703125,-0.019437662760416665,-0.013671875,0.4666666666666667,0.2,0.2,-0.03644643147786458,-0.00322265625,5000
19,19,0.009586588541666666,-1.1342447916666667,-1.1438313802083333,0.0014709026770348603,-0.0010527709201624271,0.0023274739583333333,0.00390625,3.6936360677083333,-0.580322265625,-4.273958333333334,0.0007454202565720475,-0.0032609888056479835,0.01502685546875,0.0166015625,0.011625162760416667,0.015625,-0.0026041666666666665,0.001953125,0.140625,2.6875,-0.012699381510416666,-0.0029296875,0.5333333333333333,0.26666666666666666,0.4,-0.032195027669270834,0.005839538574218743,5000
19,20,0.008235677083333334,-1.1328776041666666,-1.14111328125,0.0012858774685149436,-0.0017180708491513006,0.0009765625,0.0,3.6954060872395833,-0.5790730794270833,-4.274479166666667,0.0007739782220849359,-0.004954769317686656,0.016796875,0.015625,0.01337890625,0.01171875,-0.001416015625,0.001953125,0.119140625,2.7080078125,-0.0158203125,0.0,0.4666666666666667,0.26666666666666666,0.4666666666666667,-0.03605977376302083,0.0032659912109374617,5000
19,21,0.01015625,-1.1321614583333333,-1.1423177083333333,0.0014774276352740444,-0.0004913902158747503,0.0028971354166666668,0.001953125,3.693115234375,-0.5808430989583333,-4.273958333333334,0.0007184349015634252,-0.003386218066519799,0.014506022135416666,0.01123046875,0.016141764322916665,0.0107421875,0.004475911458333333,0.0,0.138671875,2.69140625,-0.01160888671875,-0.00390625,0.5333333333333333,0.13333333333333333,0.4666666666666667,-0.032981465657552084,0.007629699707031245,5000
19,22,0.010237630208333333,-1.1334635416666667,-1.143701171875,0.0013716625649301966,-0.0008046800523985016,0.002978515625,0.00390625,3.695975748697917,-0.5764200846354167,-4.272395833333333,0.0007238528667768967,-0.005330889945984934,0.017366536458333335,0.0224609375,0.0104736328125,0.006591796875,-0.002018229166666667,0.00390625,0.140625,2.7109375,-0.014388020833333333,-0.01171875,0.5333333333333333,0.26666666666666666,0.4666666666666667,-0.03436686197916667,0.004355468749999976,5000
19,23,0.010628255208333333,-1.1324869791666667,-1.143115234375,0.0013335421086444444,-0.0003874499689929751,0.003369140625,0.0078125,3.6924397786458334,-0.5783935546875,-4.270833333333333,0.0008146149543666676,-0.0047870615340979365,0.01383056640625,0.01123046875,0.014339192708333334,0.0146484375,0.0038899739583333334,0.001953125,0.13671875,2.70703125,-0.01046142578125,0.0009765625,0.5333333333333333,0.13333333333333333,0.5333333333333333,-0.027844340006510416,0.004956563313802076,5000
19,24,0.012825520833333333,-1.1313802083333333,-1.1442057291666667,0.0017281951843942267,0.00012306301034976393,0.00556640625,0.00390625,3.6896647135416667,-0.5822102864583333,-4.271875,0.0006977433176155276,-0.003119490588211442,0.011055501302083333,0.00390625,0.022090657552083334,0.0234375,0.004720052083333333,0.005859375,0.140625,2.716796875,-0.0054890950520833336,0.0,0.6,0.4,0.4,-0.026058349609375,0.01444997151692707,5000
19,25,0.00771484375,-1.133984375,-1.14169921875,0.001332262602112201,-0.0015356898199918448,0.0004557291666666667,0.001953125,3.7003499348958333,-0.5788167317708334,-4.279166666666667,0.0008874188462958254,-0.006540641418929249,0.02174072265625,0.01171875,0.0110107421875,0.0087890625,0.000634765625,0.0,0.13671875,2.7373046875,-0.021284993489583334,-0.00390625,0.5333333333333333,0.2,0.4666666666666667,-0.0426031494140625,-0.0032664998372395966,5000
19,26,0.0069010416666666664,-1.1352213541666667,-1.1421223958333333,0.0014594679230026067,-0.0015394725510871835,-0.00035807291666666664,0.0078125,3.6931884765625,-0.5802490234375,-4.2734375,0.0008097125381497075,-0.0038172066840932314,0.014579264322916667,0.010986328125,0.0122802734375,0.0146484375,0.002685546875,0.00390625,0.140625,2.6875,-0.014937337239583333,-0.01953125,0.6,0.2,0.4,-0.03395792643229167,0.004244588216145824,5000
19,27,0.013313802083333333,-1.1304036458333333,-1.1437174479166667,0.0014258717682970768,0.0007786481139217677,0.0060546875,0.001953125,3.69000244140625,-0.5751017252604167,-4.265104166666666,0.0008221770575104445,-0.0029703079527733985,0.011393229166666666,0.0087890625,0.013468424479166666,0.01171875,0.0034016927083333334,0.005859375,0.138671875,2.6796875,-0.005338541666666667,0.001953125,0.5333333333333333,0.2,0.5333333333333333,-0.022347412109375,0.01005859375,5000
19,28,0.008968098958333334,-1.134765625,-1.1437337239583334,0.001398352311776965,-0.0009848138872155536,0.001708984375,0.00390625,3.6899210611979165,-0.5793497721354167,-4.269270833333334,0.0006733042804148381,-0.0029708049233637098,0.011311848958333334,0.0081787109375,0.01192626953125,0.0126953125,0.0016276041666666667,0.00390625,0.140625,2.6875,-0.009602864583333334,-0.00048828125,0.5333333333333333,0.26666666666666666,0.4666666666666667,-0.029736531575520832,0.009361165364583299,5000
19,29,0.011653645833333334,-1.1330729166666667,-1.1447265625,0.0013967182569095344,0.0005434819779618074,0.00439453125,0.0078125,3.6927815755208333,-0.5790934244791667,-4.271875,0.0007936080771959158,-0.003948759756638427,0.01417236328125,0.0166015625,0.01641845703125,0.015625,0.00576171875,0.009521484375,0.138671875,2.703125,-0.00977783203125,-0.00152587890625,0.6,0.26666666666666666,0.4666666666666667,-0.031441446940104166,0.011588948567708328,5000
19,30,0.009814453125,-1.1322265625,-1.142041015625,0.0015308864114279008,-0.0003726497383817071,0.0025553385416666667,0.01171875,3.6922281901041667,-0.5770426432291667,-4.269270833333334,0.0006097421544140364,-0.004346958646054296,0.013618977864583333,0.01416015625,0.016796875,0.02294921875,0.0071451822916666664,0.00390625,0.13671875,2.72265625,-0.011063639322916667,-0.01275634765625,0.5333333333333333,0.2,0.4666666666666667,-0.030562642415364584,0.007292480468749988,5000
19,31,0.010237630208333333,-1.1328125,-1.1430501302083333,0.0013260089328738967,-0.00026551185318487904,0.002978515625,0.00390625,3.692923990885417,-0.57686767578125,-4.269791666666666,0.0007632248983757865,-0.0039743470159747055,0.014314778645833333,0.015625,0.013798014322916666,0.0224609375,0.001171875,-0.00390625,0.138671875,2.6875,-0.011336263020833333,-0.01171875,0.6,0.2,0.3333333333333333,-0.028865559895833334,0.0055993652343749945,5000
20,0,0.010872395833333333,-1.131640625,-1.1425130208333334,0.0014284960076646233,-7.439441044921966e-05,0.00361328125,0.00390625,3.697802734375,-0.5766764322916667,-4.274479166666667,0.0006793487763119022,-0.005636560467586372,0.019193522135416665,0.02130126953125,0.010184733072916667,0.0078125,0.001611328125,-0.001953125,0.140625,2.7099609375,-0.015580240885416667,-0.01806640625,0.6,0.2,0.4,-0.03705006917317708,0.004444783528645813,5000
20,1,0.008170572916666667,-1.1343098958333333,-1.14248046875,0.0014871879127821399,-0.0007040067145140528,0.0009114583333333333,0.01611328125,3.696183268229167,-0.5782958984375,-4.274479166666667,0.0007023971660559763,-0.0057193067288301225,0.017574055989583334,0.0224609375,0.01553955078125,0.0155029296875,0.0020670572916666667,0.01171875,0.15625,2.71484375,-0.01666259765625,-0.0029296875,0.5333333333333333,0.2,0.4,-0.03629241943359375,0.00212066650390624,5000
20,2,0.010205078125,-1.1358072916666666,-1.1460123697916667,0.0014137888072615792,-0.0004203057304303,0.0029459635416666666,0.0,3.6964396158854167,-0.5769978841145833,-4.2734375,0.000700316917729464,-0.004885239586599243,0.017830403645833333,0.015869140625,0.014188639322916667,0.017578125,-0.0013671875,-0.001953125,0.13671875,2.6865234375,-0.014884440104166667,0.001953125,0.4666666666666667,0.2,0.5333333333333333,-0.03813639322916666,0.0062125651041666195,5000
20,3,0.019986979166666665,-1.1302734375,-1.1502604166666666,0.001637567398861475,0.0043469559213271365,0.012727864583333333,0.01171875,3.6755615234375,-0.5796468098958333,-4.255208333333333,0.0006517325281584553,0.002198455802629772,-0.003047688802083333,-0.0001220703125,0.014994303385416666,0.0126953125,0.002001953125,0.0009765625,0.1875,2.671875,0.015775553385416665,0.0205078125,0.6666666666666666,0.5333333333333333,0.6666666666666666,-0.0015592447916666665,0.033703918457031246,5000
20,4,0.004654947916666667,-1.1367838541666666,-1.1414388020833333,0.0014293591055947509,-0.0025848055393849763,-0.0026041666666666665,0.0,3.692338053385417,-0.57901611328125,-4.271354166666667,0.0007050410493213736,-0.003447662607059572,0.013728841145833334,0.0166015625,0.014436848958333333,0.0185546875,-0.0025553385416666667,0.0,0.13671875,2.6875,-0.0163330078125,-0.0068359375,0.4666666666666667,0.26666666666666666,0.3333333333333333,-0.03676778157552083,0.0027345784505208304,5000
20,5,0.006022135416666667,-1.1358072916666666,-1.1418294270833333,0.0013599818968239496,-0.002052073782770233,-0.0012369791666666666,0.001953125,3.691605631510417,-0.57818603515625,-4.269791666666666,0.0006990963272546671,-0.00374296766904856,0.012996419270833334,0.0087890625,0.012312825520833333,0.0078125,0.0017903645833333333,0.00390625,0.13671875,2.68359375,-0.0142333984375,-0.0068359375,0.5333333333333333,0.26666666666666666,0.4666666666666667,-0.037291259765624994,0.006640625,5000
20,6,0.010074869791666666,-1.13359375,-1.1436686197916666,0.001307091454396462,-0.0001958752535957648,0.0028157552083333333,0.00390625,3.6877766927083333,-0.5825358072916667,-4.2703125,0.0008920385885611415,-0.002723597701508287,0.00916748046875,0.0087890625,0.01640625,0.0234375,0.001171875,0.0,0.140625,2.6943359375,-0.0063517252604166664,-0.0048828125,0.6,0.26666666666666666,0.4666666666666667,-0.02692250569661458,0.012984619140624994,5000
20,7,0.009977213541666667,-1.1342447916666667,-1.1442220052083334,0.001276974044620782,-0.0006169595110663678,0.0027180989583333332,0.0029296875,3.6985799153645833,-0.5748575846354167,-4.2734375,0.0007631438044109803,-0.006376133704685382,0.019970703125,0.01904296875,0.015104166666666667,0.010986328125,0.0043294270833333336,0.013671875,0.138671875,2.70703125,-0.017252604166666668,-0.0068359375,0.6,0.13333333333333333,0.4666666666666667,-0.036450398763020836,0.0005295817057291577,5000
20,8,0.007454427083333334,-1.1334635416666667,-1.14091796875,0.0014016658413435236,-0.0010842794349230586,0.0001953125,0.00390625,3.6972900390625,-0.5761474609375,-4.2734375,0.0007854624368007996,-0.0050985668196392355,0.018680826822916666,0.0238037109375,0.016780598958333334,0.01708984375,0.0017903645833333333,0.001953125,0.140625,2.7099609375,-0.018485514322916667,-0.00439453125,0.6,0.26666666666666666,0.4666666666666667,-0.041964518229166664,0.004065450032552076,5000
20,9,0.004166666666666667,-1.13515625,-1.1393229166666667,0.0013006603247432138,-0.0020814420340999834,-0.0030924479166666665,0.0,3.69454345703125,-0.5799357096354166,-4.274479166666667,0.0006799027645647286,-0.004604521843781522,0.015934244791666666,0.01171875,0.017366536458333335,0.0224609375,0.0060384114583333336,0.0078125,0.15234375,2.7109375,-0.019026692708333334,-0.0087890625,0.4666666666666667,0.2,0.3333333333333333,-0.039397176106770834,0.00033426920572915777,5000
20,10,0.008219401041666666,-1.1339192708333334,-1.142138671875,0.001429408763411059,-0.001128433685735453,0.0009602864583333333,0.00390625,3.688248697916667,-0.5789388020833334,-4.2671875,0.0008084002880841273,-0.0034871645747396813,0.009639485677083334,0.013427734375,0.010380045572916666,0.00439453125,0.001416015625,0.00390625,0.138671875,2.71875,-0.00867919921875,0.00390625,0.6,0.26666666666666666,0.5333333333333333,-0.028093872070312498,0.009338887532552076,5000
20,11,0.0071451822916666664,-1.1329427083333334,-1.140087890625,0.0014499741055550562,-0.0008375746195083005,-0.00011393229166666667,0.01171875,3.6923868815104166,-0.57896728515625,-4.271354166666667,0.0007318928139833776,-0.0043318100025541975,0.013777669270833333,0.01171875,0.01739501953125,0.015625,0.002262369791666667,-0.001953125,0.13671875,2.703125,-0.0138916015625,0.0,0.6,0.26666666666666666,0.4666666666666667,-0.03759908040364583,0.006584879557291649,5000
20,12,0.0138671875,-1.1304036458333333,-1.1442708333333333,0.001364971160367253,0.00079829004923376,0.006608072916666667,0.00390625,3.693802897135417,-0.57442626953125,-4.268229166666667,0.0007599922748476221,-0.004475252797509948,0.015193684895833334,0.015869140625,0.01383056640625,0.0078125,-0.0030598958333333333,0.0,0.134765625,2.7109375,-0.008585611979166666,-0.00390625,0.5333333333333333,0.13333333333333333,0.4666666666666667,-0.0257659912109375,0.007625732421874995,5000
20,13,0.0053059895833333336,-1.1369140625,-1.1422200520833334,0.001231006098838644,-0.0022072916325786077,-0.001953125,0.001953125,3.6895100911458334,-0.5818440755208333,-4.271354166666667,0.0007092489815059506,-0.0025665357936079576,0.01090087890625,0.0068359375,0.01304931640625,0.01806640625,-0.0029459635416666666,0.0,0.138671875,2.6953125,-0.01285400390625,-0.0029296875,0.5333333333333333,0.3333333333333333,0.4,-0.03303904215494791,0.006184895833333333,5000
20,14,0.012060546875,-1.1329427083333334,-1.1450032552083333,0.001410046218192029,0.0007923691352953559,0.004801432291666667,0.00390625,3.693916829427083,-0.5789998372395834,-4.272916666666666,0.0006792421203511417,-0.004816354534210174,0.0153076171875,0.015625,0.008203125,0.01123046875,0.0046875,0.005859375,0.140625,2.69921875,-0.010506184895833333,-0.005859375,0.6666666666666666,0.13333333333333333,0.3333333333333333,-0.028468017578124998,0.006584065755208327,5000
20,15,0.006705729166666666,-1.1331380208333333,-1.13984375,0.0012645931838707704,-0.0018415767102959923,-0.0005533854166666667,0.0,3.6927815755208333,-0.5816975911458333,-4.274479166666667,0.0007075544994843473,-0.0031801872587204094,0.01417236328125,0.015625,0.010603841145833333,0.0126953125,-0.0005859375,0.00390625,0.13671875,2.6708984375,-0.014725748697916667,-0.0048828125,0.4666666666666667,0.2,0.26666666666666666,-0.033643391927083335,0.003801167805989573,5000
20,16,0.005696614583333333,-1.1348958333333334,-1.1405924479166667,0.001315233152162649,-0.0021683847526170743,-0.0015625,-0.001953125,3.69141845703125,-0.5814982096354167,-4.272916666666666,0.0007595942219561576,-0.0034264047628203907,0.012809244791666667,0.0078125,0.01722412109375,0.015625,0.003271484375,0.00390625,0.134765625,2.6796875,-0.014371744791666667,-0.0009765625,0.4,0.26666666666666666,0.4,-0.033546142578125,0.0036246744791666196,5000
20,17,0.012027994791666666,-1.1318359375,-1.1438639322916666,0.0013410426670575108,-0.0002675535453301084,0.004768880208333334,0.00390625,3.6902791341145833,-0.5784708658854166,-4.26875,0.0008592006469745492,-0.0031557844886723582,0.011669921875,0.01123046875,0.016231282552083334,0.02197265625,-0.0023274739583333333,0.0,0.134765625,2.703125,-0.0069010416666666664,0.0029296875,0.5333333333333333,0.2,0.5333333333333333,-0.024333902994791667,0.009051717122395801,5000
20,18,0.012125651041666666,-1.1298828125,-1.1420084635416667,0.0012662222253000499,0.0005663015897796236,0.004866536458333333,0.01171875,3.7005818684895835,-0.57806396484375,-4.278645833333333,0.0006806693352027285,-0.006522935827950939,0.02197265625,0.023681640625,0.012744140625,0.0087890625,-0.00021158854166666667,0.01171875,0.15625,2.6953125,-0.017106119791666666,-0.010986328125,0.6,0.13333333333333333,0.26666666666666666,-0.03432698567708333,-0.00014607747395833925,5000
20,19,0.008528645833333333,-1.1328776041666666,-1.14140625,0.0014399993952634942,-0.0014136274896342385,0.00126953125,0.005859375,3.6934773763020834,-0.57735595703125,-4.270833333333333,0.0007857674776652173,-0.0043505095838309,0.0148681640625,0.0177001953125,0.013407389322916666,0.01123046875,0.004361979166666667,0.00390625,0.140625,2.69921875,-0.0135986328125,-0.02001953125,0.6,0.2,0.4,-0.03343180338541667,0.00681213378906249,5000
20,20,0.0049479166666666664,-1.1365234375,-1.1414713541666666,0.001304568060693736,-0.002260738825155365,-0.0023111979166666667,0.0,3.69500732421875,-0.5789510091145833,-4.273958333333334,0.0007338483894399645,-0.0050205255772925944,0.016398111979166668,0.0224609375,0.012528483072916667,0.01171875,0.0039713541666666664,0.00390625,0.140625,2.69921875,-0.018709309895833335,-0.0150146484375,0.4666666666666667,0.2,0.3333333333333333,-0.03601949055989583,-0.0022296142578125027,5000
20,21,0.009798177083333333,-1.1305338541666667,-1.14033203125,0.0013419289893649446,-8.56660683619124e-05,0.0025390625,0.01171875,3.69888916015625,-0.5802775065104167,-4.279166666666667,0.0006606221594133123,-0.005717886357531161,0.020279947916666666,0.0234375,0.014762369791666667,0.01953125,0.001904296875,0.001953125,0.15625,2.6904296875,-0.017740885416666668,-0.0126953125,0.5333333333333333,0.2,0.3333333333333333,-0.03444844563802083,-0.0009029134114583393,5000
20,22,0.012483723958333333,-1.13125,-1.1437337239583334,0.00125184239364527,0.000847802600916718,0.005224609375,0.013671875,3.6969807942708335,-0.5821858723958333,-4.279166666666667,0.0008101100598829986,-0.0052024238679003,0.01837158203125,0.01806640625,0.013338216145833333,0.0078125,0.004036458333333334,0.01171875,0.15234375,2.703125,-0.01314697265625,-0.00439453125,0.6,0.06666666666666667,0.3333333333333333,-0.02960662841796875,0.002675476074218719,5000
20,23,0.010172526041666666,-1.1349609375,-1.1451334635416666,0.001409884244618149,-0.0006911537865951801,0.0029134114583333334,0.00390625,3.696638997395833,-0.5783610026041667,-4.275,0.000741046752856185,-0.005405923943639934,0.01802978515625,0.0224609375,0.015946451822916666,0.0166015625,0.003564453125,0.01171875,0.13671875,2.689453125,-0.015116373697916666,-0.001953125,0.5333333333333333,0.2,0.4,-0.03282938639322917,0.00152587890625,5000
20,24,0.007568359375,-1.1354817708333333,-1.1430501302083333,0.0013648212178526797,-0.0012983897654053882,0.00030924479166666665,0.00390625,3.68944091796875,-0.5803507486979167,-4.269791666666666,0.0007492123956924202,-0.002414477533545005,0.010831705729166667,0.007568359375,0.00853271484375,0.0087890625,-0.00263671875,0.0,0.134765625,2.6884765625,-0.0105224609375,0.0,0.5333333333333333,0.4,0.4,-0.0318212890625,0.010026041666666667,5000
20,25,0.0045735677083333336,-1.1348307291666666,-1.139404296875,0.0015240959751148453,-0.0028191886793261555,-0.002685546875,0.001953125,3.6962687174479165,-0.5792521158854167,-4.275520833333333,0.0006817093281365056,-0.004986145512128579,0.017659505208333332,0.0185546875,0.016727701822916666,0.02197265625,-0.0004557291666666667,0.00390625,0.138671875,2.7109375,-0.020345052083333332,-0.018798828125,0.5333333333333333,0.13333333333333333,0.3333333333333333,-0.03699544270833333,-0.004719645182291672,5000
20,26,0.008626302083333334,-1.1354817708333333,-1.1441080729166666,0.0013446758106460646,-0.00034829872296617155,0.0013671875,0.01171875,3.692236328125,-0.581201171875,-4.2734375,0.0007519576835547145,-0.0037179656388447333,0.013627115885416667,0.01806640625,0.0121337890625,0.0076904296875,0.0027018229166666666,0.001953125,0.15234375,2.6806640625,-0.012259928385416667,0.0029296875,0.5333333333333333,0.2,0.6,-0.032359415690104164,0.006572367350260404,5000
20,27,0.007796223958333333,-1.13515625,-1.1429524739583334,0.001590792364568258,-0.0015422892463380544,0.000537109375,-0.0048828125,3.6999715169270835,-0.5781534830729167,-4.278125,0.0007029247646739951,-0.005907833551622642,0.0213623046875,0.01806640625,0.015091959635416667,0.015625,-0.00205078125,-0.001953125,0.134765625,2.6875,-0.0208251953125,-0.00390625,0.4,0.13333333333333333,0.3333333333333333,-0.043555908203125,-0.0014973958333333334,5000
20,28,0.005843098958333333,-1.1354817708333333,-1.1413248697916667,0.0015128708027146998,-0.0017990838982479159,-0.001416015625,0.0078125,3.6918701171875,-0.5815673828125,-4.2734375,0.0008323449055972559,-0.0022152811709791917,0.013260904947916667,0.01123046875,0.018387858072916666,0.015625,-0.0015625,0.001953125,0.138671875,2.6962890625,-0.014676920572916667,0.0029296875,0.6,0.4,0.5333333333333333,-0.03838765462239583,0.006140645345052076,5000
20,29,0.011995442708333333,-1.1342447916666667,-1.146240234375,0.001471186920819672,6.983340959733578e-05,0.004736328125,0.015625,3.6961954752604167,-0.5808878580729167,-4.277083333333334,0.0006490806160147625,-0.00579089854467585,0.017586263020833333,0.017578125,0.014359537760416667,0.01123046875,0.00263671875,0.001953125,0.138671875,2.69921875,-0.012849934895833333,0.001953125,0.6,0.2,0.5333333333333333,-0.034694010416666664,0.0072922770182291576,5000
20,30,0.008333333333333333,-1.1322265625,-1.1405598958333334,0.001398192352203239,-0.000987177340895388,0.00107421875,0.00390625,3.697029622395833,-0.5795328776041667,-4.2765625,0.0006582587197645182,-0.005985740904905917,0.01842041015625,0.0166015625,0.010835774739583333,0.0087890625,0.006087239583333333,0.0078125,0.138671875,2.6953125,-0.01734619140625,-0.01422119140625,0.6,0.06666666666666667,0.2,-0.03355316162109375,-0.0012037150065104271,5000
20,31,0.011149088541666666,-1.1330729166666667,-1.1442220052083334,0.0014089357537269745,6.620926462341086e-05,0.0038899739583333334,0.0,3.6972615559895834,-0.5761759440104167,-4.2734375,0.0009571308776932126,-0.0054143592166960705,0.01865234375,0.015625,0.0102783203125,0.0107421875,0.0012858072916666667,0.0,0.134765625,2.70703125,-0.014762369791666667,-0.0101318359375,0.4666666666666667,0.06666666666666667,0.4,-0.03423014322916666,0.002686157226562491,5000
21,0,0.011604817708333333,-1.1333333333333333,-1.1449381510416667,0.001321541998574412,0.00015603144386727274,0.004345703125,0.00390625,3.6904500325520835,-0.57725830078125,-4.267708333333333,0.000587324101905918,-0.0035238769621969857,0.0118408203125,0.01123046875,0.011800130208333334,0.014892578125,0.0033365885416666665,0.015625,0.140625,2.7109375,-0.0074951171875,-0.01318359375,0.6,0.13333333333333333,0.4,-0.024105021158854167,0.00861857096354166,5000
21,1,0.005029296875,-1.1357421875,-1.140771484375,0.0013545644774694214,-0.0033974391653548274,-0.0022298177083333332,0.00390625,3.696541341145833,-0.5789794921875,-4.275520833333333,0.0007917485216762933,-0.004814781215451526,0.01793212890625,0.0185546875,0.01300048828125,0.0146484375,-0.0015787760416666667,0.001953125,0.123046875,2.703125,-0.020161946614583332,-0.0078125,0.5333333333333333,0.2,0.4,-0.039461466471354165,-0.0025187174479166666,5000
21,2,0.004378255208333333,-1.1346354166666666,-1.139013671875,0.0013147961037022966,-0.0032615673294789237,-0.002880859375,0.0,3.6951253255208334,-0.5819580078125,-4.277083333333334,0.0007043038236667676,-0.004997411450173582,0.01651611328125,0.0166015625,0.0161865234375,0.00390625,0.000732421875,0.005859375,0.125,2.6865234375,-0.01939697265625,-0.013671875,0.4666666666666667,0.13333333333333333,0.4,-0.03685017903645833,-0.002799275716145836,5000
21,3,0.009781901041666667,-1.1333333333333333,-1.143115234375,0.001442629324572412,-0.0001956303360574623,0.0025227864583333335,-0.001953125,3.6915242513020834,-0.57930908203125,-4.270833333333333,0.0007382289968826031,-0.0031783815681990257,0.0129150390625,0.01123046875,0.0134765625,0.015625,-0.0024088541666666668,-0.001953125,0.134765625,2.6796875,-0.010392252604166667,0.0029296875,0.4666666666666667,0.2,0.5333333333333333,-0.0284918212890625,0.006934000651041661,5000
21,4,0.008056640625,-1.1348307291666666,-1.1428873697916666,0.0014666606706534601,-0.0009951762527920665,0.0007975260416666667,0.00390625,3.6939371744791667,-0.5805419921875,-4.274479166666667,0.0008010230837364065,-0.004691624062013718,0.015327962239583333,0.01123046875,0.015262858072916666,0.015625,-0.001806640625,0.013671875,0.138671875,2.6982421875,-0.014530436197916666,0.0,0.6,0.2,0.4666666666666667,-0.035319620768229164,0.005253906249999988,5000
21,5,0.013134765625,-1.1322916666666667,-1.1454264322916667,0.0014318975660406869,0.0014734243047083225,0.005875651041666667,0.005859375,3.69522705078125,-0.5776896158854167,-4.272916666666666,0.0007697353373298149,-0.004811779495990881,0.016617838541666666,0.015625,0.017146809895833334,0.017578125,0.0020345052083333335,0.00390625,0.15234375,2.703125,-0.0107421875,-0.0079345703125,0.6,0.13333333333333333,0.4,-0.028630167643229166,0.006625366210937485,5000
21,6,0.00859375,-1.1335286458333333,-1.1421223958333333,0.001380844173709477,-0.0009228648196912399,0.0013346354166666667,0.005859375,3.6959716796875,-0.5774658203125,-4.2734375,0.0006962387401061661,-0.004413375954701569,0.017362467447916665,0.0155029296875,0.017289225260416666,0.01953125,0.0037760416666666667,0.01171875,0.138671875,2.701171875,-0.01602783203125,-0.01544189453125,0.6,0.2,0.4,-0.03586496988932292,0.0028255208333333097,5000
21,7,0.009830729166666666,-1.1328776041666666,-1.1427083333333334,0.0016348225829840037,-0.0007677897483943837,0.0025716145833333333,0.0048828125,3.6927490234375,-0.5796468098958333,-4.272395833333333,0.0008817116426127706,-0.0033162683269351485,0.014139811197916666,0.015625,0.010648600260416667,0.01171875,-0.0015462239583333333,0.0,0.138671875,2.703125,-0.011568196614583333,-0.01171875,0.6,0.2,0.4666666666666667,-0.033342692057291665,0.008650919596354162,5000
21,8,0.012125651041666666,-1.133203125,-1.1453287760416666,0.001594256861765689,-0.00017664838341223936,0.004866536458333333,0.001953125,3.6958577473958334,-0.5801839192708333,-4.276041666666667,0.0006669051226044604,-0.005464370023031945,0.01724853515625,0.015625,0.019242350260416666,0.0166015625,0.00068359375,0.00390625,0.138671875,2.6953125,-0.012381998697916667,-0.00390625,0.5333333333333333,0.06666666666666667,0.4,-0.027840169270833333,0.0025603230794270697,5000
21,9,0.009765625,-1.1313151041666667,-1.1410807291666667,0.0013680218064319799,-0.0010742787876814738,0.002506510416666667,0.00390625,3.6916748046875,-0.5817626953125,-4.2734375,0.0007099034429075078,-0.0036361243591265155,0.013065592447916666,0.015869140625,0.013431803385416666,0.01220703125,-0.003369140625,-0.001953125,0.140625,2.703125,-0.01055908203125,-0.00054931640625,0.6,0.26666666666666666,0.4666666666666667,-0.02955952962239583,0.007540181477864579,5000
21,10,0.0068359375,-1.137109375,-1.1439453125,0.0014177795279294839,-0.0013544701990150746,-0.00042317708333333335,0.00390625,3.69080810546875,-0.5805460611979166,-4.271354166666667,0.0008241144424674207,-0.003635455778806826,0.012198893229166667,0.008056640625,0.014900716145833333,0.015625,0.005696614583333333,0.005859375,0.125,2.70703125,-0.0126220703125,-0.01171875,0.5333333333333333,0.2,0.26666666666666666,-0.030624593098958333,0.005128377278645813,5000
21,11,0.012288411458333334,-1.1314453125,-1.1437337239583334,0.001243009421200254,0.0008678300192742283,0.005029296875,0.0126953125,3.6941243489583333,-0.5808756510416667,-4.275,0.0007374242815239955,-0.004579108089213358,0.01551513671875,0.0078125,0.0144287109375,0.0166015625,-0.0028971354166666668,0.0078125,0.15234375,2.701171875,-0.01048583984375,-0.0107421875,0.5333333333333333,0.2,0.4,-0.03330912272135417,0.011431986490885386,5000
21,12,0.004720052083333333,-1.13359375,-1.1383138020833334,0.001385984945689269,-0.0031542197150891127,-0.0025390625,-0.00390625,3.6959269205729166,-0.5743855794270833,-4.2703125,0.0007551444964738363,-0.006279529251766867,0.017317708333333334,0.015625,0.01712646484375,0.01953125,-0.0020833333333333333,-0.001953125,0.123046875,2.734375,-0.019856770833333332,-0.013671875,0.4,0.2,0.4,-0.03919331868489583,-0.0011147054036458363,5000
21,13,0.0123046875,-1.1314453125,-1.14375,0.001201615409027073,0.00017839972482882327,0.005045572916666667,0.01318359375,3.694197591145833,-0.5792399088541667,-4.2734375,0.0006282907961807882,-0.004519580096199,0.01558837890625,0.0224609375,0.021761067708333335,0.0185546875,0.005094401041666667,0.00390625,0.13671875,2.71484375,-0.010542805989583333,-0.0078125,0.5333333333333333,0.2,0.4,-0.029196777343749997,0.007064412434895824,5000
21,14,0.01416015625,-1.1302734375,-1.14443359375,0.0012405419000057441,0.0006501483592307721,0.0069010416666666664,0.0048828125,3.693794759114583,-0.58172607421875,-4.275520833333333,0.0005639112176558148,-0.004820639499498847,0.015185546875,0.0087890625,0.020682779947916667,0.0234375,-0.000146484375,0.0,0.13671875,2.6962890625,-0.008284505208333333,0.0,0.5333333333333333,0.13333333333333333,0.4666666666666667,-0.027524210611979166,0.010238647460937484,5000
21,15,0.011995442708333333,-1.1336588541666666,-1.145654296875,0.0014120826964978098,6.139303965139661e-05,0.004736328125,0.017578125,3.6935099283854167,-0.5804484049479167,-4.273958333333334,0.0007209593835591556,-0.004504442369993446,0.014900716145833333,0.015625,0.018603515625,0.015625,0.0018391927083333333,0.00390625,0.154296875,2.693359375,-0.010164388020833333,0.0048828125,0.6666666666666666,0.13333333333333333,0.6,-0.029868570963541664,0.008187255859374994,5000
21,16,0.006217447916666666,-1.1330729166666667,-1.1392903645833334,0.0013861971269939427,-0.001396943150650192,-0.0010416666666666667,0.0,3.6941243489583333,-0.5803548177083333,-4.274479166666667,0.0006757565284496916,-0.004548049946944479,0.01551513671875,0.0166015625,0.01353759765625,0.0078125,0.0047037760416666664,0.001953125,0.15625,2.6953125,-0.016556803385416666,-0.01251220703125,0.4,0.13333333333333333,0.4,-0.03415985107421875,1.0274251302052247e-05,5000
21,17,0.009684244791666666,-1.1348307291666666,-1.1445149739583333,0.0011697242699543254,-0.00032266768227532473,0.0024251302083333334,0.00390625,3.6926310221354166,-0.57872314453125,-4.271354166666667,0.0008224763194909823,-0.004135606685571623,0.014021809895833333,0.0224609375,0.015974934895833334,0.0257568359375,0.005419921875,0.0078125,0.15625,2.6875,-0.0115966796875,0.0023193359375,0.6,0.3333333333333333,0.5333333333333333,-0.03201558430989583,0.00782979329427082,5000
21,18,0.0056803385416666664,-1.1347005208333334,-1.140380859375,0.0012847758306559992,-0.0025200427301047246,-0.0015787760416666667,0.001953125,3.69306640625,-0.5782877604166666,-4.271354166666667,0.0007033922341377513,-0.004040690070135791,0.014457194010416667,0.01220703125,0.017598470052083332,0.015625,0.002620442708333333,0.01171875,0.138671875,2.71875,-0.016035970052083334,-0.0087890625,0.5333333333333333,0.2,0.3333333333333333,-0.03472086588541667,0.0015462239583333333,5000
21,19,0.0056803385416666664,-1.1341145833333333,-1.139794921875,0.0013272854802757518,-0.0015005416739012093,-0.0015787760416666667,0.00390625,3.693168131510417,-0.57662353515625,-4.269791666666666,0.0005839869387375471,-0.00453552289572246,0.014558919270833333,0.015625,0.014204915364583333,0.0126953125,0.002099609375,0.0078125,0.140625,2.7421875,-0.0161376953125,-0.01171875,0.5333333333333333,0.2,0.4,-0.03918660481770833,0.004753824869791649,5000
21,20,0.004361979166666667,-1.1352864583333333,-1.1396484375,0.0013708075768352444,-0.002351797108454867,-0.0028971354166666668,0.0,3.692122395833333,-0.5792317708333333,-4.271354166666667,0.000740706320438538,-0.004134030064711151,0.01351318359375,0.015380859375,0.01329345703125,0.00390625,-0.0010091145833333334,0.0,0.13671875,2.6875,-0.016410319010416667,-0.00390625,0.4666666666666667,0.2,0.3333333333333333,-0.03974619547526042,0.005303039550781233,5000
21,21,0.009798177083333333,-1.13359375,-1.1433919270833333,0.0015298322801973396,-0.0009371151580738292,0.0025390625,0.00390625,3.692215983072917,-0.58226318359375,-4.274479166666667,0.0007732259990998504,-0.003361288806833821,0.013606770833333334,0.015625,0.019649251302083334,0.01171875,6.510416666666667e-05,0.00390625,0.15234375,2.705078125,-0.011067708333333334,-0.0054931640625,0.5333333333333333,0.26666666666666666,0.4666666666666667,-0.032512003580729164,0.009969075520833334,5000
21,22,0.011181640625,-1.1324869791666667,-1.1436686197916666,0.0015757033962617718,-0.00024115438459113597,0.003922526041666667,0.001953125,3.6906087239583334,-0.580224609375,-4.270833333333333,0.0007574644769308414,-0.0027089785828299006,0.01199951171875,0.0107421875,0.019384765625,0.0234375,-0.0015950520833333333,0.0,0.138671875,2.6875,-0.008076985677083334,-0.00128173828125,0.6,0.4,0.4666666666666667,-0.030717264811197915,0.012207336425781246,5000
21,23,0.010904947916666666,-1.1339192708333334,-1.14482421875,0.0013637756942461395,-0.0005997080621424228,0.0036458333333333334,0.0078125,3.6967529296875,-0.5756429036458334,-4.272395833333333,0.0007607757429528159,-0.005354616265054992,0.018143717447916666,0.02001953125,0.010811360677083333,0.015625,-0.0012532552083333334,-0.001953125,0.13671875,2.6962890625,-0.014497884114583333,0.00390625,0.5333333333333333,0.2,0.5333333333333333,-0.03444915771484375,0.004036560058593749,5000
21,24,0.006315104166666667,-1.134765625,-1.1410807291666667,0.0016329712269367643,-0.0013649871597319692,-0.0009440104166666667,0.0,3.697607421875,-0.578955078125,-4.2765625,0.0007909401527649012,-0.005452371099849232,0.018998209635416666,0.0146484375,0.01513671875,0.0146484375,0.0031575520833333334,0.00390625,0.15234375,2.6904296875,-0.019942220052083334,-0.01177978515625,0.4666666666666667,0.06666666666666667,0.3333333333333333,-0.03942057291666667,-0.0028674316406250176,5000
21,25,0.009065755208333333,-1.1322265625,-1.1412923177083334,0.0014382442080284922,-0.0006488402304042113,0.001806640625,0.0078125,3.7014200846354166,-0.5767049153645833,-4.278125,0.0007727459073907443,-0.00589019272352531,0.022810872395833334,0.02392578125,0.01788330078125,0.017578125,-0.0040852864583333336,0.00390625,0.15625,2.69921875,-0.021004231770833333,-0.005859375,0.5333333333333333,0.13333333333333333,0.4,-0.04338460286458333,-0.0003489176432291815,5000
21,26,0.00908203125,-1.1356770833333334,-1.1447591145833333,0.0013789398822788243,-0.0011648635345269378,0.0018229166666666667,0.0029296875,3.6924031575520835,-0.57999267578125,-4.272395833333333,0.0006387329037228312,-0.003997017295295135,0.0137939453125,0.015380859375,0.014404296875,0.01123046875,0.002132161458333333,0.015625,0.138671875,2.703125,-0.011971028645833333,-0.01171875,0.6,0.2,0.4,-0.032113037109375,0.007129720052083321,5000
21,27,0.011800130208333334,-1.1328776041666666,-1.144677734375,0.001468340092977463,0.0003596318953876428,0.004541015625,0.017578125,3.6923095703125,-0.5785237630208333,-4.270833333333333,0.0006688177567917131,-0.004037120102310704,0.013700358072916667,0.0126953125,0.016288248697916667,0.0166015625,-0.0023274739583333333,0.00390625,0.154296875,2.7109375,-0.009159342447916666,0.0078125,0.6,0.2,0.5333333333333333,-0.03170572916666667,0.012007751464843747,5000
21,28,0.005989583333333334,-1.1350911458333333,-1.1410807291666667,0.0013134593201806308,-0.002162374427111942,-0.00126953125,0.005859375,3.6934529622395833,-0.57894287109375,-4.272395833333333,0.0006620450346956022,-0.0039524088847553455,0.01484375,0.0166015625,0.012919108072916666,0.01123046875,-0.0005533854166666667,0.001953125,0.138671875,2.6953125,-0.01611328125,-0.0029296875,0.6,0.2,0.4,-0.033545735677083334,-3.255208333333333e-05,5000
21,29,0.007194010416666666,-1.1337890625,-1.1409830729166666,0.0014120297744627257,-0.0008536196060426331,-6.510416666666667e-05,0.001953125,3.6916463216145834,-0.57762451171875,-4.269270833333334,0.0007620211455760806,-0.0031987057088025675,0.013037109375,0.0078125,0.015067545572916667,0.017578125,0.0008138020833333334,0.0048828125,0.138671875,2.69921875,-0.013102213541666666,-0.003662109375,0.5333333333333333,0.4,0.3333333333333333,-0.034002278645833335,0.005079752604166643,5000
21,30,0.009814453125,-1.1330729166666667,-1.1428873697916666,0.001593636888854156,-0.0008710940999570367,0.0025553385416666667,0.00390625,3.695947265625,-0.5800944010416667,-4.276041666666667,0.0006854746880523732,-0.0050463242766706886,0.017338053385416666,0.0224609375,0.017138671875,0.01708984375,0.0008626302083333333,0.005859375,0.140625,2.72265625,-0.01478271484375,-0.003173828125,0.5333333333333333,0.2,0.4,-0.03447743733723958,0.0044677734375,5000
21,31,0.005110677083333333,-1.1373697916666667,-1.14248046875,0.0013003658013437808,-0.0020742011758483414,-0.0021484375,0.0,3.6922281901041667,-0.5786051432291667,-4.270833333333333,0.0007666610863108299,-0.0035549623740974952,0.013618977864583333,0.01123046875,0.01728515625,0.015869140625,-0.0018391927083333333,-0.0009765625,0.138671875,2.6875,-0.015767415364583332,-0.015625,0.4666666666666667,0.3333333333333333,0.4,-0.034880269368489585,0.0028900146484374853,5000
22,0,0.007958984375,-1.1366536458333334,-1.1446126302083333,0.0014011061019363624,-0.0006276223570857107,0.0006998697916666667,0.00390625,3.69619140625,-0.57880859375,-4.275,0.0008073213388643661,-0.0053062425258512775,0.017582194010416666,0.01788330078125,0.011368815104166667,0.0078125,0.000927734375,0.001953125,0.140625,2.7080078125,-0.01688232421875,-0.0107421875,0.5333333333333333,0.13333333333333333,0.4,-0.03885650634765625,0.0038780721028645786,5000
22,1,0.008056640625,-1.1328776041666666,-1.1409342447916666,0.0011643241131061085,-0.0007798196422892233,0.0007975260416666667,0.0078125,3.694197591145833,-0.5808024088541667,-4.275,0.0007249728058810504,-0.0044836808239405185,0.01558837890625,0.0078125,0.010457356770833334,0.0029296875,0.0022786458333333335,0.00390625,0.138671875,2.6982421875,-0.014790852864583334,-0.00396728515625,0.6,0.3333333333333333,0.4,-0.03408253987630208,0.0030031331380208307,5000
22,2,0.009733072916666667,-1.1348958333333334,-1.14462890625,0.0012917144595373793,-0.0003730750109466901,0.0024739583333333332,0.015625,3.68836669921875,-0.5840291341145833,-4.272395833333333,0.000726205965854924,-0.002379819071284951,0.009757486979166667,0.0078125,0.012259928385416667,0.01348876953125,0.002099609375,0.015625,0.15625,2.689453125,-0.007283528645833333,0.0029296875,0.5333333333333333,0.4,0.5333333333333333,-0.0294927978515625,0.013871256510416607,5000
22,3,0.006559244791666667,-1.1360677083333333,-1.142626953125,0.0013874897708240565,-0.001672793736856377,-0.0006998697916666667,0.013671875,3.691597493489583,-0.57611083984375,-4.267708333333333,0.0008256804862989976,-0.003162624350441854,0.01298828125,0.0155029296875,0.015059407552083333,0.01123046875,-0.0003255208333333333,0.0,0.154296875,2.6806640625,-0.013688151041666667,0.0068359375,0.5333333333333333,0.26666666666666666,0.5333333333333333,-0.03881184895833333,0.008846232096354163,5000
22,4,0.012060546875,-1.1330729166666667,-1.1451334635416666,0.001471786655682162,0.0002930809854583396,0.004801432291666667,0.0107421875,3.694930013020833,-0.5779866536458333,-4.272916666666666,0.0006835184612264001,-0.005248988135737516,0.01632080078125,0.0166015625,0.015482584635416666,0.01171875,0.0021809895833333334,0.005859375,0.140625,2.71875,-0.011519368489583333,-0.00714111328125,0.6,0.2,0.4666666666666667,-0.03275105794270833,0.008444925944010391,5000
22,5,0.007796223958333333,-1.1330078125,-1.1408040364583334,0.0011622051570627234,-0.00177699317822656,0.000537109375,0.0,3.6920979817708335,-0.5802978515625,-4.272395833333333,0.000741219191099697,-0.003866597136552008,0.01348876953125,0.009765625,0.01729736328125,0.02294921875,0.0021484375,0.005859375,0.13671875,2.7109375,-0.01295166015625,-0.00103759765625,0.4666666666666667,0.13333333333333333,0.4666666666666667,-0.031930033365885416,0.0045533243815104145,5000
22,6,0.00673828125,-1.13515625,-1.14189453125,0.0013850595243890382,-0.0017251377473624298,-0.0005208333333333333,0.00390625,3.691292317708333,-0.5784993489583333,-4.269791666666666,0.0007631086252963897,-0.003919946840566627,0.01268310546875,0.015625,0.015230305989583333,0.017578125,0.0008138020833333334,0.00390625,0.140625,2.7109375,-0.013203938802083334,-0.00299072265625,0.5333333333333333,0.26666666666666666,0.4666666666666667,-0.036055806477864584,0.008236083984374995,5000
22,7,0.004313151041666667,-1.1361979166666667,-1.1405110677083334,0.0013538495092908919,-0.0026565730772378547,-0.0029459635416666666,-0.001953125,3.694014485677083,-0.57838134765625,-4.272395833333333,0.0007034062804421342,-0.004580806436507986,0.0154052734375,0.015869140625,0.018953450520833335,0.0087890625,0.0006022135416666667,0.001953125,0.134765625,2.703125,-0.018351236979166668,0.0009765625,0.4666666666666667,0.13333333333333333,0.5333333333333333,-0.04070088704427083,0.0025238037109374853,5000
22,8,0.010286458333333333,-1.1335286458333333,-1.1438151041666667,0.0013872341554373566,-0.0008041585554209321,0.00302734375,0.0078125,3.7025634765625,-0.5755615234375,-4.278125,0.0007270470423304327,-0.006948145292193467,0.023954264322916665,0.01953125,0.014042154947916666,0.01171875,0.0020833333333333333,0.005859375,0.119140625,2.7109375,-0.020926920572916667,-0.017578125,0.5333333333333333,0.06666666666666667,0.26666666666666666,-0.03719919840494792,-0.0051087443033854445,5000
22,9,0.00849609375,-1.1340494791666667,-1.1425455729166667,0.0013986923173076981,-0.0011894505675729995,0.0012369791666666666,0.005859375,3.694718424479167,-0.5808024088541667,-4.275520833333333,0.0007596865733405611,-0.004852623218007346,0.016109212239583334,0.01788330078125,0.012666829427083333,0.015625,-0.0014973958333333334,0.001953125,0.134765625,2.6953125,-0.014872233072916666,0.0048828125,0.5333333333333333,0.06666666666666667,0.5333333333333333,-0.03303639729817708,0.0020026652018229063,5000
22,10,0.005403645833333333,-1.1325520833333333,-1.1379557291666667,0.0013395069463559353,-0.0023888678605186397,-0.00185546875,0.00390625,3.6863972981770834,-0.57506103515625,-4.261458333333334,0.0007367750568368595,-0.0023935934163168593,0.0077880859375,0.01171875,0.01397705078125,0.009765625,-0.0020345052083333335,0.0078125,0.140625,2.7109375,-0.0096435546875,-0.00390625,0.6,0.3333333333333333,0.4666666666666667,-0.031527099609375,0.011613159179687497,5000
22,11,0.005533854166666667,-1.1347005208333334,-1.140234375,0.0012110087551121867,-0.0024298883102422584,-0.0017252604166666666,0.001953125,3.6957112630208333,-0.5792887369791667,-4.275,0.0006723924223149748,-0.004057351974995977,0.01710205078125,0.02294921875,0.013431803385416666,0.00390625,-0.0013997395833333333,0.001953125,0.138671875,2.6953125,-0.018827311197916665,-0.00177001953125,0.5333333333333333,0.2,0.4666666666666667,-0.04231964111328125,0.0027244059244791344,5000
22,12,0.010042317708333333,-1.132421875,-1.1424641927083334,0.001507627305157303,-0.0006868360239416761,0.002783203125,0.0,3.69305419921875,-0.5793416341145833,-4.272395833333333,0.0006764188635765301,-0.003626116599819482,0.014444986979166666,0.01171875,0.012451171875,0.0029296875,0.002490234375,0.005859375,0.13671875,2.6962890625,-0.011661783854166666,-0.0009765625,0.4666666666666667,0.26666666666666666,0.4666666666666667,-0.02810139973958333,0.003719482421874994,5000
22,13,0.006217447916666666,-1.1339192708333334,-1.14013671875,0.0012718867357963527,-0.001575074363714183,-0.0010416666666666667,0.01171875,3.69166259765625,-0.58177490234375,-4.2734375,0.0006773962750303558,-0.00330189285604879,0.013053385416666667,0.0078125,0.013370768229166666,0.0078125,0.000146484375,0.00390625,0.134765625,2.6953125,-0.014095052083333334,-0.00390625,0.5333333333333333,0.13333333333333333,0.4666666666666667,-0.03429443359375,0.0035164388020833214,5000
22,14,0.00390625,-1.1365885416666666,-1.1404947916666666,0.00131939770848895,-0.0026274432363311098,-0.003352864583333333,0.0,3.69755859375,-0.5779622395833334,-4.275520833333333,0.000746214896732767,-0.005920925066273507,0.018949381510416665,0.0244140625,0.013041178385416666,0.0078125,0.001806640625,0.00390625,0.13671875,2.71875,-0.02230224609375,-0.00732421875,0.4666666666666667,0.13333333333333333,0.3333333333333333,-0.04089029947916666,-0.005598653157552088,5000
22,15,0.008138020833333334,-1.1360026041666667,-1.144140625,0.0014278547884821597,-0.0008704780052320786,0.00087890625,0.0078125,3.69398193359375,-0.57945556640625,-4.2734375,0.0006260993604580903,-0.004781440547400475,0.015372721354166667,0.015625,0.017354329427083332,0.0205078125,0.001904296875,0.005859375,0.140625,2.697265625,-0.014493815104166667,0.00390625,0.6,0.2,0.5333333333333333,-0.03794881184895833,0.006201171875,5000
22,16,0.009195963541666666,-1.1343098958333333,-1.143505859375,0.0014521094681776488,-0.0003083114838555957,0.0019368489583333334,0.01171875,3.694327799479167,-0.5775472005208333,-4.271875,0.0006382262521048877,-0.004690072576757301,0.015718587239583335,0.01788330078125,0.013728841145833334,0.01171875,0.0033854166666666668,0.001953125,0.140625,2.7099609375,-0.01378173828125,0.00531005859375,0.6,0.2,0.5333333333333333,-0.034421386718749995,0.005635579427083333,5000
22,17,0.011979166666666667,-1.1352864583333333,-1.147265625,0.0015161781261273021,-1.605224072010961e-05,0.004720052083333333,0.0078125,3.69219970703125,-0.5786336263020834,-4.270833333333333,0.0006130519356053658,-0.0037143919699494463,0.013590494791666666,0.0078125,0.017020670572916667,0.015625,0.001416015625,0.0,0.138671875,2.71484375,-0.008870442708333334,-0.0123291015625,0.6,0.26666666666666666,0.4,-0.031373697916666665,0.01325012207031248,5000
22,18,0.0072591145833333336,-1.1354166666666667,-1.14267578125,0.0012775036402579098,-0.0010297660030414671,0.0,0.00390625,3.6917683919270834,-0.5795857747395833,-4.271354166666667,0.0007179094022171461,-0.0025277037306957444,0.0131591796875,0.015380859375,0.015771484375,0.017578125,-0.002099609375,-0.001953125,0.15625,2.703125,-0.0131591796875,0.0009765625,0.6,0.26666666666666666,0.5333333333333333,-0.033748779296874996,0.005444539388020831,5000
22,19,0.011100260416666667,-1.13203125,-1.1431315104166666,0.0014040876814331537,0.00023953314471025292,0.003841145833333333,0.01171875,3.6911051432291666,-0.5807698567708334,-4.271875,0.0007703736585384973,-0.0036753890955644576,0.012495930989583333,0.0146484375,0.010489908854166667,0.01171875,-0.000244140625,-0.001953125,0.134765625,2.7099609375,-0.00865478515625,0.001953125,0.5333333333333333,0.3333333333333333,0.5333333333333333,-0.030175984700520832,0.011747334798177082,5000
22,20,0.009944661458333334,-1.1328125,-1.1427571614583334,0.0013631166709549807,-0.000887181543783573,0.002685546875,0.00390625,3.6947509765625,-0.5802490234375,-4.275,0.0008057577455541158,-0.00390425262998295,0.016141764322916665,0.01123046875,0.01138916015625,0.0078125,-0.0005696614583333334,0.00390625,0.134765625,2.6884765625,-0.013456217447916667,-0.0048828125,0.6,0.13333333333333333,0.26666666666666666,-0.03262237548828125,0.004606424967447912,5000
22,21,0.00888671875,-1.1319010416666666,-1.1407877604166667,0.0012870728064500318,-0.0004046652378834996,0.0016276041666666667,0.00390625,3.692138671875,-0.5792154947916667,-4.271354166666667,0.0006717605364700795,-0.0038467761093575314,0.013529459635416666,0.0234375,0.018758138020833332,0.0234375,0.0036946614583333332,0.0,0.15625,2.6953125,-0.01190185546875,-0.00030517578125,0.6,0.3333333333333333,0.4,-0.03314127604166666,0.008508809407552076,5000
22,22,0.00732421875,-1.1350260416666667,-1.1423502604166667,0.0012320854462466654,-0.0008076782646364027,6.510416666666667e-05,0.0048828125,3.6914876302083335,-0.5788248697916667,-4.2703125,0.0006511428629627416,-0.00290274294649357,0.01287841796875,0.0107421875,0.0171630859375,0.015869140625,0.00022786458333333334,0.0078125,0.138671875,2.71484375,-0.012813313802083334,-0.00958251953125,0.6,0.2,0.4,-0.030001118977864585,0.002108256022135409,5000
22,23,0.007486979166666667,-1.1330729166666667,-1.1405598958333334,0.0012506084980449647,-0.0014374910376933096,0.00022786458333333334,0.00390625,3.6943766276041665,-0.5832275390625,-4.277604166666666,0.0006889939541567506,-0.003961881700484848,0.015767415364583332,0.017578125,0.01715087890625,0.01953125,0.0052734375,0.01171875,0.134765625,2.6884765625,-0.01553955078125,-0.0029296875,0.5333333333333333,0.26666666666666666,0.3333333333333333,-0.035531107584635416,0.002564493815104152,5000
22,24,0.011962890625,-1.133203125,-1.145166015625,0.0014285960819638611,-0.00030023345246820473,0.0047037760416666664,0.00390625,3.69776611328125,-0.57723388671875,-4.275,0.0007542050076705695,-0.0043912088136600375,0.019156901041666667,0.0234375,0.014017740885416666,0.0087890625,0.00042317708333333335,-0.0029296875,0.140625,2.7021484375,-0.014453125,-0.0078125,0.5333333333333333,0.13333333333333333,0.4,-0.034905802408854165,0.0060555013020833215,5000
22,25,0.006624348958333333,-1.1356119791666666,-1.142236328125,0.0014073881089044255,-0.0020776194363814984,-0.000634765625,-0.001953125,3.69520263671875,-0.5787556966145834,-4.273958333333334,0.0006295889447353574,-0.003936129085157005,0.016593424479166667,0.015869140625,0.0164794921875,0.01171875,0.00361328125,0.015625,0.134765625,2.705078125,-0.017228190104166666,-0.0048828125,0.4666666666666667,0.2,0.4,-0.0363446044921875,0.0014485677083333334,5000
22,26,0.008772786458333333,-1.1326822916666666,-1.141455078125,0.0011945248800667222,-0.0011879456072093222,0.001513671875,0.0078125,3.6968058268229167,-0.5771525065104167,-4.273958333333334,0.0007036702728872374,-0.004602538371370635,0.018196614583333333,0.0234375,0.0187255859375,0.015625,0.002001953125,0.0,0.140625,2.6953125,-0.016682942708333332,-0.003662109375,0.6,0.13333333333333333,0.4,-0.03701985677083333,0.0026133219401041517,5000
22,27,0.007584635416666667,-1.135546875,-1.1431315104166666,0.0014527790600835579,-0.0012862819971340572,0.0003255208333333333,0.001953125,3.69671630859375,-0.5788045247395833,-4.275520833333333,0.0007391893454723402,-0.005060391555555645,0.018107096354166668,0.0224609375,0.01558837890625,0.017578125,0.0036783854166666666,0.001953125,0.138671875,2.703125,-0.017781575520833332,-0.01171875,0.5333333333333333,0.2,0.3333333333333333,-0.03780985514322917,0.0021415201822916493,5000
22,28,0.009651692708333333,-1.1357421875,-1.1453938802083334,0.0015399004034000751,-0.0004960033610250844,0.002392578125,0.0078125,3.6927775065104167,-0.5780558268229167,-4.270833333333333,0.0006556716725785237,-0.004346660140196964,0.014168294270833333,0.0107421875,0.014558919270833333,0.01318359375,0.0018717447916666667,0.001953125,0.138671875,2.71484375,-0.011775716145833334,0.001220703125,0.6,0.2,0.5333333333333333,-0.031495157877604166,0.006576741536458316,5000
22,29,0.01435546875,-1.1340494791666667,-1.1484049479166667,0.0014133697479484528,0.0013962149248939889,0.007096354166666667,0.017578125,3.6969645182291666,-0.5759521484375,-4.272916666666666,0.0008225152692819814,-0.005860757763986543,0.018355305989583334,0.01171875,0.01798095703125,0.017578125,0.00087890625,0.00390625,0.15625,2.703125,-0.011258951822916667,-0.00103759765625,0.5333333333333333,0.06666666666666667,0.4666666666666667,-0.031055094401041667,0.007845052083333333,5000
22,30,0.010026041666666667,-1.1345703125,-1.1445963541666666,0.0012418989805958408,-0.0005429721479294728,0.0027669270833333335,0.001953125,3.69090576171875,-0.57940673828125,-4.2703125,0.0006094108359563248,-0.0036903334288313663,0.012296549479166667,0.0087890625,0.016605631510416666,0.01806640625,0.0030598958333333333,0.0078125,0.138671875,2.6875,-0.009529622395833333,-0.00048828125,0.5333333333333333,0.13333333333333333,0.4,-0.028940836588541664,0.008862508138020829,5000
22,31,0.007356770833333333,-1.1342447916666667,-1.1416015625,0.001389998156116768,-0.0014246130802679977,9.765625e-05,-0.001953125,3.69256591796875,-0.57930908203125,-4.271875,0.0007395639362431961,-0.0038848630881199715,0.013956705729166666,0.0185546875,0.012361653645833333,0.01123046875,0.004313151041666667,0.00390625,0.138671875,2.6875,-0.013859049479166666,-0.00341796875,0.4666666666666667,0.2,0.4,-0.031909586588541664,0.0036134847005208307,5000
23,0,0.007828776041666667,-1.1337890625,-1.1416178385416667,0.0012172789324091957,-0.0010139304095883512,0.0005696614583333334,0.0078125,3.6953125,-0.5791666666666667,-4.274479166666667,0.0006379180353498346,-0.004162295600272046,0.016703287760416668,0.021484375,0.0146484375,0.015625,0.0039713541666666664,0.00390625,0.140625,2.68359375,-0.016133626302083332,-0.009765625,0.6666666666666666,0.2,0.4666666666666667,-0.036181742350260414,0.002824096679687497,5000
23,1,0.012190755208333333,-1.1307291666666666,-1.142919921875,0.0014213731439759135,0.00035928495360225296,0.004931640625,0.013671875,3.6941162109375,-0.5788004557291667,-4.272916666666666,0.0007604872783427766,-0.0048185466598753965,0.015506998697916666,0.0166015625,0.01785888671875,0.01953125,0.000732421875,0.0078125,0.15625,2.6953125,-0.010575358072916667,0.0,0.6666666666666666,0.2,0.4666666666666667,-0.03165435791015625,0.009144490559895814,5000
23,2,0.0072591145833333336,-1.134375,-1.1416341145833333,0.0014169540847299895,-0.0014397608809108829,0.0,0.009765625,3.69407958984375,-0.5830037434895833,-4.277083333333334,0.0007179003470987467,-0.004683788016224205,0.015470377604166667,0.01123046875,0.014404296875,0.013671875,0.0015299479166666667,0.0078125,0.123046875,2.7060546875,-0.015470377604166667,-0.0029296875,0.5333333333333333,0.2,0.4666666666666667,-0.036304117838541664,0.0027994791666666667,5000
23,3,0.004361979166666667,-1.1368489583333334,-1.1412109375,0.0013417327650284516,-0.0028454464200881424,-0.0028971354166666668,0.0,3.6882731119791665,-0.5809977213541667,-4.269270833333334,0.0006765633427549535,-0.0022731458605787904,0.009663899739583334,0.00390625,0.017875162760416667,0.015380859375,-0.00205078125,-0.0009765625,0.138671875,2.6875,-0.01256103515625,-0.015625,0.4666666666666667,0.4666666666666667,0.4666666666666667,-0.030924072265625,0.005083719889322894,5000
23,4,0.006624348958333333,-1.1363932291666667,-1.143017578125,0.0012531185039759034,-0.0013952648441674014,-0.000634765625,0.013671875,3.697379557291667,-0.581787109375,-4.279166666666667,0.00073780786932355,-0.004977241017082098,0.018770345052083335,0.0185546875,0.015104166666666667,0.015625,-0.0009928385416666666,-0.0107421875,0.138671875,2.7099609375,-0.019405110677083334,-0.005859375,0.6,0.26666666666666666,0.4666666666666667,-0.04360972086588542,0.0022413126627603675,5000
23,5,0.009407552083333333,-1.1332682291666667,-1.14267578125,0.0013438161742832938,-0.0006293969631568637,0.0021484375,-0.001953125,3.6933919270833333,-0.5795247395833333,-4.272916666666666,0.0006738990376621898,-0.003141480557222346,0.01478271484375,0.0185546875,0.012154134114583333,0.0078125,0.0037760416666666667,0.01171875,0.134765625,2.6943359375,-0.01263427734375,0.001953125,0.4666666666666667,0.26666666666666666,0.5333333333333333,-0.03445638020833333,0.006730143229166667,5000
23,6,0.014599609375,-1.1321614583333333,-1.1467610677083333,0.0015875760558160792,0.0004555930305923076,0.007340494791666667,0.0,3.692000325520833,-0.5772705078125,-4.269270833333334,0.0008527882766132479,-0.0043484140748135305,0.01339111328125,0.015625,0.014591471354166666,0.0166015625,0.00263671875,0.00390625,0.13671875,2.703125,-0.006050618489583334,-0.00714111328125,0.4,0.2,0.4,-0.02449635823567708,0.012664082845052065,5000
23,7,0.011295572916666666,-1.1323567708333333,-1.14365234375,0.0012663369145581279,0.00015330805850749686,0.004036458333333334,0.013671875,3.6961669921875,-0.5777913411458333,-4.273958333333334,0.0007192584588740438,-0.00532246026700684,0.017557779947916668,0.01739501953125,0.014290364583333333,0.0078125,-0.0051920572916666664,0.0,0.138671875,2.6953125,-0.013521321614583333,-0.0009765625,0.6,0.13333333333333333,0.4666666666666667,-0.03185516357421875,0.0037233479817708305,5000
23,8,0.003238932291666667,-1.1333333333333333,-1.136572265625,0.0013205242463560905,-0.003437017181955519,-0.004020182291666666,0.00390625,3.6933797200520835,-0.5784952799479167,-4.271875,0.000711731111142672,-0.004880842190076041,0.0147705078125,0.01123046875,0.014697265625,0.015625,-0.0021484375,0.001953125,0.119140625,2.6875,-0.018790690104166667,-0.0078125,0.5333333333333333,0.13333333333333333,0.3333333333333333,-0.03581563313802083,-0.002635904947916679,5000
23,9,0.010611979166666667,-1.1315755208333333,-1.1421875,0.001557537484358597,-0.000967473578739806,0.003352864583333333,0.00390625,3.6919514973958334,-0.5773193359375,-4.269270833333334,0.0005896134269773506,-0.004346936341826726,0.01334228515625,0.015625,0.010009765625,0.00390625,-0.0005208333333333333,0.0078125,0.140625,2.71484375,-0.009989420572916666,-0.015625,0.5333333333333333,0.13333333333333333,0.4,-0.03107513427734375,0.011331481933593701,5000
23,10,0.00556640625,-1.1339192708333334,-1.1394856770833333,0.0013880257403272973,-0.002095431857360272,-0.0016927083333333334,0.0,3.6924641927083335,-0.578369140625,-4.270833333333333,0.0006150150507434612,-0.003657783104273195,0.01385498046875,0.015869140625,0.014339192708333334,0.0126953125,-1.6276041666666666e-05,0.01171875,0.134765625,2.7099609375,-0.015547688802083333,-0.00616455078125,0.4,0.3333333333333333,0.4,-0.03477457682291666,0.00157470703125,5000
23,11,0.008414713541666667,-1.1330078125,-1.1414225260416666,0.0014594043169642342,-0.0011722758981488094,0.0011555989583333333,0.0078125,3.6907307942708334,-0.5795817057291667,-4.2703125,0.0007837756193690852,-0.00358195075729791,0.01212158203125,0.01123046875,0.016158040364583334,0.015625,-0.00322265625,-0.001953125,0.138671875,2.6875,-0.010965983072916666,-0.00341796875,0.6,0.26666666666666666,0.4666666666666667,-0.03213826497395833,0.0087158203125,5000
23,12,0.009912109375,-1.1354817708333333,-1.1453938802083334,0.0013480705586297373,-0.0004874125909323295,0.0026529947916666668,0.0,3.6981526692708333,-0.5784098307291666,-4.2765625,0.0008114891926416032,-0.006061965624387534,0.01954345703125,0.017578125,0.019087727864583334,0.0224609375,-0.00029296875,0.0078125,0.13671875,2.71484375,-0.016890462239583334,-0.00811767578125,0.4666666666666667,0.13333333333333333,0.4666666666666667,-0.03788330078125,0.002326761881510368,5000
23,13,0.01142578125,-1.1309895833333334,-1.1424153645833333,0.0013393299800995696,-0.0003390274697292538,0.004166666666666667,0.001953125,3.6945760091145834,-0.5788614908854167,-4.2734375,0.0006777901160704671,-0.004317008049115631,0.015966796875,0.0224609375,0.014945475260416667,0.01171875,0.00205078125,0.0068359375,0.138671875,2.69140625,-0.011800130208333334,-0.001953125,0.5333333333333333,0.2,0.4,-0.029297078450520833,0.004313557942708328,5000
23,14,0.00732421875,-1.1338541666666666,-1.1411783854166666,0.0012725491907044034,-0.0016550571893367385,6.510416666666667e-05,0.01171875,3.695548502604167,-0.5799723307291667,-4.275520833333333,0.0005860237862802485,-0.004545381266979887,0.016939290364583335,0.015625,0.020853678385416668,0.02569580078125,0.0022135416666666666,0.0107421875,0.134765625,2.7109375,-0.016874186197916665,-0.0078125,0.5333333333333333,0.2,0.26666666666666666,-0.03371632893880208,-0.00128173828125,5000
23,15,0.0066569010416666664,-1.134765625,-1.1414225260416666,0.0013246814166201443,-0.0020245365357831795,-0.0006022135416666667,0.005859375,3.6989461263020833,-0.57813720703125,-4.277083333333334,0.000688229415160642,-0.006096291563279397,0.0203369140625,0.0205078125,0.014546712239583334,0.01123046875,0.0013346354166666667,0.00390625,0.12109375,2.6953125,-0.020939127604166666,-0.010009765625,0.5333333333333333,0.06666666666666667,0.4,-0.040536295572916665,-0.002750244140625006,5000
23,16,0.0037760416666666667,-1.1369140625,-1.1406901041666666,0.0012219805932604598,-0.002639761277665698,-0.003483072916666667,0.001953125,3.698111979166667,-0.5774088541666667,-4.275520833333333,0.0006253842981446872,-0.005849786533201395,0.019502766927083335,0.01715087890625,0.014192708333333333,0.015625,0.00107421875,0.00390625,0.138671875,2.6953125,-0.02298583984375,-0.01171875,0.5333333333333333,0.06666666666666667,0.2,-0.04045633951822916,-0.0059717814127604385,5000
23,17,0.0068359375,-1.1348307291666666,-1.1416666666666666,0.001468671481844209,-0.0014672321610204576,-0.00042317708333333335,0.00390625,3.6925862630208335,-0.5787679036458333,-4.271354166666667,0.0007279423670413584,-0.0037965867541201745,0.01397705078125,0.015625,0.01451416015625,0.01123046875,-0.0037760416666666667,0.0,0.140625,2.6953125,-0.014400227864583334,-0.00714111328125,0.5333333333333333,0.2,0.4,-0.035071919759114584,0.004484252929687497,5000
23,18,0.007177734375,-1.1353515625,-1.142529296875,0.001399201770668348,-0.0014870274339668856,-8.138020833333333e-05,0.001953125,3.6926513671875,-0.5807861328125,-4.2734375,0.0006665785557152837,-0.0035974318976382683,0.014042154947916666,0.0087890625,0.015576171875,0.015625,0.0018391927083333333,0.0,0.138671875,2.6875,-0.01412353515625,-0.015625,0.5333333333333333,0.3333333333333333,0.3333333333333333,-0.03347991943359375,0.004358520507812491,5000
23,19,0.01142578125,-1.1306640625,-1.14208984375,0.0013058474332582467,0.00026536317530306136,0.004166666666666667,0.015625,3.699357096354167,-0.5777262369791667,-4.277083333333334,0.0006795058970823707,-0.006144748609020457,0.020747884114583334,0.025390625,0.018806966145833333,0.01953125,-0.000341796875,0.0126953125,0.134765625,2.73046875,-0.016581217447916668,-0.00469970703125,0.6,0.2,0.4,-0.0387615966796875,0.0027272542317708184,5000
23,20,0.00888671875,-1.1345052083333333,-1.1433919270833333,0.0012690979684648219,-0.0011650794295222846,0.0016276041666666667,0.0078125,3.6928466796875,-0.5790283203125,-4.271875,0.0006210429850461265,-0.004060067110277189,0.014237467447916667,0.0155029296875,0.011751302083333333,0.00390625,-0.0009440104166666667,0.001953125,0.15625,2.703125,-0.01260986328125,-0.0078125,0.6,0.2,0.4,-0.0326055908203125,0.007039591471354164,5000
23,21,0.005615234375,-1.133203125,-1.138818359375,0.0012731456309191694,-0.0017048625538922386,-0.0016438802083333333,0.00390625,3.6944010416666666,-0.5811197916666667,-4.275520833333333,0.0007911443370005925,-0.004445445736841466,0.015791829427083334,0.0224609375,0.0132568359375,0.009765625,-0.0037109375,0.001953125,0.138671875,2.6953125,-0.017435709635416668,0.0,0.6,0.13333333333333333,0.4,-0.03704884847005208,-0.00028076171875,5000
23,22,0.008284505208333333,-1.1328776041666666,-1.141162109375,0.0015013796302224128,-0.0014965143177002296,0.001025390625,0.001953125,3.6984659830729165,-0.57757568359375,-4.276041666666667,0.0006314911613421459,-0.005820614949903001,0.019856770833333332,0.02197265625,0.01676025390625,0.0078125,-0.0013671875,0.0078125,0.138671875,2.70703125,-0.018831380208333335,-0.01171875,0.5333333333333333,0.2,0.3333333333333333,-0.039844970703124996,0.0011393229166666667,5000
23,23,0.006331380208333333,-1.1352213541666667,-1.141552734375,0.001263169114699556,-0.001959011887304937,-0.000927734375,-0.001953125,3.6947957356770833,-0.58072509765625,-4.275520833333333,0.0007487934946199931,-0.004888712196632788,0.0161865234375,0.010986328125,0.015474446614583333,0.01708984375,-0.00185546875,0.0,0.138671875,2.72265625,-0.0171142578125,-0.02587890625,0.4666666666666667,0.13333333333333333,0.4,-0.033887939453125,-0.0011067708333333333,5000
23,24,0.00791015625,-1.1352213541666667,-1.1431315104166666,0.001330142984892893,-0.0018037718131724931,0.0006510416666666666,-0.01171875,3.6969930013020833,-0.57696533203125,-4.273958333333334,0.0007213054213760359,-0.004395348713976526,0.0183837890625,0.0294189453125,0.012544759114583333,0.015625,-0.004182942708333333,-0.00390625,0.123046875,2.6875,-0.017732747395833335,-0.0079345703125,0.4666666666666667,0.26666666666666666,0.3333333333333333,-0.03815104166666667,0.0018157958984374853,5000
23,25,0.005712890625,-1.1358072916666666,-1.1415201822916667,0.0012012739666370585,-0.0019441312093789742,-0.0015462239583333333,0.0,3.693953450520833,-0.5805257161458334,-4.274479166666667,0.000579340232995445,-0.004031610234258841,0.01534423828125,0.01788330078125,0.0154541015625,0.0234375,0.00068359375,0.001953125,0.13671875,2.69921875,-0.016890462239583334,-0.00592041015625,0.4666666666666667,0.13333333333333333,0.3333333333333333,-0.03520945231119792,0.0003378295898437485,5000
23,26,0.009000651041666667,-1.1329427083333334,-1.141943359375,0.0015936303698364876,-0.0005198458054391304,0.0017415364583333334,0.0146484375,3.691023763020833,-0.5798095703125,-4.270833333333333,0.0006624312908305675,-0.0030582027327453287,0.01241455078125,0.01123046875,0.01693115234375,0.015869140625,0.00107421875,0.001953125,0.134765625,2.6796875,-0.010673014322916667,0.0068359375,0.6,0.2,0.5333333333333333,-0.03468526204427083,0.011035257975260416,5000
23,27,0.004833984375,-1.1360677083333333,-1.1409016927083333,0.0013185553742525557,-0.0027548719541532858,-0.0024251302083333334,-0.001953125,3.699784342447917,-0.57781982421875,-4.277604166666666,0.0008298894129365574,-0.006149713429556643,0.021175130208333334,0.01953125,0.012947591145833333,0.01123046875,-0.004410807291666667,0.0,0.134765625,2.7109375,-0.023600260416666668,-0.0146484375,0.4666666666666667,0.06666666666666667,0.3333333333333333,-0.042676595052083335,-0.006608072916666667,5000
23,28,0.011246744791666667,-1.1313151041666667,-1.1425618489583333,0.001386618716025065,-5.563050573630911e-06,0.003987630208333333,0.01171875,3.6960164388020833,-0.5774210611979167,-4.2734375,0.0006822934965050697,-0.005285237095012798,0.0174072265625,0.0205078125,0.015006510416666667,0.015625,-0.001806640625,0.001953125,0.15625,2.6875,-0.013419596354166667,-0.014404296875,0.6666666666666666,0.13333333333333333,0.4666666666666667,-0.0314373779296875,0.003988037109374994,5000
23,29,0.009847005208333334,-1.1334635416666667,-1.143310546875,0.0014545794973565395,-0.0006414933417318099,0.002587890625,0.0078125,3.696854654947917,-0.5771036783854167,-4.273958333333334,0.0007278395377154301,-0.005991090193403446,0.018245442708333334,0.01904296875,0.014042154947916666,0.0185546875,0.00035807291666666664,0.005859375,0.138671875,2.72265625,-0.015657552083333335,0.0013427734375,0.6,0.06666666666666667,0.5333333333333333,-0.03687398274739583,0.004467976888020831,5000
23,30,0.012141927083333334,-1.1341145833333333,-1.1462565104166667,0.0013847995282207917,0.0006513452343803818,0.0048828125,0.0009765625,3.69521484375,-0.5787434895833333,-4.273958333333334,0.0007293609159113158,-0.004243188866734812,0.016605631510416666,0.015625,0.015189615885416667,0.0224609375,-0.004654947916666667,0.0,0.134765625,2.6953125,-0.011722819010416666,-0.0078125,0.6,0.26666666666666666,0.4666666666666667,-0.0334808349609375,0.0077000935872395615,5000
23,31,0.007975260416666666,-1.1358723958333334,-1.14384765625,0.001292919497292711,-0.0012521798150337215,0.0007161458333333333,0.0,3.6914876302083335,-0.5803873697916667,-4.271875,0.0007122392856360994,-0.003470458551458454,0.01287841796875,0.01123046875,0.012788899739583333,0.0107421875,0.002685546875,0.0078125,0.13671875,2.71484375,-0.012162272135416667,0.00335693359375,0.4666666666666667,0.13333333333333333,0.5333333333333333,-0.030811360677083333,0.005855407714843748,5000
24,0,0.007779947916666667,-1.1326171875,-1.1403971354166667,0.0013633505439010082,-0.0013316621157213895,0.0005208333333333333,0.001953125,3.6932088216145833,-0.5812703450520833,-4.274479166666667,0.0007483923959478095,-0.0036781328573770007,0.014599609375,0.015625,0.015201822916666666,0.015869140625,-0.0019856770833333332,0.0078125,0.138671875,2.6953125,-0.014078776041666666,0.0,0.5333333333333333,0.26666666666666666,0.4666666666666667,-0.036767578125,0.006185709635416654,5000
24,1,0.007438151041666666,-1.13359375,-1.1410319010416667,0.0014213627815207667,-0.002769517156919467,0.00017903645833333332,0.01171875,3.687333170572917,-0.5803751627604167,-4.267708333333333,0.0006711060051718522,-0.0027924703201897038,0.008723958333333334,0.015625,0.012691243489583334,0.01123046875,-0.0019694010416666666,0.0068359375,0.123046875,2.6875,-0.008544921875,0.009765625,0.5333333333333333,0.26666666666666666,0.5333333333333333,-0.029004313151041666,0.01107055664062496,5000
24,2,0.012125651041666666,-1.1326822916666666,-1.1448079427083333,0.0012865380251849269,-0.00017999814304983815,0.004866536458333333,0.0087890625,3.690625,-0.5791666666666667,-4.269791666666666,0.000750292062712953,-0.003446751190000799,0.012015787760416667,0.01171875,0.022701009114583334,0.02392578125,0.00205078125,0.00390625,0.15625,2.6875,-0.007149251302083334,0.00244140625,0.6,0.2,0.5333333333333333,-0.028098551432291664,0.0125,5000
24,3,0.010953776041666667,-1.13359375,-1.1445475260416667,0.0014339768493410478,-0.0005273982580157678,0.0036946614583333332,0.005859375,3.69522705078125,-0.57821044921875,-4.2734375,0.0006655767354421759,-0.004100065934854101,0.016617838541666666,0.0146484375,0.017997233072916667,0.015625,-0.0012369791666666666,0.0029296875,0.119140625,2.703125,-0.012923177083333333,-0.006591796875,0.5333333333333333,0.13333333333333333,0.3333333333333333,-0.033252360026041664,0.0050297037760416614,5000
24,4,0.008610026041666666,-1.1368489583333334,-1.145458984375,0.001507967555377635,-0.001493473756184557,0.0013509114583333333,0.0078125,3.6900960286458333,-0.5807373046875,-4.270833333333333,0.0007402815730119594,-0.0034417677241539175,0.01148681640625,0.0078125,0.014200846354166666,0.0205078125,-0.0005045572916666667,-0.001953125,0.134765625,2.7021484375,-0.010135904947916666,0.00042724609375,0.5333333333333333,0.3333333333333333,0.5333333333333333,-0.03159322102864583,0.010413309733072905,5000
24,5,0.00693359375,-1.133984375,-1.14091796875,0.0011596914198341991,-0.000918761537597111,-0.0003255208333333333,0.00390625,3.6930338541666665,-0.5793619791666667,-4.272395833333333,0.0007281899611902881,-0.003592938917797138,0.014424641927083334,0.013427734375,0.013570149739583334,0.0126953125,-0.001513671875,-0.001953125,0.140625,2.6953125,-0.014750162760416666,-0.0078125,0.5333333333333333,0.13333333333333333,0.4,-0.032731119791666666,0.0014579264322916489,5000
24,6,0.00908203125,-1.1348958333333334,-1.1439778645833334,0.0013488914551557517,-0.0012951171409621024,0.0018229166666666667,0.0,3.6907633463541667,-0.5821533203125,-4.272916666666666,0.0007067062276968045,-0.0029595968484035953,0.012154134114583333,0.0079345703125,0.013671875,0.009765625,-0.0012858072916666667,0.001953125,0.13671875,2.6904296875,-0.010331217447916667,-0.00177001953125,0.4666666666666667,0.26666666666666666,0.4666666666666667,-0.0290936279296875,0.007861633300781247,5000
24,7,0.010172526041666666,-1.1360677083333333,-1.146240234375,0.0014589616952626811,-0.0012181682670643322,0.0029134114583333334,-0.005859375,3.6941487630208334,-0.5803304036458333,-4.274479166666667,0.0006599050526666809,-0.004077026803506592,0.01553955078125,0.01806640625,0.013651529947916666,0.015625,-0.004069010416666667,-0.001953125,0.119140625,2.7109375,-0.012626139322916667,-0.001953125,0.4666666666666667,0.26666666666666666,0.4,-0.032911885579427085,0.006177673339843737,5000
24,8,0.006917317708333333,-1.13359375,-1.1405110677083334,0.0012994401454407168,-0.0013909191566200952,-0.000341796875,0.00390625,3.6962320963541666,-0.5766845703125,-4.272916666666666,0.0005998577278016393,-0.005453959605087453,0.017622884114583334,0.02099609375,0.017744954427083334,0.01953125,0.000146484375,0.005859375,0.140625,2.703125,-0.017964680989583332,-0.01544189453125,0.5333333333333333,0.06666666666666667,0.3333333333333333,-0.0319586181640625,-0.004068806966145836,5000
24,9,0.0091796875,-1.1336588541666666,-1.1428385416666667,0.0013821824948015017,-0.00043532341343123986,0.0019205729166666666,0.001953125,3.69288330078125,-0.5800333658854167,-4.272916666666666,0.0006480494686594659,-0.004626179785264329,0.014274088541666667,0.017578125,0.012723795572916667,0.0146484375,0.00185546875,0.0,0.138671875,2.73046875,-0.012353515625,-0.0087890625,0.5333333333333333,0.26666666666666666,0.4,-0.03357808430989583,0.007259928385416655,5000
24,10,0.008984375,-1.1326171875,-1.1416015625,0.0012739163320350105,-0.0011090539553720753,0.0017252604166666666,0.001953125,3.6897786458333335,-0.5789713541666667,-4.26875,0.0006733398094033216,-0.0038833268044441574,0.01116943359375,0.015625,0.016048177083333334,0.01171875,0.004671223958333333,0.017333984375,0.134765625,2.6953125,-0.009444173177083333,0.0078125,0.5333333333333333,0.26666666666666666,0.6,-0.027968241373697914,0.007942911783854163,5000
24,11,0.008056640625,-1.1321614583333333,-1.1402180989583333,0.0013908473652370769,-0.001367285121285329,0.0007975260416666667,0.001953125,3.6930826822916667,-0.5808756510416667,-4.273958333333334,0.000666269141347797,-0.0034235012649334894,0.014473470052083333,0.01123046875,0.016800944010416666,0.015869140625,0.004541015625,0.00390625,0.138671875,2.693359375,-0.013675944010416666,-0.00390625,0.6,0.2,0.4666666666666667,-0.0356939697265625,0.007186177571614579,5000
24,12,0.008382161458333334,-1.1330729166666667,-1.141455078125,0.0017365235433513806,-0.0011513985910256137,0.001123046875,0.001953125,3.6999918619791665,-0.5786539713541666,-4.278645833333333,0.000646972128906468,-0.006602272280804013,0.021382649739583332,0.0234375,0.016630045572916665,0.0242919921875,0.0014322916666666666,0.0,0.138671875,2.6962890625,-0.020259602864583334,-0.007080078125,0.5333333333333333,0.2,0.3333333333333333,-0.0383087158203125,-0.002970174153645836,5000
24,13,0.009391276041666667,-1.1332682291666667,-1.1426595052083333,0.0016970350361248348,-0.0006456760012732732,0.002132161458333333,0.001953125,3.6922322591145833,-0.5775594075520833,-4.269791666666666,0.0006587940043222246,-0.004136433604321246,0.013623046875,0.01318359375,0.016764322916666668,0.0234375,0.003271484375,0.0078125,0.138671875,2.71875,-0.011490885416666667,-0.012939453125,0.5333333333333333,0.2,0.4666666666666667,-0.033334147135416665,0.009440917968749988,5000
24,14,0.009895833333333333,-1.1336588541666666,-1.1435546875,0.001498135006556377,-0.00024326060937809318,0.00263671875,0.001953125,3.691109212239583,-0.58128662109375,-4.272395833333333,0.000562258853574567,-0.0038489807175229396,0.0125,0.01171875,0.014530436197916666,0.01171875,0.0035319010416666667,0.00390625,0.138671875,2.6875,-0.00986328125,0.0,0.5333333333333333,0.2,0.4666666666666667,-0.029199625651041665,0.009440917968749988,5000
24,15,0.007926432291666667,-1.135546875,-1.1434733072916667,0.001388680393868543,-0.0012730063518686823,0.0006673177083333333,-0.0009765625,3.69752197265625,-0.57904052734375,-4.2765625,0.0006824115684822007,-0.00489210343196039,0.018912760416666667,0.015625,0.01724853515625,0.015625,-0.0024251302083333334,-0.001953125,0.134765625,2.6982421875,-0.018245442708333334,-0.0234375,0.4666666666666667,0.2,0.4,-0.039502156575520836,0.0020589192708333334,5000
24,16,0.006005859375,-1.134375,-1.140380859375,0.001367761480604326,-0.0022800904719831798,-0.0012532552083333334,-0.001953125,3.69495849609375,-0.58004150390625,-4.275,0.0006017264790515855,-0.0049057890644135845,0.016349283854166667,0.01123046875,0.014371744791666667,0.0107421875,-0.006429036458333333,0.0,0.134765625,2.6884765625,-0.0176025390625,-0.0147705078125,0.4666666666666667,0.26666666666666666,0.4,-0.03927530924479167,0.003101196289062491,5000
24,17,0.009749348958333333,-1.1325520833333333,-1.1423014322916667,0.0012386007390266783,-0.0010675819505636373,0.002490234375,0.01171875,3.6915283203125,-0.5798258463541667,-4.271354166666667,0.0009216688407467764,-0.003756106949031945,0.012919108072916666,0.0126953125,0.015620930989583334,0.01953125,-0.00047200520833333334,0.0,0.134765625,2.6875,-0.010428873697916667,0.0,0.5333333333333333,0.26666666666666666,0.4666666666666667,-0.028691914876302082,0.007365722656249988,5000
24,18,0.009130859375,-1.1323567708333333,-1.1414876302083334,0.001381834943599158,-0.000856883463389859,0.0018717447916666667,0.001953125,3.69910888671875,-0.5769327799479167,-4.276041666666667,0.0005655562639333336,-0.004794730668412306,0.020499674479166667,0.0185546875,0.016788736979166666,0.017333984375,0.003238932291666667,0.0,0.138671875,2.703125,-0.0186279296875,-0.0107421875,0.5333333333333333,0.13333333333333333,0.26666666666666666,-0.036751505533854166,-0.0008455403645833452,5000
24,19,0.0061686197916666664,-1.1352213541666667,-1.1413899739583333,0.0013891540855325013,-0.002271352554734775,-0.0010904947916666667,-0.001953125,3.691971842447917,-0.5814656575520833,-4.2734375,0.0007470871546164226,-0.003729768202542962,0.013362630208333334,0.009765625,0.017130533854166668,0.021484375,0.005517578125,0.00390625,0.134765625,2.69921875,-0.014453125,-0.0068359375,0.4,0.26666666666666666,0.4,-0.0345135498046875,0.0038832600911458126,5000
24,20,0.006201171875,-1.1336588541666666,-1.1398600260416667,0.0013546995005001275,-0.0011511314011267793,-0.0010579427083333333,0.00390625,3.695015462239583,-0.57894287109375,-4.273958333333334,0.0006571287055498905,-0.004683929720117026,0.01640625,0.0224609375,0.014229329427083333,0.017578125,0.00048828125,0.0078125,0.138671875,2.6875,-0.017464192708333333,-0.00390625,0.6,0.2,0.26666666666666666,-0.03349629720052083,-0.0014888509114583393,5000
24,21,0.008854166666666666,-1.1341796875,-1.1430338541666667,0.0012508617926481837,-0.0012310141087394201,0.0015950520833333333,-0.001953125,3.693558756510417,-0.57935791015625,-4.272916666666666,0.0006226543724834471,-0.004462112086621887,0.014949544270833334,0.0166015625,0.0120361328125,0.0126953125,-0.0004557291666666667,0.001953125,0.134765625,2.71484375,-0.0133544921875,-0.0045166015625,0.4666666666666667,0.2,0.4666666666666667,-0.03219462076822917,0.005193277994791649,5000
24,22,0.0046875,-1.1366536458333334,-1.1413411458333333,0.0013500147472527058,-0.0030064114509444494,-0.0025716145833333333,-0.00390625,3.6943929036458334,-0.5811279296875,-4.275520833333333,0.0006951679679434861,-0.004343192515186233,0.01578369140625,0.021484375,0.0136474609375,0.01171875,-0.0022298177083333332,0.0,0.119140625,2.7021484375,-0.018355305989583334,-0.00390625,0.4666666666666667,0.3333333333333333,0.26666666666666666,-0.0369647216796875,-0.0012776692708333333,5000
24,23,0.008479817708333334,-1.1337890625,-1.1422688802083334,0.0012972838918123089,-0.0008454942174845099,0.001220703125,0.0,3.6914632161458334,-0.5814534505208333,-4.272916666666666,0.0006108867139701481,-0.003877228569427314,0.01285400390625,0.01611328125,0.01546630859375,0.01171875,-0.00068359375,0.00390625,0.13671875,2.6953125,-0.01163330078125,-0.0087890625,0.4666666666666667,0.2,0.4,-0.027121683756510414,0.003532511393229158,5000
24,24,0.007438151041666666,-1.1320963541666667,-1.1395345052083334,0.00136318993535163,-0.0011532187247695106,0.00017903645833333332,0.00390625,3.694832356770833,-0.5796468098958333,-4.274479166666667,0.0006508537407098233,-0.004208142260071682,0.01622314453125,0.015625,0.013484700520833334,0.015625,-0.0019856770833333332,0.00390625,0.140625,2.708984375,-0.016044108072916667,-0.0068359375,0.6,0.2,0.4,-0.03942159016927083,0.004559224446614556,5000
24,25,0.004915364583333333,-1.1346354166666666,-1.13955078125,0.0012589708854460514,-0.0028796195530546064,-0.00234375,-0.001953125,3.695808919270833,-0.5781494140625,-4.273958333333334,0.0006705860518994917,-0.005008249605394557,0.01719970703125,0.02001953125,0.02059326171875,0.01953125,0.004606119791666667,0.00390625,0.134765625,2.703125,-0.01954345703125,-0.00396728515625,0.4666666666666667,0.2,0.3333333333333333,-0.03767252604166667,-0.0022820027669270934,5000
24,26,0.007291666666666667,-1.1337239583333334,-1.141015625,0.00148517614648225,-0.0014892870377167275,3.255208333333333e-05,0.001953125,3.690010579427083,-0.58082275390625,-4.270833333333333,0.0006785644073888535,-0.0031058359616523033,0.0114013671875,0.01171875,0.014778645833333333,0.01318359375,-0.0009440104166666667,-0.00390625,0.138671875,2.6796875,-0.011368815104166667,-0.0029296875,0.5333333333333333,0.2,0.4,-0.02767781575520833,0.0036555989583333098,5000
24,27,0.008365885416666666,-1.1331380208333333,-1.14150390625,0.0013384972504402646,-0.0011073652279812885,0.0011067708333333333,0.0,3.6941853841145833,-0.5802937825520833,-4.274479166666667,0.0007631837688058551,-0.004270300786358831,0.015576171875,0.0224609375,0.01610107421875,0.0126953125,0.0025553385416666667,0.01171875,0.15234375,2.6982421875,-0.014469401041666666,0.0,0.4666666666666667,0.26666666666666666,0.4,-0.032764078776041664,0.002873331705729158,5000
24,28,0.00751953125,-1.1345703125,-1.14208984375,0.0012807263369355446,-0.001403209364181816,0.00026041666666666666,0.00390625,3.6962239583333334,-0.580859375,-4.277083333333334,0.0005242468283039421,-0.005806452775220153,0.01761474609375,0.017578125,0.017439778645833334,0.0234375,-0.0014811197916666666,0.0,0.140625,2.6953125,-0.017354329427083332,-0.00372314453125,0.6,0.06666666666666667,0.4,-0.03606770833333333,-0.0003975423177083511,5000
24,29,0.007405598958333333,-1.1342447916666667,-1.141650390625,0.0011591149494775488,-0.0012076593798621544,0.000146484375,0.01025390625,3.694588216145833,-0.5783284505208334,-4.272916666666666,0.0007057644347180027,-0.004967630250298598,0.01597900390625,0.0166015625,0.013846842447916667,0.015625,0.006233723958333334,0.0078125,0.15625,2.6953125,-0.01583251953125,-0.01568603515625,0.5333333333333333,0.13333333333333333,0.3333333333333333,-0.03457438151041667,0.0021815999348958246,5000
24,30,0.011360677083333333,-1.1328776041666666,-1.14423828125,0.0014757983536270206,0.00019571870822968854,0.0041015625,0.01171875,3.698685709635417,-0.5794392903645833,-4.278125,0.0008068448397506557,-0.006343280670191677,0.020076497395833334,0.0224609375,0.013033040364583333,0.0078125,0.0003255208333333333,0.005859375,0.140625,2.6953125,-0.015974934895833334,0.005859375,0.6,0.2,0.6,-0.03627522786458333,0.003125406901041661,5000
24,31,0.010888671875,-1.1299479166666666,-1.1408365885416667,0.001343382784757404,-0.00022954033074089268,0.0036295572916666668,0.00390625,3.69390869140625,-0.58109130859375,-4.275,0.0005642529680329359,-0.0034770515137044263,0.015299479166666666,0.015869140625,0.010917154947916667,0.0068359375,0.00042317708333333335,0.001953125,0.140625,2.6796875,-0.011669921875,-0.0107421875,0.5333333333333333,0.26666666666666666,0.4,-0.029648030598958333,0.0061383056640624675,5000
25,0,0.005973307291666666,-1.13359375,-1.1395670572916667,0.0013767130245700896,-0.002164184681345701,-0.0012858072916666667,-0.001953125,3.69915771484375,-0.5784464518229167,-4.277604166666666,0.0006978698013493635,-0.005625977058136545,0.020548502604166668,0.0224609375,0.017159016927083333,0.0185546875,0.0013346354166666667,0.00390625,0.140625,2.703125,-0.021834309895833334,-0.0205078125,0.4,0.13333333333333333,0.26666666666666666,-0.040251057942708335,-0.00435241699218752,5000
25,1,0.011507161458333333,-1.1321614583333333,-1.1436686197916666,0.0013913824839569611,0.00040732403332095437,0.004248046875,0.00390625,3.696630859375,-0.579931640625,-4.2765625,0.0006451783876040586,-0.004333595201535225,0.018021647135416666,0.0166015625,0.020145670572916666,0.02569580078125,-0.003938802083333333,-0.001953125,0.140625,2.685546875,-0.013773600260416666,-0.0146484375,0.6,0.13333333333333333,0.4,-0.028857523600260417,0.000777587890624994,5000
25,2,0.0059244791666666664,-1.1350260416666667,-1.1409505208333333,0.0013477597416618249,-0.0027729947034032714,-0.0013346354166666667,-0.001953125,3.690352376302083,-0.5794392903645833,-4.269791666666666,0.0006216283833836625,-0.003457065623902735,0.0117431640625,0.01708984375,0.01893310546875,0.0224609375,0.0006184895833333333,0.0,0.134765625,2.6953125,-0.013077799479166667,-0.015625,0.4666666666666667,0.26666666666666666,0.4,-0.03157755533854167,0.004753417968749988,5000
25,3,0.0073893229166666664,-1.1341796875,-1.1415690104166667,0.001337684320899416,-0.0011013056964226228,0.00013020833333333333,0.0009765625,3.6894938151041665,-0.5787353515625,-4.268229166666667,0.0006878356142674112,-0.0038218087007425077,0.010884602864583334,0.015625,0.017167154947916666,0.01953125,0.00263671875,-0.00390625,0.138671875,2.6728515625,-0.01075439453125,0.0009765625,0.5333333333333333,0.13333333333333333,0.5333333333333333,-0.029305419921875,0.00668965657552083,5000
25,4,0.007877604166666666,-1.1350260416666667,-1.1429036458333333,0.0014926375684715886,-0.0009022073625652505,0.0006184895833333333,0.00390625,3.692313639322917,-0.5800821940104167,-4.272395833333333,0.0005960143414668821,-0.003619233820301429,0.013704427083333333,0.0166015625,0.010563151041666666,0.01171875,0.003125,-0.00390625,0.138671875,2.693359375,-0.0130859375,-0.00390625,0.6,0.2,0.4,-0.033929443359375,0.006552124023437485,5000
25,5,0.006510416666666667,-1.1345703125,-1.1410807291666667,0.0014966837688898994,-0.002445829151788668,-0.0007486979166666667,-0.0048828125,3.69287109375,-0.5816080729166667,-4.274479166666667,0.0005225836002496508,-0.0037252127842706483,0.014261881510416666,0.015625,0.01676025390625,0.0166015625,-0.0022786458333333335,0.0029296875,0.125,2.685546875,-0.015010579427083334,-0.01171875,0.4,0.2,0.3333333333333333,-0.03492889404296875,0.003711242675781245,5000
25,6,0.002864583333333333,-1.1360677083333333,-1.1389322916666667,0.0013628729360228786,-0.0038733116864097016,-0.00439453125,0.0,3.691727701822917,-0.58118896484375,-4.272916666666666,0.0006013888063825003,-0.004124498987303402,0.013118489583333334,0.0166015625,0.011893717447916667,0.0078125,0.00037434895833333336,-0.001953125,0.138671875,2.6875,-0.017513020833333334,-0.0078125,0.4666666666666667,0.26666666666666666,0.4666666666666667,-0.039413859049479166,0.003712565104166643,5000
25,7,0.00966796875,-1.1313151041666667,-1.1409830729166666,0.0012834966591730383,-0.0004484055267741067,0.0024088541666666668,0.00390625,3.6926228841145834,-0.5802937825520833,-4.272916666666666,0.0006998584837986272,-0.003230018733414727,0.014013671875,0.013671875,0.014188639322916667,0.0087890625,0.0012858072916666667,0.0078125,0.140625,2.6962890625,-0.011604817708333333,0.0069580078125,0.5333333333333333,0.26666666666666666,0.5333333333333333,-0.032080078125,0.008211466471354163,5000
25,8,0.003662109375,-1.1363932291666667,-1.1400553385416667,0.001495366689740846,-0.0037330405520708643,-0.003597005208333333,-0.00390625,3.69342041015625,-0.58001708984375,-4.2734375,0.0006075698054498338,-0.003970355324467068,0.014811197916666666,0.0179443359375,0.017085774739583334,0.015625,0.0005208333333333333,-0.001953125,0.119140625,2.6884765625,-0.018408203125,-0.001220703125,0.4666666666666667,0.26666666666666666,0.3333333333333333,-0.03724019368489583,-0.0008542887369791697,5000
25,9,0.00810546875,-1.1336588541666666,-1.1417643229166667,0.0014109042650091346,-0.0012535696664939082,0.0008463541666666667,0.0078125,3.6956746419270834,-0.5808878580729167,-4.2765625,0.0008057137289469535,-0.00505911763121191,0.0170654296875,0.0205078125,0.013920084635416666,0.01171875,0.0025227864583333335,0.001953125,0.140625,2.7060546875,-0.016219075520833334,-0.00390625,0.6,0.2,0.4666666666666667,-0.03879435221354167,0.0043786621093749945,5000
25,10,0.006070963541666667,-1.1344401041666667,-1.1405110677083334,0.0014340638696512308,-0.0022865552163027743,-0.0011881510416666666,0.001953125,3.6956298828125,-0.5798909505208333,-4.275520833333333,0.0007154029759939797,-0.004857063728247147,0.017020670572916667,0.01708984375,0.013260904947916667,0.0126953125,-0.002880859375,-0.00390625,0.138671875,2.69140625,-0.018208821614583332,-0.01104736328125,0.5333333333333333,0.2,0.4,-0.03805877685546875,-0.0005400594075520997,5000
25,11,0.008561197916666667,-1.13125,-1.1398111979166667,0.0016587565102190983,-0.0012715385126568066,0.0013020833333333333,-0.001953125,3.6958658854166666,-0.5796549479166667,-4.275520833333333,0.0006034509250199561,-0.004589936121773544,0.017256673177083334,0.01812744140625,0.01593017578125,0.01123046875,-0.0035319010416666667,0.00390625,0.134765625,2.6875,-0.01595458984375,-0.005859375,0.4666666666666667,0.13333333333333333,0.3333333333333333,-0.03246042887369791,-0.0015299479166666667,5000
25,12,0.0035807291666666665,-1.1333333333333333,-1.1369140625,0.0015456186074280123,-0.0035157557035030715,-0.0036783854166666666,0.00390625,3.6967366536458335,-0.5798258463541667,-4.2765625,0.0006228610113121161,-0.004605434849819065,0.01812744140625,0.0224609375,0.014253743489583333,0.01123046875,0.0023111979166666667,0.01171875,0.140625,2.7109375,-0.021805826822916666,-0.0068359375,0.5333333333333333,0.2,0.26666666666666666,-0.04114593505859375,-0.004447123209635421,5000
25,13,0.010481770833333333,-1.1340494791666667,-1.14453125,0.001457358088270008,-0.00028090404388596095,0.00322265625,-0.001953125,3.6944620768229166,-0.5805379231770833,-4.275,0.0005866517319934974,-0.004660617212440216,0.015852864583333334,0.0087890625,0.011283365885416667,0.0078125,-0.004052734375,-0.001953125,0.134765625,2.6953125,-0.012630208333333334,-0.0107421875,0.4,0.2,0.3333333333333333,-0.0358984375,0.009580281575520808,5000
25,14,0.0041015625,-1.1333333333333333,-1.1374348958333333,0.0012212688301228485,-0.0027636953177003223,-0.0031575520833333334,-0.001953125,3.69737548828125,-0.5781453450520834,-4.275520833333333,0.0005819674267383278,-0.005296743048121843,0.018766276041666665,0.0224609375,0.01644287109375,0.0107421875,-0.0015787760416666667,-0.001953125,0.134765625,2.7021484375,-0.021923828125,-0.014892578125,0.4666666666666667,0.2,0.26666666666666666,-0.04055257161458333,-0.004654744466145836,5000
25,15,0.00751953125,-1.1320963541666667,-1.1396158854166667,0.001538968308115338,-0.0018010085748942433,0.00026041666666666666,0.0078125,3.6924235026041665,-0.5789306640625,-4.271354166666667,0.0005655007723006731,-0.004285327908394783,0.013814290364583334,0.0087890625,0.01453857421875,0.015625,-0.00078125,-0.0087890625,0.138671875,2.6962890625,-0.013553873697916666,0.00341796875,0.6,0.26666666666666666,0.5333333333333333,-0.03486083984375,0.006640726725260415,5000
25,16,0.0055501302083333336,-1.137109375,-1.1426595052083333,0.0014256773764958273,-0.0021400551752875914,-0.001708984375,0.001953125,3.6919840494791667,-0.5809326171875,-4.272916666666666,0.000522496613952935,-0.0037453145311774224,0.013374837239583333,0.0087890625,0.013932291666666667,0.0224609375,0.0033365885416666665,0.005859375,0.138671875,2.6875,-0.015083821614583333,-0.00640869140625,0.5333333333333333,0.13333333333333333,0.3333333333333333,-0.03334604899088542,0.0022465006510416605,5000
25,17,0.01064453125,-1.132421875,-1.14306640625,0.0014078348329727981,-0.0002472942632327687,0.0033854166666666668,0.001953125,3.6971923828125,-0.5778076171875,-4.275,0.0006511074025411377,-0.00528149266023891,0.018583170572916665,0.01953125,0.015506998697916666,0.015625,-0.0009440104166666667,-0.001953125,0.138671875,2.7021484375,-0.01519775390625,-0.0029296875,0.6,0.2,0.3333333333333333,-0.036239013671875,0.004659525553385409,5000
25,18,0.005419921875,-1.1362630208333333,-1.1416829427083333,0.0013030091900640402,-0.0027974936467181793,-0.0018391927083333333,-0.001953125,3.6896036783854167,-0.57706298828125,-4.266666666666667,0.0006153523066636778,-0.002854581260236123,0.010994466145833333,0.01171875,0.01231689453125,0.015625,-0.0011881510416666666,0.001953125,0.134765625,2.6875,-0.012833658854166667,0.006103515625,0.4666666666666667,0.26666666666666666,0.6,-0.033089599609375,0.00634765625,5000
25,19,0.004313151041666667,-1.1346354166666666,-1.1389485677083333,0.0012011892939833531,-0.002844725010731125,-0.0029459635416666666,-0.01171875,3.6934326171875,-0.5800048828125,-4.2734375,0.0006974442882714541,-0.004388588489705212,0.014823404947916667,0.0155029296875,0.010929361979166666,0.0166015625,0.0008138020833333334,0.0,0.125,2.6884765625,-0.017769368489583333,-0.0078125,0.4666666666666667,0.2,0.4,-0.03789113362630208,0.00028961181640623965,5000
25,20,0.00771484375,-1.1326822916666666,-1.1403971354166667,0.0012901754291046602,-0.002018873251745027,0.0004557291666666667,0.00390625,3.6974772135416667,-0.5806477864583334,-4.278125,0.0005922199673034201,-0.0051973341514110144,0.018868001302083333,0.015869140625,0.01661376953125,0.0087890625,0.0005533854166666667,0.00390625,0.119140625,2.6884765625,-0.018412272135416668,-0.017578125,0.5333333333333333,0.13333333333333333,0.4,-0.0370526123046875,-0.001370849609375006,5000
25,21,0.005029296875,-1.135546875,-1.140576171875,0.0013725950758440228,-0.002927895258370212,-0.0022298177083333332,0.0,3.6951253255208334,-0.5803955078125,-4.275520833333333,0.0006782324220188683,-0.00484143093227733,0.01651611328125,0.02130126953125,0.0123046875,0.0087890625,-0.0004557291666666667,-0.001953125,0.134765625,2.6982421875,-0.018745930989583333,-0.005859375,0.4,0.26666666666666666,0.3333333333333333,-0.04082875569661458,0.0013065592447916606,5000
25,22,0.007552083333333333,-1.1315755208333333,-1.1391276041666667,0.0014860346287271847,-0.0015146684255533587,0.00029296875,0.001953125,3.698050944010417,-0.5790323893229167,-4.277083333333334,0.0005662938805451104,-0.005506002628570197,0.019441731770833335,0.0234375,0.018868001302083333,0.0166015625,-0.0021158854166666665,0.0,0.138671875,2.6953125,-0.019148763020833334,-0.0113525390625,0.5333333333333333,0.13333333333333333,0.2,-0.035311075846354165,-0.0038728841145833455,5000
25,23,0.0072265625,-1.1360677083333333,-1.1432942708333333,0.001364694262099718,-0.003402408131230305,-3.255208333333333e-05,0.0,3.6953328450520835,-0.5791463216145833,-4.274479166666667,0.000608625159153302,-0.004561554040512137,0.0167236328125,0.01171875,0.014408365885416666,0.0224609375,0.0014811197916666666,0.0029296875,0.12109375,2.703125,-0.016756184895833335,-0.01171875,0.4,0.2,0.26666666666666666,-0.0349615478515625,0.0007253011067708186,5000
25,24,0.009000651041666667,-1.1330078125,-1.1420084635416667,0.001537711640896338,-0.0011307745385332447,0.0017415364583333334,-0.00390625,3.6984293619791666,-0.5807373046875,-4.279166666666667,0.0005547185426031681,-0.005574165262315215,0.019820149739583334,0.0244140625,0.016385904947916665,0.015869140625,0.002750651041666667,-0.0048828125,0.138671875,2.6953125,-0.01807861328125,-0.015625,0.4666666666666667,0.06666666666666667,0.26666666666666666,-0.0333905029296875,-0.002769978841145848,5000
25,25,0.005598958333333333,-1.1338541666666666,-1.139453125,0.0014148078656871417,-0.0029441390821236453,-0.00166015625,-0.01171875,3.6977213541666667,-0.5772786458333333,-4.275,0.0006454423325597483,-0.0055993178580114825,0.019112141927083333,0.017578125,0.0135498046875,0.0152587890625,-0.0015299479166666667,0.0,0.12109375,2.69921875,-0.020772298177083332,-0.0087890625,0.4,0.13333333333333333,0.26666666666666666,-0.038495483398437495,-0.004759826660156263,5000
25,26,0.006754557291666667,-1.1326822916666666,-1.1394368489583333,0.0013385756404408278,-0.002114155334719206,-0.0005045572916666667,0.00390625,3.6932861328125,-0.5817138671875,-4.275,0.0005776725936862432,-0.0040261585727209654,0.014676920572916667,0.0087890625,0.013667805989583334,0.015869140625,-0.0028483072916666665,0.0,0.15625,2.6953125,-0.015181477864583333,-0.00390625,0.5333333333333333,0.13333333333333333,0.4,-0.0350146484375,0.0033009847005208187,5000
25,27,0.007421875,-1.1345052083333333,-1.1419270833333333,0.0013187910603092864,-0.0018603879572004487,0.00016276041666666666,0.001953125,3.6895426432291667,-0.5823323567708333,-4.271875,0.000631476944429421,-0.0019945608644612286,0.010933430989583333,0.01123046875,0.01414794921875,0.0166015625,0.0018880208333333333,0.0,0.138671875,2.6904296875,-0.010770670572916667,-0.00054931640625,0.5333333333333333,0.26666666666666666,0.4666666666666667,-0.031201375325520832,0.008146870930989572,5000
25,28,0.0073893229166666664,-1.134765625,-1.1421549479166666,0.001283856185914554,-0.0017810691478955208,0.00013020833333333333,0.001953125,3.693839518229167,-0.5795979817708333,-4.2734375,0.0006090865914993345,-0.003656459781268548,0.015230305989583333,0.0166015625,0.01961669921875,0.0224609375,0.00224609375,0.001953125,0.138671875,2.6875,-0.01510009765625,-0.0107421875,0.5333333333333333,0.26666666666666666,0.26666666666666666,-0.03454610188802083,0.0031225585937499764,5000
25,29,0.008365885416666666,-1.1337239583333334,-1.14208984375,0.0012924402753654214,-0.0012035332328727368,0.0011067708333333333,0.00390625,3.697371419270833,-0.5791910807291667,-4.2765625,0.000556095161325017,-0.005224545456957862,0.01876220703125,0.0166015625,0.013920084635416666,0.0087890625,-0.0014811197916666666,0.001953125,0.138671875,2.703125,-0.017655436197916666,-0.00390625,0.6,0.2,0.4666666666666667,-0.035921732584635414,-0.0008376057942708422,5000
25,30,0.007405598958333333,-1.1317057291666666,-1.139111328125,0.0014081393614332168,-0.0011972154517938605,0.000146484375,-0.001953125,3.69119873046875,-0.5796346028645833,-4.270833333333333,0.0007006427002594226,-0.003832049887449478,0.012589518229166667,0.01171875,0.0157958984375,0.017333984375,-0.00302734375,-0.0029296875,0.138671875,2.6884765625,-0.012443033854166667,-0.0087890625,0.4666666666666667,0.2,0.4666666666666667,-0.0313897705078125,0.005421752929687473,5000
25,31,0.007096354166666667,-1.1343098958333333,-1.14140625,0.001294175458768238,-0.0019990795774008016,-0.00016276041666666666,0.0,3.6910400390625,-0.5792724609375,-4.2703125,0.0005565077392046397,-0.00376317647115464,0.012430826822916666,0.01171875,0.016324869791666665,0.0185546875,0.0007649739583333333,0.001953125,0.134765625,2.69921875,-0.012593587239583334,0.0,0.4666666666666667,0.26666666666666666,0.4666666666666667,-0.034831034342447914,0.008451944986979158,5000
26,0,0.0044921875,-1.1358723958333334,-1.1403645833333333,0.0014707189912854073,-0.00271235912063394,-0.0027669270833333335,-0.0009765625,3.6916748046875,-0.5802001953125,-4.271875,0.00058102813449087,-0.0033227680168704007,0.013065592447916666,0.0081787109375,0.016166178385416667,0.013671875,-0.00234375,0.001953125,0.138671875,2.6884765625,-0.01583251953125,0.0009765625,0.4666666666666667,0.2,0.5333333333333333,-0.03744130452473958,0.0034752400716145785,5000
26,1,0.007242838541666667,-1.1324869791666667,-1.1397298177083333,0.0011653345360182472,-0.0012357703778775803,-1.6276041666666666e-05,0.001953125,3.693900553385417,-0.5800577799479166,-4.273958333333334,0.0006096282312486483,-0.004651733210732787,0.015291341145833333,0.0087890625,0.0146728515625,0.015869140625,-0.0038736979166666668,-0.001953125,0.138671875,2.7001953125,-0.0153076171875,0.0,0.5333333333333333,0.3333333333333333,0.4666666666666667,-0.03702880859375,0.004549560546874994,5000
26,2,0.004117838541666667,-1.135546875,-1.1396647135416667,0.0015975725787616057,-0.003775977794215542,-0.0031412760416666668,0.0,3.6961263020833335,-0.5799153645833334,-4.276041666666667,0.0005784362194339176,-0.004236543146639669,0.01751708984375,0.017578125,0.009659830729166667,0.0126953125,-0.0013671875,-0.0009765625,0.12109375,2.6875,-0.020658365885416665,-0.00103759765625,0.4666666666666667,0.2,0.3333333333333333,-0.039735107421875,-0.0035967000325520877,5000
26,3,0.007112630208333333,-1.1352213541666667,-1.142333984375,0.001412299567128461,-0.001972935344535463,-0.000146484375,0.001953125,3.6919759114583335,-0.5798990885416667,-4.271875,0.0006216592502299069,-0.003277243131380624,0.01336669921875,0.01788330078125,0.025252278645833334,0.0302734375,-0.005045572916666667,-0.0029296875,0.138671875,2.6884765625,-0.01351318359375,-0.00390625,0.5333333333333333,0.2,0.4,-0.03449300130208333,0.006103515625,5000
26,4,0.008138020833333334,-1.1359375,-1.1440755208333333,0.0014362465698068516,-0.0026320304920660303,0.00087890625,-0.00390625,3.695878092447917,-0.5806844075520833,-4.2765625,0.0005788927289431462,-0.0047473123911874835,0.017268880208333334,0.0224609375,0.018290201822916668,0.021484375,-0.0023600260416666665,-0.001953125,0.119140625,2.6884765625,-0.016389973958333335,-0.015625,0.4666666666666667,0.13333333333333333,0.3333333333333333,-0.03431050618489583,0.0008795166015624911,5000
26,5,0.004296875,-1.1345052083333333,-1.1388020833333334,0.001377440063066564,-0.0028599928925031885,-0.0029622395833333332,0.0,3.69488525390625,-0.5795939127604167,-4.274479166666667,0.0007918225881148586,-0.0043299045358368765,0.016276041666666668,0.0166015625,0.013541666666666667,0.0009765625,-0.0021809895833333334,-0.00390625,0.134765625,2.6962890625,-0.01923828125,0.001953125,0.4666666666666667,0.2,0.6,-0.039941813151041665,-1.6276041666666666e-05,5000
26,6,0.00546875,-1.1350260416666667,-1.1404947916666666,0.0014576500147732406,-0.0026553323204730264,-0.0017903645833333333,0.001953125,3.6979736328125,-0.5775472005208333,-4.275520833333333,0.0005664625761540663,-0.005519941999407544,0.019364420572916666,0.01953125,0.0137939453125,0.017333984375,-0.004752604166666666,-0.009765625,0.138671875,2.703125,-0.02115478515625,-0.0048828125,0.5333333333333333,0.06666666666666667,0.3333333333333333,-0.03969340006510417,-0.00362548828125,5000
26,7,0.006380208333333333,-1.1343098958333333,-1.1406901041666666,0.0015563754844381344,-0.001447085218460703,-0.00087890625,0.0,3.6914876302083335,-0.5803873697916667,-4.271875,0.0006033477417052004,-0.0032437113720535996,0.01287841796875,0.0081787109375,0.015726725260416668,0.02154541015625,-0.0028971354166666668,-0.001953125,0.138671875,2.6904296875,-0.01375732421875,-0.009765625,0.4666666666666667,0.2,0.3333333333333333,-0.031241861979166667,0.0029950968424479123,5000
26,8,0.002994791666666667,-1.13671875,-1.1397135416666666,0.0013466916742675664,-0.003376918909225749,-0.004264322916666666,-0.001953125,3.6953328450520835,-0.5796671549479167,-4.275,0.0005779147711877627,-0.00396175452419977,0.0167236328125,0.0166015625,0.015775553385416665,0.0146484375,-0.003564453125,-0.01171875,0.134765625,2.6728515625,-0.020987955729166667,-0.0164794921875,0.4666666666666667,0.2,0.3333333333333333,-0.04045430501302083,-0.0031894938151041754,5000
26,9,0.010237630208333333,-1.1348307291666666,-1.145068359375,0.0014631178008995037,-0.0009459041532934869,0.002978515625,-0.001953125,3.69371337890625,-0.5823282877604167,-4.276041666666667,0.0005946101546669651,-0.004464133950113665,0.015104166666666667,0.0166015625,0.01422119140625,0.013671875,-0.0008626302083333333,-0.0078125,0.134765625,2.6884765625,-0.012125651041666666,0.0,0.4666666666666667,0.26666666666666666,0.4666666666666667,-0.0323406982421875,0.006812337239583321,5000
26,10,0.005843098958333333,-1.1334635416666667,-1.139306640625,0.0014260169667700922,-0.0025874808093550856,-0.001416015625,0.0,3.693290201822917,-0.5801472981770833,-4.2734375,0.000711114482643934,-0.003997290860657288,0.014680989583333333,0.01123046875,0.01241455078125,0.009765625,-0.0016438802083333333,0.0078125,0.138671875,2.6904296875,-0.016097005208333334,-0.0126953125,0.4666666666666667,0.2,0.4,-0.032185872395833336,-0.0012687174479166785,5000
26,11,0.00302734375,-1.137890625,-1.14091796875,0.0012952807333359805,-0.003056514858630373,-0.004231770833333333,-0.00390625,3.6902669270833335,-0.5795247395833333,-4.269791666666666,0.0006568711770215053,-0.003105293239909455,0.01165771484375,0.015869140625,0.011702473958333333,0.015869140625,8.138020833333333e-05,0.0,0.140625,2.6884765625,-0.015889485677083332,0.0,0.4,0.26666666666666666,0.4666666666666667,-0.03439127604166667,0.0018351236979166667,5000
26,12,0.0015787760416666667,-1.1352213541666667,-1.1368001302083333,0.0013508028746671028,-0.0045906827401779446,-0.0056803385416666664,-0.0029296875,3.6925944010416667,-0.5813639322916667,-4.273958333333334,0.0006495318724927579,-0.0046029666066180995,0.013985188802083333,0.0126953125,0.016621907552083332,0.01318359375,-0.002132161458333333,0.0,0.123046875,2.6962890625,-0.01966552734375,-0.0087890625,0.3333333333333333,0.26666666666666666,0.26666666666666666,-0.036035257975260415,-0.004662170410156263,5000
26,13,0.008463541666666666,-1.1353515625,-1.1438151041666667,0.0013684312616194239,-0.0016584171959256476,0.0012044270833333334,0.001953125,3.697709147135417,-0.5819783528645833,-4.2796875,0.0005906542340318124,-0.0053110526415210794,0.019099934895833334,0.0242919921875,0.01632080078125,0.01953125,-0.0014973958333333334,-0.0078125,0.138671875,2.6953125,-0.0178955078125,-0.0048828125,0.5333333333333333,0.13333333333333333,0.3333333333333333,-0.0350830078125,-0.0013496907552083511,5000
26,14,0.008675130208333333,-1.1350911458333333,-1.1437662760416667,0.0014908561464177848,-0.0007953658641542437,0.001416015625,0.00390625,3.6968098958333333,-0.5781901041666667,-4.275,0.0005620351142517965,-0.004806674448250359,0.01820068359375,0.015869140625,0.020088704427083333,0.0224609375,0.001611328125,0.00390625,0.140625,2.6953125,-0.01678466796875,-0.0009765625,0.6666666666666666,0.13333333333333333,0.4,-0.037782389322916665,0.0024013264973958247,5000
26,15,0.004296875,-1.13359375,-1.137890625,0.0014476133817788543,-0.003152686752389985,-0.0029622395833333332,-0.0048828125,3.69700927734375,-0.58267822265625,-4.2796875,0.0006473358302874797,-0.004745605139720011,0.018400065104166665,0.0166015625,0.014750162760416666,0.0166015625,-0.00016276041666666666,0.001953125,0.134765625,2.6875,-0.0213623046875,-0.0205078125,0.4,0.13333333333333333,0.26666666666666666,-0.039128011067708336,-0.005134480794270843,5000
26,16,0.009326171875,-1.1341796875,-1.143505859375,0.0013415842708870236,-0.0018664308222139442,0.0020670572916666667,0.001953125,3.69039306640625,-0.5820027669270833,-4.272395833333333,0.0006107141901096155,-0.0027886483072170442,0.011783854166666666,0.01171875,0.014432779947916667,0.0126953125,-0.00017903645833333332,0.0,0.138671875,2.671875,-0.009716796875,0.0,0.5333333333333333,0.2,0.4666666666666667,-0.025399169921875,0.005404256184895824,5000
26,17,0.006966145833333334,-1.1358723958333334,-1.1428385416666667,0.001359354947039116,-0.0025562658088038297,-0.00029296875,-0.001953125,3.690230305989583,-0.58216552734375,-4.272395833333333,0.0006452467378178678,-0.002759009707027617,0.01162109375,0.009765625,0.02078857421875,0.025390625,-0.003938802083333333,-0.005859375,0.140625,2.6875,-0.0119140625,-0.0035400390625,0.4666666666666667,0.26666666666666666,0.4,-0.028946940104166666,0.005037638346354164,5000
26,18,0.0032063802083333332,-1.1366536458333334,-1.1398600260416667,0.0013957653042364862,-0.003412197931227198,-0.004052734375,0.005859375,3.6965901692708334,-0.5820556640625,-4.278645833333333,0.0005923877764032986,-0.004566824503910128,0.01798095703125,0.0166015625,0.016019694010416665,0.015869140625,0.0026041666666666665,-0.0009765625,0.134765625,2.703125,-0.02203369140625,-0.0107421875,0.5333333333333333,0.06666666666666667,0.26666666666666666,-0.03895772298177083,-0.006245829264322918,5000
26,19,0.0060384114583333336,-1.1343098958333333,-1.1403483072916667,0.0011724919714995578,-0.0017788467294969435,-0.001220703125,-0.001953125,3.688972981770833,-0.5808186848958333,-4.269791666666666,0.0006543609567332761,-0.0031065211374501447,0.01036376953125,0.00390625,0.020731608072916668,0.0263671875,-0.00361328125,0.001953125,0.140625,2.6796875,-0.01158447265625,-0.0009765625,0.4666666666666667,0.4,0.4666666666666667,-0.029760945638020835,0.005761820475260415,5000
26,20,0.003727213541666667,-1.1366536458333334,-1.140380859375,0.001464762866330963,-0.003516911129398279,-0.0035319010416666667,0.001953125,3.695487467447917,-0.5784708658854166,-4.273958333333334,0.0005483913037842017,-0.004242904185191207,0.016878255208333335,0.015869140625,0.02130126953125,0.0234375,-0.0047037760416666664,-0.001953125,0.125,2.6953125,-0.02041015625,-0.0068359375,0.5333333333333333,0.13333333333333333,0.4,-0.03798848470052083,-0.00432759602864586,5000
26,21,0.004768880208333334,-1.1366536458333334,-1.1414225260416666,0.0015029126967113235,-0.0028364807141320635,-0.002490234375,-0.001953125,3.69715576171875,-0.5804484049479167,-4.277604166666666,0.0007041789024853144,-0.004383264744915584,0.018546549479166667,0.015869140625,0.016451009114583335,0.015869140625,-0.005338541666666667,-0.009765625,0.134765625,2.6875,-0.021036783854166668,-0.0087890625,0.4,0.2,0.26666666666666666,-0.0403814697265625,-0.004197387695312527,5000
26,22,0.004964192708333333,-1.1358723958333334,-1.1408365885416667,0.0014073966077931723,-0.001779145119202105,-0.002294921875,-0.00390625,3.6957804361979165,-0.5813028971354167,-4.277083333333334,0.0006902581110295569,-0.004662216001416126,0.017171223958333332,0.01953125,0.013232421875,0.0166015625,-0.0004557291666666667,-0.01171875,0.138671875,2.6953125,-0.019466145833333334,-0.015625,0.4666666666666667,0.13333333333333333,0.4,-0.0393292236328125,-0.0007637532552083511,5000
26,23,0.005712890625,-1.1344401041666667,-1.1401529947916667,0.0013694331212127718,-0.0025308307234360385,-0.0015462239583333333,0.00390625,3.6995035807291665,-0.5781005859375,-4.277604166666666,0.000600433411398641,-0.006104031297740955,0.020894368489583332,0.021484375,0.01463623046875,0.011962890625,-0.0006510416666666666,0.001953125,0.123046875,2.69140625,-0.022440592447916668,-0.013671875,0.5333333333333333,0.06666666666666667,0.26666666666666666,-0.040967305501302086,-0.005365498860677106,5000
26,24,0.00390625,-1.1356770833333334,-1.1395833333333334,0.0014278172846399777,-0.0028808757273730144,-0.003352864583333333,0.0,3.6892049153645834,-0.5811075846354167,-4.2703125,0.0006389771446819883,-0.003144764465554297,0.010595703125,0.0087890625,0.01468505859375,0.015625,-0.002880859375,0.001953125,0.138671875,2.6875,-0.013948567708333333,-0.0037841796875,0.4666666666666667,0.3333333333333333,0.3333333333333333,-0.03375223795572916,0.004322509765624982,5000
26,25,0.00419921875,-1.1354166666666667,-1.1396158854166667,0.0015614052659164378,-0.0037115068982426997,-0.0030598958333333333,-0.00390625,3.6961018880208334,-0.5809814453125,-4.277083333333334,0.000614737810068244,-0.005231148656003023,0.01749267578125,0.021484375,0.014737955729166667,0.0079345703125,0.00042317708333333335,0.001953125,0.123046875,2.69140625,-0.020552571614583334,-0.0048828125,0.4666666666666667,0.06666666666666667,0.3333333333333333,-0.037964274088541666,-0.004068603515625006,5000
26,26,0.0023111979166666667,-1.1371744791666667,-1.1394856770833333,0.0015700150252272393,-0.004285757889628882,-0.0049479166666666664,-0.0107421875,3.6913859049479165,-0.5820515950520834,-4.2734375,0.0006274228104218107,-0.0030980825764266176,0.012776692708333334,0.01513671875,0.01708984375,0.0224609375,-0.0059244791666666664,-0.001953125,0.119140625,2.7109375,-0.017724609375,-0.0029296875,0.4666666666666667,0.26666666666666666,0.4,-0.03697916666666667,0.00019571940104166075,5000
26,27,0.0006022135416666667,-1.1373697916666667,-1.1379720052083333,0.0012454541945794706,-0.004293622367284973,-0.0066569010416666664,-0.00390625,3.694205729166667,-0.5792317708333333,-4.2734375,0.0005681152136335183,-0.003612305484708503,0.015596516927083333,0.015380859375,0.011153157552083333,0.015380859375,-0.0011881510416666666,0.0,0.123046875,2.6865234375,-0.02225341796875,-0.0107421875,0.4,0.2,0.3333333333333333,-0.0396978759765625,-0.0066114298502604266,5000
26,28,0.007731119791666667,-1.1345703125,-1.1423014322916667,0.0017346802825684352,-0.0013416908045782944,0.00047200520833333334,0.001953125,3.6945556640625,-0.5809651692708333,-4.275520833333333,0.000561037122399234,-0.004303921918716027,0.015946451822916666,0.015625,0.012443033854166667,0.01171875,-0.00048828125,0.005859375,0.138671875,2.6875,-0.015474446614583333,-0.009033203125,0.6,0.13333333333333333,0.3333333333333333,-0.03383585611979167,0.0013755289713541638,5000
26,29,0.0073893229166666664,-1.1352864583333333,-1.14267578125,0.0015160801507619684,-0.0016266643404227444,0.00013020833333333333,-0.001953125,3.69200439453125,-0.5803914388020833,-4.272395833333333,0.0006062064721632568,-0.003854094225531135,0.013395182291666667,0.015625,0.014729817708333334,0.015869140625,0.0011881510416666666,0.00390625,0.134765625,2.6875,-0.013264973958333334,-0.01025390625,0.4,0.26666666666666666,0.3333333333333333,-0.032503662109375,0.005469563802083321,5000
26,30,0.009733072916666667,-1.1317057291666666,-1.1414388020833333,0.0014412698434487406,-0.0008449894560259674,0.0024739583333333332,0.001953125,3.6929117838541665,-0.5800048828125,-4.272916666666666,0.0006491545254807727,-0.004465124588027782,0.014302571614583334,0.01123046875,0.013008626302083333,0.01171875,-0.0025716145833333333,-0.009765625,0.138671875,2.6748046875,-0.01182861328125,0.001953125,0.6,0.13333333333333333,0.5333333333333333,-0.031575927734375,0.006315511067708328,5000
26,31,0.00576171875,-1.1380208333333333,-1.1437825520833333,0.0014271278475975352,-0.0024213264242155187,-0.0014973958333333334,0.001953125,3.694083658854167,-0.5798746744791666,-4.273958333333334,0.0006040185653390479,-0.0042443007726344125,0.015474446614583333,0.0087890625,0.010677083333333334,0.015380859375,-0.006005859375,-0.0107421875,0.138671875,2.6962890625,-0.016971842447916666,-0.00128173828125,0.5333333333333333,0.2,0.4,-0.03692159016927083,0.0013150024414062397,5000
27,0,0.0006022135416666667,-1.1349609375,-1.1355631510416666,0.001438838821790385,-0.004680492763587571,-0.0066569010416666664,-0.015625,3.6929524739583335,-0.5799641927083333,-4.272916666666666,0.0006122433452932087,-0.0033044043518762746,0.01434326171875,0.01171875,0.01363525390625,0.0185546875,-0.002685546875,0.001953125,0.119140625,2.7109375,-0.021000162760416666,-0.00390625,0.3333333333333333,0.2,0.26666666666666666,-0.03776092529296875,-0.006778767903645836,5000
27,1,0.00859375,-1.1330729166666667,-1.1416666666666666,0.0015902087086828234,-0.001623196279287248,0.0013346354166666667,0.0,3.6880615234375,-0.5827718098958333,-4.270833333333333,0.000594954736745584,-0.0020821774001234883,0.009452311197916667,0.00390625,0.010746256510416666,0.01171875,-0.005354817708333333,-0.00390625,0.140625,2.6953125,-0.00811767578125,-0.00390625,0.4666666666666667,0.26666666666666666,0.4,-0.0239056396484375,0.006641947428385397,5000
27,2,0.008951822916666666,-1.1327473958333334,-1.14169921875,0.0013597556630380904,-0.0016246489091571875,0.0016927083333333334,0.00390625,3.6932861328125,-0.5811930338541667,-4.274479166666667,0.000621859851894447,-0.0032298605312285193,0.014676920572916667,0.0152587890625,0.01314697265625,0.015869140625,-0.0030924479166666665,0.001953125,0.134765625,2.6943359375,-0.012984212239583333,-0.003173828125,0.5333333333333333,0.2,0.3333333333333333,-0.028007405598958333,0.0017500813802083274,5000
27,3,0.00859375,-1.134765625,-1.143359375,0.0014605314618469634,-0.0013297391914805746,0.0013346354166666667,0.00390625,3.69521484375,-0.57978515625,-4.275,0.0006193418389213455,-0.004702801184785172,0.016605631510416666,0.01513671875,0.013106282552083333,0.01171875,-0.005322265625,-0.013671875,0.140625,2.6875,-0.01527099609375,-0.00177001953125,0.5333333333333333,0.13333333333333333,0.4,-0.032525736490885415,0.0014651489257812456,5000
27,4,0.005013020833333334,-1.134765625,-1.1397786458333334,0.0013172813924037783,-0.0032839542933106917,-0.00224609375,0.0,3.692671712239583,-0.5807657877604167,-4.2734375,0.0005626509848148664,-0.003656862313728403,0.0140625,0.0166015625,0.016145833333333335,0.01171875,-0.0001953125,0.0,0.119140625,2.6806640625,-0.01630859375,-0.001220703125,0.4666666666666667,0.2,0.4,-0.03161702473958333,-0.0019527180989583393,5000
27,5,0.004182942708333333,-1.136328125,-1.1405110677083334,0.0015012201430550536,-0.003337878637839567,-0.003076171875,0.00390625,3.690380859375,-0.5820149739583333,-4.272395833333333,0.0006341591609571241,-0.002407259826374555,0.011771647135416667,0.0126953125,0.010498046875,0.0078125,-0.0037760416666666667,-0.01171875,0.140625,2.6787109375,-0.014847819010416667,0.0,0.5333333333333333,0.3333333333333333,0.4666666666666667,-0.03237823486328125,0.0017870076497395729,5000
27,6,0.0030110677083333335,-1.136328125,-1.1393391927083334,0.0013781012194383202,-0.004019113730116976,-0.004248046875,-0.0078125,3.692374674479167,-0.5795003255208333,-4.271875,0.000563513015255864,-0.003299670779766386,0.013765462239583333,0.015869140625,0.013680013020833333,0.0166015625,-0.0004069010416666667,0.0,0.119140625,2.6875,-0.018013509114583333,-0.0166015625,0.4,0.2,0.2,-0.03406636555989583,-0.0022378540039062512,5000
27,7,0.008610026041666666,-1.133984375,-1.1425944010416667,0.0012630938676398864,-0.0018460364447567758,0.0013509114583333333,0.0078125,3.6914876302083335,-0.5814290364583333,-4.272916666666666,0.0006722270979732149,-0.0036543870565572795,0.01287841796875,0.0087890625,0.01458740234375,0.01171875,-0.0014322916666666666,0.0,0.134765625,2.6953125,-0.011527506510416667,-0.00341796875,0.5333333333333333,0.2,0.4666666666666667,-0.031402180989583334,0.007829488118489573,5000
27,8,0.0048177083333333336,-1.137109375,-1.1419270833333333,0.0015110632640383222,-0.0024442513585400125,-0.00244140625,0.001953125,3.695784505208333,-0.581298828125,-4.277083333333334,0.0005797559075125591,-0.004518226904073905,0.01717529296875,0.0166015625,0.013057454427083334,0.015380859375,-0.0027018229166666666,-0.009765625,0.138671875,2.71875,-0.01961669921875,-0.018798828125,0.5333333333333333,0.13333333333333333,0.3333333333333333,-0.035064697265625,-0.0053869628906250055,5000
27,9,0.00419921875,-1.1354166666666667,-1.1396158854166667,0.001462693787901149,-0.0029970378084818233,-0.0030598958333333333,0.00390625,3.698677571614583,-0.5810099283854167,-4.2796875,0.0005408242253155198,-0.005530615271997414,0.020068359375,0.0224609375,0.014603678385416667,0.0224609375,-0.0010904947916666667,-0.001953125,0.140625,2.6953125,-0.023128255208333334,-0.0048828125,0.6,0.13333333333333333,0.3333333333333333,-0.04277445475260416,-0.005288085937500024,5000
27,10,0.004833984375,-1.134765625,-1.139599609375,0.0014816696525165015,-0.002944679748333054,-0.0024251302083333334,0.0,3.6933634440104166,-0.5800740559895833,-4.2734375,0.0006205224081886058,-0.004034083777830752,0.014754231770833333,0.015625,0.01531982421875,0.015380859375,-0.00234375,-0.00390625,0.140625,2.6875,-0.017179361979166665,-0.0009765625,0.4666666666666667,0.13333333333333333,0.4666666666666667,-0.03388956705729167,-0.0011879475911458362,5000
27,11,0.010172526041666666,-1.1361979166666667,-1.1463704427083334,0.0014714596991490247,-0.0020725433093459456,0.0029134114583333334,0.0,3.694632975260417,-0.5788045247395833,-4.2734375,0.0005776279103286177,-0.004107224290984217,0.016023763020833335,0.0166015625,0.017867024739583334,0.02569580078125,-0.003857421875,-0.001953125,0.134765625,2.6953125,-0.0131103515625,-0.0009765625,0.4666666666666667,0.13333333333333333,0.4666666666666667,-0.03234273274739583,0.004671834309895824,5000
27,12,0.009309895833333333,-1.1294921875,-1.1388020833333334,0.0016210992925187841,-0.00044128407578975843,0.00205078125,0.005859375,3.691597493489583,-0.5802775065104167,-4.271875,0.0005873018566576626,-0.0032654903477857987,0.01298828125,0.0152587890625,0.01207275390625,0.0146484375,-0.0029134114583333334,-0.0126953125,0.138671875,2.6875,-0.0109375,-0.0006103515625,0.6,0.26666666666666666,0.4,-0.026969401041666667,0.0039064534505208305,5000
27,13,0.007893880208333334,-1.1337890625,-1.1416829427083333,0.001455000664974028,-0.0013061780505705214,0.000634765625,0.00390625,3.69315185546875,-0.57872314453125,-4.271875,0.0005422899699412854,-0.004758080727851629,0.014542643229166667,0.0166015625,0.014497884114583333,0.0166015625,-0.003987630208333333,0.00390625,0.15234375,2.6875,-0.013907877604166667,-0.01025390625,0.6,0.13333333333333333,0.4,-0.030876057942708333,0.0027589925130208307,5000
27,14,0.004020182291666666,-1.1361328125,-1.1401529947916667,0.0013069361859156083,-0.0034265800359048397,-0.003238932291666667,0.0,3.693159993489583,-0.57923583984375,-4.272395833333333,0.0005849876111307815,-0.003953984972712623,0.01455078125,0.0126953125,0.01297607421875,0.023681640625,-0.001171875,0.00390625,0.12109375,2.6953125,-0.017789713541666665,-0.0048828125,0.4666666666666667,0.26666666666666666,0.3333333333333333,-0.03835123697916666,0.0018880208333333333,5000
27,15,0.005078125,-1.1364583333333333,-1.1415364583333334,0.0013432931135976783,-0.003354047380077956,-0.0021809895833333334,0.001953125,3.690804036458333,-0.581591796875,-4.272395833333333,0.0006553932252956603,-0.0032699525060567287,0.01219482421875,0.0126953125,0.016080729166666665,0.0126953125,-0.000146484375,0.001953125,0.12109375,2.6875,-0.014375813802083333,-0.01153564453125,0.5333333333333333,0.3333333333333333,0.4,-0.03328877766927083,0.0035283406575520758,5000
27,16,0.0041015625,-1.135546875,-1.1396484375,0.0014264737588995002,-0.002166819481323556,-0.0031575520833333334,0.0,3.68798828125,-0.5818033854166667,-4.269791666666666,0.0006152383582512405,-0.0015468916503967164,0.009379069010416666,0.0009765625,0.014518229166666667,0.0172119140625,-0.001318359375,0.0,0.138671875,2.6806640625,-0.01253662109375,-0.0087890625,0.4666666666666667,0.3333333333333333,0.4,-0.03135294596354166,0.004114074707031246,5000
27,17,0.0033365885416666665,-1.1352864583333333,-1.138623046875,0.0014241625137010813,-0.003200353215115628,-0.003922526041666667,0.0,3.694384765625,-0.5795735677083333,-4.273958333333334,0.0007067090541951741,-0.004401049589923019,0.015775553385416665,0.017578125,0.010835774739583333,0.0126953125,-0.0002766927083333333,-0.001953125,0.134765625,2.6865234375,-0.019698079427083334,-0.00390625,0.4,0.2,0.4,-0.040104268391927086,-0.000504150390625006,5000
27,18,0.0072265625,-1.1353515625,-1.142578125,0.0013641099166308852,-0.0019800088661946127,-3.255208333333333e-05,-0.001953125,3.690071614583333,-0.5812825520833333,-4.271354166666667,0.0005754847921727496,-0.002262857059385679,0.01146240234375,0.0107421875,0.0095947265625,0.01171875,-0.0052734375,-0.0029296875,0.13671875,2.6796875,-0.011494954427083334,-0.0029296875,0.4,0.3333333333333333,0.3333333333333333,-0.029172261555989582,0.00471130371093745,5000
27,19,0.0006673177083333333,-1.13515625,-1.1358235677083333,0.001484832733935841,-0.004374483786593183,-0.006591796875,-0.001953125,3.6927897135416665,-0.5811686197916667,-4.273958333333334,0.0006375050124832429,-0.0037834762509616456,0.014180501302083334,0.015380859375,0.010274251302083334,0.01171875,-0.002490234375,0.0,0.138671875,2.6875,-0.020772298177083332,-0.00390625,0.4666666666666667,0.2,0.3333333333333333,-0.038730265299479164,-0.003989664713541697,5000
27,20,0.007828776041666667,-1.1359375,-1.1437662760416667,0.001322746416177846,-0.0018620053062279585,0.0005696614583333334,0.0,3.6909138997395834,-0.5820027669270833,-4.272916666666666,0.000539576258982461,-0.00403821791365234,0.0123046875,0.0087890625,0.01591796875,0.015869140625,-0.002587890625,0.00390625,0.13671875,2.6875,-0.011735026041666667,0.0,0.4666666666666667,0.2,0.4666666666666667,-0.030716145833333333,0.006803588867187497,5000
27,21,0.006103515625,-1.1365234375,-1.142626953125,0.0014433291628733155,-0.0017996608460588781,-0.0011555989583333333,0.0,3.6952473958333334,-0.5792317708333333,-4.274479166666667,0.0006110323847870246,-0.0042577595570393685,0.01663818359375,0.0185546875,0.014864095052083333,0.015380859375,-0.00400390625,-0.0029296875,0.15234375,2.71875,-0.017793782552083335,-0.025390625,0.4666666666666667,0.13333333333333333,0.4,-0.03439565022786458,-0.0017777506510416726,5000
27,22,0.004622395833333333,-1.134765625,-1.1393880208333333,0.0013298405880232133,-0.002545239633326584,-0.00263671875,-0.001953125,3.6916910807291665,-0.5791422526041666,-4.270833333333333,0.00061353213520771,-0.002825123050609406,0.013081868489583334,0.01806640625,0.0062215169270833336,0.0009765625,-0.005110677083333333,-0.0048828125,0.134765625,2.6796875,-0.015718587239583335,-0.003173828125,0.4,0.2,0.4666666666666667,-0.0332403564453125,0.001139933268229158,5000
27,23,0.0048828125,-1.13671875,-1.1416015625,0.0014072205332406574,-0.0026623958010965464,-0.002376302083333333,0.00390625,3.69383544921875,-0.57960205078125,-4.2734375,0.0007119784041370924,-0.004608555743214336,0.015226236979166667,0.0166015625,0.014306640625,0.0213623046875,-0.001806640625,-0.001953125,0.140625,2.6884765625,-0.0176025390625,-0.0107421875,0.5333333333333333,0.26666666666666666,0.4,-0.03556355794270833,0.00031941731770830374,5000
27,24,0.005452473958333333,-1.1358723958333334,-1.1413248697916667,0.001400852793140791,-0.003008308709198176,-0.001806640625,-0.00390625,3.69888916015625,-0.5781941731770833,-4.277083333333334,0.0005740590481819248,-0.005603548898744137,0.020279947916666666,0.0216064453125,0.012459309895833333,0.0087890625,-0.0022786458333333335,0.00390625,0.123046875,2.6953125,-0.022086588541666667,-0.0048828125,0.4666666666666667,0.13333333333333333,0.4,-0.041985270182291666,-0.0036287434895833455,5000
27,25,0.009977213541666667,-1.133203125,-1.1431803385416666,0.0014649182981756766,-0.0008913618578035705,0.0027180989583333332,0.0,3.6913859049479165,-0.5810099283854167,-4.272395833333333,0.0005416740384561432,-0.0031702113976190705,0.012776692708333334,0.0126953125,0.0096923828125,0.0078125,-0.002001953125,0.001953125,0.134765625,2.6796875,-0.01005859375,-0.00244140625,0.4666666666666667,0.2,0.4,-0.027441813151041668,0.006730753580729157,5000
27,26,0.00537109375,-1.135546875,-1.14091796875,0.0013846834364660509,-0.0027378602037307406,-0.0018880208333333333,-0.001953125,3.6956787109375,-0.5808837890625,-4.2765625,0.0005875974416649845,-0.004665227071307237,0.017069498697916668,0.0166015625,0.016263834635416665,0.015869140625,-0.005289713541666667,-0.005859375,0.134765625,2.6953125,-0.01895751953125,-0.0068359375,0.4666666666666667,0.13333333333333333,0.26666666666666666,-0.03511566162109375,-0.003657430013020842,5000
27,27,0.007552083333333333,-1.1380859375,-1.1456380208333334,0.0014115876225997822,-0.0015472340419098423,0.00029296875,-0.001953125,3.692093912760417,-0.57926025390625,-4.271354166666667,0.0005626475172032741,-0.003017162676099352,0.013484700520833334,0.015869140625,0.0148193359375,0.0166015625,-0.005094401041666667,-0.01171875,0.134765625,2.6796875,-0.013191731770833333,-0.0010986328125,0.4666666666666667,0.2,0.4666666666666667,-0.029704793294270834,0.0025638834635416607,5000
27,28,0.0067708333333333336,-1.1334635416666667,-1.140234375,0.001477543195563264,-0.0022681910915845985,-0.00048828125,0.009765625,3.6944905598958333,-0.5815511067708333,-4.276041666666667,0.0005946719787820752,-0.005391572702016434,0.01588134765625,0.01953125,0.012540690104166667,0.015625,-0.0022786458333333335,0.0,0.134765625,2.6806640625,-0.01636962890625,-0.001953125,0.5333333333333333,0.06666666666666667,0.4666666666666667,-0.03450124104817708,0.0008615112304687071,5000
27,29,0.004231770833333333,-1.1349609375,-1.1391927083333333,0.0013850395014412245,-0.002950403064508843,-0.00302734375,0.00390625,3.68995361328125,-0.5824422200520833,-4.272395833333333,0.000644461563595424,-0.0026668701999121,0.011344401041666667,0.01171875,0.016621907552083332,0.0205078125,-0.00283203125,0.0,0.140625,2.6875,-0.014371744791666667,-0.0087890625,0.5333333333333333,0.26666666666666666,0.4,-0.028678792317708333,-0.0005200195312500118,5000
27,30,0.006119791666666667,-1.1364583333333333,-1.142578125,0.001407866162032295,-0.0019469980112591576,-0.0011393229166666667,0.00390625,3.695381673177083,-0.5811808268229167,-4.2765625,0.0005969268577934456,-0.004491595848745465,0.0167724609375,0.0181884765625,0.01287841796875,0.01171875,-0.00029296875,0.0078125,0.138671875,2.6796875,-0.017911783854166665,-0.0048828125,0.6,0.26666666666666666,0.4,-0.03761494954427083,0.000578002929687497,5000
27,31,0.0059244791666666664,-1.1331380208333333,-1.1390625,0.0014118124694244554,-0.001937179890163812,-0.0013346354166666667,0.00390625,3.693343098958333,-0.5795735677083333,-4.272916666666666,0.0005407760560862117,-0.0042955956186726965,0.01473388671875,0.0166015625,0.014664713541666667,0.0224609375,0.000927734375,0.01171875,0.15234375,2.6875,-0.016068522135416666,0.001953125,0.5333333333333333,0.26666666666666666,0.5333333333333333,-0.033985595703124996,-3.6519368489584814e-05,5000
28,0,0.0024739583333333332,-1.137109375,-1.1395833333333334,0.0013780220910558053,-0.004761909611840393,-0.00478515625,0.0,3.692268880208333,-0.5806477864583334,-4.272916666666666,0.0006124030097418144,-0.003709785714411774,0.01365966796875,0.015869140625,0.012845865885416667,0.015625,-0.0029134114583333334,0.001953125,0.119140625,2.6884765625,-0.01844482421875,-0.00299072265625,0.4666666666666667,0.26666666666666666,0.4,-0.036820780436197915,-0.00026438395182291815,5000
28,1,0.0029134114583333334,-1.1360677083333333,-1.1389811197916666,0.0013293471298513558,-0.003021008069966457,-0.004345703125,-0.00390625,3.6913167317708333,-0.5805582682291667,-4.271875,0.0006030227103808796,-0.0032102088813436556,0.01270751953125,0.01171875,0.012406412760416667,0.0107421875,-0.00390625,-0.00390625,0.134765625,2.6875,-0.01705322265625,-0.0126953125,0.3333333333333333,0.26666666666666666,0.4,-0.032956237792968746,-0.002115071614583345,5000
28,2,0.0017415364583333334,-1.1360677083333333,-1.1378092447916666,0.0013064653552890056,-0.0035011127907941765,-0.005517578125,-0.001953125,3.6878865559895835,-0.5808634440104167,-4.26875,0.000623720512602807,-0.0019230068547895394,0.00927734375,0.0081787109375,0.012044270833333334,0.0087890625,-0.002001953125,0.001953125,0.134765625,2.6875,-0.014794921875,-0.00341796875,0.4,0.26666666666666666,0.4,-0.0341064453125,0.0022635904947916493,5000
28,3,0.006673177083333333,-1.1336588541666666,-1.14033203125,0.0014980645048147513,-0.0015011037258182262,-0.0005859375,0.0,3.69088134765625,-0.5815144856770833,-4.272395833333333,0.0006572050103444317,-0.00305201261069956,0.012272135416666666,0.0166015625,0.01436767578125,0.0185546875,-0.001904296875,-0.001953125,0.138671875,2.6728515625,-0.012858072916666666,-0.0126953125,0.4666666666666667,0.3333333333333333,0.4,-0.029525146484375,0.0029622395833333332,5000
28,4,0.0056640625,-1.13515625,-1.1408203125,0.0013259779325568118,-0.00201499442249195,-0.0015950520833333333,0.0,3.690384928385417,-0.5804484049479167,-4.270833333333333,0.000612460525953895,-0.0032755033847035766,0.011775716145833334,0.0166015625,0.013492838541666666,0.0172119140625,-8.138020833333333e-05,0.001953125,0.138671875,2.6962890625,-0.013370768229166666,0.0029296875,0.4666666666666667,0.3333333333333333,0.6,-0.033220621744791665,0.00558451334635414,5000
28,5,0.006640625,-1.1349609375,-1.1416015625,0.0016421024178147883,-0.001983805968825327,-0.0006184895833333333,0.00390625,3.6903645833333334,-0.5809895833333333,-4.271354166666667,0.0006134468961177243,-0.002841029920188394,0.01175537109375,0.0126953125,0.014693196614583333,0.0224609375,-0.0036458333333333334,-0.00390625,0.138671875,2.6875,-0.012373860677083333,-0.0029296875,0.6,0.26666666666666666,0.4,-0.02949676513671875,0.003906860351562491,5000
28,6,0.006266276041666667,-1.1358072916666666,-1.1420735677083333,0.001482556157694882,-0.001751928521135629,-0.0009928385416666666,-0.00390625,3.6884969075520835,-0.58389892578125,-4.272395833333333,0.0005968282084782623,-0.0026620335066109228,0.0098876953125,0.0087890625,0.012361653645833333,0.015380859375,-0.0021809895833333334,-0.001953125,0.134765625,2.6875,-0.010880533854166667,-0.0067138671875,0.4,0.3333333333333333,0.26666666666666666,-0.027392781575520834,0.005322875976562491,5000
28,7,0.006640625,-1.1331380208333333,-1.1397786458333334,0.0014901614526181967,-0.0026989626320678825,-0.0006184895833333333,-0.001953125,3.6885335286458334,-0.5807373046875,-4.269270833333334,0.0006100940626686435,-0.002181683527972433,0.00992431640625,0.0107421875,0.008268229166666667,0.0074462890625,-0.001171875,-0.001953125,0.119140625,2.671875,-0.010542805989583333,-0.00250244140625,0.4,0.26666666666666666,0.4,-0.03040374755859375,0.007715759277343737,5000
28,8,0.008219401041666666,-1.1325520833333333,-1.140771484375,0.0015266481322913212,-0.0016375128436636522,0.0009602864583333333,0.0,3.6910725911458333,-0.5818440755208333,-4.272916666666666,0.0005955847652399291,-0.003712388050683732,0.01246337890625,0.0087890625,0.013944498697916667,0.015869140625,4.8828125e-05,0.0,0.138671875,2.6962890625,-0.011503092447916667,-0.00390625,0.4666666666666667,0.2,0.4,-0.029167378743489583,0.005033467610677082,5000
28,9,0.005517578125,-1.1349609375,-1.140478515625,0.0015654111165906968,-0.002795550965935856,-0.0017415364583333334,-0.00390625,3.6959716796875,-0.5805908203125,-4.2765625,0.0008450084258867852,-0.004590622640132754,0.017362467447916665,0.0185546875,0.016512044270833335,0.01806640625,-0.0034505208333333332,-0.00390625,0.123046875,2.67578125,-0.01910400390625,-0.00323486328125,0.4,0.2,0.2,-0.03584818522135417,-0.003620605468750012,5000
28,10,0.010432942708333334,-1.1346354166666666,-1.145068359375,0.001465763953533917,-0.0001638183611134239,0.003173828125,0.001953125,3.694901529947917,-0.5806193033854167,-4.275520833333333,0.0006040562728992688,-0.004171867774096634,0.016292317708333334,0.0234375,0.01094970703125,0.0009765625,-0.0020670572916666667,0.001953125,0.138671875,2.6904296875,-0.013118489583333334,-0.0015869140625,0.5333333333333333,0.26666666666666666,0.4,-0.02950154622395833,0.002083536783854164,5000
28,11,0.004720052083333333,-1.1332682291666667,-1.13798828125,0.0014843667859203262,-0.0024755952782012786,-0.0025390625,0.0,3.6939656575520834,-0.5810343424479166,-4.275,0.0006074782816590135,-0.004163165698815051,0.0153564453125,0.0224609375,0.017061360677083335,0.0224609375,-0.002132161458333333,-0.001953125,0.140625,2.6953125,-0.0178955078125,-0.0052490234375,0.4666666666666667,0.2,0.2,-0.03313883463541666,-0.0034336344401041754,5000
28,12,0.005013020833333334,-1.1334635416666667,-1.1384765625,0.0015327948036736737,-0.002816125275418852,-0.00224609375,-0.001953125,3.6924479166666666,-0.5799479166666667,-4.272395833333333,0.0008294368069525857,-0.003967328254848602,0.013838704427083333,0.0166015625,0.011014811197916667,0.0126953125,-0.002734375,0.001953125,0.134765625,2.6875,-0.016084798177083335,-0.0078125,0.4,0.2,0.4,-0.03289438883463541,-0.00031728108723958485,5000
28,13,0.006559244791666667,-1.1341796875,-1.1407389322916666,0.00171445289067088,-0.001536372721319955,-0.0006998697916666667,-0.001953125,3.6928385416666667,-0.580078125,-4.272916666666666,0.0007317570435572972,-0.003639117266894913,0.014229329427083333,0.0107421875,0.013728841145833334,0.0205078125,-0.00244140625,0.0,0.138671875,2.67578125,-0.01492919921875,-0.009765625,0.4666666666666667,0.13333333333333333,0.4666666666666667,-0.03136678059895833,0.0008344523111979122,5000
28,14,0.005387369791666667,-1.13359375,-1.1389811197916666,0.001430504334071882,-0.0019317715139670212,-0.0018717447916666667,0.001953125,3.6919881184895833,-0.58040771484375,-4.272395833333333,0.0006814085851974946,-0.003954951958805455,0.01337890625,0.01171875,0.013427734375,0.0155029296875,-0.0015299479166666667,0.0,0.138671875,2.6962890625,-0.015250651041666667,-0.0126953125,0.5333333333333333,0.26666666666666666,0.4,-0.03284627278645833,0.0017991129557291578,5000
28,15,0.004052734375,-1.1378255208333334,-1.1418782552083333,0.001602054219060849,-0.003086931223154839,-0.0032063802083333332,0.001953125,3.695784505208333,-0.5802571614583333,-4.276041666666667,0.0005850874352060059,-0.004442867760397468,0.01717529296875,0.0224609375,0.013899739583333333,0.015869140625,0.0007975260416666667,0.0,0.138671875,2.6875,-0.020381673177083334,-0.0078125,0.5333333333333333,0.2,0.3333333333333333,-0.037272135416666664,-0.004426778157552088,5000
28,16,0.0055501302083333336,-1.1367838541666666,-1.142333984375,0.001533647390524405,-0.002849171217967891,-0.001708984375,0.0,3.6863810221354165,-0.5823689778645833,-4.26875,0.000611694668944321,-0.0013811768548302923,0.007771809895833333,0.0107421875,0.014847819010416667,0.0185546875,-0.00126953125,-0.001953125,0.138671875,2.6875,-0.009480794270833334,-0.0045166015625,0.4666666666666667,0.3333333333333333,0.4,-0.02730367024739583,0.0071958414713541394,5000
28,17,0.005647786458333333,-1.133984375,-1.1396321614583333,0.001398468946957723,-0.0022269778850855814,-0.001611328125,0.0,3.6936930338541667,-0.5787027994791667,-4.272395833333333,0.0005943693863781684,-0.004588246441985647,0.015083821614583333,0.0224609375,0.010872395833333333,0.015625,-0.0030436197916666667,0.0,0.134765625,2.6962890625,-0.016695149739583335,-0.00390625,0.4,0.26666666666666666,0.4,-0.03446533203125,0.0004923502604166667,5000
28,18,0.003238932291666667,-1.1359375,-1.1391764322916667,0.00132675240289112,-0.003640568653301418,-0.004020182291666666,0.0,3.6893107096354165,-0.58204345703125,-4.271354166666667,0.0006217002173307272,-0.0026718115516915484,0.010701497395833334,0.01171875,0.011763509114583333,0.01171875,-0.0002766927083333333,-0.001953125,0.123046875,2.6796875,-0.0147216796875,-0.005126953125,0.4666666666666667,0.26666666666666666,0.26666666666666666,-0.032821248372395834,0.0028822835286458127,5000
28,19,0.0048177083333333336,-1.1341145833333333,-1.1389322916666667,0.001410512309981057,-0.0027190093425360517,-0.00244140625,0.0,3.69056396484375,-0.5807902018229166,-4.271354166666667,0.0005721456033122254,-0.0025392273117089896,0.011954752604166667,0.01171875,0.011800130208333334,0.0126953125,-0.005013020833333334,0.001953125,0.138671875,2.671875,-0.014396158854166667,-0.0030517578125,0.4666666666666667,0.2,0.3333333333333333,-0.028914998372395834,-0.0008133951822916726,5000
28,20,0.0029296875,-1.1357421875,-1.138671875,0.0013003818347537021,-0.0035105470952590586,-0.0043294270833333336,-0.001953125,3.6923624674479165,-0.5800333658854167,-4.272395833333333,0.000653597318205732,-0.00382169728697214,0.013753255208333334,0.015869140625,0.012093098958333333,0.0166015625,0.000341796875,0.001953125,0.134765625,2.6875,-0.018082682291666666,-0.0009765625,0.4666666666666667,0.3333333333333333,0.3333333333333333,-0.035385538736979166,-0.0018471272786458363,5000
28,21,0.0028971354166666668,-1.136328125,-1.1392252604166666,0.0013776836967670585,-0.00324496240294429,-0.004361979166666667,-0.00390625,3.6928507486979165,-0.5811075846354167,-4.273958333333334,0.0005861146364976326,-0.003836144325687755,0.014241536458333334,0.0185546875,0.010038248697916667,0.005859375,-0.0025227864583333335,-0.00390625,0.134765625,2.6875,-0.018603515625,-0.005859375,0.3333333333333333,0.2,0.26666666666666666,-0.033846232096354165,-0.0038167317708333332,5000
28,22,0.0047037760416666664,-1.135546875,-1.1402506510416666,0.0015041899353114155,-0.0029655622850330936,-0.0025553385416666667,-0.0048828125,3.687882486979167,-0.5808675130208333,-4.26875,0.0007599005589424847,-0.0025151675657279376,0.009273274739583334,0.0078125,0.008154296875,0.005859375,-0.0004557291666666667,0.001953125,0.134765625,2.6953125,-0.01182861328125,-0.0107421875,0.4,0.2,0.4,-0.030697733561197916,0.006217549641927081,5000
28,23,0.004248046875,-1.1361328125,-1.140380859375,0.001424351966449643,-0.0038695512939067476,-0.0030110677083333335,-0.00390625,3.6940511067708335,-0.5809488932291667,-4.275,0.0005725986239633366,-0.0042213668245233696,0.01544189453125,0.0166015625,0.011381022135416667,0.0087890625,-0.0029134114583333334,-0.001953125,0.119140625,2.6796875,-0.018452962239583332,-0.01416015625,0.4666666666666667,0.2,0.3333333333333333,-0.03575927734375,-0.002140299479166667,5000
28,24,0.0052734375,-1.1345052083333333,-1.1397786458333334,0.0013252701487780952,-0.002379803911143527,-0.0019856770833333332,-0.001953125,3.6895345052083335,-0.579736328125,-4.269270833333334,0.0006479334138287888,-0.0032847094456787468,0.01092529296875,0.01171875,0.012939453125,0.005859375,-0.0024088541666666668,-0.001953125,0.134765625,2.6875,-0.012910970052083333,-0.00390625,0.4666666666666667,0.2,0.4,-0.030566507975260417,0.0047874959309895495,5000
28,25,0.00498046875,-1.1342447916666667,-1.1392252604166666,0.0014443366992227867,-0.0023623727515853818,-0.0022786458333333335,-0.001953125,3.6919840494791667,-0.5798909505208333,-4.271875,0.0005708551906960806,-0.003199339051883619,0.013374837239583333,0.015869140625,0.012308756510416666,0.015869140625,-0.0021158854166666665,0.0,0.138671875,2.6953125,-0.015653483072916665,-0.0126953125,0.4666666666666667,0.13333333333333333,0.3333333333333333,-0.03145416259765625,-0.0017372639973958362,5000
28,26,0.002506510416666667,-1.13515625,-1.1376627604166667,0.001405365474729526,-0.0039700824866117,-0.004752604166666666,-0.00390625,3.68958740234375,-0.57916259765625,-4.26875,0.0006817815991875908,-0.0029563958349770273,0.010978190104166667,0.008056640625,0.012154134114583333,0.01171875,0.0006673177083333333,0.001953125,0.125,2.6962890625,-0.015730794270833334,0.0008544921875,0.4666666666666667,0.3333333333333333,0.5333333333333333,-0.03492207845052083,0.0027034505208333097,5000
28,27,0.003727213541666667,-1.1358723958333334,-1.139599609375,0.00140642043699412,-0.0033697260993800536,-0.0035319010416666667,-0.001953125,3.6935628255208335,-0.5814371744791667,-4.275,0.0006244882940622599,-0.004262563267015203,0.01495361328125,0.015869140625,0.014481608072916667,0.0166015625,-0.004866536458333333,-0.00390625,0.134765625,2.6875,-0.018485514322916667,-0.00421142578125,0.4666666666666667,0.2,0.2,-0.036446940104166665,-0.0017699178059895847,5000
28,28,0.004541015625,-1.1339192708333334,-1.1384602864583333,0.0014830478119942823,-0.003013812475669102,-0.0027180989583333332,0.0,3.69217529296875,-0.5786580403645833,-4.270833333333333,0.0006048501812938656,-0.004067257702018985,0.013566080729166667,0.0146484375,0.016316731770833332,0.0185546875,0.0011393229166666667,0.0,0.140625,2.6953125,-0.0162841796875,-0.00390625,0.4666666666666667,0.2,0.4,-0.0341229248046875,0.0007336425781249822,5000
28,29,0.002864583333333333,-1.1353515625,-1.1382161458333333,0.0013919460772282585,-0.0032601633101340525,-0.00439453125,-0.0048828125,3.69039306640625,-0.58148193359375,-4.271875,0.0008173950193309681,-0.0033160359392798576,0.011783854166666666,0.0126953125,0.01552734375,0.0185546875,0.0007486979166666667,0.0078125,0.134765625,2.6884765625,-0.016178385416666666,-0.0047607421875,0.4,0.26666666666666666,0.4666666666666667,-0.033170979817708335,-0.00015380859375001185,5000
28,30,0.002001953125,-1.1350911458333333,-1.1370930989583334,0.0014982823973102256,-0.004145236255466073,-0.005257161458333334,-0.0048828125,3.6885660807291667,-0.5812255859375,-4.269791666666666,0.0006697931421512962,-0.0027361983167989755,0.009956868489583333,0.0107421875,0.00716552734375,0.0126953125,-0.0013020833333333333,0.0,0.119140625,2.6875,-0.015214029947916667,-0.0029296875,0.3333333333333333,0.26666666666666666,0.4,-0.03397226969401042,0.001701456705729158,5000
28,31,0.005712890625,-1.1350260416666667,-1.1407389322916666,0.0014157994182443859,-0.0020233387746114583,-0.0015462239583333333,-0.00390625,3.69361572265625,-0.5824259440104167,-4.276041666666667,0.0006875415881443597,-0.004264687865575312,0.015006510416666667,0.01171875,0.014095052083333334,0.01171875,-0.003271484375,-0.00390625,0.138671875,2.6884765625,-0.016552734375,-0.0009765625,0.4666666666666667,0.26666666666666666,0.3333333333333333,-0.03206583658854167,-0.00146484375,5000
29,0,0.004638671875,-1.1350911458333333,-1.1397298177083333,0.0013861849521737085,-0.0024336856373838676,-0.002620442708333333,0.001953125,3.69080810546875,-0.5821085611979167,-4.272916666666666,0.0006104365006132036,-0.0034305547077524436,0.012198893229166667,0.01171875,0.011922200520833334,0.0166015625,-0.00263671875,-0.001953125,0.138671875,2.6953125,-0.0148193359375,-0.0078125,0.5333333333333333,0.26666666666666666,0.4,-0.03217814127604167,0.001701049804687497,5000
29,1,0.00615234375,-1.134375,-1.14052734375,0.0014294797871192973,-0.0020641586677963663,-0.0011067708333333333,-0.0078125,3.689322916666667,-0.5809895833333333,-4.2703125,0.0006010322428885807,-0.003053280069838716,0.010713704427083333,0.0087890625,0.013094075520833333,0.0166015625,-0.0048828125,-0.00390625,0.138671875,2.6953125,-0.011820475260416666,-0.00518798828125,0.4666666666666667,0.26666666666666666,0.4,-0.028828938802083332,0.004321390787760415,5000
29,2,0.008382161458333334,-1.1346354166666666,-1.143017578125,0.0014614615117700422,-0.0011047752344844634,0.001123046875,-0.00390625,3.6905029296875,-0.5824137369791667,-4.272916666666666,0.0006116690842058123,-0.0037538463853383445,0.011893717447916667,0.0087890625,0.014725748697916667,0.015625,-0.0015787760416666667,-0.00390625,0.138671875,2.6953125,-0.010770670572916667,-0.0078125,0.4666666666666667,0.2,0.4,-0.029085795084635418,0.0069378662109374975,5000
29,3,0.006315104166666667,-1.1333984375,-1.1397135416666666,0.0014852641617448443,-0.0019210508261816692,-0.0009440104166666667,0.001953125,3.6899007161458335,-0.5804117838541667,-4.2703125,0.0005556843352557038,-0.0033217231740045846,0.01129150390625,0.015869140625,0.008772786458333333,0.0079345703125,-0.0005533854166666667,0.0,0.138671875,2.6875,-0.012235514322916667,-0.00079345703125,0.5333333333333333,0.26666666666666666,0.4666666666666667,-0.03021331787109375,0.005513509114583333,5000
29,4,0.0017740885416666667,-1.1378255208333334,-1.139599609375,0.0014002471824889743,-0.004286654357485356,-0.005485026041666666,-0.009765625,3.689591471354167,-0.5833251953125,-4.272916666666666,0.0005199646013795427,-0.002365933650730372,0.010982259114583334,0.0087890625,0.013179524739583334,0.0166015625,-0.0032877604166666667,-0.001953125,0.119140625,2.6796875,-0.01646728515625,-0.001953125,0.4,0.2,0.4,-0.0335455322265625,-0.0015211995442708421,5000
29,5,0.005517578125,-1.134375,-1.139892578125,0.0015084072355399027,-0.0017522545232743828,-0.0017415364583333334,-0.0078125,3.6891276041666665,-0.5806640625,-4.269791666666666,0.000612360802344015,-0.003035058671089821,0.010518391927083334,0.008056640625,0.010575358072916667,0.015625,-0.002880859375,0.0,0.138671875,2.6953125,-0.012259928385416667,-0.0087890625,0.4666666666666667,0.26666666666666666,0.4,-0.029965616861979166,0.004606323242187497,5000
29,6,0.0044921875,-1.1358723958333334,-1.1403645833333333,0.00150284489392013,-0.0022606222297573515,-0.0027669270833333335,-0.00390625,3.6897542317708334,-0.5821207682291667,-4.271875,0.0005488580094715977,-0.003314546896931458,0.01114501953125,0.015869140625,0.010237630208333333,0.015625,-0.0016927083333333334,0.001953125,0.138671875,2.6796875,-0.013911946614583334,0.00433349609375,0.4666666666666667,0.26666666666666666,0.5333333333333333,-0.029984639485677082,0.0012898763020833333,5000
29,7,0.004541015625,-1.1326822916666666,-1.1372233072916667,0.0015895107609826902,-0.002941470635483774,-0.0027180989583333332,-0.00390625,3.68807373046875,-0.5817179361979167,-4.269791666666666,0.0005740164161916995,-0.0024220755888712834,0.009464518229166666,0.008056640625,0.008707682291666666,0.0087890625,-0.00022786458333333334,0.001953125,0.134765625,2.6875,-0.0121826171875,-0.00390625,0.4,0.3333333333333333,0.4,-0.028028564453124998,0.0029459635416666666,5000
29,8,0.004182942708333333,-1.1334635416666667,-1.137646484375,0.0012869111469896628,-0.0025312041148333434,-0.003076171875,0.0,3.690681966145833,-0.5801513671875,-4.270833333333333,0.0005808106646901904,-0.003531986269070142,0.01207275390625,0.015869140625,0.010477701822916666,0.01171875,-0.0005045572916666667,0.00390625,0.138671875,2.6875,-0.01514892578125,-0.00390625,0.4666666666666667,0.26666666666666666,0.4,-0.030806884765625,4.170735677081853e-05,5000
29,9,0.005419921875,-1.1343098958333333,-1.1397298177083333,0.0014399314154707162,-0.002305101271265038,-0.0018391927083333333,0.0,3.6897542317708334,-0.5805582682291667,-4.2703125,0.0005871374312814932,-0.0032837577855561162,0.01114501953125,0.0146484375,0.011946614583333333,0.0146484375,-0.0033854166666666668,0.0,0.13671875,2.6953125,-0.012984212239583333,-0.00390625,0.4,0.2,0.4666666666666667,-0.030656331380208332,0.004266255696614555,5000
29,10,0.0037434895833333335,-1.134375,-1.1381184895833334,0.0014387222320036146,-0.0025238219485638398,-0.003515625,0.001953125,3.6880533854166666,-0.58173828125,-4.269791666666666,0.0005870775761007537,-0.00237525856900134,0.009444173177083333,0.007568359375,0.012723795572916667,0.0166015625,0.0012044270833333334,0.001953125,0.138671875,2.6953125,-0.012959798177083334,-0.00030517578125,0.5333333333333333,0.2,0.4,-0.03147969563802083,0.0038283284505207828,5000
29,11,0.007763671875,-1.1353515625,-1.143115234375,0.0015910848060620248,-0.0014274015822966833,0.0005045572916666667,-0.009765625,3.69005126953125,-0.5828653971354166,-4.272916666666666,0.0005401020184563047,-0.0027624083966487456,0.011442057291666667,0.0087890625,0.011063639322916667,0.01123046875,-0.0037760416666666667,-0.005859375,0.138671875,2.6875,-0.0109375,-0.0078125,0.4666666666666667,0.2,0.4666666666666667,-0.029624633789062497,0.006502685546874994,5000
29,12,0.009928385416666666,-1.1344401041666667,-1.1443684895833333,0.0014717456927135558,-0.0007298104907555167,0.0026692708333333334,-0.0078125,3.6897786458333335,-0.5826171875,-4.272395833333333,0.000533838025295445,-0.003260733939393204,0.01116943359375,0.015869140625,0.013423665364583334,0.0185546875,-0.004524739583333334,-0.00390625,0.138671875,2.6796875,-0.008500162760416667,-0.00518798828125,0.4666666666666667,0.2,0.4666666666666667,-0.026771748860677083,0.009425354003906228,5000
29,13,0.00537109375,-1.1328776041666666,-1.1382486979166666,0.0015353651194577643,-0.002559509998542123,-0.0018880208333333333,-0.001953125,3.69183349609375,-0.5826456705729167,-4.274479166666667,0.0005450677849389129,-0.003727415392477471,0.013224283854166666,0.015869140625,0.01427001953125,0.015625,-0.004508463541666666,-0.009765625,0.134765625,2.6953125,-0.0151123046875,-0.0087890625,0.4666666666666667,0.26666666666666666,0.4666666666666667,-0.034157511393229166,0.0028403727213541638,5000
29,14,0.004117838541666667,-1.1343098958333333,-1.138427734375,0.0014477301794122129,-0.0022553231204439366,-0.0031412760416666668,0.001953125,3.69169921875,-0.5806966145833333,-4.272395833333333,0.0006308573089371856,-0.003638519612193641,0.013090006510416667,0.01171875,0.011885579427083333,0.015625,-0.0013509114583333333,-0.0078125,0.138671875,2.6875,-0.016231282552083334,0.00115966796875,0.5333333333333333,0.26666666666666666,0.5333333333333333,-0.034130859375,-2.3803710937508884e-05,5000
29,15,0.008138020833333334,-1.1340494791666667,-1.1421875,0.0015507780459216697,-0.0010062983818008746,0.00087890625,0.00390625,3.6902669270833335,-0.5816080729166667,-4.271875,0.000644537227796097,-0.0031671726488433313,0.01165771484375,0.0087890625,0.01370849609375,0.0166015625,-0.0024088541666666668,-0.00390625,0.15625,2.6953125,-0.01077880859375,-0.00616455078125,0.5333333333333333,0.13333333333333333,0.4,-0.027425537109375,0.004797871907552076,5000
29,16,0.0083984375,-1.134375,-1.1427734375,0.0015745801122348728,-0.0013659782963316473,0.0011393229166666667,0.0,3.693672688802083,-0.5828898111979167,-4.2765625,0.0005097730270366945,-0.0038871705339858583,0.0150634765625,0.0185546875,0.012141927083333334,0.015625,-0.0007486979166666667,0.0,0.138671875,2.6875,-0.013924153645833333,-0.0009765625,0.4666666666666667,0.2,0.4,-0.0320489501953125,0.0026534016927083274,5000
29,17,0.00625,-1.1334635416666667,-1.1397135416666666,0.001539886422072185,-0.0017430673603650105,-0.0010091145833333334,-0.00390625,3.6894571940104166,-0.5813761393229167,-4.270833333333333,0.0005455229398532363,-0.0029634211183466133,0.010847981770833333,0.015869140625,0.0130615234375,0.015869140625,-0.0027180989583333332,-0.001953125,0.138671875,2.6796875,-0.011857096354166667,0.0010986328125,0.4666666666666667,0.26666666666666666,0.5333333333333333,-0.027270914713541667,0.0025069173177083275,5000
29,18,0.006298828125,-1.1349609375,-1.141259765625,0.0015544625375089234,-0.0018052304302611532,-0.0009602864583333333,0.00390625,3.6919840494791667,-0.5804117838541667,-4.272395833333333,0.0005903232475554506,-0.0038763129831171053,0.013374837239583333,0.015869140625,0.01016845703125,0.015869140625,-0.0006510416666666666,-0.001953125,0.140625,2.6953125,-0.014335123697916667,-6.103515625e-05,0.5333333333333333,0.13333333333333333,0.4,-0.0319512939453125,0.002687377929687473,5000
29,19,0.007242838541666667,-1.1325520833333333,-1.139794921875,0.0014679787544853871,-0.0020865707843180305,-1.6276041666666666e-05,-0.001953125,3.68946533203125,-0.5813680013020833,-4.270833333333333,0.0005262151118316787,-0.0026654083316826798,0.010856119791666667,0.0126953125,0.014786783854166667,0.015625,0.00047200520833333334,0.001953125,0.134765625,2.6953125,-0.010872395833333333,-0.00390625,0.4,0.2,0.4666666666666667,-0.026814778645833332,0.005241495768229157,5000
29,20,0.004361979166666667,-1.1347005208333334,-1.1390625,0.0014618561529345033,-0.002538261807003635,-0.0028971354166666668,0.0,3.6905314127604165,-0.5803019205729166,-4.270833333333333,0.0005540949413344851,-0.002938072632541188,0.011922200520833334,0.0166015625,0.013090006510416667,0.015625,-0.0008626302083333333,-0.009765625,0.138671875,2.6875,-0.0148193359375,-0.00537109375,0.4666666666666667,0.2,0.4666666666666667,-0.030859578450520835,0.0004396565755208304,5000
29,21,0.005045572916666667,-1.1357421875,-1.1407877604166667,0.0015135899865458026,-0.002638978768593979,-0.0022135416666666666,-0.001953125,3.691695149739583,-0.5812215169270833,-4.272916666666666,0.0005447399856354028,-0.003100486295760208,0.0130859375,0.0087890625,0.00989990234375,0.00390625,-0.003238932291666667,-0.001953125,0.134765625,2.6953125,-0.015299479166666666,-0.0068359375,0.4666666666666667,0.13333333333333333,0.3333333333333333,-0.033122355143229164,0.0015144856770833216,5000
29,22,0.005110677083333333,-1.1348307291666666,-1.13994140625,0.0014454715121820867,-0.002117111552279704,-0.0021484375,-0.00390625,3.69017333984375,-0.5827433268229166,-4.272916666666666,0.0005754234487390923,-0.0030049028783694694,0.011564127604166667,0.0087890625,0.009195963541666666,0.0087890625,-0.003987630208333333,0.0,0.138671875,2.6953125,-0.013712565104166666,-0.00390625,0.4666666666666667,0.2,0.4666666666666667,-0.028792724609375,-0.0003568522135416844,5000
29,23,0.0061686197916666664,-1.1359375,-1.1421061197916667,0.001469979660881326,-0.002650895793112006,-0.0010904947916666667,-0.009765625,3.6915486653645835,-0.58084716796875,-4.272395833333333,0.0006036194702347793,-0.003917157110373065,0.012939453125,0.0126953125,0.013875325520833334,0.0185546875,-0.0030436197916666667,-0.001953125,0.119140625,2.68359375,-0.014029947916666667,-0.00390625,0.4,0.26666666666666666,0.4666666666666667,-0.0326751708984375,0.0040370686848958245,5000
29,24,0.0065266927083333336,-1.1350260416666667,-1.141552734375,0.001403106651100727,-0.0022829163157152403,-0.000732421875,-0.0078125,3.690352376302083,-0.58048095703125,-4.270833333333333,0.0005753759469613769,-0.0032771398732652506,0.0117431640625,0.0087890625,0.013179524739583334,0.0166015625,-0.0037923177083333333,-0.00390625,0.138671875,2.6953125,-0.0124755859375,-0.0078125,0.4666666666666667,0.26666666666666666,0.4,-0.03114583333333333,0.005062866210937485,5000
29,25,0.004768880208333334,-1.1354817708333333,-1.1402506510416666,0.0014102859312943817,-0.0020330416804058998,-0.002490234375,-0.00390625,3.6890625,-0.5822916666666667,-4.271354166666667,0.0005530009119365903,-0.0030984140692265597,0.010453287760416667,0.015869140625,0.012605794270833333,0.0166015625,-0.0019694010416666666,0.0,0.134765625,2.6728515625,-0.012943522135416666,-0.001708984375,0.4,0.26666666666666666,0.4,-0.0301513671875,0.0037405395507812337,5000
29,26,0.0030924479166666665,-1.1368489583333334,-1.13994140625,0.0014523535577073963,-0.0033857313503000926,-0.004166666666666667,-0.01171875,3.69014892578125,-0.5791219075520834,-4.269270833333334,0.0006445402063372032,-0.003537315939146587,0.011539713541666666,0.0185546875,0.013639322916666667,0.0166015625,-0.004069010416666667,-0.009765625,0.119140625,2.6728515625,-0.015706380208333332,-0.0030517578125,0.4,0.26666666666666666,0.4,-0.0344403076171875,0.0015553792317708184,5000
29,27,0.005208333333333333,-1.13515625,-1.1403645833333333,0.0014763064233606915,-0.0021733559503532753,-0.00205078125,0.001953125,3.692366536458333,-0.583154296875,-4.275520833333333,0.0005429893070598177,-0.0036779396347514978,0.01375732421875,0.015869140625,0.00997314453125,0.01171875,-0.003466796875,-0.009765625,0.138671875,2.6875,-0.01580810546875,-0.0078125,0.5333333333333333,0.2,0.4,-0.03579182942708333,0.0025028483072916607,5000
29,28,0.005777994791666667,-1.136328125,-1.1421061197916667,0.0015853106656333676,-0.002257446975933109,-0.0014811197916666666,-0.0078125,3.6924560546875,-0.5799397786458333,-4.272395833333333,0.0005513155080372877,-0.004103924996929514,0.013846842447916667,0.0166015625,0.011527506510416667,0.0166015625,-0.0029296875,-0.0078125,0.138671875,2.6953125,-0.015327962239583333,-0.01171875,0.4666666666666667,0.2,0.4,-0.03293935139973958,0.002205607096354164,5000
29,29,0.0072265625,-1.1332682291666667,-1.1404947916666666,0.0015352297048809012,-0.0015318085651127502,-3.255208333333333e-05,0.0,3.691056315104167,-0.5808186848958333,-4.271875,0.0005775393095015501,-0.0029208286603917516,0.012447102864583334,0.015869140625,0.011759440104166666,0.0166015625,-0.0031412760416666668,-0.0078125,0.138671875,2.6875,-0.012479654947916667,-0.0078125,0.4666666666666667,0.26666666666666666,0.4,-0.030340372721354165,0.0035168457031249825,5000
29,30,0.0030110677083333335,-1.1362630208333333,-1.1392740885416666,0.0013574473277786075,-0.002970245914615128,-0.004248046875,-0.001953125,3.69188232421875,-0.5805135091145833,-4.272395833333333,0.0005261778015668662,-0.004072705521511564,0.013273111979166667,0.015869140625,0.014619954427083333,0.021484375,-0.00029296875,0.001953125,0.134765625,2.6875,-0.017521158854166666,-0.00634765625,0.4666666666666667,0.13333333333333333,0.4,-0.03403462727864583,-0.001740722656250012,5000
29,31,0.008219401041666666,-1.1334635416666667,-1.1416829427083333,0.0014490563612492699,-0.0014472077885047286,0.0009602864583333333,0.001953125,3.6915486653645835,-0.57928466796875,-4.270833333333333,0.000639108195168809,-0.0038569246103851576,0.012939453125,0.0166015625,0.00760498046875,0.0087890625,0.000439453125,0.0,0.138671875,2.71875,-0.011979166666666667,-0.0096435546875,0.5333333333333333,0.2,0.4,-0.030347900390624998,0.006186523437499976,5000
30,0,0.005598958333333333,-1.1354817708333333,-1.1410807291666667,0.0014924771699628817,-0.002594775749848425,-0.00166015625,-0.00390625,3.6886800130208335,-0.5821533203125,-4.270833333333333,0.0005994095148765144,-0.0033702126839676785,0.01007080078125,0.005859375,0.01065673828125,0.0078125,-0.0005208333333333333,-0.00390625,0.138671875,2.6875,-0.01173095703125,0.0,0.4666666666666667,0.3333333333333333,0.4666666666666667,-0.031225992838541668,0.007365519205729158,5000
30,1,0.004378255208333333,-1.1341145833333333,-1.1384928385416666,0.0014152421189552763,-0.002539246804368012,-0.002880859375,-0.00390625,3.6928304036458335,-0.5800862630208333,-4.272916666666666,0.0005445552519583914,-0.004657511707396087,0.01422119140625,0.0166015625,0.01190185546875,0.01171875,-0.00087890625,-0.00390625,0.134765625,2.71875,-0.01710205078125,-0.0166015625,0.4,0.13333333333333333,0.3333333333333333,-0.03343912760416667,-0.0013371785481771056,5000
30,2,0.006575520833333333,-1.1343098958333333,-1.1408854166666667,0.0015589230537415516,-0.0019076109829547173,-0.00068359375,-0.00390625,3.690909830729167,-0.5820068359375,-4.272916666666666,0.0005326595066264281,-0.0038330699548206086,0.012300618489583333,0.015869140625,0.010249837239583334,0.01171875,-0.0015299479166666667,0.001953125,0.138671875,2.6728515625,-0.012984212239583333,-0.00372314453125,0.4666666666666667,0.2,0.4666666666666667,-0.0299237060546875,0.003984374999999988,5000
30,3,0.0053059895833333336,-1.1328776041666666,-1.13818359375,0.0016155159662407169,-0.002077276496622466,-0.001953125,0.0,3.6912027994791665,-0.5811930338541667,-4.272395833333333,0.0005344950362781173,-0.003957125713461964,0.012593587239583334,0.015869140625,0.01236572265625,0.01171875,-0.0020833333333333333,-0.00390625,0.138671875,2.6953125,-0.014546712239583334,-0.00390625,0.4666666666666667,0.13333333333333333,0.4,-0.032324523925781244,0.0024586995442708185,5000
30,4,0.004036458333333334,-1.1364583333333333,-1.1404947916666666,0.0016388925552113874,-0.0024949110967773117,-0.00322265625,-0.00390625,3.687394205729167,-0.5818766276041667,-4.269270833333334,0.0005536982312938118,-0.002095254625496135,0.008784993489583334,0.0087890625,0.011079915364583333,0.0087890625,-0.00302734375,-0.009765625,0.138671875,2.6796875,-0.012007649739583333,0.00115966796875,0.4666666666666667,0.26666666666666666,0.5333333333333333,-0.0306158447265625,0.005384623209635397,5000
30,5,0.005696614583333333,-1.1370442708333333,-1.1427408854166667,0.0014926479234761713,-0.0020680661452682726,-0.0015625,-0.00390625,3.6920735677083334,-0.581884765625,-4.273958333333334,0.0005457515242016171,-0.003999946248684712,0.01346435546875,0.01171875,0.011177571614583333,0.01171875,-0.0019205729166666666,-0.00390625,0.138671875,2.6953125,-0.01502685546875,-0.0078125,0.4666666666666667,0.13333333333333333,0.3333333333333333,-0.031823832194010415,0.0009575398763020641,5000
30,6,0.005045572916666667,-1.1349609375,-1.1400065104166666,0.0014082597167528641,-0.0022874188943229354,-0.0022135416666666666,-0.00390625,3.690323893229167,-0.5810302734375,-4.271354166666667,0.0005871745468146135,-0.003259713148317759,0.011714680989583334,0.0126953125,0.012137858072916667,0.0087890625,-0.0023600260416666665,-0.0078125,0.138671875,2.6875,-0.01392822265625,-0.00421142578125,0.4666666666666667,0.26666666666666666,0.4,-0.029228413899739583,0.0008834838867187426,5000
30,7,0.005989583333333334,-1.1341796875,-1.1401692708333333,0.0015375386078841542,-0.0020227496447690015,-0.00126953125,-0.00390625,3.690559895833333,-0.5818359375,-4.272395833333333,0.000533055662250499,-0.003813335296281867,0.01195068359375,0.01171875,0.011356608072916666,0.01171875,0.0,-0.005859375,0.138671875,2.6953125,-0.01322021484375,-0.0078125,0.4666666666666667,0.13333333333333333,0.4666666666666667,-0.029997558593749998,0.0030275472005208306,5000
30,8,0.005485026041666666,-1.1334635416666667,-1.1389485677083333,0.0016075695312487883,-0.0020745089997630294,-0.0017740885416666667,0.001953125,3.6878336588541667,-0.5814371744791667,-4.269270833333334,0.0006006252642224433,-0.002878456624353866,0.009224446614583333,0.0087890625,0.013179524739583334,0.015869140625,-0.0018717447916666667,-0.009765625,0.138671875,2.6728515625,-0.01099853515625,-0.00152587890625,0.5333333333333333,0.26666666666666666,0.4666666666666667,-0.029378967285156248,0.007137247721354164,5000
30,9,0.005631510416666667,-1.1358072916666666,-1.1414388020833333,0.0015258802658134432,-0.002059661380073178,-0.0016276041666666667,-0.00390625,3.688972981770833,-0.5808186848958333,-4.269791666666666,0.0006104046053297094,-0.0031137297841865295,0.01036376953125,0.0166015625,0.011649576822916667,0.0087890625,-0.0024088541666666668,-0.00390625,0.138671875,2.6728515625,-0.011991373697916667,-0.00372314453125,0.4666666666666667,0.3333333333333333,0.4666666666666667,-0.03049896240234375,0.006193135579427082,5000
30,10,0.0044596354166666664,-1.134375,-1.1388346354166667,0.0014999906552972393,-0.002693347903293268,-0.0027994791666666667,-0.00390625,3.6891357421875,-0.5816975911458333,-4.270833333333333,0.000602737580261745,-0.003614040511373663,0.010526529947916667,0.0078125,0.01209716796875,0.0078125,-0.00185546875,-0.009765625,0.138671875,2.6875,-0.013326009114583334,0.0,0.4666666666666667,0.26666666666666666,0.4666666666666667,-0.0320318603515625,0.004887593587239573,5000
30,11,0.004117838541666667,-1.135546875,-1.1396647135416667,0.0014448896095438067,-0.0028405973805368592,-0.0031412760416666668,-0.00390625,3.690421549479167,-0.5814534505208333,-4.271875,0.0005563059172198043,-0.0036142403921619252,0.011812337239583333,0.015869140625,0.01334228515625,0.015869140625,-0.0021484375,-0.00390625,0.138671875,2.6875,-0.01495361328125,0.0,0.4666666666666667,0.2,0.4666666666666667,-0.03212209065755208,0.0012632242838541401,5000
30,12,0.007861328125,-1.1336588541666666,-1.1415201822916667,0.001537092149230066,-0.001577353802843782,0.0006022135416666667,0.001953125,3.691300455729167,-0.5816162109375,-4.272916666666666,0.0005384128030213718,-0.004086430361219842,0.012691243489583334,0.015869140625,0.009989420572916666,0.005859375,-0.004264322916666666,-0.009765625,0.138671875,2.6875,-0.012089029947916666,0.00140380859375,0.5333333333333333,0.2,0.5333333333333333,-0.029590657552083333,0.0052043660481770814,5000
30,13,0.005387369791666667,-1.1346354166666666,-1.1400227864583334,0.001587641378518442,-0.002285276600772422,-0.0018717447916666667,-0.00390625,3.6890218098958334,-0.5812906901041667,-4.2703125,0.0006086857625884173,-0.003487604275633442,0.01041259765625,0.0087890625,0.01285400390625,0.0166015625,-0.0033854166666666668,-0.009765625,0.134765625,2.6875,-0.012284342447916667,0.0,0.4,0.26666666666666666,0.4666666666666667,-0.029648030598958333,0.004484863281249988,5000
30,14,0.004801432291666667,-1.1361328125,-1.1409342447916666,0.0015119229938446934,-0.002340469781184178,-0.0024576822916666666,-0.00390625,3.6875406901041665,-0.5822509765625,-4.269791666666666,0.0006083537709480926,-0.002556885107493884,0.008931477864583334,0.0087890625,0.011625162760416667,0.01171875,-0.005078125,-0.005859375,0.134765625,2.6875,-0.01138916015625,-0.00445556640625,0.4,0.26666666666666666,0.4,-0.0282965087890625,0.004984639485677082,5000
30,15,0.00478515625,-1.1341796875,-1.13896484375,0.0015276304382497955,-0.00218940411405383,-0.0024739583333333332,-0.00390625,3.6945556640625,-0.5814860026041667,-4.276041666666667,0.0005658290985514072,-0.004895405598049035,0.015946451822916666,0.01171875,0.012064615885416666,0.015869140625,-0.0018391927083333333,-0.005859375,0.138671875,2.6953125,-0.01842041015625,-0.0078125,0.4666666666666667,0.06666666666666667,0.4666666666666667,-0.03354654947916667,-0.004239400227864591,5000
30,16,0.004410807291666667,-1.1365234375,-1.1409342447916666,0.0016258661552731187,-0.0021982259608160663,-0.0028483072916666665,-0.00390625,3.6907145182291665,-0.5822021484375,-4.272916666666666,0.0005525771265925412,-0.0037027053723543,0.012105305989583334,0.015869140625,0.012284342447916667,0.01171875,-0.00302734375,-0.00390625,0.138671875,2.6953125,-0.01495361328125,-0.0078125,0.4666666666666667,0.13333333333333333,0.4666666666666667,-0.03316294352213542,0.002668253580729122,5000
30,17,0.005875651041666667,-1.1350911458333333,-1.140966796875,0.0015959627140493282,-0.0018670624487540618,-0.0013834635416666667,-0.00390625,3.6893636067708333,-0.5814697265625,-4.270833333333333,0.0005936905352570747,-0.0035948851257244204,0.01075439453125,0.01171875,0.01170654296875,0.01171875,-0.0021809895833333334,0.001953125,0.138671875,2.6875,-0.012137858072916667,0.0,0.4666666666666667,0.26666666666666666,0.4666666666666667,-0.029984639485677082,0.005058492024739573,5000
30,18,0.0038899739583333334,-1.1372395833333333,-1.1411295572916667,0.0014702279465143723,-0.002812351847364734,-0.003369140625,-0.00390625,3.689314778645833,-0.5825602213541666,-4.271875,0.0005422902751034005,-0.0031253981938990424,0.01070556640625,0.015869140625,0.01134033203125,0.0087890625,-0.0016927083333333334,-0.005859375,0.134765625,2.6875,-0.01407470703125,-0.00274658203125,0.4,0.3333333333333333,0.4,-0.03162648518880208,0.0029296875,5000
30,19,0.0033365885416666665,-1.134765625,-1.1381022135416667,0.0014333958042049442,-0.0032217384673100635,-0.003922526041666667,-0.00390625,3.6899983723958334,-0.5813557942708333,-4.271354166666667,0.0005363202750957338,-0.002757591710674192,0.01138916015625,0.015869140625,0.012430826822916666,0.0152587890625,-0.0007975260416666667,0.001953125,0.134765625,2.6728515625,-0.015311686197916667,-0.00494384765625,0.4,0.2,0.4666666666666667,-0.031217753092447915,-0.00019938151041666666,5000
30,20,0.004166666666666667,-1.1352864583333333,-1.139453125,0.0016475222677367798,-0.0028409767819000697,-0.0030924479166666665,-0.00390625,3.6896240234375,-0.5817301432291667,-4.271354166666667,0.0005849926556630431,-0.003575830059335734,0.011014811197916667,0.01171875,0.01002197265625,0.0087890625,-0.0026692708333333334,-0.00390625,0.138671875,2.6875,-0.014107259114583333,-0.0078125,0.4666666666666667,0.3333333333333333,0.4666666666666667,-0.03344930013020833,0.004444173177083321,5000
30,21,0.005696614583333333,-1.1336588541666666,-1.13935546875,0.0016685188458948222,-0.0020405676803460318,-0.0015625,0.0,3.6912353515625,-0.5811604817708333,-4.272395833333333,0.0005313100853366873,-0.003824560517291653,0.012626139322916667,0.015869140625,0.010640462239583334,0.015869140625,-0.0007161458333333333,0.0,0.138671875,2.6796875,-0.014188639322916667,0.0,0.4666666666666667,0.2,0.4666666666666667,-0.03181315104166667,0.00245615641276038,5000
30,22,0.006331380208333333,-1.1352864583333333,-1.1416178385416667,0.0014588533014522538,-0.0018324139143539849,-0.000927734375,-0.00390625,3.689453125,-0.5803385416666667,-4.269791666666666,0.0005503394522705614,-0.0031010717569906,0.010843912760416666,0.01171875,0.010249837239583334,0.0087890625,-0.001611328125,0.0,0.138671875,2.6796875,-0.011771647135416667,-0.00103759765625,0.4666666666666667,0.26666666666666666,0.4666666666666667,-0.028988545735677083,0.0052216593424479,5000
30,23,0.00390625,-1.1342447916666667,-1.1381510416666667,0.0014943502975746587,-0.0029074642426856023,-0.003352864583333333,-0.00390625,3.690055338541667,-0.5818196614583333,-4.271875,0.0005925178660228265,-0.004052093087854389,0.011446126302083333,0.01171875,0.01143798828125,0.0166015625,-0.0014973958333333334,0.001953125,0.138671875,2.6875,-0.014798990885416667,0.0,0.4666666666666667,0.26666666666666666,0.4666666666666667,-0.033056640625,0.0032069905598958244,5000
30,24,0.005810546875,-1.1360026041666667,-1.1418131510416667,0.0015714498083663584,-0.00246852159528845,-0.0014485677083333334,-0.00390625,3.69156494140625,-0.58187255859375,-4.2734375,0.0005439678917948007,-0.003977847154588665,0.012955729166666667,0.0166015625,0.011812337239583333,0.01171875,-0.0012369791666666666,-0.00390625,0.134765625,2.6953125,-0.014404296875,-0.0078125,0.4,0.13333333333333333,0.4,-0.032674560546875,0.0036708577473958245,5000
30,25,0.0061686197916666664,-1.1344401041666667,-1.1406087239583333,0.0014274085519706636,-0.0018663284163327597,-0.0010904947916666667,-0.001953125,3.690909830729167,-0.5809651692708333,-4.271875,0.0005403516411304326,-0.0035236572350046047,0.012300618489583333,0.0152587890625,0.01246337890625,0.015869140625,-0.0025716145833333333,-0.00390625,0.134765625,2.6875,-0.01339111328125,0.00189208984375,0.4666666666666667,0.2,0.5333333333333333,-0.030904337565104165,0.0031548055013020638,5000
30,26,0.005891927083333333,-1.1341796875,-1.1400716145833334,0.001421964906970298,-0.0027169738025818687,-0.0013671875,-0.00390625,3.6899658203125,-0.5819091796875,-4.271875,0.000550812211318767,-0.0030459740187204726,0.011356608072916666,0.0147705078125,0.012007649739583333,0.01171875,-0.00146484375,-0.00390625,0.134765625,2.6953125,-0.012723795572916667,-0.0078125,0.4,0.13333333333333333,0.4666666666666667,-0.029252217610677082,0.0032925415039062396,5000
30,27,0.003662109375,-1.1366536458333334,-1.1403157552083334,0.001423668506569392,-0.0025041032147619735,-0.003597005208333333,-0.00390625,3.6901123046875,-0.5828043619791666,-4.272916666666666,0.0006070746202247038,-0.0038357376114087627,0.011503092447916667,0.01171875,0.012430826822916666,0.01171875,-0.0013997395833333333,-0.00390625,0.138671875,2.6953125,-0.01510009765625,-0.0009765625,0.4666666666666667,0.26666666666666666,0.4666666666666667,-0.033793436686197914,0.002373453776041649,5000
30,28,0.0064453125,-1.1336588541666666,-1.1401041666666667,0.0016039427029345547,-0.0023439902036200364,-0.0008138020833333334,0.0,3.6910074869791667,-0.5808675130208333,-4.271875,0.0005479961242772681,-0.003898805421061513,0.012398274739583333,0.015869140625,0.01051025390625,0.0152587890625,-0.001806640625,-0.009765625,0.138671875,2.6953125,-0.013212076822916667,-0.0078125,0.4666666666666667,0.2,0.4666666666666667,-0.030920918782552084,0.0034103393554687426,5000
30,29,0.0032552083333333335,-1.1352864583333333,-1.1385416666666666,0.0016005194048671098,-0.0032550844390270392,-0.00400390625,-0.009765625,3.6912272135416666,-0.5796061197916667,-4.270833333333333,0.000601929643479622,-0.004374113615260725,0.012618001302083333,0.01171875,0.01143798828125,0.01171875,-0.0015787760416666667,-0.005859375,0.138671875,2.71875,-0.016621907552083332,-0.0185546875,0.4666666666666667,0.26666666666666666,0.4666666666666667,-0.035832112630208336,0.0019698079427083273,5000
30,30,0.005712890625,-1.1345052083333333,-1.1402180989583333,0.0014879040321601309,-0.002252644112993093,-0.0015462239583333333,-0.00390625,3.6901611328125,-0.5822347005208334,-4.272395833333333,0.0005472963293088781,-0.0034384188021284573,0.011551920572916667,0.015869140625,0.011958821614583334,0.0166015625,-0.0012044270833333334,-0.00390625,0.138671875,2.6796875,-0.01309814453125,-0.00445556640625,0.4666666666666667,0.2,0.4666666666666667,-0.029699910481770835,0.003060302734374994,5000
30,31,0.0045735677083333336,-1.1345703125,-1.1391438802083333,0.0014228188693857845,-0.002562591106409739,-0.002685546875,-0.00390625,3.6900634765625,-0.5812906901041667,-4.271354166666667,0.0006138106456937484,-0.0039308897266365755,0.011454264322916666,0.005859375,0.01270751953125,0.01171875,-0.0032063802083333332,-0.00390625,0.134765625,2.6953125,-0.014139811197916666,-0.0078125,0.4,0.26666666666666666,0.4,-0.031799519856770826,0.002860616048177082,5000
31,0,0.005338541666666667,-1.1333984375,-1.1387369791666666,0.001504672973979548,-0.002117246897769828,-0.0019205729166666666,0.0,3.6896240234375,-0.5822509765625,-4.271875,0.0006064583629325624,-0.0037231968570339115,0.011014811197916667,0.0087890625,0.011014811197916667,0.0087890625,-0.0019205729166666666,0.0,0.138671875,2.6953125,-0.012935384114583334,-0.00390625,0.4666666666666667,0.2,0.4,-0.029688110351562498,0.0034586588541666665,5000
31,1,0.005338541666666667,-1.1333984375,-1.1387369791666666,0.001504672973979548,-0.002117246897769828,-0.0019205729166666666,0.0,3.6896240234375,-0.5822509765625,-4.271875,0.0006064583629325624,-0.0037231968570339115,0.011014811197916667,0.0087890625,0.011014811197916667,0.0087890625,-0.0019205729166666666,0.0,0.138671875,2.6953125,-0.012935384114583334,-0.00390625,0.4666666666666667,0.2,0.4,-0.029688110351562498,0.0034586588541666665,5000
31,2,0.005338541666666667,-1.1333984375,-1.1387369791666666,0.001504672973979548,-0.002117246897769828,-0.0019205729166666666,0.0,3.6896240234375,-0.5822509765625,-4.271875,0.0006064583629325624,-0.0037231968570339115,0.011014811197916667,0.0087890625,0.011014811197916667,0.0087890625,-0.0019205729166666666,0.0,0.138671875,2.6953125,-0.012935384114583334,-0.00390625,0.4666666666666667,0.2,0.4,-0.029688110351562498,0.0034586588541666665,5000
31,3,0.005338541666666667,-1.1333984375,-1.1387369791666666,0.001504672973979548,-0.002117246897769828,-0.0019205729166666666,0.0,3.6896240234375,-0.5822509765625,-4.271875,0.0006064583629325624,-0.0037231968570339115,0.011014811197916667,0.0087890625,0.011014811197916667,0.0087890625,-0.0019205729166666666,0.0,0.138671875,2.6953125,-0.012935384114583334,-0.00390625,0.4666666666666667,0.2,0.4,-0.029688110351562498,0.0034586588541666665,5000
31,4,0.005338541666666667,-1.1333984375,-1.1387369791666666,0.001504672973979548,-0.002117246897769828,-0.0019205729166666666,0.0,3.6896240234375,-0.5822509765625,-4.271875,0.0006064583629325624,-0.0037231968570339115,0.011014811197916667,0.0087890625,0.011014811197916667,0.0087890625,-0.0019205729166666666,0.0,0.138671875,2.6953125,-0.012935384114583334,-0.00390625,0.4666666666666667,0.2,0.4,-0.029688110351562498,0.0034586588541666665,5000
31,5,0.005338541666666667,-1.1333984375,-1.1387369791666666,0.001504672973979548,-0.002117246897769828,-0.0019205729166666666,0.0,3.6896240234375,-0.5822509765625,-4.271875,0.0006064583629325624,-0.0037231968570339115,0.011014811197916667,0.0087890625,0.011014811197916667,0.0087890625,-0.0019205729166666666,0.0,0.138671875,2.6953125,-0.012935384114583334,-0.00390625,0.4666666666666667,0.2,0.4,-0.029688110351562498,0.0034586588541666665,5000
31,6,0.005338541666666667,-1.1333984375,-1.1387369791666666,0.001504672973979548,-0.002117246897769828,-0.0019205729166666666,0.0,3.6896240234375,-0.5822509765625,-4.271875,0.0006064583629325624,-0.0037231968570339115,0.011014811197916667,0.0087890625,0.011014811197916667,0.0087890625,-0.0019205729166666666,0.0,0.138671875,2.6953125,-0.012935384114583334,-0.00390625,0.4666666666666667,0.2,0.4,-0.029688110351562498,0.0034586588541666665,5000
31,7,0.005338541666666667,-1.1333984375,-1.1387369791666666,0.001504672973979548,-0.002117246897769828,-0.0019205729166666666,0.0,3.6896240234375,-0.5822509765625,-4.271875,0.0006064583629325624,-0.0037231968570339115,0.011014811197916667,0.0087890625,0.011014811197916667,0.0087890625,-0.0019205729166666666,0.0,0.138671875,2.6953125,-0.012935384114583334,-0.00390625,0.4666666666666667,0.2,0.4,-0.029688110351562498,0.0034586588541666665,5000
31,8,0.005338541666666667,-1.1333984375,-1.1387369791666666,0.001504672973979548,-0.002117246897769828,-0.0019205729166666666,0.0,3.6896240234375,-0.5822509765625,-4.271875,0.0006064583629325624,-0.0037231968570339115,0.011014811197916667,0.0087890625,0.011014811197916667,0.0087890625,-0.0019205729166666666,0.0,0.138671875,2.6953125,-0.012935384114583334,-0.00390625,0.4666666666666667,0.2,0.4,-0.029688110351562498,0.0034586588541666665,5000
31,9,0.005338541666666667,-1.1333984375,-1.1387369791666666,0.001504672973979548,-0.002117246897769828,-0.0019205729166666666,0.0,3.6896240234375,-0.5822509765625,-4.271875,0.0006064583629325624,-0.0037231968570339115,0.011014811197916667,0.0087890625,0.011014811197916667,0.0087890625,-0.0019205729166666666,0.0,0.138671875,2.6953125,-0.012935384114583334,-0.00390625,0.4666666666666667,0.2,0.4,-0.029688110351562498,0.0034586588541666665,5000
31,10,0.005338541666666667,-1.1333984375,-1.1387369791666666,0.001504672973979548,-0.002117246897769828,-0.0019205729166666666,0.0,3.6896240234375,-0.5822509765625,-4.271875,0.0006064583629325624,-0.0037231968570339115,0.011014811197916667,0.0087890625,0.011014811197916667,0.0087890625,-0.0019205729166666666,0.0,0.138671875,2.6953125,-0.012935384114583334,-0.00390625,0.4666666666666667,0.2,0.4,-0.029688110351562498,0.0034586588541666665,5000
31,11,0.005338541666666667,-1.1333984375,-1.1387369791666666,0.001504672973979548,-0.002117246897769828,-0.0019205729166666666,0.0,3.6896240234375,-0.5822509765625,-4.271875,0.0006064583629325624,-0.0037231968570339115,0.011014811197916667,0.0087890625,0.011014811197916667,0.0087890625,-0.0019205729166666666,0.0,0.138671875,2.6953125,-0.012935384114583334,-0.00390625,0.4666666666666667,0.2,0.4,-0.029688110351562498,0.0034586588541666665,5000
31,12,0.005338541666666667,-1.1333984375,-1.1387369791666666,0.001504672973979548,-0.002117246897769828,-0.0019205729166666666,0.0,3.6896240234375,-0.5822509765625,-4.271875,0.0006064583629325624,-0.0037231968570339115,0.011014811197916667,0.0087890625,0.011014811197916667,0.0087890625,-0.0019205729166666666,0.0,0.138671875,2.6953125,-0.012935384114583334,-0.00390625,0.4666666666666667,0.2,0.4,-0.029688110351562498,0.0034586588541666665,5000
31,13,0.005338541666666667,-1.1333984375,-1.1387369791666666,0.001504672973979548,-0.002117246897769828,-0.0019205729166666666,0.0,3.6896240234375,-0.5822509765625,-4.271875,0.0006064583629325624,-0.0037231968570339115,0.011014811197916667,0.0087890625,0.011014811197916667,0.0087890625,-0.0019205729166666666,0.0,0.138671875,2.6953125,-0.012935384114583334,-0.00390625,0.4666666666666667,0.2,0.4,-0.029688110351562498,0.0034586588541666665,5000
31,14,0.005338541666666667,-1.1333984375,-1.1387369791666666,0.001504672973979548,-0.002117246897769828,-0.0019205729166666666,0.0,3.6896240234375,-0.5822509765625,-4.271875,0.0006064583629325624,-0.0037231968570339115,0.011014811197916667,0.0087890625,0.011014811197916667,0.0087890625,-0.0019205729166666666,0.0,0.138671875,2.6953125,-0.012935384114583334,-0.00390625,0.4666666666666667,0.2,0.4,-0.029688110351562498,0.0034586588541666665,5000
31,15,0.005338541666666667,-1.1333984375,-1.1387369791666666,0.001504672973979548,-0.002117246897769828,-0.0019205729166666666,0.0,3.6896240234375,-0.5822509765625,-4.271875,0.0006064583629325624,-0.0037231968570339115,0.011014811197916667,0.0087890625,0.011014811197916667,0.0087890625,-0.0019205729166666666,0.0,0.138671875,2.6953125,-0.012935384114583334,-0.00390625,0.4666666666666667,0.2,0.4,-0.029688110351562498,0.0034586588541666665,5000
31,16,0.005338541666666667,-1.1333984375,-1.1387369791666666,0.001504672973979548,-0.002117246897769828,-0.0019205729166666666,0.0,3.6896240234375,-0.5822509765625,-4.271875,0.0006064583629325624,-0.0037231968570339115,0.011014811197916667,0.0087890625,0.011014811197916667,0.0087890625,-0.0019205729166666666,0.0,0.138671875,2.6953125,-0.012935384114583334,-0.00390625,0.4666666666666667,0.2,0.4,-0.029688110351562498,0.0034586588541666665,5000
31,17,0.005338541666666667,-1.1333984375,-1.1387369791666666,0.001504672973979548,-0.002117246897769828,-0.0019205729166666666,0.0,3.6896240234375,-0.5822509765625,-4.271875,0.0006064583629325624,-0.0037231968570339115,0.011014811197916667,0.0087890625,0.011014811197916667,0.0087890625,-0.0019205729166666666,0.0,0.138671875,2.6953125,-0.012935384114583334,-0.00390625,0.4666666666666667,0.2,0.4,-0.029688110351562498,0.0034586588541666665,5000
31,18,0.005338541666666667,-1.1333984375,-1.1387369791666666,0.001504672973979548,-0.002117246897769828,-0.0019205729166666666,0.0,3.6896240234375,-0.5822509765625,-4.271875,0.0006064583629325624,-0.0037231968570339115,0.011014811197916667,0.0087890625,0.011014811197916667,0.0087890625,-0.0019205729166666666,0.0,0.138671875,2.6953125,-0.012935384114583334,-0.00390625,0.4666666666666667,0.2,0.4,-0.029688110351562498,0.0034586588541666665,5000
31,19,0.005338541666666667,-1.1333984375,-1.1387369791666666,0.001504672973979548,-0.002117246897769828,-0.0019205729166666666,0.0,3.6896240234375,-0.5822509765625,-4.271875,0.0006064583629325624,-0.0037231968570339115,0.011014811197916667,0.0087890625,0.011014811197916667,0.0087890625,-0.0019205729166666666,0.0,0.138671875,2.6953125,-0.012935384114583334,-0.00390625,0.4666666666666667,0.2,0.4,-0.029688110351562498,0.0034586588541666665,5000
31,20,0.005338541666666667,-1.1333984375,-1.1387369791666666,0.001504672973979548,-0.002117246897769828,-0.0019205729166666666,0.0,3.6896240234375,-0.5822509765625,-4.271875,0.0006064583629325624,-0.0037231968570339115,0.011014811197916667,0.0087890625,0.011014811197916667,0.0087890625,-0.0019205729166666666,0.0,0.138671875,2.6953125,-0.012935384114583334,-0.00390625,0.4666666666666667,0.2,0.4,-0.029688110351562498,0.0034586588541666665,5000
31,21,0.005338541666666667,-1.1333984375,-1.1387369791666666,0.001504672973979548,-0.002117246897769828,-0.0019205729166666666,0.0,3.6896240234375,-0.5822509765625,-4.271875,0.0006064583629325624,-0.0037231968570339115,0.011014811197916667,0.0087890625,0.011014811197916667,0.0087890625,-0.0019205729166666666,0.0,0.138671875,2.6953125,-0.012935384114583334,-0.00390625,0.4666666666666667,0.2,0.4,-0.029688110351562498,0.0034586588541666665,5000
31,22,0.005338541666666667,-1.1333984375,-1.1387369791666666,0.001504672973979548,-0.002117246897769828,-0.0019205729166666666,0.0,3.6896240234375,-0.5822509765625,-4.271875,0.0006064583629325624,-0.0037231968570339115,0.011014811197916667,0.0087890625,0.011014811197916667,0.0087890625,-0.0019205729166666666,0.0,0.138671875,2.6953125,-0.012935384114583334,-0.00390625,0.4666666666666667,0.2,0.4,-0.029688110351562498,0.0034586588541666665,5000
31,23,0.005338541666666667,-1.1333984375,-1.1387369791666666,0.001504672973979548,-0.002117246897769828,-0.0019205729166666666,0.0,3.6896240234375,-0.5822509765625,-4.271875,0.0006064583629325624,-0.0037231968570339115,0.011014811197916667,0.0087890625,0.011014811197916667,0.0087890625,-0.0019205729166666666,0.0,0.138671875,2.6953125,-0.012935384114583334,-0.00390625,0.4666666666666667,0.2,0.4,-0.029688110351562498,0.0034586588541666665,5000
31,24,0.005338541666666667,-1.1333984375,-1.1387369791666666,0.001504672973979548,-0.002117246897769828,-0.0019205729166666666,0.0,3.6896240234375,-0.5822509765625,-4.271875,0.0006064583629325624,-0.0037231968570339115,0.011014811197916667,0.0087890625,0.011014811197916667,0.0087890625,-0.0019205729166666666,0.0,0.138671875,2.6953125,-0.012935384114583334,-0.00390625,0.4666666666666667,0.2,0.4,-0.029688110351562498,0.0034586588541666665,5000
31,25,0.005338541666666667,-1.1333984375,-1.1387369791666666,0.001504672973979548,-0.002117246897769828,-0.0019205729166666666,0.0,3.6896240234375,-0.5822509765625,-4.271875,0.0006064583629325624,-0.0037231968570339115,0.011014811197916667,0.0087890625,0.011014811197916667,0.0087890625,-0.0019205729166666666,0.0,0.138671875,2.6953125,-0.012935384114583334,-0.00390625,0.4666666666666667,0.2,0.4,-0.029688110351562498,0.0034586588541666665,5000
31,26,0.005338541666666667,-1.1333984375,-1.1387369791666666,0.001504672973979548,-0.002117246897769828,-0.0019205729166666666,0.0,3.6896240234375,-0.5822509765625,-4.271875,0.0006064583629325624,-0.0037231968570339115,0.011014811197916667,0.0087890625,0.011014811197916667,0.0087890625,-0.0019205729166666666,0.0,0.138671875,2.6953125,-0.012935384114583334,-0.00390625,0.4666666666666667,0.2,0.4,-0.029688110351562498,0.0034586588541666665,5000
31,27,0.005338541666666667,-1.1333984375,-1.1387369791666666,0.001504672973979548,-0.002117246897769828,-0.0019205729166666666,0.0,3.6896240234375,-0.5822509765625,-4.271875,0.0006064583629325624,-0.0037231968570339115,0.011014811197916667,0.0087890625,0.011014811197916667,0.0087890625,-0.0019205729166666666,0.0,0.138671875,2.6953125,-0.012935384114583334,-0.00390625,0.4666666666666667,0.2,0.4,-0.029688110351562498,0.0034586588541666665,5000
31,28,0.005338541666666667,-1.1333984375,-1.1387369791666666,0.001504672973979548,-0.002117246897769828,-0.0019205729166666666,0.0,3.6896240234375,-0.5822509765625,-4.271875,0.0006064583629325624,-0.0037231968570339115,0.011014811197916667,0.0087890625,0.011014811197916667,0.0087890625,-0.0019205729166666666,0.0,0.138671875,2.6953125,-0.012935384114583334,-0.00390625,0.4666666666666667,0.2,0.4,-0.029688110351562498,0.0034586588541666665,5000
31,29,0.005338541666666667,-1.1333984375,-1.1387369791666666,0.001504672973979548,-0.002117246897769828,-0.0019205729166666666,0.0,3.6896240234375,-0.5822509765625,-4.271875,0.0006064583629325624,-0.0037231968570339115,0.011014811197916667,0.0087890625,0.011014811197916667,0.0087890625,-0.0019205729166666666,0.0,0.138671875,2.6953125,-0.012935384114583334,-0.00390625,0.4666666666666667,0.2,0.4,-0.029688110351562498,0.0034586588541666665,5000
31,30,0.005338541666666667,-1.1333984375,-1.1387369791666666,0.001504672973979548,-0.002117246897769828,-0.0019205729166666666,0.0,3.6896240234375,-0.5822509765625,-4.271875,0.0006064583629325624,-0.0037231968570339115,0.011014811197916667,0.0087890625,0.011014811197916667,0.0087890625,-0.0019205729166666666,0.0,0.138671875,2.6953125,-0.012935384114583334,-0.00390625,0.4666666666666667,0.2,0.4,-0.029688110351562498,0.0034586588541666665,5000
31,31,0.005338541666666667,-1.1333984375,-1.1387369791666666,0.001504672973979548,-0.002117246897769828,-0.0019205729166666666,0.0,3.6896240234375,-0.5822509765625,-4.271875,0.0006064583629325624,-0.0037231968570339115,0.011014811197916667,0.0087890625,0.011014811197916667,0.0087890625,-0.0019205729166666666,0.0,0.138671875,2.6953125,-0.012935384114583334,-0.00390625,0.4666666666666667,0.2,0.4,-0.029688110351562498,0.0034586588541666665,5000
