source_layer,source_head,downstream_layer_count,M_plus_AC,M_plus_CA,M_plus_residual,I_AC,I_CA,I_residual
1,0,31,0.01002750519000195,0.009422737257890668,0.009724928538709779,0.14876772286370396,0.1476738322991878,0.14822077758144586
1,1,31,0.006313514870222537,0.006462363873701024,0.0063851285425281555,0.04013963699617307,0.0410257913694295,0.04058271418280128
1,2,31,0.020477114785965967,0.018562544292662568,0.01951982953931427,0.37666162647074086,0.37597373986500315,0.376317683167872
1,3,31,0.005678029969110577,0.005265410624224753,0.005443920179838218,-0.0013880925743990247,-0.002405593578987464,-0.0018968430766932443
1,4,31,0.0057520432902426295,0.005378679680595338,0.005549123283648736,0.0004977869064532569,1.924142316056532e-06,0.00024985552438465674
1,5,31,0.005183172606889237,0.005518768138751218,0.005310755410396546,-0.0007723917918838197,-0.0005346777020690752,-0.0006535347469764474
1,6,31,0.006359578035745344,0.005741387218887944,0.006050482627316642,0.007630586126640537,0.008494111806740534,0.008062348966690535
1,7,31,0.006533850442066317,0.005630890153788056,0.006082370297927185,0.010822343927702604,0.010356419223171542,0.010589381575437073
1,8,31,0.005478018068735888,0.005002852299757876,0.005187736204545384,-0.039359913004227566,-0.03842819591372972,-0.038894054458978644
1,9,31,0.006326065838667528,0.006027583528408592,0.006173260716226659,0.0221296709998569,0.022261110459658083,0.022195390729757493
1,10,31,0.005949533502429693,0.005165385995626909,0.00552991379424683,-0.005856750415659917,-0.00482765169049344,-0.005342201053076678
1,11,31,0.016020251694546475,0.011841546310468463,0.013930899002507468,0.20605056806234642,0.20524801005376503,0.20564928905805574
1,12,31,0.00593337951172252,0.0055527057282686865,0.005722408791834642,0.006787224527658964,0.0074894156137702336,0.007138320070714599
1,13,31,0.0057205750397386155,0.005438121510638459,0.0055572575482353915,0.0003856850400097755,0.00021970048700836742,0.00030269276350907147
1,14,31,0.005939743479528257,0.005444713579711351,0.005689247270945738,0.00011449735224573487,0.00012167292832145903,0.00011808514028359695
1,15,31,0.006493858095397201,0.006708114862309898,0.006595192474673667,0.02684708492088248,0.025214557409708505,0.026030821165295495
1,16,31,0.0052235058118389405,0.005767799504057792,0.005463055801997027,8.11066006690453e-05,0.00018025777444563573,0.0001306821875573405
1,17,31,0.00659649485692776,0.006417224389769117,0.006506859623348439,0.02859113687045465,0.030457208632105902,0.029524172751280275
1,18,31,0.005960308728486044,0.005280282471675852,0.005620295600080948,0.00021770932480649207,0.00037354171249717185,0.000295625518651832
1,19,31,0.005575790523053329,0.0052190404876437555,0.005371293484818691,-0.0002973688787506035,-0.00028779229432416285,-0.0002925805865373832
1,20,31,0.005650926751015794,0.005651420377415295,0.0056496667791677176,0.003930087450726205,0.0038803652782007703,0.0039052263644634875
1,21,31,0.005859728648058187,0.005323755145725119,0.005576200503555372,0.002729981397845904,0.0019123744396893016,0.0023211779187676026
1,22,31,0.0057209167812325695,0.005290516243817979,0.005483840785248146,-0.0005677440351973928,-0.00038053388889238706,-0.0004741389620448899
1,23,31,0.006103412320459072,0.005061678750516491,0.005569932362339014,0.00925116147755034,0.006531515528604359,0.00789133850307735
1,24,31,0.00898516623780803,0.009559898028965933,0.009272532133386979,0.08560901078417374,0.08323716266531847,0.0844230867247461
1,25,31,0.005766870773964908,0.005316758940318502,0.005513475270404108,-0.00291004227447047,-0.0036164655215543463,-0.003263253898012408
1,26,31,0.006752666106991096,0.005942952657629897,0.006347809382310495,0.005782748500996604,0.0027834555051867937,0.004283102003091699
1,27,31,0.005516799461555464,0.00535871321499497,0.005378791349487749,-0.0006816783936301363,8.697287044014956e-05,-0.00029735276159499336
1,28,31,0.005837455323064073,0.005329762865300924,0.005574646113220825,0.005344370758189143,0.006312377696303884,0.005828374227246513
1,29,31,0.005461751953350079,0.0055637196958217274,0.0055018953896144975,0.00039580355683028757,0.0003950377261048743,0.00039542064146758094
1,30,31,0.00592139875925481,0.005312739964183572,0.005612124720491514,0.0004119032582366344,0.00045898727449298347,0.0004354452663648089
1,31,31,0.005807941918114938,0.005318691715397033,0.00554627688644043,0.00045895833795270844,0.0004827061481989858,0.0004708322430758471
2,0,30,0.006560660073302773,0.0059038304401208795,0.006232245256711826,0.003913873228839293,0.0037389285899735113,0.0038264009094064024
2,1,30,0.006212119183847888,0.005949630355906948,0.006068432630492785,0.0075325070221879285,0.007164210102928337,0.007348358562558133
2,2,30,0.005607605935688962,0.005628218805871796,0.005588828807004209,-0.0008582592449783988,-0.0012064323060371862,-0.0010323457755077926
2,3,30,0.00817999188618477,0.007369292653247187,0.007774642269715979,0.024794420350553993,0.024575017369897978,0.024684718860225986
2,4,30,0.006444151144630249,0.0060769616570624406,0.006259460833902703,0.0081961857738861,0.008115676516536042,0.00815593114521107
2,5,30,0.005616703997751291,0.006024146747551685,0.005807827225006062,0.0010527952810207354,0.0010252546769436322,0.0010390249789821839
2,6,30,0.005807629162569394,0.005767682064206178,0.005784326080555495,0.0011123330690168132,0.0010392093309860683,0.0010757712000014409
2,7,30,0.0074200787899294405,0.006774140563901576,0.00709710967691551,0.007119406976744358,0.00671372855165373,0.0069165677641990445
2,8,30,0.0058455919503415995,0.00575645859954354,0.005776897194821185,0.0024272217347743206,0.002036702280975078,0.0022319620078746993
2,9,30,0.005380299806615779,0.005876417014292816,0.005589264132888047,-0.001100666231559444,-0.0013352326790936786,-0.0012179494553265615
2,10,30,0.009689847257988521,0.007933694331534865,0.008811770794761696,0.030940641337656415,0.028648585634073243,0.02979461348586483
2,11,30,0.010886583575373287,0.008124505539084718,0.009505544557229005,0.03919356907572365,0.041468033095588906,0.04033080108565627
2,12,30,0.0061081220396991395,0.00651857859805806,0.0063114218959878345,0.004829959338164968,0.004623729217382788,0.004726844277773878
2,13,30,0.005872141584391032,0.006558247480725878,0.006197688450164878,0.007842625956618577,0.007224251264369741,0.007533438610494159
2,14,30,0.0057741367608033075,0.005296907847802418,0.005484694457147151,-0.0004522300745065877,-0.0004271253752449411,-0.0004396777248757644
2,15,30,0.005787382862302479,0.005889639523853477,0.005832157831156319,0.0013268214001982415,0.0010844198150948615,0.0012056206076465515
2,16,30,0.015150150226971274,0.009955589411103648,0.012550875221145553,0.06732741930409247,0.06512383638801111,0.0662256278460518
2,17,30,0.006363042401289741,0.0057226004483151025,0.0060406412345715725,0.006102667976847442,0.005074492209314485,0.005588580093080964
2,18,30,0.013089801537456083,0.01223502864162737,0.012662415089541728,0.06428186458178971,0.0626862279973011,0.0634840462895454
2,19,30,0.005595104395399962,0.005738960766484574,0.005639200386162838,0.0025189996318658813,0.002458537692473328,0.0024887686621696044
2,20,30,0.01568405624236381,0.012585061318204681,0.014134558780284247,0.19227893688948824,0.19112811830127613,0.19170352759538217
2,21,30,0.009440493969913366,0.007942114285697528,0.008691304127805447,0.10939581827260554,0.11137472474947571,0.11038527151104063
2,22,30,0.005702787921360178,0.005530147131999476,0.0055643694318385905,-0.0021515494229788603,-0.0023042172670102445,-0.0022278833449945524
2,23,30,0.00565582200137025,0.005678651873642764,0.005650664797231239,0.0028431431678654917,0.002965868884621159,0.0029045060262433255
2,24,30,0.007848131036325702,0.006333149518015659,0.007090640277170681,0.014416339451418025,0.013930715968308504,0.014173527709863264
2,25,30,0.005142115978065742,0.006162511083691082,0.00562366666058691,-7.656791431145393e-05,0.000142443922777602,3.293800423307403e-05
2,26,30,0.006039137700252581,0.006504833080055713,0.006271985390154148,0.006289181418833323,0.006456072849596239,0.00637262713421478
2,27,30,0.005630210771720695,0.006018100926169983,0.005824092028398507,0.0023884075726527954,0.002102649793596356,0.0022455286831245757
2,28,30,0.01567727205132049,0.01054370184921755,0.013110486950269019,0.06347877341904677,0.06365274008712732,0.06356575675308704
2,29,30,0.0050790915729928094,0.006151271596826292,0.0055895742809604345,-2.374365483319707e-05,-0.00028589364060280784,-0.00015481864771800245
2,30,30,0.012578641372114703,0.009251471670123882,0.010915056521119291,0.03760062647343147,0.03639877828754834,0.036999702380489906
2,31,30,0.004254395895269644,0.0059674408431142,0.0050502577802679595,-0.014539147025061538,-0.01730032218947599,-0.015919734607268764
3,0,29,0.006295472722981863,0.0057854459235596465,0.006038813929588227,0.002857676522648944,0.0027581019236095016,0.0028078892231292226
3,1,29,0.005564336379916509,0.006218547507219589,0.005878453155894333,0.0008933615197122436,0.0006661819038299655,0.0007797717117711046
3,2,29,0.007924481394640233,0.006858989009213693,0.007391735201926963,0.00997500601097272,0.008337763653707952,0.009156384832340336
3,3,29,0.005757512470857395,0.006120843501573507,0.005925254599841315,0.000908051662698739,0.0008853861207512636,0.0008967188917250013
3,4,29,0.007586916037910175,0.006667650495884767,0.00712728326689747,0.009338424578527339,0.00970478371164063,0.009521604145083984
3,5,29,0.006969253626280547,0.0062149318760576526,0.006577328638440434,0.02876190884198877,0.02537424348993227,0.02706807616596052
3,6,29,0.005773172885054515,0.0057288038845245935,0.005719855015495215,-0.0010060917546070413,-0.0036443393262743486,-0.002325215540440695
3,7,29,0.011471529490124536,0.00904597822573873,0.010258753857931631,0.052492777576844674,0.05143154970428441,0.05196216364056454
3,8,29,0.009261291572930427,0.007205941444567838,0.00823361650874913,0.017513625522462918,0.01563922617539788,0.016576425848930397
3,9,29,0.005671606834531452,0.00611522526922181,0.005854912159728854,0.0017432869949516316,0.0015890203853928142,0.0016661536901722228
3,10,29,0.006082840269490244,0.005683900479985468,0.00587270418981521,0.0017600879858036933,0.0016446072552128044,0.0017023476205082488
3,11,29,0.005568553105294525,0.006251537793721165,0.005876468710800797,0.0008580740633988171,0.0008207101090363267,0.0008393920862175719
3,12,29,0.005206933807919869,0.0063238147832991405,0.005730307571531509,0.000502934473888672,0.00046518982908310135,0.0004840621514858867
3,13,29,0.006122983367403918,0.006010723631157553,0.006062284734876069,0.0025929738540980906,0.0023667343735269243,0.0024798541138125072
3,14,29,0.006584916872407121,0.006086791108077633,0.0063358539902423775,0.003035628938755508,0.0033304408977073764,0.0031830349182314422
3,15,29,0.005511490435173982,0.0059604773780471505,0.005574844314130679,-0.0017305263492744416,-0.0006143523513173932,-0.0011724393502959174
3,16,29,0.008364197274107171,0.007066591452994662,0.007715394363550917,0.03065321327012498,0.02941116317815613,0.030032188224140555
3,17,29,0.006119867010978394,0.006043336108247339,0.006079234710289573,0.0022185871656802193,0.0017282792154617254,0.0019734331905709723
3,18,29,0.006107882122127888,0.006078590378766949,0.006092097918479183,0.0010403259001321886,0.0011743873163595707,0.0011073566082458798
3,19,29,0.010791360711492018,0.009619388344279254,0.010205374527885634,0.04290089590358548,0.04260804663936142,0.04275447127147345
3,20,29,0.005741322470751551,0.0060200425128815495,0.005866390906138161,0.0010388851241835083,0.0010300087131327018,0.001034446918658105
3,21,29,0.005514336417206582,0.006116920288860658,0.005795383483126266,0.0005067112378355886,0.0005168467780094943,0.0005117790079225415
3,22,29,0.005557761470622667,0.006246914238125037,0.005884371163029776,0.0005644312669573992,0.0005757979300142324,0.0005701145984858158
3,23,29,0.005676346962557748,0.006062125798441015,0.005852760337329287,0.001124245946175506,0.0011796838776490404,0.0011519649119122732
3,24,29,0.007258372730264823,0.006890811993481463,0.007072571485377185,0.01916881144425133,0.018839894091854603,0.019004352768052967
3,25,29,0.005862057012764754,0.0060078736961256905,0.005921061961246926,0.0004670654675237529,0.0005309718394528318,0.0004990186534882923
3,26,29,0.006144254748217794,0.005944135625029229,0.006037915529813515,0.0021344463792047465,0.0021160549823012074,0.002125250680752977
3,27,29,0.0062371675952984495,0.005506463390952034,0.005864698889574222,0.0012952839807894635,0.0011401620684239333,0.0012177230246066984
3,28,29,0.005747294091990355,0.006464045615620835,0.006095440685749208,0.003747310296421347,0.004045328180154684,0.0038963192382880153
3,29,29,0.006278828923411804,0.005983600510299807,0.006128847950170297,0.0033416957437566452,0.0034392939639474205,0.003390494853852033
3,30,29,0.006600508668838231,0.005517869763230623,0.006055383543141383,0.0035220896823147997,0.00347295705741999,0.0034975233698673947
3,31,29,0.006503161052722791,0.005830484782664523,0.006166822917693658,0.0032512752961338263,0.0029263320127483894,0.003088803654441108
4,0,28,0.006861668128774439,0.005649941875745297,0.006251579240856188,0.0033738294091790523,0.00443188239050869,0.0039028558998438715
4,1,28,0.007553244919364538,0.0069257605439992055,0.007239502731681874,0.005751467921163567,0.007035581354421084,0.006393524637792325
4,2,28,0.006466707804639072,0.005971600683937846,0.0062098335308527,0.004240114130607253,0.005007263025254361,0.0046236885779308064
4,3,28,0.0064777296323407655,0.0058677724509973725,0.006165309644552178,0.0020725403304481917,0.002905825842435661,0.0024891830864419264
4,4,28,0.01891760789469552,0.014992920728978428,0.016955264311836974,0.03387151091301348,0.03385834285109013,0.0338649268820518
4,5,28,0.006082941898793136,0.006049892083319972,0.006029768737851919,0.0027626332058162005,0.004080021330582895,0.0034213272681995477
4,6,28,0.00503636249831061,0.006190596158406724,0.005530794462028221,-0.0010267041753650118,-0.0006976858049711155,-0.0008621949901680636
4,7,28,0.009306910890109368,0.007308149038342344,0.008307529964225858,0.013681577532406664,0.01517223502996785,0.014426906281187257
4,8,28,0.0064415501075057845,0.006107539732688462,0.0062745449200971234,0.0029089254845985125,0.004030073537614953,0.0034694995111067325
4,9,28,0.00616365889503194,0.006234914258177022,0.006187036982410938,0.001592415440154582,0.0024699547209820595,0.0020311850805683207
4,10,28,0.0055915332263958405,0.006791707621675412,0.0061792116595103105,0.0025803221068542827,0.0036322833380836527,0.0031063027224689675
4,11,28,0.006880526640367958,0.0070627018812308906,0.006971614260799424,0.0070506308268249995,0.007892598818943952,0.0074716148228844755
4,12,28,0.0167902285073477,0.009289719403100501,0.013039973955224101,0.028161777179866475,0.02824539205066685,0.02820358461526666
4,13,28,0.009644156673584219,0.008004669836203553,0.008824413254893885,0.016854550708467288,0.01773420029174986,0.017294375500108573
4,14,28,0.024023013196043663,0.013133943894683395,0.01857847854536353,0.06623287820111727,0.0668099568956336,0.06652141754837543
4,15,28,0.02208139399648889,0.013452023734116672,0.017766708865302776,0.0410324678865436,0.04224261572217074,0.041637541804357164
4,16,28,0.008209898616474578,0.006668467715167735,0.007439183165821157,0.012908879942574458,0.013668713889455831,0.013288796916015144
4,17,28,0.011399098793790838,0.009062185696878089,0.010230642245334463,0.03516294128130539,0.036450171371689065,0.03580655632649723
4,18,28,0.009346208118410717,0.0069495780097997995,0.008147893064105257,0.00980605132317578,0.009651783553272253,0.009728917438224016
4,19,28,0.005637219911860875,0.005362485584236509,0.005451144889569803,-0.003413829581813843,-0.005468172180553665,-0.004441000881183754
4,20,28,0.006436366046665399,0.007018159996288123,0.0067209278247070915,0.005701038175709527,0.007761493821408294,0.006731265998558911
4,21,28,0.014523219214542037,0.010060908500226392,0.012292063857384211,0.035641179153026316,0.03880693261744454,0.03722405588523543
4,22,28,0.01716447909668042,0.010818990069619209,0.013991734583149814,0.049593148069106974,0.05178905608991045,0.05069110207950871
4,23,28,0.004537130086939101,0.0051854317277858835,0.004861280907362493,-0.017692392686149104,-0.020759285414533223,-0.019225839050341163
4,24,28,0.00760311085996592,0.007252542519431695,0.007427826689698805,0.008922518944564218,0.011110852327965404,0.01001668563626481
4,25,28,0.006260033216017495,0.005852141320807648,0.0060496849208596815,0.0008665093316267303,0.0018545171709092756,0.001360513251268003
4,26,28,0.005944299624613869,0.00635465425420446,0.006133448623124987,0.001028050711238393,0.0021178871081474425,0.001572968909692918
4,27,28,0.006251998950963359,0.005849488215260326,0.006032595741107624,0.0007478890531274374,0.0017963874414817838,0.0012721382473046107
4,28,28,0.007949591900375757,0.00629811659787579,0.0071238542491257745,0.004977216230230397,0.007584575543296524,0.00628089588676346
4,29,28,0.005863279905156814,0.006317243636892606,0.006031345246027215,0.002366546839402872,0.0015058753415360115,0.0019362110904694418
4,30,28,0.021165043756189605,0.014651629502096116,0.017908336629142863,0.09548940836612019,0.09572288463823497,0.09560614650217758
4,31,28,0.011364837197160986,0.00706102371891592,0.009212930458038452,0.021107650189878768,0.020939621664001606,0.021023635926940187
5,0,27,0.0063060789240373194,0.006337979516144539,0.006295254583767038,-0.0007378464931207418,0.0007117637406452104,-1.30413762377657e-05
5,1,27,0.00866579129289604,0.007030580831931949,0.007848186062413994,0.0070865959698494406,0.010304317087866366,0.008695456528857903
5,2,27,0.008908313437980053,0.006988069191475209,0.007948191314727631,0.01143204605068604,0.012562067173348623,0.011997056612017332
5,3,27,0.006691494005121492,0.005703455973283385,0.006170823648174417,-0.0001289195843185098,0.0013046561741703044,0.0005878682949258974
5,4,27,0.008325622974029275,0.007528998259489846,0.00792731061675956,0.00588618127258087,0.007798755251133116,0.0068424682618569935
5,5,27,0.0029848835316653535,0.005685166466234332,0.004327188244382909,-0.01917973441304639,-0.02268236162908579,-0.020931048021066087
5,6,27,0.01094256496969508,0.007834362917847776,0.009388463943771427,0.013578519327711546,0.018278175440354972,0.01592834738403326
5,7,27,0.01651914668822643,0.010925691252070057,0.013722418970148241,0.03592522844310224,0.038764937734231356,0.0373450830886668
5,8,27,0.019650520807944095,0.012148976647601516,0.01589974872777281,0.03912745287598227,0.045187445350165945,0.042157449113074105
5,9,27,0.018632743438063964,0.012748479385886136,0.015690611411975048,0.04847060401370982,0.039433443276811884,0.04395202364526085
5,10,27,0.005012052701487879,0.006219667098222643,0.005527239079930347,0.00022798071413490106,-0.002468370537280862,-0.0011201949115729804
5,11,27,0.0025599693072447536,0.007174195816637736,0.004634743136167929,-0.014617731464386451,-0.030533136217127322,-0.022575433840756887
5,12,27,0.01200006822055427,0.007317917099635136,0.009658992660094703,0.017122851523163264,0.01635849308422621,0.016740672303694738
5,13,27,0.012110321501399382,0.00896206222699334,0.010536191864196362,0.053304873978777326,0.053285819810116666,0.053295346894446996
5,14,27,0.015578761002565342,0.010102487978531964,0.012840624490548654,0.035571230940695385,0.04037258589523844,0.03797190841796691
5,15,27,0.008290270319420071,0.007899726254751846,0.00809499828708596,0.012191930150402186,0.016623763981988303,0.014407847066195245
5,16,27,0.00686110663843338,0.0060708689770117225,0.0064659878077225515,0.0008247141870963759,0.002132033304542347,0.0014783737458193614
5,17,27,0.007455374742673371,0.006128382351359186,0.006791108437122083,0.003300484259852965,0.0049168480717526105,0.004108666165802788
5,18,27,0.007263505636976259,0.0064915302267454025,0.006875957492870034,0.006406287577101466,0.007896283531727022,0.007151285554414244
5,19,27,0.006174480544130303,0.006111436884504815,0.006066534626680593,-0.000694876466354799,0.0007845450505783447,4.483429211177281e-05
5,20,27,0.00594591501661636,0.006606627908667372,0.006259159991439108,-4.107827267034736e-05,0.0011629291436292988,0.0005609254354794757
5,21,27,0.006216316985605077,0.007034116337649511,0.006619213297343434,0.002838533019485112,0.004761867998058733,0.0038002005087719227
5,22,27,0.006728590523553741,0.00606166247705386,0.006390327234683337,0.002570406945915238,0.0031323543492817406,0.0028513806475984893
5,23,27,0.010311708544892466,0.008326196892671254,0.00931895271878186,0.020569196207407003,0.02489189813932171,0.022730547173364354
5,24,27,0.00901802069807384,0.007964959341954637,0.00849149002001424,0.012053197355999145,0.013378423199173994,0.01271581027758657
5,25,27,0.007639613286942727,0.007429617184276556,0.007534615235609642,0.009044004538918671,0.010974396646929563,0.010009200592924117
5,26,27,0.004736827338185634,0.0065018757507626515,0.005563358290230065,-0.008756571929188795,-0.01031501068137004,-0.009535791305279418
5,27,27,0.006719644567076305,0.006273606483464533,0.006491324483749837,0.0024076272537058687,0.004249175076802203,0.0033284011652540356
5,28,27,0.006284317161676388,0.006441570726422309,0.006362444423591377,0.0004975865218057151,0.0021425667120752224,0.0013200766169404687
5,29,27,0.006250901291482218,0.00624721325432998,0.006218231440436895,0.00048681514381314627,0.0020879280153849322,0.0012873715795990392
5,30,27,0.006036327410954654,0.006463965322954991,0.006222024445581815,-0.00010403645528640481,0.0012549858913871504,0.0005754747180503728
5,31,27,0.007081622614507166,0.0064713246194004525,0.006776473616953809,0.0037138882224667215,0.005416075765668183,0.0045649819940674526
6,0,26,0.006524298178913586,0.006181654108556082,0.006343581704189232,0.0006064350209271652,0.001922578038681877,0.001264506529804521
6,1,26,0.006235131717660034,0.006930597245062732,0.006581011795547307,0.001419484742837085,0.0023768244871916976,0.0018981546150143914
6,2,26,0.00678803445429974,0.00622060018764308,0.006501653765934217,0.001120013544550602,0.002322099363482266,0.0017210564540164341
6,3,26,0.0066933880447116135,0.006618636436603582,0.006645639700569406,0.00325380776230304,0.0035280014733871214,0.003390904617845081
6,4,26,0.007137657154203471,0.006744170200545231,0.006940913677374352,0.0031828164289436243,0.0038152889731009054,0.003499052701022265
6,5,26,0.007820175945927916,0.006207750036103586,0.007013962991015751,0.004078727067189902,0.0047242434799500185,0.00440148527356996
6,6,26,0.006756780389420888,0.006743963317327557,0.0067436117196159,0.0016412490976904337,0.003115437991255021,0.0023783435444727275
6,7,26,0.006147164544127402,0.006303607544749485,0.006168919110374696,0.0002414170530755655,0.0010086992562719388,0.0006250581546737522
6,8,26,0.006753695343298897,0.006158655566468843,0.006449788692857767,0.00035498416334576175,0.001544042887599062,0.0009495135254724118
6,9,26,0.007126731350289546,0.005956599083691503,0.006538202775892546,0.0008185171819150127,0.001949778741254704,0.0013841479615848582
6,10,26,0.0066846620356591085,0.00624591652805196,0.0064510016772991695,0.00028241634938694913,0.0015467938217852862,0.0009146050855861176
6,11,26,0.006442114416715801,0.006537245193041514,0.0064539673076596474,0.0006729374178917169,0.0018898501279181802,0.0012813937729049484
6,12,26,0.006502079392127879,0.007465550586376296,0.0069083198542649335,0.0047675878569862105,0.006376531917339889,0.00557205988716305
6,13,26,0.01079988073485307,0.007958862124977718,0.009379371429915396,0.01643473782351066,0.01465061659582716,0.01554267720966891
6,14,26,0.012040137831770837,0.008845192408759972,0.010442665120265402,0.021919512121530715,0.022737913937453412,0.02232871302949206
6,15,26,0.007302151969898537,0.008204878731704281,0.007753515350801409,0.00804368722892832,0.010288592533288465,0.009166139881108391
6,16,26,0.016196318846034567,0.011179520889414308,0.013687919867724437,0.03709389630221267,0.04036313157848781,0.03872851394035024
6,17,26,0.027269567153296377,0.019783183040263233,0.02352637509677981,0.06763252199743874,0.07591785428012372,0.07177518813878123
6,18,26,0.009083802569140815,0.008090003045782022,0.008586902807461418,0.009155537719925633,0.011760380130363046,0.01045795892514434
6,19,26,0.0006399223207390255,0.0067778124139257784,0.0033366719571254486,-0.027089872543001547,-0.05087052264752856,-0.038980197595265054
6,20,26,0.007008381568715276,0.007553952884985658,0.007281167226850466,0.0025499501847662033,0.004113286680103556,0.0033316184324348793
6,21,26,0.009845534503538781,0.009437579197023092,0.009641556850280937,0.007091498795944062,0.010185607234780037,0.008638553015362049
6,22,26,0.006642130276906171,0.00630232874272107,0.006450527662083331,0.0005998532225476083,0.0021852929741726255,0.001392573098360117
6,23,26,0.005708429563371563,0.0063045850700420335,0.005951718041523271,-0.0002418511069208762,0.0011120247281724005,0.00043508681062576215
6,24,26,0.007004909068809761,0.00654635820834194,0.00677563363857585,0.001488102702001015,0.0027682907747930583,0.002128196738397037
6,25,26,0.0067351542513209165,0.006168282569409419,0.006439976658861031,0.0027718701592675645,0.0039037879798343054,0.003337829069550935
6,26,26,0.007008766320262575,0.006672578376050845,0.00684067234815671,0.005513882605009712,0.004446877399595905,0.0049803800023028085
6,27,26,0.007250397835593194,0.007753550073308664,0.007501973954450929,0.006771286272487487,0.008563357762955092,0.0076673220177212896
6,28,26,0.006083675168031331,0.005919162213151725,0.005944059054242765,0.002229211202939041,0.0025880355368826714,0.002408623369910856
6,29,26,0.007687337435902274,0.006972554555311396,0.007329945995606834,0.001966942964145346,0.004031189923159673,0.0029990664436525096
6,30,26,0.007385288328534154,0.007930736083872986,0.00765801220620357,0.004018517260840326,0.006187259759644803,0.005102888510242565
6,31,26,0.01041925858509819,0.009089576412964857,0.009754417499031524,0.023027280643691483,0.02372937742693466,0.02337832903531307
7,0,25,0.008786652197075284,0.007754518023133413,0.008270585110104348,0.008193714694243681,0.008751945756739588,0.008472830225491635
7,1,25,0.007176031774823343,0.00696597225713066,0.0070557086357364365,0.003966650424655427,0.005300217356341364,0.004633433890498395
7,2,25,0.0068416732668597725,0.006636359902854479,0.006732244310471031,0.0005430907037364818,0.0017569008560030853,0.0011499957798697836
7,3,25,0.006716504224762416,0.0058784186647166045,0.006259792571249094,-0.0026167363617787486,-0.0008447277300035694,-0.001730732045891159
7,4,25,0.00737591554766214,0.0069451661583125315,0.007160540852987335,0.00294329704483971,0.004116583417635411,0.0035299402312375604
7,5,25,0.003257660206729724,0.006021778988390678,0.004636369045934885,-0.012859903416722319,-0.01416271447960753,-0.013511308948164925
7,6,25,0.008985900631941972,0.007427181911362397,0.008206541271652185,0.007479165322729386,0.010275322534562292,0.008877243928645839
7,7,25,0.012507564961650815,0.008613832141390504,0.010560698551520658,0.01460448328621169,0.016540214749693406,0.015572349017952548
7,8,25,0.010710306655574639,0.009993692620191041,0.010351999637882841,0.013816325695006525,0.015484817372998805,0.014650571534002666
7,9,25,0.007460133160943087,0.0061960192456467665,0.006822698224022473,0.00015828795103516312,0.0020594851158875827,0.0011088865334613728
7,10,25,0.00821232003821342,0.006831711404974954,0.007522015721594187,0.0030266787096479677,0.004741687350298207,0.003884183029973087
7,11,25,0.006872596303547425,0.008053111564821962,0.007459441197208379,0.002643107047697413,0.00446830060038792,0.003555703824042666
7,12,25,0.008556638438115443,0.007589188231875425,0.008072913334995435,0.010759286060783779,0.011492444585746853,0.011125865323265316
7,13,25,0.00929891289703346,0.006917500464428259,0.00810820668073086,0.002128701810761413,0.0018598835968816729,0.001994292703821543
7,14,25,0.007565256904373342,0.0066412112909348476,0.007103234097654096,0.002505531166855235,0.004236061546885139,0.0033707963568701867
7,15,25,0.012740761781918993,0.013320114189972684,0.013030437985945838,0.03427533967114869,0.03525563638359017,0.03476548802736943
7,16,25,0.00815240422906703,0.007735038512894675,0.007943721370980854,0.0069086476034044605,0.009760846544122615,0.008334747073763537
7,17,25,0.0065647247472782055,0.006711367448848492,0.0066083520605359995,0.00013476958691853723,0.0016820500204175915,0.0009084098036680644
7,18,25,0.006255202544325584,0.006884786731782583,0.0065269054333486455,-0.000787497403746329,-0.00432749435203732,-0.0025574958778918242
7,19,25,0.006249513623476652,0.007468628304406025,0.00685158267923497,0.0022147691440352448,0.003906383545472636,0.0030605763447539404
7,20,25,0.01195707351314877,0.010810034952062609,0.01138355423260569,0.023249606273930114,0.025197026983187244,0.02422331662855868
7,21,25,0.002957217397718523,0.005979909592493187,0.004459486726170554,-0.033860854605882194,-0.03288776712906838,-0.03337431086747529
7,22,25,0.024651996165275934,0.018561455428589054,0.021606725796932492,0.06552639455449025,0.06624532467394602,0.06588585961421814
7,23,25,0.007140952149038526,0.006605502922240788,0.006796549979136202,0.0015818233345271438,0.0031691729274825773,0.002375498131004861
7,24,25,0.006737624084132221,0.006327745205668322,0.0064981604366428905,-0.00033847950217023024,0.0010744317810122083,0.000367976139420989
7,25,25,0.008144678792770947,0.0070752388000337296,0.007609958796402338,0.004149075221357634,0.005760859122892726,0.00495496717212518
7,26,25,0.007209096162411157,0.006485968686536409,0.006847532424473783,4.16877519882064e-05,0.0021412659987390726,0.0010914768753636395
7,27,25,0.0075162820223008,0.00696029250632182,0.007238287264311309,0.0030868081468042874,0.005032334490425683,0.004059571318614985
7,28,25,0.007692632208226485,0.006915819402567763,0.007304225805397123,0.0033318567784590414,0.005006967498661652,0.004169412138560346
7,29,25,0.0182319805385423,0.012124117088475486,0.015178048813508893,0.041999698834115404,0.04224146308752097,0.04212058096081819
7,30,25,0.007743104977914299,0.006369181867029958,0.007056143422472128,0.003338694642025075,0.004100306081545569,0.003719500361785322
7,31,25,0.00702796265151082,0.006454405521455271,0.006731354999203305,0.0009593534094165079,0.0024161054298076578,0.0016877294196120827
8,0,24,0.00540268679771625,0.006268651136884588,0.005835668967300419,-0.006199617556467274,-0.014572761789167998,-0.010386189672817635
8,1,24,0.019503729042009848,0.014487205262788905,0.016995467152399375,0.06626513320516096,0.0628464547189651,0.06455579396206304
8,2,24,0.0127774444151535,0.009389536318102465,0.011083490366627985,0.012695553424237005,0.015301728127815295,0.01399864077602615
8,3,24,0.006168655567473635,0.006553485076683606,0.006358017111575708,-0.001654721171144047,-0.0005792516479687038,-0.0011169864095563753
8,4,24,0.008696448301790801,0.009070973861570913,0.008883711081680857,0.011478558480484935,0.01335902840437484,0.012418793442429887
8,5,24,0.009985170493740725,0.007040538636081807,0.008512854564911266,0.009259761082739714,0.004355496418793336,0.006807628750766525
8,6,24,0.009231185043815652,0.007721107906814476,0.008476146475315064,0.004469014595770204,0.004948357571129236,0.00470868608344972
8,7,24,0.01073010440004391,0.00815229129360983,0.00944119784682687,0.006814787531038746,0.008284734225162538,0.007549760878100642
8,8,24,0.005900909678004732,0.005699198917440758,0.005795524814418702,-0.007157911616923229,-0.008060441412362706,-0.007609176514642968
8,9,24,0.01209058851816896,0.010846401127904906,0.011468494823036935,0.016753751050055145,0.01721928137121722,0.016986516210636182
8,10,24,0.008162660267255392,0.007957155493010267,0.00805990788013283,0.005349579186304254,0.0067628655707267175,0.006056222378515486
8,11,24,0.013455085992696425,0.010759018344409198,0.012107052168552812,0.01756922404042598,0.01930127489104052,0.01843524946573325
8,12,24,0.007956358707856442,0.006859968779506405,0.007408102847345745,0.0041935901525448575,0.0051311242783071975,0.0046623572154260275
8,13,24,0.008108113365373093,0.006379239844268389,0.0072436766048207405,0.0013240078060334781,0.0017858151254131372,0.0015549114657233075
8,14,24,0.010340539935416733,0.009348926293802034,0.009844733114609384,0.020461475189222256,0.019196738627942977,0.019829106908582618
8,15,24,0.008689181164380836,0.007932464762332359,0.008310822963356597,0.004066131944773588,0.005458958977396833,0.00476254546108521
8,16,24,0.007827887809039868,0.007731965240503592,0.00777992652477173,0.0017040976424141264,0.0036465071573729803,0.0026753023998935532
8,17,24,0.010352919927063909,0.009216585575358286,0.009784752751211096,0.008376850268177805,0.010968618485640036,0.00967273437690892
8,18,24,0.007321350288192007,0.007658042374447523,0.007474198660125768,0.005078759249227005,0.00617859987751217,0.005628679563369587
8,19,24,0.006926831943571916,0.007190349944831216,0.0070318351196310275,0.004560338998317093,0.00512999155611169,0.0048451652772143914
8,20,24,0.010582320958807045,0.009006156983479249,0.009794238971143147,0.012139734332231455,0.013498448800237383,0.012819091566234418
8,21,24,0.010123608276927598,0.010660155026414486,0.01039188165167104,0.007386535010482476,0.007239059488347266,0.007312797249414871
8,22,24,0.008298719802788445,0.0078857842645915,0.008092252033689974,0.002627351402770728,0.004963861740179709,0.0037956065714752187
8,23,24,0.0059383854505467085,0.00670957259263337,0.006320834449884909,-0.0014419839709262305,-0.0012505368886195356,-0.001346260429772883
8,24,24,0.007806453384965343,0.007130870025505468,0.007468661705235406,0.0013523980693207704,0.0029368486344594656,0.0021446233518901178
8,25,24,0.007294228925066666,0.007030117398736972,0.007162173161901819,0.0003468519473472043,0.0012122605469812697,0.000779556247164237
8,26,24,0.00662005908750558,0.006583057977506076,0.006573384163233105,0.00035086860316368984,0.0008185332179664329,0.0005847009105650613
8,27,24,0.008725176864804793,0.008211998770816464,0.008468587817810628,0.005021256173768052,0.00596657551750468,0.005493915845636366
8,28,24,0.007608969446752964,0.008346993742048732,0.007977981594400848,0.003697152877998633,0.0030880776447702375,0.0033926152613844352
8,29,24,0.014432329386883205,0.012917911547057298,0.013675120466970251,0.03169648814655375,0.032721967922407204,0.03220922803448048
8,30,24,0.010403139090059218,0.009071593900994657,0.009737366495526936,0.012090164195774378,0.012137935862483573,0.012114050029128975
8,31,24,0.007583257900883329,0.006956679292694427,0.007269968596788878,0.0011377153837202059,0.0031538209795144213,0.0021457681816173134
9,0,23,0.008192206810334167,0.00695602654512658,0.007574116677730373,0.0016305388484852302,0.0015946666398122034,0.001612602744148717
9,1,23,0.0075893127055083635,0.007005069259465735,0.007294675537536388,0.0003062077012558007,0.0004976245644456867,0.0004019161328507437
9,2,23,0.006986104255038243,0.006568338665280523,0.006723768403899513,0.0006316283319847571,-5.746773986174958e-05,0.00028708029606150376
9,3,23,0.00832983157538328,0.007574491555576565,0.00795216156547992,0.002313717471690779,0.003625608809579717,0.0029696631406352482
9,4,23,0.015421178885073323,0.011214483070569882,0.013317830977821602,0.023438810374136664,0.016218433150424972,0.01982862176228082
9,5,23,0.0027795972784472075,0.004836473681948244,0.003707085142651439,-0.02114967825536951,-0.015056147351424442,-0.018102912803396976
9,6,23,0.029515344044597956,0.018871139282086592,0.024193241663342274,0.0634102933225222,0.053256686209351756,0.058333489765936976
9,7,23,0.013106941792207623,0.009456587192455176,0.011281764492331401,0.011229300613831584,0.011528861705664894,0.011379081159748238
9,8,23,0.00963965765227595,0.007791065248307475,0.00871536145029171,0.006950207884892734,0.005661828412758041,0.006306018148825388
9,9,23,0.007020046963453337,0.006484085246417886,0.006733191952316599,-0.002120847090645839,-0.0011334770977100561,-0.0016271620941779475
9,10,23,0.007443242773944021,0.007510144040138978,0.007396166262662602,-0.0005359389824661775,0.0005010642610614013,-1.7437360702388127e-05
9,11,23,0.008673818130278956,0.006514452071100336,0.007594135100689647,0.0016510746466906312,0.0013254423419539307,0.001488258494322281
9,12,23,0.010630794864263625,0.007715736575319515,0.009173265719791572,0.005504844410825172,0.00562342543489649,0.005564134922860831
9,13,23,0.00564515959962883,0.006303150976660893,0.005973479311353458,-0.0070458689997394686,-0.013891308733582264,-0.010468588866660865
9,14,23,0.008521660565912232,0.006690951305930881,0.007606305935921557,0.0016964754825039563,0.001790587192726889,0.0017435313376154226
9,15,23,0.006549797924427179,0.008869435193059872,0.007612559957272046,0.006099115580036596,0.008163895585494175,0.007131505582765385
9,16,23,0.0013492226207646404,0.005638518880339135,0.0033537363800405728,-0.0230782880433253,-0.02258349496842129,-0.022830891505873294
9,17,23,0.011020645018422957,0.010398533617106843,0.0107095893177649,0.012547907508269418,0.014435035880160286,0.013491471694214852
9,18,23,0.011822838033411706,0.010548227473513527,0.011185532753462617,0.01004560541077808,0.012069096562845516,0.0110573509868118
9,19,23,0.023442023173914136,0.0154547085186444,0.019448365846279264,0.028443327167769893,0.02883941261709424,0.028641369892432066
9,20,23,0.008985338828533862,0.008629176291276014,0.008807257559904937,0.005974354679437965,0.0074846928394435965,0.0067295237594407805
9,21,23,0.008915568729764336,0.00756134489136101,0.008238456810562676,0.0031125536087415638,0.0025685396807300087,0.0028405466447357862
9,22,23,0.013735213430626298,0.012133584058711448,0.01293439874466887,0.03374549895452219,0.02609614124048676,0.029920820097504474
9,23,23,0.006084323430740538,0.006819669686431396,0.006448863845222551,-0.01579151964160701,-0.014002905238885432,-0.014897212440246221
9,24,23,0.010467459054394645,0.008395597896058428,0.009431528475226537,0.005949339972903545,0.007396067384252092,0.006672703678577818
9,25,23,0.016653169801026272,0.013356010992738237,0.015004590396882253,0.03137261780066183,0.03174195254396182,0.03155728517231182
9,26,23,0.009466723542520088,0.00792176980106969,0.00869424667179489,0.004119682988039131,0.004562393945343501,0.004341038466691316
9,27,23,0.007166670785455934,0.007052768509527149,0.00708069310248717,-0.0002422215949763995,-0.0002039022584540362,-0.00022306192671521784
9,28,23,0.009213670741226688,0.008007791875624424,0.008610731308425558,0.0051232655970125055,0.004986637784591607,0.005054951690802056
9,29,23,0.011524558854809,0.008632666874642756,0.01007861286472588,0.010673450423564646,0.010067483720013115,0.010370467071788882
9,30,23,0.0026932964026887313,0.005763816417953153,0.004179367936010838,-0.02456238354279776,-0.023805676761548968,-0.024184030152173366
9,31,23,0.014127807515457946,0.014023559386046835,0.01407568345075239,0.026883974573865998,0.028177816688548775,0.027530895631207385
10,0,22,0.003898893473568034,0.005338670537672773,0.004607402577094371,-0.011277400205472077,-0.011354861622021418,-0.011316130913746747
10,1,22,0.016728438327103027,0.012590894168662782,0.014659666247882898,0.02255970451005851,0.021678877905651463,0.022119291207854986
10,2,22,0.011839434712735719,0.010473001412926598,0.01115621806283116,0.011377997252566274,0.011927965852555645,0.011652981552560959
10,3,22,0.009418416736342746,0.008360991102857053,0.008889703919599902,0.0048094435690245515,0.004706619847002003,0.004758031708013278
10,4,22,0.012353232672141896,0.013808120284126346,0.013080676478134122,0.015663900227082195,0.011682443362406047,0.01367317179474412
10,5,22,0.002824185133793187,0.0034955726281447664,0.0031551756528337845,-0.031075685206451452,-0.01625208147270314,-0.023663883339577294
10,6,22,0.018417176466771483,0.015531611989738986,0.016974394228255238,0.023097133690316695,0.01897650789906038,0.021036820794688535
10,7,22,0.00816877908311333,0.007341751706583471,0.007736257349595668,0.0015304575583741098,0.0016064407474004837,0.0015684491528872968
10,8,22,0.010330786228407555,0.010680205014290324,0.010505495621348938,0.020435037719835236,0.013934792954933073,0.017184915337384154
10,9,22,0.010756254609847499,0.008981119492548052,0.009868687051197776,0.002120319889218081,0.006726736914242792,0.004423528401730437
10,10,22,0.00809250688832076,0.006756417975629086,0.007365637100409796,-3.001190307259094e-05,-0.007412604465935146,-0.0037213081845038683
10,11,22,0.031146676307852506,0.020144533041814256,0.025645604674833386,0.04042270483914763,0.03438424324267544,0.03740347404091153
10,12,22,0.005882301249043176,0.00687936828843011,0.006380834768736645,-0.002998329075126094,-0.0037536472857482295,-0.0033759881804371616
10,13,22,0.011210408668411422,0.009089977125181857,0.010150192896796641,0.008608746392610556,0.009043225463028649,0.008825985927819602
10,14,22,0.008899999242445554,0.007835931370471562,0.008367965306458558,0.0017864479004856548,0.0018373269887206334,0.001811887444603144
10,15,22,0.007764767904077985,0.007696279865307933,0.00772248247560335,0.0020192845734470664,0.0018616517181158088,0.0019404681457814376
10,16,22,0.00966112885995859,0.008841586730370015,0.009251357795164304,0.004208486256425203,0.005686863929349783,0.004947675092887493
10,17,22,0.0060157569974780825,0.006474713293417139,0.006241318726425051,0.00271402058183412,0.00038070029022492237,0.0015473604360295213
10,18,22,0.0038146458405166907,0.0062204384901274465,0.005017542165322068,-0.0086155365628656,-0.013976099965657341,-0.01129581826426147
10,19,22,0.018941831697515774,0.014250966336852145,0.016596399017183957,0.022548068918695208,0.02391751263126025,0.02323279077497773
10,20,22,0.008757904649811042,0.008205008079611853,0.008481456364711447,0.0025838332390776485,0.0035453648753446033,0.003064599057211126
10,21,22,0.007473500964591618,0.00794782322678264,0.007643980619224066,0.002016325613601566,0.0019990883329001007,0.0020077069732508334
10,22,22,0.007670131662709422,0.007583113651874449,0.00759504757686923,0.0013201697187469109,0.000983738292615044,0.0011519540056809776
10,23,22,0.009120408087443431,0.008059133828661141,0.008589770958052285,0.0028323765918457865,0.002642839698728494,0.0027376081452871403
10,24,22,0.012023624369395686,0.01014730885911335,0.01108546661425452,0.01161354603464133,0.009999417477229145,0.010806481755935238
10,25,22,0.008720370692713447,0.00826016125859712,0.008490265975655284,0.003602361136017862,0.0036205084943503607,0.0036114348151841114
10,26,22,0.018963865488476277,0.013959710504784116,0.016461787996630197,0.0356063020093643,0.03221146315554506,0.03390888258245468
10,27,22,0.008790041853839014,0.007528509800431687,0.008159275827135347,0.0019488498946884647,0.0018667017541019958,0.0019077758243952303
10,28,22,0.005290411167074765,0.006679406666546051,0.005984908916810408,-0.01755126370517246,-0.018505076794781417,-0.018028170249976938
10,29,22,0.008825286582531079,0.007913233468202273,0.008369260025366674,0.0032832105310262706,0.004151449029359355,0.003717329780192813
10,30,22,0.009291984885079237,0.00872260903312171,0.009007296959100472,0.006626825277817261,0.006970795327652013,0.006798810302734637
10,31,22,0.01025336086119792,0.010198166042096285,0.010225763451647102,0.013684201815340202,0.014408228852420279,0.01404621533388024
11,0,21,0.005421678972415461,0.006022111514602474,0.005721895243508968,-0.01832394138109521,-0.01908083750604419,-0.0187023894435697
11,1,21,0.013983157172430084,0.01233935480730706,0.013161255989868573,0.017740574963318066,0.018242125762844806,0.017991350363081436
11,2,21,0.009439844815699145,0.008120025379706894,0.008779935097703018,0.0017934131093170435,0.0022027711013379303,0.001998092105327487
11,3,21,0.006475852170822534,0.007501446541609234,0.006988649356215884,-0.002398838206738674,-0.0021348226844907004,-0.002266830445614687
11,4,21,0.008022037532903899,0.009159664536166255,0.008417538541915195,0.007509935228017639,0.012007165792192609,0.009758550510105124
11,5,21,0.009821140137085835,0.009082700857109265,0.00945192049709755,0.0012298377106844782,0.0021886260107748965,0.0017092318607296875
11,6,21,0.008141416041680604,0.007240832441872905,0.007643508519647584,-0.00015342028491431846,0.00013699348924944843,-8.213397832435016e-06
11,7,21,0.008946443974875252,0.008568664073557792,0.008757554024216522,0.0012679276537710393,0.0022395114500568525,0.001753719551913946
11,8,21,0.00809501520000627,0.008439121693296855,0.008263698564255082,0.003928110251581529,0.003749579990630991,0.00383884512110626
11,9,21,0.015113110726249476,0.011917252147811213,0.013515181437030347,0.016187754203087934,0.016523596995466506,0.016355675599277218
11,10,21,0.009056975642035545,0.004546872135441997,0.00680192388873877,-0.027856340392054334,-0.022628113368409686,-0.025242226880232012
11,11,21,0.015015493008002609,0.011850233342437648,0.01343286317522013,0.021176885630120525,0.019282160480724998,0.020229523055422763
11,12,21,0.00807154161348581,0.008171910734700935,0.008121726174093373,0.000156827956880079,0.0006259056950057129,0.0003913668259428959
11,13,21,0.008803790233074323,0.007671689534307479,0.0082377398836909,0.00044255505952719434,0.000879160945919466,0.0006608580027233302
11,14,21,0.008529384593823838,0.007775240590346077,0.008152312592084958,0.0004358814493571117,0.0007966195535686893,0.0006162505014629005
11,15,21,0.009197039570094712,0.007882696618939701,0.008539868094517207,0.005411624317730457,0.0051392104224532885,0.005275417370091873
11,16,21,0.009835265597228573,0.010218189894438488,0.01002672774583353,0.006348991325648967,0.007017152215303213,0.00668307177047609
11,17,21,0.004813526819555137,0.005914254342870267,0.005345862151932782,-0.011761581704558922,-0.013482012607437355,-0.012621797155998139
11,18,21,0.013733398819619375,0.012191153902264166,0.012962276360941768,0.018300375944090775,0.01907202546717599,0.018686200705633385
11,19,21,0.008743765664064065,0.009032925104375115,0.00888834538421959,0.003899789052718461,0.004597885793100431,0.004248837422909446
11,20,21,0.012125089974591404,0.010229282610882724,0.011177186292737064,0.00784045097316266,0.008302969401120209,0.008071710187141434
11,21,21,0.009129635774169878,0.008508456928784675,0.008819046351477275,0.0034703038318866673,0.0031866673387185075,0.0033284855853025876
11,22,21,0.008189923425617132,0.007512729229448279,0.007826338000182922,0.0008379783802411111,0.0011495024099076544,0.0009937403950743828
11,23,21,0.01032704211747882,0.008556284224052479,0.00944166317076565,0.004672298478442372,0.005045584807339765,0.004858941642891069
11,24,21,0.0044618456382728424,0.006818384174824489,0.005640114906548666,-0.009890807885312825,-0.008188179840362863,-0.009039493862837844
11,25,21,0.015705681383482235,0.012082663237509204,0.01389417231049572,0.017182707959364052,0.018252820093766785,0.01771776402656542
11,26,21,0.01073563445287391,0.009688007016992135,0.010211820734933022,0.00746178545505245,0.008190617953732725,0.007826201704392587
11,27,21,0.01766374406709561,0.013522179160067118,0.01559296161358136,0.021813726475375005,0.02056230379312183,0.021188015134248415
11,28,21,0.008277507829464525,0.007802373307334666,0.00803727715152664,0.00048126261403922397,0.0008412187334215559,0.00066124067373039
11,29,21,0.008924794077662212,0.00786711963249521,0.008395956855078709,0.0014078720820180023,0.0015969815704465872,0.0015024268262322947
11,30,21,0.009308675730698095,0.008354359803854822,0.008831517767276456,0.003304677369669662,0.0021264188790610207,0.0027155481243653413
11,31,21,0.008230327407868354,0.007995455227217821,0.008112891317543088,0.0005719804473528711,0.0008312878602012574,0.0007016341537770642
12,0,20,0.010211714046628871,0.009001718534885298,0.009606716290757085,0.00267631341824881,0.003052866857160552,0.002864590137704681
12,1,20,0.01167334487000744,0.009799306445862327,0.010736325657934883,0.0034419629121657637,0.004807913486047255,0.004124938199106509
12,2,20,0.012576688736603715,0.009279203661630929,0.010927946199117322,0.004068679387000884,0.0041597704597393205,0.004114224923370102
12,3,20,0.005184154658120193,0.007221415608559668,0.006195121052966429,0.0013983767914396595,0.0010707492171604827,0.001234563004300071
12,4,20,0.012388237777936125,0.009502292320458811,0.010945265049197472,0.008277795457979664,0.008473447585765825,0.008375621521872744
12,5,20,0.010277260614221859,0.008026126077070187,0.009151693345646025,0.0012571285768444795,0.0016144945314408687,0.001435811554142674
12,6,20,0.01065915431848577,0.009616718018953068,0.010137936168719417,0.004951870510603839,0.005512618057400687,0.005232244284002263
12,7,20,0.006866494659637112,0.0077264095499669574,0.007296452104802035,-0.0016586527455729084,-0.0013902526508672963,-0.0015244526982201023
12,8,20,0.011294700916254358,0.009389674478611026,0.01034218769743269,0.004353581320174271,0.004476032341509039,0.004414806830841655
12,9,20,0.011016394045333867,0.009152940462428986,0.010084667253881425,0.003849227681348566,0.003217267660797063,0.0035332476710728143
12,10,20,0.014986600237664901,0.011677603869637777,0.013332102053651337,0.019946129070740427,0.0124587038953905,0.016202416483065463
12,11,20,0.006746124935966975,0.007810465312152673,0.0072468616726562365,0.0020078333207834476,0.002546881015859981,0.002277357168321714
12,12,20,0.010056275188604465,0.008565004402407938,0.009310639795506202,0.003898879996177129,0.003740197353727126,0.0038195386749521275
12,13,20,0.010496175321605499,0.008036744822911146,0.009266460072258323,0.00381840178620223,0.0031446961691585784,0.003481548977680404
12,14,20,0.01101945795585223,0.008762591058017745,0.009891024506934989,0.0037251904885124533,0.0035230842864166336,0.0036241373874645435
12,15,20,0.008974057943145085,0.00884640147377148,0.00891022970845828,0.002764014058095654,0.0032894620517254225,0.003026738054910538
12,16,20,0.011414695237638453,0.01032286742680462,0.010868781332221538,0.004278792101104045,0.006429732671767852,0.005354262386435949
12,17,20,0.010545132513361324,0.009061957654039646,0.009803545083700484,0.004960001182007545,0.004104525261936942,0.0045322632219722435
12,18,20,0.010842332949211084,0.008743679982999667,0.009793006466105375,0.0025338489816931543,0.002307947546705691,0.0024208982641994226
12,19,20,0.003972153694538605,0.010817829806424727,0.007288030491828579,0.014061868241151387,0.01388693895038955,0.013974403595770468
12,20,20,0.009693132053635764,0.00925879847683218,0.009475965265233973,2.4641855270601808e-05,0.00018579937548111048,0.00010522061537585615
12,21,20,0.009074520444212055,0.008686115569859112,0.008879753795696815,0.0038426097878982548,0.0040139898566849295,0.003928299822291592
12,22,20,0.010573574929100892,0.00828251360832212,0.009362833834038771,-0.004932899594359696,-0.005458847113186493,-0.005195873353773094
12,23,20,0.004164851371195084,0.0054215141721002166,0.0047406290873348664,-0.009673330255282053,-0.010778178947521155,-0.010225754601401604
12,24,20,0.005809927058786855,0.007742056473559131,0.006771091602429139,-0.002268084261208969,-0.0006229181533853989,-0.0014455012072971838
12,25,20,0.005284838938115683,0.007005709530825755,0.006145274234470719,-0.00277466031629956,-0.0006200444522619364,-0.0016973523842807481
12,26,20,0.014961494421810074,0.011205887798981278,0.013083691110395677,0.010262156694898295,0.00860933111613349,0.009435743905515891
12,27,20,0.011759041955778286,0.010341278563078513,0.011050160259428399,0.005929072556773463,0.00652739746547013,0.0062282350111217966
12,28,20,0.00861759174247503,0.007886238023703383,0.00823630464059395,-0.00017239702809774827,0.0004987849956904711,0.00016319398379636141
12,29,20,0.014079715605961034,0.014048147484429308,0.014063931545195172,0.011039528037099445,0.010597104324369866,0.010818316180734654
12,30,20,0.00922439392556441,0.008656219002584144,0.00894030646407428,0.001059502264342882,0.001930458036076743,0.0014949801502098124
12,31,20,0.009185888468819316,0.007795359457959707,0.00849062396338951,0.004692323513745577,0.004993285719674922,0.00484280461671025
13,0,19,0.01091785484250516,0.0109604168887484,0.010939135865626781,0.006832601872747546,0.006967972972051939,0.0069002874223997425
13,1,19,0.011182277712028486,0.009640812381378271,0.010411545046703378,0.003112518025045574,0.003578336242662772,0.003345427133854173
13,2,19,0.009107940481925574,0.008616615201473625,0.008853312470516492,0.0035194736878111144,0.004961797941996337,0.004240635814903726
13,3,19,0.008684696976828983,0.009441648255250058,0.00906317261603952,0.005114615299498837,0.005327370992540636,0.005220993146019736
13,4,19,0.011315418113714096,0.010499214949123526,0.010907316531418812,0.005481259958764894,0.006057694479113707,0.005769477218939301
13,5,19,0.012583987806046118,0.010081029266015661,0.011332508536030891,0.004381062635184207,0.004561154398106737,0.004471108516645473
13,6,19,0.00953483786579185,0.00796457012947461,0.008721694391637638,-0.0002494884753559745,-0.00013466283344314433,-0.0001920756543995594
13,7,19,0.00745798164690152,0.007859213640851926,0.007658597643876723,-0.0008723219797730053,-0.000919087527904594,-0.0008957047538387996
13,8,19,0.006070894355031884,0.007629285883955929,0.006849612581615511,-0.0010133196081369533,-0.0012219364554766799,-0.0011176280318068166
13,9,19,0.012613864570716404,0.01082560429291322,0.011719734431814812,0.0024426369161687942,0.0032677399433850953,0.0028551884297769448
13,10,19,0.011540840716602779,0.009617145188377215,0.010578992952489999,0.0029964759067297566,0.0044726986875957666,0.0037345872971627616
13,11,19,0.004650980466432262,0.006606886368725901,0.005628933417579081,0.0017511116447280982,0.0012339619923295686,0.0014925368185288333
13,12,19,0.008174241900884815,0.00744121027173725,0.0078077260863110304,-0.021224867999853812,-0.01651327437721193,-0.01886907118853287
13,13,19,0.0281747775293064,0.016951709472767248,0.022563243501036823,0.022869279491715133,0.022050154049065896,0.022459716770390513
13,14,19,0.006121252390591125,0.007555864581511168,0.006838558486051145,-0.00423682103205465,-0.00443947273925005,-0.004338146885652349
13,15,19,0.020807522538879353,0.013577528254760888,0.017192525396820122,0.01110785455093719,0.011120141997525933,0.011113998274231561
13,16,19,0.009778726145402128,0.011974647776298959,0.010876686960850545,0.006385971642521327,0.006598036893410608,0.006492004267965968
13,17,19,0.009089350541926864,0.010479090269451402,0.009784220405689135,0.0035829951702908147,0.004034513145143137,0.003808754157716976
13,18,19,0.013375378375029506,0.010441799944146624,0.011908589159588064,0.003881025242696978,0.005648909642003019,0.004764967442349999
13,19,19,0.026166157381512425,0.017485744951911904,0.021825951166712165,0.016916730994125828,0.01735913381417049,0.01713793240414816
13,20,19,0.005660580212591078,0.004904371449860815,0.005250867359987261,-0.01781351052923128,-0.01488494849181734,-0.01634922951052431
13,21,19,0.010261027471933108,0.010343432637912051,0.010302230054922581,0.005133579140965594,0.004928564554529657,0.005031071847747625
13,22,19,0.01962517885103568,0.01748555665817788,0.01855536775460678,0.028123292252712418,0.024318066368141444,0.02622067931042693
13,23,19,0.01581648692106512,0.013179752263515277,0.014498119592290198,0.01079470181830402,0.010339447621663566,0.010567074719983794
13,24,19,0.022347114014305114,0.01706341380293745,0.01970526390862128,0.02342419411561423,0.022731731930980457,0.023077963023297343
13,25,19,0.013520201778892503,0.011586382146126834,0.012553291962509669,0.00961478889034879,0.009554197514330554,0.009584493202339672
13,26,19,0.010278143471632977,0.010117028592321402,0.01019758603197719,0.0019817823658740963,0.0029496543057575763,0.0024657183358158365
13,27,19,0.008464748845354933,0.009194129390086023,0.008804348716686068,-0.0013390221589361317,-0.0023744669248117133,-0.0018567445418739225
13,28,19,0.01734237171957243,0.012615479842025185,0.014978925780798808,0.016520634053449612,0.016028778056443115,0.016274706054946363
13,29,19,0.014465764591150936,0.011157356559351366,0.012811560575251152,0.010118688597128767,0.010424233368303249,0.010271460982716009
13,30,19,0.005782596215441883,0.007818912649228675,0.006800754432335278,-0.013407186101539991,-0.015420933195855469,-0.01441405964869773
13,31,19,0.007996371086548942,0.008560179519032454,0.00826108269904848,0.0014447364535385531,0.0022984755840298023,0.0018716060187841778
14,0,18,4.812493971257936e-05,0.004186092598744532,0.0012338147088118805,-0.012627411605899396,-0.010227753533729355,-0.011427582569814375
14,1,18,0.01991601160995289,0.015109176924069188,0.017512594267011038,0.015118997922581912,0.013909662367586862,0.014514330145084388
14,2,18,0.014047372282379912,0.012509430622802537,0.013278401452591224,0.0055896978505643345,0.005967693598131518,0.005778695724347926
14,3,18,0.022686893778030834,0.017102977269965115,0.01989493552399798,0.016084573583793827,0.016197183950134787,0.01614087876696431
14,4,18,0.011352500809779382,0.009754425560071632,0.01055346318492551,0.0013133265560099972,0.0017422736961862028,0.0015278001260981
14,5,18,0.008814273257006434,0.008313381529207063,0.008563110300584894,-0.0007277916166458454,-0.00046935007144384145,-0.0005985708440448434
14,6,18,0.010445894453493705,0.009519097371825404,0.009982495912659555,0.0008970021115970895,0.0010930620126277546,0.000995032062112422
14,7,18,0.013871171709169515,0.012239285144814161,0.01305522842699184,0.005927684515245346,0.005672200102253555,0.00579994230874945
14,8,18,0.017841111281615616,0.014854773958148668,0.016347942619882143,0.015566769471001862,0.01673232280591037,0.016149546138456115
14,9,18,0.013034166234169536,0.010546761419941477,0.011790463827055505,0.005772310645625112,0.005800901345628518,0.005786605995626815
14,10,18,0.005327552067718165,0.005914663843822628,0.0055890658047129055,-0.010702298761316342,-0.00947484299995267,-0.010088570880634506
14,11,18,0.016657253237893757,0.014322672440189246,0.015489962839041502,0.013396976535295835,0.013984816289303125,0.01369089641229948
14,12,18,0.013449226347629266,0.011457344399298897,0.012453285373464082,0.009573619239199615,0.009048281060404405,0.00931095014980201
14,13,18,0.003445099402096869,0.006236662997455749,0.0047809217729007664,-0.004011081948192441,-0.004147072509999817,-0.004079077229096129
14,14,18,0.012383058472635612,0.011178551893625233,0.011780805183130422,0.004737792916648687,0.005361827476588132,0.005049810196618409
14,15,18,0.014445433007726176,0.01237425954258708,0.013409846275156628,0.007481403961901378,0.007317378537845798,0.007399391249873588
14,16,18,0.0007879909243645973,0.004815742904617714,0.0025853535528559254,-0.012588849360508903,-0.011745905251882505,-0.012167377306195704
14,17,18,0.006857728792806167,0.007017372160582704,0.006937550476694436,-0.0038308433718839295,-0.0034158293163272903,-0.00362333634410561
14,18,18,0.018592603045733038,0.012579394419122003,0.015585998732427518,0.010885634927581123,0.010809460896871315,0.010847547912226219
14,19,18,0.016433007727983333,0.012716216322393354,0.014574612025188345,0.007044416218195693,0.007215099799213931,0.007129758008704812
14,20,18,0.01002449136446128,0.009418041705092625,0.009721266534776953,0.00037610514760899605,0.0007961408323694741,0.000586122989989235
14,21,18,0.011929582756270127,0.011272481518099653,0.01160103213718489,0.009428334321182775,0.009194762361983067,0.009311548341582921
14,22,18,0.01109941873524814,0.010885410845981231,0.010992414790614684,0.005152535871093278,0.005571818534372141,0.00536217720273271
14,23,18,0.009530657330638646,0.008697330245609593,0.009094325687777448,0.00027017554781991746,0.0002870621355668845,0.00027861884169340097
14,24,18,0.013513187106332857,0.011541437516515568,0.012527312311424213,0.009350975760389702,0.009234833957452792,0.009292904858921248
14,25,18,0.0038750242713048357,0.008426379068875493,0.0060979750707723206,0.0002224306544121646,-0.0010868265166209313,-0.00043219793110438337
14,26,18,0.010100396764474065,0.008744458997659403,0.009422427881066734,0.0006970869972747096,0.0009138055832131897,0.0008054462902439497
14,27,18,0.011029560233908992,0.009744074371474357,0.010386817302691675,0.0019614029093872887,0.0022009912450405623,0.0020811970772139253
14,28,18,0.0,0.0012818855109432863,0.0,-0.030319330806378275,-0.0277575348271057,-0.02903843281674199
14,29,18,0.03006786080335486,0.019787221501495523,0.024927541152425195,0.017880249930021817,0.017336139096005353,0.017608194513013584
14,30,18,0.022605968283545195,0.019157259942797586,0.02088161411317139,0.016497801526598365,0.018811442649530365,0.017654622088064363
14,31,18,0.024422141650170356,0.020834838534912907,0.022628490092541635,0.0156457815784961,0.01567913775652414,0.01566245966751012
15,0,17,0.010810903365253713,0.009452442496396261,0.010131672930824986,0.0024380340155403246,0.0023698234176748657,0.002403928716607595
15,1,17,0.01215799335461992,0.01084404171226217,0.011501017533441047,0.0053384526227091555,0.0051436779241953445,0.00524106527345225
15,2,17,0.015813359227793707,0.013599581431362202,0.014706470329577954,0.008276968747668433,0.008628235285323171,0.008452602016495801
15,3,17,0.010094557360197124,0.009840100214560554,0.00996732878737884,0.0024098685852095513,0.0024684384624890756,0.002439153523849313
15,4,17,0.011775154205029427,0.009423366376933603,0.010599260290981516,0.0019174141276380396,0.002106192769588233,0.0020118034486131366
15,5,17,0.011499329587186934,0.010252269063077201,0.010875799325132067,0.002082748491284292,0.0023712987652288577,0.002227023628256575
15,6,17,0.010172374966648879,0.009657319448832127,0.009914847207740503,0.0024893044253985865,0.00242962544762122,0.0024594649365099032
15,7,17,0.013319429568428586,0.011704092459612693,0.012511761014020639,0.0038717009347237763,0.004203621710803418,0.004037661322763597
15,8,17,0.017479775346390794,0.009098937209886646,0.01328935627813872,0.0068056501123464844,0.004334738612669753,0.005570194362508119
15,9,17,0.020729073488676288,0.017387647465293678,0.019058360476984986,0.027154122460774487,0.019573627161844343,0.023363874811309415
15,10,17,0.013747969008029352,0.01109389514397843,0.012420932076003892,0.0025451876761508176,0.0018155640717054666,0.002180375873928142
15,11,17,0.013796171356927166,0.012893096992098162,0.013344634174512664,0.006149972824641736,0.005662789108282595,0.005906380966462166
15,12,17,0.013532470598679135,0.011586635385252213,0.012559552991965674,0.0038434602741745038,0.004679448800516184,0.004261454537345344
15,13,17,0.03233114561156019,0.027060646918921384,0.029695896265240784,0.03001058142326656,0.030576026009475753,0.030293303716371157
15,14,17,0.00020609831570736253,0.004389442996148235,0.0020010385636000864,-0.016038263418340647,-0.017856922169448806,-0.016947592793894725
15,15,17,0.013493444611642043,0.011930479809739285,0.012711962210690667,0.008641403172987339,0.008981041095057662,0.0088112221340225
15,16,17,0.006579500853105373,0.006672525281730407,0.00662601306741789,-0.0031053366907144663,-0.0035477240962791257,-0.003326530393496796
15,17,17,0.010273856233171126,0.010095788168084641,0.010184822200627884,0.00043847113147421624,0.0008006791286561566,0.0006195751300651864
15,18,17,0.009597361478520673,0.008949777254372963,0.009253221550685165,0.00013705973215110133,0.0006819116950850912,0.00040948571361809627
15,19,17,0.015942704057552666,0.011866809158763156,0.01390475660815791,0.00315567079514949,0.0033839599183920653,0.0032698153567707776
15,20,17,0.010925444703291605,0.009868647388511384,0.010397046045901494,0.0006999735693170806,0.001037142963426163,0.0008685582663716218
15,21,17,0.007908579562635175,0.008250317036546849,0.008053038707347953,0.0019199292530174717,0.00171376160571981,0.001816845429368641
15,22,17,0.00956582737569266,0.00883937716484162,0.00920260227026714,0.0003072514660743764,0.0003919503874385555,0.00034960092675646593
15,23,17,0.011707519061134937,0.011200978285177477,0.011454248673156208,0.0020364084197353805,0.0022757189261028545,0.0021560636729191177
15,24,17,0.012869688849450006,0.010488767885553873,0.01167922836750194,0.004763478793802278,0.005108554448088398,0.004936016620945338
15,25,17,0.010937534826145753,0.009936479340398019,0.010437007083271886,0.0009115994971580221,0.0012625225801457419,0.0010870610386518819
15,26,17,0.032268625385206494,0.01474653346037806,0.02350757942279228,0.03516583850723691,0.03159252660989296,0.03337918255856494
15,27,17,0.00868734690501001,0.008899226529120048,0.00879328671706503,-0.0015366004735369644,-0.0015509387870110912,-0.0015437696302740278
15,28,17,0.005106173367079236,0.006752351953923608,0.005927012844361791,-0.00457032168033038,-0.005411180858936859,-0.004990751269633619
15,29,17,0.014260187596337248,0.011975242643022873,0.013117715119680058,0.005051694760550163,0.005212096577815828,0.005131895669182995
15,30,17,0.007641785668577186,0.007958690506809585,0.007800238087693386,-0.0026191125409241066,-0.0025148633069193237,-0.002566987923921715
15,31,17,0.015435726598659183,0.01209514263425851,0.013765434616458848,0.007255038404400694,0.007488110658687219,0.007371574531543957
16,0,16,0.02163390017105478,0.017864612774469893,0.019749256472762333,0.01370474378200015,0.014241323958776775,0.013973033870388462
16,1,16,0.010876801190153263,0.010121659705678354,0.010499230447915809,5.258282772047096e-05,0.0003670111756946426,0.00020979700170755677
16,2,16,0.011167294236214785,0.01074886505992607,0.01095807964807043,0.0007336905077409029,0.0010849045555005432,0.000909297531620723
16,3,16,0.011113392116626208,0.010104079870695771,0.010608735993660988,0.0001626022012374051,0.0005764646634759174,0.00036953343235666123
16,4,16,0.02485637639460094,0.022601583954941874,0.02372898017477141,0.01916511654344504,0.019400117672194028,0.019282617107819533
16,5,16,0.01685510468466589,0.013547349549987686,0.015201227117326787,0.005841999330323233,0.006154779492135276,0.0059983894112292544
16,6,16,0.0,0.00026789151044113166,0.0,-0.02529620103232446,-0.02361848511354765,-0.024457343072936052
16,7,16,0.030289958262320484,0.02308879155266146,0.026689374907490973,0.016614443658909295,0.01648083026520908,0.016547636962059187
16,8,16,0.012638125549631684,0.011636250862342568,0.012137188205987127,0.003485764458673657,0.003701629346851121,0.0035936969027623887
16,9,16,0.018244515618038547,0.015980428387435807,0.01711247200273718,0.008214767425306491,0.008999191059592704,0.008606979242449598
16,10,16,0.0023951093333984376,0.002673503465059923,0.002519039491631325,-0.012768912118190201,-0.012776370014762506,-0.012772641066476353
16,11,16,0.016819513067874325,0.015994968821839706,0.016407240944857016,0.008511023196479072,0.009348877790034748,0.00892995049325691
16,12,16,0.012243534037708415,0.0112157036434835,0.011729618840595958,0.002520926043325744,0.0035284712385873717,0.003024698640956558
16,13,16,0.011734961757235849,0.011164976476735866,0.01144996911698586,0.0018422225726226315,0.002407812580281643,0.002125017576452137
16,14,16,0.014851071413833239,0.012381528105618234,0.013616299759725736,0.007082972079206229,0.0075396150618644246,0.007311293570535327
16,15,16,0.011921427723652612,0.010335762998182263,0.011128595360917436,0.004003156732187563,0.0035645732106786452,0.003783864971433104
16,16,16,0.01418121250415565,0.012317846745304804,0.013249529624730229,0.003293472210066284,0.0043876229491615956,0.00384054757961394
16,17,16,0.010895842609896112,0.010882958831569756,0.010889400720732932,0.0002983481398587173,0.0010014493221831345,0.000649898731020926
16,18,16,0.008316801642138928,0.007842057793489697,0.008079429717814312,-0.00194159118227617,-0.0011799912954302272,-0.0015607912388531987
16,19,16,0.013626385284140952,0.012754780232973774,0.013190582758557362,0.00274787558355456,0.0036033498343385874,0.0031756127089465737
16,20,16,0.0077323574204857075,0.009091782956250417,0.008380304511118567,0.000650520589624648,0.001349121657494834,0.000999821123559741
16,21,16,0.013366916316583044,0.011877772683778431,0.012622344500180738,0.0030778136816024928,0.0038268543994490756,0.003452334040525784
16,22,16,0.012913216924291149,0.011037127416997805,0.011975172170644477,0.002704025708408153,0.003173379405751575,0.002938702557079864
16,23,16,0.016816939507796017,0.014498479391308904,0.01565770944955246,0.009944849887779128,0.009747560924347453,0.00984620540606329
16,24,16,0.0,0.0006598759435746614,1.554316652914167e-05,-0.031742286949884145,-0.030270296015442,-0.031006291482663074
16,25,16,0.021650417035322535,0.018019096065692963,0.01983475655050775,0.014157305967091815,0.014542910910768115,0.014350108438929966
16,26,16,0.04121355602374024,0.03130945693559397,0.036261506479667104,0.035747896145039704,0.035122531284287106,0.035435213714663405
16,27,16,0.023580635959962137,0.019460692319954377,0.021520664139958255,0.01533745136766811,0.016353516974049853,0.01584548417085898
16,28,16,0.010609707473383533,0.01059810474425902,0.010603906108821275,0.0001721948440547294,0.000607420041660589,0.0003898074428576592
16,29,16,0.010854164654766761,0.0100921939434091,0.01047317929908793,0.00043897360119444785,0.0007499244456425913,0.0005944490234185196
16,30,16,0.01080902138594404,0.009985433394044474,0.010395711480599446,-5.199369407478116e-05,0.00031533352325823215,0.0001316699145917255
16,31,16,0.012276213529332124,0.011538754756220636,0.01190748414277638,0.0037794658629309195,0.0038963965303992153,0.003837931196665067
17,0,15,0.011319026389713447,0.010062852954697898,0.010681261903352494,-0.00011839261129580337,0.00028917103554704227,8.538921212561946e-05
17,1,15,0.011793473318663624,0.010470444708681656,0.01113195901367264,0.0002400797594418691,0.0004847492639328266,0.00036241451168734785
17,2,15,0.011095462033324186,0.010703624926918658,0.010899543480121423,0.0004044675317345536,0.000643148119070247,0.0005238078254024003
17,3,15,0.012056143436303254,0.010937317658526336,0.011496730547414794,0.0009117066012947816,0.0012788478853053675,0.0010952772433000745
17,4,15,0.01707478004038042,0.015136424532059703,0.01610560228622006,0.007036684761987999,0.007326112523878691,0.007181398642933346
17,5,15,0.011715837307469007,0.010887911121204706,0.011301874214336856,0.0008967169953109533,0.0014919896338597028,0.001194353314585328
17,6,15,0.013013100610126001,0.012068189950471623,0.012540645280298812,0.0016282247169328913,0.002078898583249611,0.0018535616500912511
17,7,15,0.013875749112677341,0.012814933144751989,0.013345341128714666,0.0031750362755019524,0.002898899848514702,0.0030369680620083274
17,8,15,0.01573634730104459,0.015314350463593958,0.015525348882319271,0.0074495231325727215,0.007967238138371613,0.007708380635472167
17,9,15,0.01655499370026822,0.014891326861567222,0.015723160280917716,0.007425061955564161,0.006996693303926804,0.007210877629745482
17,10,15,0.02077364261759309,0.019059263741845595,0.019916453179719344,0.014051093172747641,0.015377817074477208,0.014714455123612424
17,11,15,0.014446140808519895,0.013833958403020007,0.014140049605769953,0.00677263287743699,0.007202601024937394,0.006987616951187192
17,12,15,0.01893668899040354,0.01608830130162308,0.017512495146013312,0.008622118743733153,0.008170709641308348,0.00839641419252075
17,13,15,0.012780612794229191,0.011833181153471437,0.012306896973850314,0.0026309486063496477,0.0027210096803173657,0.0026759791433335067
17,14,15,0.0152571711038163,0.013189610170908661,0.014223390637362481,0.005186953580641784,0.005330071924913682,0.005258512752777732
17,15,15,0.01063973699864922,0.01009853551129202,0.010369136254970619,-0.0011107741286878082,-0.0006761349449789123,-0.0008934545368333602
17,16,15,0.02885744354494818,0.01889610817594075,0.02387677586044447,0.004004010334210761,0.004483969648936182,0.004243989991573471
17,17,15,0.0027148503535181587,0.00432817055668276,0.003514828600146795,-0.003180360688838846,-0.00370444701766246,-0.003442403853250653
17,18,15,0.010737878190980911,0.010291546681851284,0.0105147124364161,0.0014560258216761214,0.001542510076887993,0.0014992679492820571
17,19,15,0.006203373553368389,0.0061596966873851975,0.0061725814988161185,-0.0024632758279949487,-0.0024043119324687725,-0.0024337938802318606
17,20,15,0.011955886792700312,0.010200080192814388,0.011077983492757348,0.00015481169571103238,0.00043711355804134657,0.0002959626268761895
17,21,15,0.011655109307331294,0.01048499475070979,0.011069232227399325,8.199448565164858e-05,0.0004264512105237372,0.0002542228480876929
17,22,15,0.01663685132174635,0.013943863046401172,0.01529035718407376,0.01337239199274336,0.013547424423450138,0.01345990820809675
17,23,15,0.01126006859259102,0.010699768772241214,0.010977049296194726,0.00013899162618145056,0.00036859955253021326,0.0002537955893558319
17,24,15,0.012339294578901702,0.009963068865024833,0.011151181721963268,0.0014157799989789055,0.0014498235835901595,0.0014328017912845325
17,25,15,0.016862863209090622,0.015725174974751135,0.016294019091920877,0.009684524567182962,0.010548367168621554,0.010116445867902259
17,26,15,0.012343493508040522,0.010693012488078467,0.011518252998059494,0.0006796415156259172,0.0007318185535950761,0.0007057300346104967
17,27,15,0.023605332760143937,0.020790339024016852,0.02219783589208039,0.019354338500124867,0.019808718642161695,0.01958152857114328
17,28,15,0.013859293826747412,0.01302752017228954,0.013443406999518478,0.001975044855498709,0.0023756733138725395,0.002175359084685624
17,29,15,0.028597775644129794,0.02089782942917736,0.02474780253665358,0.013934208326827503,0.012370737134187949,0.013152472730507726
17,30,15,0.0,0.0012595714440052084,0.00026625745816772907,-0.021053674092399888,-0.014126180097082396,-0.017589927094741144
17,31,15,0.017724433268888853,0.014477907944759255,0.016101170606824054,0.00578363597724092,0.005264221636753064,0.005523928806996992
18,0,14,0.03614605872734598,0.0332594939415815,0.03470277633446374,0.028732364964344014,0.030440764745435445,0.02958656485488973
18,1,14,0.009099611366421812,0.00831343175255199,0.008706521559486905,-0.0031643931694304685,-0.0028995344283430312,-0.0030319637988867497
18,2,14,0.012376696489460161,0.01192146188725386,0.012149079188357012,0.00039800207669031805,0.0012619693635883777,0.0008299857201393479
18,3,14,0.028935188698103183,0.025220256309411788,0.027077722503757475,0.01817087199378875,0.019061283832979826,0.018616077913384287
18,4,14,0.01893078047943066,0.01639577901974312,0.01766327974958689,0.006897084363481553,0.007417166918457951,0.007157125640969752
18,5,14,0.017349189816267038,0.01597966649964064,0.016664428157953843,0.0036549446767367042,0.005160445184810669,0.004407694930773687
18,6,14,0.003244112113761081,0.00304448080830103,0.003126002278512325,-0.00966589632225805,-0.009231176657343099,-0.009448536489800576
18,7,14,0.017944761898433272,0.015815390253627423,0.01688007607603035,0.005987309178635769,0.007223027949976313,0.006605168564306041
18,8,14,0.013494522365853355,0.013210140527360638,0.013352331446606998,0.0009978755886095314,0.0018415905071378802,0.0014197330478737057
18,9,14,0.012307711897014021,0.011705190662462225,0.012006451279738121,0.0003558141500434431,0.001002939808019221,0.000679376979031332
18,10,14,0.017804293715541267,0.015971369171575135,0.0168878314435582,0.0033200117237356607,0.003925479417171118,0.0036227455704533895
18,11,14,0.012716317042579663,0.011743295805643632,0.012229806424111648,0.001842337343651934,0.0023788756024259784,0.002110606473038956
18,12,14,0.001786568937560722,0.0007218430311695556,0.0010843001840969788,-0.008977405935144133,-0.012458439996044035,-0.010717922965594085
18,13,14,0.020664359010621886,0.018127508001849237,0.01939593350623556,0.007386716367909685,0.009016147981674294,0.00820143217479199
18,14,14,0.01337694409676869,0.011996779776239105,0.012686861936503898,0.0017372197304212022,0.0017677611331691878,0.0017524904317951949
18,15,14,0.025771407591823198,0.02292916055677584,0.024350284074299514,0.011431572776200483,0.013234159280546009,0.012332866028373246
18,16,14,0.012523019427798538,0.011429677057008038,0.011976348242403288,-1.27960126974358e-06,0.0006307514420768711,0.00031473592040356376
18,17,14,0.012794741101280037,0.010868520461040785,0.01183163078116041,-4.292154899303569e-05,0.0004987269558597518,0.00022790270343335807
18,18,14,0.015387294004623773,0.012841275042360883,0.014114284523492325,0.0033245577612433406,0.0036991218525145087,0.003511839806878925
18,19,14,0.015462046509594938,0.012158854440960046,0.013810450475277495,0.0027388489998088515,0.0032190684054967276,0.0029789587026527896
18,20,14,0.016139046537635947,0.014008992496663602,0.015074019517149777,0.0038196503225663035,0.00465480516882053,0.004237227745693416
18,21,14,0.014679193227048665,0.012919133588080622,0.013799163407564643,0.00276699446621933,0.0033259117798479566,0.0030464531230336434
18,22,14,0.009877959762550858,0.008824548759847468,0.009351254261199165,-0.0023086298699126926,-0.002706128395490737,-0.0025073791327017148
18,23,14,0.012598085538206506,0.011990564967773511,0.012294325252990013,0.0006790430037085571,0.0013117129345914691,0.000995377969150013
18,24,14,0.0135331497881359,0.011651811238005141,0.012592480513070521,0.0006464143336415873,0.0013099690255330642,0.0009781916795873259
18,25,14,0.012780982001230559,0.011506230141782226,0.012143606071506394,0.00015991541818038968,0.0007901664321025237,0.0004750409251414567
18,26,14,0.013734954530178459,0.012201065753552714,0.012968010141865582,0.002105400701839244,0.002558395262940394,0.002331897982389819
18,27,14,0.012005103699821365,0.01109247239550675,0.011548788047664058,0.00028525318998617877,0.0008967850348199135,0.0005910191124030462
18,28,14,0.013410280471892631,0.012162599166449442,0.012786439819171033,0.0015408106947688792,0.0021432755701312088,0.001842043132450044
18,29,14,0.014529127644388174,0.013214872590232041,0.013872000117310107,0.003454054598705625,0.003999018278499733,0.003726536438602679
18,30,14,0.0132903003512236,0.012359125633654702,0.01282471299243915,0.001911398527909114,0.0023541159863214034,0.0021327572571152587
18,31,14,0.012699962239430613,0.011672014309655055,0.012185988274542833,0.0006307847667159194,0.001245572709217413,0.0009381787379666662
19,0,13,0.018231391332136145,0.016136375353565803,0.017183883342850977,0.014828910778305726,0.014615460552158765,0.014722185665232247
19,1,13,0.01300203223511814,0.011438035099999699,0.012220033667558918,0.005906620349196601,0.006979477551016089,0.006443048950106345
19,2,13,0.01398424488581309,0.012242955648545061,0.013113600267179077,0.006767497786040621,0.008217616411548079,0.00749255709879435
19,3,13,0.013052854786323894,0.011659573376014318,0.012356214081169105,0.005849670334373514,0.007305538715831972,0.006577604525102743
19,4,13,0.013190726818468963,0.011520925499557293,0.012355826159013131,0.005928827006027859,0.007268698553798458,0.0065987627799131586
19,5,13,0.012836111957169402,0.012168015911734643,0.012502063934452022,0.006123110992689362,0.007681193156668087,0.006902152074678725
19,6,13,0.0131133972714036,0.011555534632054951,0.012334465951729275,0.006076000840675988,0.006957931543638551,0.00651696619215727
19,7,13,0.01294625587850078,0.011892700825427047,0.012419478351963914,0.006150951091058232,0.007459267061904029,0.006805109076481131
19,8,13,0.0144530719140247,0.011880018023731072,0.013166544968877885,0.008299798624693721,0.008429552708798837,0.008364675666746278
19,9,13,0.013274148537742099,0.011633792949759626,0.012453970743750865,0.0058537654336532794,0.007773651732816233,0.006813708583234756
19,10,13,0.013661151460160916,0.011476503517793245,0.012568827488977082,0.005936748704152705,0.0068757892354256,0.006406268969789153
19,11,13,0.013916006279926195,0.011490655371932345,0.01270333082592927,0.0067174733516367265,0.008195284129669744,0.007456378740653235
19,12,13,0.013039213986922525,0.011556541419725563,0.012297877703324047,0.00584557914510242,0.007101938044274903,0.006473758594688661
19,13,13,0.013445343238723186,0.012200028492912688,0.012822685865817937,0.006450229294068776,0.007895505640578903,0.00717286746732384
19,14,13,0.02049266717513617,0.020517058669035856,0.02050486292208601,0.014599847920408138,0.015850311327085365,0.015225079623746751
19,15,13,0.013604759179346412,0.011950333821762518,0.012777546500554467,0.0068805766067271176,0.008011476087131087,0.007446026346929102
19,16,13,0.013210001522117733,0.011571520998876341,0.012390761260497037,0.006390806759918632,0.007248327456613879,0.006819567108266256
19,17,13,0.013633019026167401,0.012846985698112252,0.01324000236213983,0.007679848357111041,0.009029668603511709,0.008354758480311374
19,18,13,0.012700574392777771,0.011759049231774036,0.012229811812275903,0.006006817684647103,0.00741200935535744,0.006709413520002271
19,19,13,0.013593442058499995,0.01101040122111702,0.012301921639808509,0.006342928234334977,0.006666281162029009,0.006504604698181993
19,20,13,0.014192192266351683,0.011830842804262106,0.013011517535306895,0.0068339868465045585,0.007951529174169992,0.0073927580103372754
19,21,13,0.014035714838328125,0.011787025252015089,0.012911370045171604,0.007157172862025618,0.00797116605813244,0.0075641694600790295
19,22,13,0.011921145177073867,0.011121233947102273,0.011521189562088068,0.004608097713753523,0.0064889419320934396,0.005548519822923481
19,23,13,0.014352292221727882,0.011876117799262105,0.01311420501049499,0.006326065272060077,0.008281342480722742,0.007303703876391409
19,24,13,0.012981469917907109,0.011238765068072983,0.012110117492990045,0.005467543712711631,0.006539995691551326,0.006003769702131479
19,25,13,0.021500902036436505,0.018936583608774746,0.020218742822605624,0.014389140178536763,0.016693589488113503,0.015541364833325133
19,26,13,0.015860849033068603,0.015448012167047847,0.015654430600058222,0.011971651879133561,0.01246544820944564,0.012218550044289601
19,27,13,0.012684429471186167,0.011323552879160668,0.012003991175173414,0.006210756613188551,0.007446369811941622,0.006828563212565086
19,28,13,0.013108606053345486,0.011871867496260026,0.012490236774802755,0.005855891837563831,0.007753416592640861,0.006804654215102346
19,29,13,0.01321788337917914,0.011232767407094823,0.01222532539313698,0.007042511467521706,0.007564405732853175,0.00730345860018744
19,30,13,0.014603764615472307,0.011878086346886745,0.013240925481179524,0.007618956443673141,0.009035874271694411,0.008327415357683776
19,31,13,0.013650994906835696,0.012288834569010127,0.012969914737922915,0.007606229798966524,0.00901036094705887,0.008308295373012697
20,0,12,0.013970932686107553,0.011943973774939684,0.012957453230523622,0.006857005576239317,0.006448339136204595,0.0066526723562219565
20,1,12,0.013664241108184191,0.012356422344341901,0.013010331726263048,0.0068402311547515636,0.006537536608107075,0.00668888388142932
20,2,12,0.015041466405818937,0.013223161394992173,0.014132313900405551,0.008701351290164893,0.00796479829909913,0.008333074794632012
20,3,12,0.013284842448368533,0.011852960094046239,0.012568901271207383,0.006602984052688043,0.006289030953394103,0.006446007503041073
20,4,12,0.013520705557975058,0.011776900068695305,0.012648802813335183,0.00679924701598793,0.0063743750543878265,0.006586811035187878
20,5,12,0.013945325120657782,0.011768362526743086,0.012856843823700434,0.0071323740590287345,0.006314365820435342,0.006723369939732039
20,6,12,0.014529783615204886,0.011953683382422517,0.013241733498813702,0.007303999860323529,0.006773314525548813,0.007038657192936171
20,7,12,0.014628963926719031,0.012075598468097611,0.013352281197408325,0.007601850929131615,0.007353629823757757,0.007477740376444686
20,8,12,0.025009227509103008,0.022614319918742843,0.023811773713922926,0.017447408959196765,0.017814064821141073,0.01763073689016892
20,9,12,0.02168364327580766,0.018682959407124142,0.0201833013414659,0.01562888327098335,0.015175595639448147,0.015402239455215749
20,10,12,0.01427828017206565,0.012553660220421628,0.013415970196243639,0.007809013391897679,0.007087235563767535,0.007448124477832607
20,11,12,0.0038507239572292446,0.0011633389217317713,0.0022719254740199983,-0.0037878214234297047,-0.004656557759199131,-0.004222189591314418
20,12,12,0.01390408003850035,0.011825565081998236,0.012864822560249291,0.0070252618615086245,0.006460110509897277,0.006742686185702951
20,13,12,0.014158786486148265,0.012007409696869092,0.013083098091508679,0.00685326675837814,0.0066193437983201875,0.006736305278349164
20,14,12,0.013762401021138732,0.010979121220996764,0.012370761121067749,0.006614627044064037,0.006355945476798297,0.006485286260431167
20,15,12,0.014283495596612518,0.012153663593115739,0.01321857959486413,0.00720272997803022,0.006959057770745858,0.007080893874388039
20,16,12,0.01513042025780103,0.013683179678086667,0.01440679996794385,0.00819622658254957,0.00820548613100982,0.008200856356779695
20,17,12,0.014200281561720847,0.01179351311412565,0.012996897337923247,0.007362326583370304,0.006772862504629984,0.0070675945440001435
20,18,12,0.014002256498699713,0.011882960636484086,0.0129426085675919,0.007008227821461333,0.006550635632538615,0.006779431726999974
20,19,12,0.013666589120534785,0.012648669931286586,0.013157629525910687,0.0069646493137042855,0.006504909450131891,0.006734779381918088
20,20,12,0.015112424203851164,0.012808834393926341,0.013960629298888751,0.007298175834694121,0.006464471185609,0.00688132351015156
20,21,12,0.01388612621404302,0.01215888805871638,0.0130225071363797,0.007505387863784563,0.006783385858125257,0.00714438686095491
20,22,12,0.013984176829370533,0.011889040791898016,0.012936608810634275,0.0073660280624153526,0.006554307621240696,0.006960167841828024
20,23,12,0.01260231958435251,0.011034339063191586,0.011818329323772048,0.006663695099788924,0.006348508393421071,0.006506101746604998
20,24,12,0.014168589741912756,0.012525378168617372,0.013346983955265066,0.008466813298355191,0.00792017486928671,0.008193494083820951
20,25,12,0.013712943625980146,0.012009340699668414,0.012861142162824279,0.007124257599934935,0.0064476813929559285,0.006785969496445432
20,26,12,0.014274611673492405,0.012100599787595456,0.01318760573054393,0.0073816077341462005,0.006839206712947998,0.007110407223547099
20,27,12,0.01647855312389493,0.014661655920664887,0.015570104522279903,0.01119885266921301,0.010695106127604959,0.010946979398408985
20,28,12,0.013662534374219484,0.011636208899623286,0.012649371636921383,0.007025555966720276,0.00649217858119755,0.006758867273958913
20,29,12,0.014058557033803253,0.011728920005803426,0.012893738519803341,0.006939855418204388,0.006289749521647537,0.006614802469925962
20,30,12,0.014589117294327755,0.011624844643416546,0.013106980968872148,0.0073609558829048185,0.0068380276327161486,0.007099491757810484
20,31,12,0.013976360147351366,0.011984620098147124,0.012980490122749244,0.007233810051764067,0.00634203749716562,0.006787923774464844
21,0,11,0.0129169047247585,0.010824513925948312,0.011870709325353406,0.01719303985410079,0.0067431037761934935,0.011968071815147141
21,1,11,0.01382142120535057,0.012530703354382344,0.013176062279866453,0.017943157799300023,0.008384991063758207,0.013164074431529116
21,2,11,0.013794201330954986,0.011662623033353598,0.012728412182154288,0.017893713864850724,0.00813608825646952,0.013014901060660122
21,3,11,0.01666943899553653,0.014275820606170763,0.015472629800853647,0.021331923143634413,0.013648777219896147,0.017490350181765278
21,4,11,0.013365212464443941,0.012012865743540406,0.012689039103992172,0.01763079991169434,0.008310747165342035,0.012970773538518188
21,5,11,0.014053744877482382,0.011787054970125155,0.01292039992380377,0.017901378973056124,0.007777153730921782,0.012839266351988954
21,6,11,0.014186217418000007,0.012273433046873998,0.013229825232437003,0.01770178757597023,0.008668662621084877,0.013185225098527553
21,7,11,0.014035646916754919,0.012115230179383927,0.013075438548069423,0.017987608540715884,0.008393440230793203,0.013190524385754543
21,8,11,0.015836858466133592,0.01440033538246026,0.015118596924296927,0.01984923949231927,0.009868101994652535,0.014858670743485902
21,9,11,0.019518773460652037,0.01620174367208294,0.017860258566367488,0.024570738331885878,0.015483398004607806,0.020027068168246842
21,10,11,0.027317337397338094,0.025303090152357818,0.026310213774847956,0.03658141163396067,0.02653270287119085,0.03155705725257576
21,11,11,0.009488643543926723,0.007868750328119425,0.008678696936023073,0.012944655369767587,0.003393754940952931,0.00816920515536026
21,12,11,0.015235693535014794,0.012653147184484355,0.013944420359749575,0.018010798307125243,0.008106749853186556,0.0130587740801559
21,13,11,0.013633831292189818,0.012031067027255787,0.012832449159722802,0.017907095342297907,0.00807132981782388,0.012989212580060893
21,14,11,0.013189942940025711,0.011118878620553378,0.012154410780289544,0.017469998950446097,0.007415437759482302,0.012442718354964199
21,15,11,0.0134658230465704,0.011690559721516407,0.012578191384043404,0.017882771815209253,0.00818826336640086,0.013035517590805058
21,16,11,0.014086291742790968,0.011852025427948443,0.012969158585369704,0.017758002997379663,0.008194227430590218,0.01297611521398494
21,17,11,0.01402324185843028,0.012259014805072833,0.013141128331751557,0.018351724641888723,0.009534624698062544,0.013943174669975633
21,18,11,0.015688553728136545,0.013487129680596994,0.014587841704366767,0.01894472173439681,0.010348354306023566,0.014646538020210188
21,19,11,0.014130545883654122,0.012783311195445825,0.013456928539549974,0.01845854132443492,0.009226381863732059,0.013842461594083488
21,20,11,0.013654095368166773,0.011835580473872943,0.012744837921019854,0.01738454974151864,0.008325660068476282,0.012855104904997462
21,21,11,0.013872579498179632,0.012183124134066308,0.013027851816122971,0.017917023601148684,0.008807121567679132,0.013362072584413909
21,22,11,0.013926460356155572,0.011908929101306854,0.012917694728731211,0.01799159987172061,0.008164271356872633,0.013077935614296621
21,23,11,0.013659412039555657,0.012170744340264151,0.012915078189909902,0.017470014884429473,0.008303706343758677,0.012886860614094074
21,24,11,0.013576023444941977,0.012162861494879641,0.012869442469910812,0.01754211542838675,0.00833906736534118,0.012940591396863965
21,25,11,0.01349010352961147,0.012469550479427612,0.01297982700451954,0.017413170510576493,0.008793784062800115,0.013103477286688304
21,26,11,0.013993538711491222,0.012089814065442456,0.013041676388466839,0.017172453893414284,0.008605282287675209,0.012888868090544747
21,27,11,0.01307670479389768,0.01176121449822835,0.012418959646063016,0.01812125352607339,0.008037176503768251,0.01307921501492082
21,28,11,0.014469006082810605,0.0122505604503671,0.013359783266588853,0.018074835477216313,0.009729672003481937,0.013902253740349126
21,29,11,0.01475320287313583,0.013348937542077333,0.01405107020760658,0.01974520563899205,0.010214370002722717,0.014979787820857383
21,30,11,0.013889533585498982,0.011853381863992561,0.012871457724745771,0.01809799999516599,0.007879058086473378,0.012988529040819685
21,31,11,0.013420763552452607,0.012087610798373694,0.01275418717541315,0.017297829021492815,0.008300134612483134,0.012798981816987975
22,0,10,0.014178701615932423,0.012793943536761391,0.013486322576346906,0.01534976481514434,0.012500637944776826,0.013925201379960582
22,1,10,0.015955355649838337,0.01393596159984554,0.01494565862484194,0.016139020701757545,0.012715310095063614,0.01442716539841058
22,2,10,0.016152073709187104,0.013795908131936586,0.014973990920561847,0.016197872731663666,0.013205406025781486,0.014701639378722577
22,3,10,0.010804274191355177,0.008984739374089728,0.009894506782722452,0.011886836242319987,0.008804979491287668,0.010345907866803828
22,4,10,0.017500404441489086,0.014873337285709099,0.01618687086359909,0.01772350761469852,0.014352666476497689,0.016038087045598105
22,5,10,0.016672570086724646,0.01493881680719369,0.015805693446959167,0.016925226931925864,0.01377567306962817,0.015350450000777017
22,6,10,0.013801440776012155,0.012284533019462812,0.013042986897737485,0.014991121920638761,0.011331284717743983,0.013161203319191371
22,7,10,0.015272859869256408,0.013496030880824319,0.014384445375040364,0.015403882414449298,0.013084150675979345,0.014244016545214322
22,8,10,0.007105732926536633,0.006785396871886747,0.006945564899211688,0.0101219080730516,0.007396134236512353,0.008759021154781976
22,9,10,0.017885112733347343,0.01655668456442072,0.01722089864888403,0.018377030021952123,0.01492840716524597,0.01665271859359905
22,10,10,0.024120778868161212,0.02059901926047132,0.02235989906431627,0.025328252754115967,0.02217980547429761,0.023754029114206786
22,11,10,0.013684306164517466,0.012188943175008262,0.012936624669762864,0.014552580636745915,0.011445965522239022,0.012999273079492469
22,12,10,0.01656676999933367,0.015011796354461353,0.015789283176897508,0.018025416120417505,0.014498362660009433,0.016261889390213467
22,13,10,0.01795122028215701,0.016559111767621745,0.017255166024889378,0.021137591973240433,0.018085975129406507,0.01961178355132347
22,14,10,0.02850109876744682,0.027779700897854125,0.02814039983265047,0.03100075457609819,0.026928244460577844,0.028964499518338016
22,15,10,0.016053216781828607,0.013831593423906269,0.01494240510286744,0.017071784979725634,0.013685437909808229,0.015378611444766932
22,16,10,0.013157373653488732,0.012052734313423344,0.012605053983456039,0.01443801791142505,0.010973142771763377,0.012705580341594212
22,17,10,0.013055123037906355,0.012669670897029164,0.01286239696746776,0.014424969285346378,0.011160672586356668,0.012792820935851523
22,18,10,0.01319270577851853,0.01235841645394403,0.01277556111623128,0.014378298346446172,0.011348993163665,0.012863645755055586
22,19,10,0.024495693125313665,0.023958868880672522,0.02422728100299309,0.024733545477829466,0.022345264665864305,0.023539405071846885
22,20,10,0.01343252901663547,0.012046272918980775,0.01273940096780812,0.014342281390918287,0.011190222185496168,0.012766251788207228
22,21,10,0.013616581982170145,0.01217387644131179,0.012895229211740966,0.014498014885020893,0.011051807447893225,0.01277491116645706
22,22,10,0.013386474913750421,0.011930392651145354,0.012658433782447886,0.014516401159607995,0.01116974802553159,0.012843074592569791
22,23,10,0.013535185580782497,0.011632429247825087,0.012583807414303792,0.014442655045438357,0.011348182243864358,0.012895418644651357
22,24,10,0.015214229661541696,0.013303645674164245,0.01425893766785297,0.016220159278236678,0.013166649596314528,0.014693404437275603
22,25,10,0.01476457457398624,0.013586222425021222,0.01417539849950373,0.015716190662624287,0.012413320633538661,0.014064755648081474
22,26,10,0.01682834732090761,0.01574707847575539,0.0162877128983315,0.019611120720196596,0.016620157006127557,0.018115638863162076
22,27,10,0.012370129420319245,0.010955869195934154,0.0116629993081267,0.013642915615309902,0.010567767370855564,0.012105341493082733
22,28,10,0.013998648015183726,0.012073057322986643,0.013035852669085185,0.0143454607030435,0.01115925623627163,0.012752358469657565
22,29,10,0.013397556404721626,0.011875500797971268,0.012636528601346448,0.014393195964112237,0.011171247775700976,0.012782221869906607
22,30,10,0.013067250577283218,0.011875703275685153,0.012471476926484187,0.014508729683575439,0.011416089669586427,0.012962409676580933
22,31,10,0.013463296100093914,0.011972780762532694,0.012718038431313305,0.014552550433745638,0.011092054091409408,0.012822302262577523
23,0,9,0.013301652914126787,0.012645644054982894,0.012973648484554838,0.01456262280462397,0.01104506723291081,0.012803845018767392
23,1,9,0.013815855662495678,0.01216815359608366,0.012992004629289669,0.014549672746215946,0.011055435817699789,0.012802554281957867
23,2,9,0.014090326596220218,0.011963574624466922,0.01302695061034357,0.014627179910985433,0.010913391631447666,0.01277028577121655
23,3,9,0.013361915452923907,0.012359199059743274,0.012860557256333591,0.015009814506265684,0.011343653707081102,0.013176734106673393
23,4,9,0.013145234734760279,0.01173526691258723,0.012440250823673754,0.01432830368793816,0.01078850237329334,0.01255840303061575
23,5,9,0.01325600939708617,0.012442957171228071,0.01284948328415712,0.014648356995166978,0.011086979126093865,0.012867668060630421
23,6,9,0.01297401504574746,0.012440683574608771,0.012707349310178116,0.01554721875299947,0.01215142759672858,0.013849323174864026
23,7,9,0.013093100021854317,0.01233474059588949,0.012713920308871906,0.014592851447469002,0.011165296949457115,0.01287907419846306
23,8,9,0.016215317701440152,0.014687779999193632,0.015451548850316894,0.017762965687802536,0.013875787532242612,0.015819376610022574
23,9,9,0.005048707003200231,0.002612637381409715,0.003830672192304973,0.007062101777410135,0.002860687390784733,0.004961394584097434
23,10,9,0.023347342772952594,0.022029282757492614,0.022688312765222603,0.026115731645472807,0.022188405014094314,0.02415206832978356
23,11,9,0.02075128776203062,0.019014110403807332,0.019882699082918974,0.02026435359887273,0.016592072454386653,0.01842821302662969
23,12,9,0.013414697852038493,0.011906008606796407,0.012660353229417451,0.01458077119805239,0.010951872556597663,0.012766321877325026
23,13,9,0.013676141465819254,0.012166452026225568,0.012921296746022411,0.014296365392738153,0.011187057479784813,0.012741711436261483
23,14,9,0.013120552853617401,0.012004149708654191,0.012562351281135796,0.014567023564268311,0.01090454133776575,0.01273578245101703
23,15,9,0.013434652534375069,0.012316207412665234,0.01287542997352015,0.014564036628598842,0.011002122153286109,0.012783079390942476
23,16,9,0.01383718103107362,0.012435564064273465,0.013136372547673542,0.015060209268403924,0.011998733603491019,0.01352947143594747
23,17,9,0.013952918826514508,0.012915508979529025,0.013434213903021764,0.015231819639120658,0.01153671138683876,0.01338426551297971
23,18,9,0.012828213474933313,0.011282157293027319,0.012055185383980316,0.013637137885962148,0.01019105683990631,0.01191409736293423
23,19,9,0.014972113897506825,0.013060246946338339,0.014016180421922582,0.016854838751942224,0.013355979518564709,0.015105409135253467
23,20,9,0.013384202545867335,0.012309607005774362,0.012846904775820851,0.014507044629499432,0.011021988533821058,0.012764516581660244
23,21,9,0.013516540718095861,0.0123769800590013,0.01294676038854858,0.01477019131052657,0.011270619936090043,0.013020405623308307
23,22,9,0.01346420399316344,0.012218284146982701,0.012841244070073069,0.014740447602093809,0.011169508854231935,0.012954978228162873
23,23,9,0.013302377629147738,0.012238257638168033,0.012770317633657886,0.014812081977424896,0.011170205477651508,0.012991143727538202
23,24,9,0.01416029524604979,0.013224933211728225,0.013692614228889007,0.015391937858692018,0.011848468857431271,0.013620203358061644
23,25,9,0.012763366036027594,0.012092190282440168,0.01242777815923388,0.014024820850227115,0.010924246632339419,0.012474533741283267
23,26,9,0.013316670118908608,0.011797221552400414,0.01255694583565451,0.014452875169081381,0.010974439467804586,0.012713657318442984
23,27,9,0.02040957686183194,0.02033192834073816,0.020370752601285052,0.022919985458429437,0.01948375620995648,0.02120187083419296
23,28,9,0.013351937918662947,0.012665568613478681,0.013008753266070814,0.014490861475678685,0.010986984261307953,0.012738922868493319
23,29,9,0.013145380699052111,0.012163433877763119,0.012654407288407615,0.014611504758704541,0.01100922735831773,0.012810366058511135
23,30,9,0.013931330813553208,0.012502498618208492,0.013216914715880851,0.015308117417407629,0.011789617341310076,0.013548867379358853
23,31,9,0.013830302201399844,0.012081026817649368,0.012955664509524605,0.014539170526586532,0.010994859144511792,0.012767014835549161
24,0,8,0.014656291435247226,0.01310500554947538,0.013880648492361303,0.013998784370778594,0.013219167328259118,0.013608975849518857
24,1,8,0.013813631554249993,0.01222086009409189,0.013017245824170942,0.013454852075165035,0.012343220632919838,0.012899036354042437
24,2,8,0.013643419941336887,0.012336138754740843,0.012989779348038865,0.013549144382614032,0.012625731746835123,0.013087438064724576
24,3,8,0.013602569574622114,0.011783876943367487,0.012693223258994801,0.013533476115117082,0.012320941746884273,0.012927208931000678
24,4,8,0.013827939218517066,0.01297801379140573,0.013402976504961396,0.0139787824976338,0.012922940421753992,0.013450861459693896
24,5,8,0.013537831109923815,0.012639884085854725,0.01308885759788927,0.01333984473858436,0.01237868202717891,0.012859263382881635
24,6,8,0.013547215774687515,0.012334293540066455,0.012940754657376985,0.01344627417981883,0.012271040729365268,0.012858657454592049
24,7,8,0.013359217388372712,0.012509762143334057,0.012934489765853385,0.013579357649177837,0.012371499154016873,0.012975428401597355
24,8,8,0.01328070459187849,0.012657750006681656,0.012969227299280073,0.013460395392576175,0.012376932865595335,0.012918664129085756
24,9,8,0.028922784066625695,0.029014386830976947,0.02896858544880132,0.03194062480433786,0.03125627141052974,0.0315984481074338
24,10,8,0.013509922601321021,0.012146778859380801,0.012828350730350912,0.013397499865914143,0.012166421599874865,0.012781960732894504
24,11,8,0.014424489812690667,0.01256104641886111,0.013492768115775888,0.014413287624574878,0.013051700672502876,0.013732494148538877
24,12,8,0.013320513013058033,0.012439862847276651,0.01288018793016734,0.013364570739122427,0.012210314673166068,0.012787442706144247
24,13,8,0.013433964379181873,0.012051342825199641,0.012742653602190755,0.01332612985056585,0.012221634884105015,0.012773882367335433
24,14,8,0.013525400127258181,0.012179012685291469,0.012852206406274824,0.013230363124966971,0.01205397264579915,0.012642167885383061
24,15,8,0.013404300629630227,0.01227337310846321,0.01283883686904672,0.013569987087248592,0.012107912253850373,0.012838949670549483
24,16,8,0.013515816625320731,0.01266017429767441,0.01308799546149757,0.0137348864201158,0.012604695651282328,0.013169791035699064
24,17,8,0.013920766446391751,0.012887500928212692,0.01340413368730222,0.013935180404041602,0.012976002070483616,0.013455591237262608
24,18,8,0.013607193699968434,0.012216957754014856,0.012912075726991646,0.013310003360948031,0.01222846381990621,0.012769233590427122
24,19,8,0.013453257527088168,0.012435824972669707,0.012944541249878937,0.013537870672735153,0.012383215051374918,0.012960542862055035
24,20,8,0.013582480438077839,0.012457005530523535,0.013019742984300687,0.013491014037299465,0.012307885404095487,0.012899449720697476
24,21,8,0.0134936509414743,0.012325929766899169,0.012909790354186735,0.01366768978014079,0.012120938252178349,0.01289431401615957
24,22,8,0.013829856363798142,0.01297413784541952,0.013401997104608833,0.01379798855396075,0.012720538049444485,0.013259263301702618
24,23,8,0.013902904312101415,0.012093708254415959,0.012998306283258688,0.013749687790004827,0.012555305216756097,0.013152496503380462
24,24,8,0.013070522760933656,0.011800806437327793,0.012435664599130723,0.012812767417108262,0.011852504560135913,0.012332635988622088
24,25,8,0.01610949520868843,0.01519485000689915,0.01565217260779379,0.016532109514446346,0.015411064334512049,0.015971586924479197
24,26,8,0.01325511047322294,0.012248004540408175,0.012751557506815558,0.01346504492794338,0.012200137496165553,0.012832591212054467
24,27,8,0.014583121335752805,0.013092937419449413,0.013838029377601108,0.01506962304301851,0.013585273215630878,0.014327448129324693
24,28,8,0.014200862346065435,0.01308265279317311,0.013641757569619273,0.014313494874539857,0.013217346172726251,0.013765420523633054
24,29,8,0.013372503471112653,0.012096683528239095,0.012734593499675873,0.01323138184943673,0.012246370285060948,0.012738876067248838
24,30,8,0.014622695489745131,0.01383688341340843,0.014229789451576779,0.014721989559257053,0.01356253658211699,0.014142263070687021
24,31,8,0.014106269857113319,0.01281588216061067,0.013461076008861995,0.014296003500771804,0.012922465922747506,0.013609234711759656
25,0,7,0.013137234020611083,0.012605928838357679,0.012871581429484382,0.014320084909832076,0.011237804990753376,0.012778944950292727
25,1,7,0.014014417417034101,0.012170789201754571,0.013092603309394338,0.014584775390085269,0.011380370523229998,0.012982572956657633
25,2,7,0.013074866313222749,0.012109608582237082,0.012592237447729915,0.014173140139519091,0.010969124103667127,0.01257113212159311
25,3,7,0.015430385301388988,0.014701580261044,0.015065982781216495,0.01716919263071759,0.013912860972686758,0.015541026801702173
25,4,7,0.013344950654322932,0.012314592679282603,0.012829771666802766,0.014419745617306034,0.011046764102508178,0.012733254859907107
25,5,7,0.013614871424038227,0.012723222519091694,0.01316904697156496,0.014362311621471235,0.011306047815105557,0.012834179718288395
25,6,7,0.013212216021129363,0.012542610809227231,0.012877413415178297,0.014377284419754232,0.011134697274610517,0.012755990847182375
25,7,7,0.01758199597236398,0.016354081763940292,0.016968038868152135,0.018358739485142904,0.015377704948855353,0.01686822221699913
25,8,7,0.013352106319022792,0.012485876519487451,0.012918991419255121,0.01436797423950793,0.011337517467313773,0.012852745853410851
25,9,7,0.013401663237449872,0.012548116994446445,0.012974890115948158,0.014323415015314821,0.011337077931580097,0.012830246473447458
25,10,7,0.013259120576887135,0.012422328244901693,0.012840724410894415,0.014276264978184372,0.011178603348662363,0.012727434163423368
25,11,7,0.013472283950841709,0.012375704650964636,0.012923994300903173,0.014573739552122333,0.011156668395665292,0.012865203973893811
25,12,7,0.013657503126852688,0.012731296124319667,0.013194399625586177,0.014788736965306271,0.011471741956177084,0.013130239460741678
25,13,7,0.015234417641960362,0.014718548407591518,0.01497648302477594,0.016298101867982952,0.013241195746127232,0.014769648807055093
25,14,7,0.011406570306814754,0.01066483843431862,0.011035704370566687,0.012962918801167688,0.009640381544750198,0.011301650172958942
25,15,7,0.0174229568879637,0.015658884147486722,0.01654092051772521,0.01752063774542876,0.014241207550230683,0.01588092264782972
25,16,7,0.013495585938474214,0.012251451079998992,0.012873518509236601,0.01443112955773813,0.011218473318308497,0.012824801438023314
25,17,7,0.013800537728676994,0.012743974521055485,0.013272256124866239,0.014800137503573296,0.011534997880391983,0.01316756769198264
25,18,7,0.013317856326039542,0.0124577308078567,0.012887793566948122,0.014465913840695066,0.011334304101099235,0.012900108970897151
25,19,7,0.013410528530485927,0.012529364689766202,0.012969946610126062,0.014639166392316837,0.011324926293286807,0.012982046342801822
25,20,7,0.013005701862568105,0.012347981885553899,0.012676841874061,0.01434270397412547,0.011206239868192825,0.012774471921159148
25,21,7,0.013024236579154344,0.012456901599764642,0.01274056908945949,0.014454973568615515,0.011246666584224841,0.012850820076420178
25,22,7,0.01345155027582296,0.012732671469132126,0.013092110872477544,0.014709895901728488,0.011450588957472974,0.01308024242960073
25,23,7,0.012802495861322833,0.012432128471652959,0.012617312166487895,0.014309715640501963,0.011315653006067804,0.012812684323284883
25,24,7,0.013419434872810956,0.012423221089136405,0.012921327980973682,0.014467775053842048,0.01111043566029366,0.012789105357067853
25,25,7,0.013106173869635387,0.01250939539308677,0.012807784631361077,0.014523412729738538,0.011234881766404215,0.012879147248071376
25,26,7,0.013663931065311122,0.012955867956277903,0.013309899510794514,0.014750260505638834,0.011523389980084175,0.013136825242861505
25,27,7,0.013304942696989336,0.012215061624933047,0.012760002160961192,0.014648791503441316,0.011383146847401803,0.01301596917542156
25,28,7,0.013987597612286401,0.013387813687491448,0.013687705649888925,0.01551254016051189,0.012155039036451853,0.01383378959848187
25,29,7,0.013080076309031644,0.01213752988861135,0.012608803098821498,0.014350942017233592,0.01091831436858115,0.01263462819290737
25,30,7,0.013515229814635075,0.013242033733139025,0.013378631773887052,0.014689386379336611,0.011739060594914008,0.01321422348712531
25,31,7,0.013205217424136403,0.012419471902148871,0.012812344663142636,0.014435856157081161,0.011065474123140007,0.012750665140110584
26,0,6,0.013064273497515919,0.012087274717953277,0.012575774107734597,0.014347059455900535,0.011194851439131525,0.01277095544751603
26,1,6,0.012748864809499121,0.012363976525313567,0.012556420667406342,0.014546152925458956,0.011343791316636497,0.012944972121047726
26,2,6,0.013435159060525234,0.012808366737123341,0.01312176289882429,0.014618098007940717,0.011533071377675697,0.013075584692808208
26,3,6,0.013466369798343198,0.012533853243645391,0.013000111520994296,0.014473700118287525,0.011256051760608444,0.012864875939447984
26,4,6,0.013183762387426157,0.012674183295783336,0.012928972841604746,0.0145103139442881,0.011404437088208397,0.01295737551624825
26,5,6,0.013299392140877586,0.012503021214514359,0.012901206677695972,0.014396659751525931,0.011199520536723639,0.012798090144124785
26,6,6,0.013166563013192939,0.012486114176378278,0.012826338594785608,0.01457612605054237,0.011245054814276045,0.012910590432409209
26,7,6,0.013037258561490716,0.012580294634492025,0.012808776597991373,0.014486856105258994,0.011284801478950612,0.012885828792104804
26,8,6,0.01310675625221644,0.012539317628818483,0.012823036940517459,0.014615225998591086,0.011397475599414975,0.01300635079900303
26,9,6,0.013206258011317118,0.012643100004495032,0.012924679007906073,0.014407621627742628,0.01123536845432227,0.012821495041032449
26,10,6,0.013203450162531756,0.012577635184896014,0.012890542673713886,0.014439873413721216,0.01129675363588376,0.012868313524802489
26,11,6,0.01461242231893838,0.013889052234052695,0.014250737276495536,0.016271193318516453,0.012967137095756698,0.014619165207136575
26,12,6,0.013486825658821052,0.012509732217157912,0.012998278937989485,0.014660097675778161,0.0114162455360713,0.013038171605924732
26,13,6,0.013216212381557095,0.012413204488833192,0.012814708435195143,0.014384952389491446,0.011374664310869776,0.01287980835018061
26,14,6,0.013267429701492498,0.012666023044996186,0.012966726373244341,0.014443606363511208,0.011337883327905729,0.012890744845708468
26,15,6,0.013231963723552552,0.012585272909538979,0.012908618316545764,0.014562847664387845,0.011367110083824628,0.012964978874106237
26,16,6,0.013366463256906512,0.012289630572776863,0.01282804691484169,0.014389833237692074,0.011119469113236847,0.012754651175464461
26,17,6,0.014365062207214408,0.013632178007192882,0.013998620107203643,0.015555080765568618,0.012500102927879198,0.014027591846723909
26,18,6,0.018082137731658083,0.017495259217124234,0.01778869847439116,0.019802321515453514,0.016852990858751582,0.018327656187102546
26,19,6,0.012909428669405544,0.012282532256391693,0.012595980462898617,0.014080308845421996,0.010855621869825426,0.012467965357623711
26,20,6,0.015584578461781955,0.014117678137595154,0.014851128299688552,0.01632775487660183,0.013042007764170194,0.014684881320386011
26,21,6,0.010727309109840157,0.010654625125980864,0.01069096711791051,0.012527847367346112,0.009720585709601437,0.011124216538473775
26,22,6,0.016297797200841065,0.015430346753858732,0.0158640719773499,0.016183110831298107,0.01303947420788063,0.01461129251958937
26,23,6,0.01727829952067547,0.016272873509406812,0.01677558651504114,0.01729797334264447,0.013952014631377097,0.015624993987010782
26,24,6,0.01339858989940789,0.012249479585482228,0.012824034742445062,0.014422766083669103,0.01116665790150364,0.012794711992586371
26,25,6,0.013286948466563331,0.012621155122764093,0.012954051794663711,0.01451538904032077,0.011206766541840807,0.012861077791080788
26,26,6,0.013464996826616726,0.012800361056840378,0.013132678941728551,0.014823099008907548,0.011748316362127299,0.013285707685517423
26,27,6,0.013384587146718257,0.01250413017632084,0.012944358661519545,0.014653394102469974,0.011486696599172319,0.013070045350821145
26,28,6,0.013582681520628033,0.012880646238292569,0.013231663879460301,0.014723739022849713,0.011453781596713952,0.013088760309781833
26,29,6,0.013318665144736987,0.01248261710676483,0.012900641125750907,0.014262621483430849,0.011243041613579408,0.01275283154850513
26,30,6,0.01310009555857808,0.012473001775071898,0.012786548666824988,0.014339351120975152,0.011184078290159504,0.012761714705567327
26,31,6,0.013077565001071415,0.012591208778466504,0.012834386889768961,0.014481252267864874,0.011267206942329721,0.012874229605097298
27,0,5,0.012794381121732387,0.01222289045583693,0.012508635788784658,0.012495808562948695,0.012278862366974863,0.01238733546496178
27,1,5,0.01170448497405232,0.011169419606364955,0.011436952290208639,0.011643398065427846,0.011602745666777992,0.011623071866102919
27,2,5,0.012969054795144075,0.012430077857845844,0.01269956632649496,0.012788108452150481,0.01258607170360051,0.012687090077875496
27,3,5,0.016611521166990283,0.01604864798842925,0.01633008457770977,0.017155242810986238,0.01682359340138646,0.01698941810618635
27,4,5,0.013179570479935593,0.012652011566422061,0.012915791023178826,0.013164665622687722,0.012785682724620528,0.012975174173654125
27,5,5,0.012907066549020099,0.012459208647884454,0.012683137598452276,0.012957357954201143,0.012589260640669408,0.012773309297435274
27,6,5,0.013748848745697729,0.013185004587566027,0.013466926666631879,0.013750643643197691,0.013315693331196598,0.013533168487197145
27,7,5,0.013352800230190951,0.012594578488457842,0.012973689359324395,0.013248968310472264,0.012721476738988713,0.01298522252473049
27,8,5,0.013132794242814041,0.01257558794174159,0.012854191092277815,0.013229656225774988,0.012773486763944675,0.013001571494859832
27,9,5,0.012971930369867551,0.012461196525947429,0.012716563447907489,0.013008693954657247,0.01258792488850986,0.012798309421583554
27,10,5,0.015259102422176058,0.014417385653337078,0.014838244037756567,0.015059105476495915,0.014519260482120443,0.01478918297930818
27,11,5,0.01433144493987811,0.013581110848449499,0.013956277894163805,0.014261141658232645,0.013677628472078141,0.013969385065155392
27,12,5,0.013473640857650368,0.012626576969742304,0.013050108913696335,0.013307403415183217,0.01288587366491356,0.013096638540048389
27,13,5,0.013651664501824428,0.013167414582753736,0.013409539542289083,0.013708775010036334,0.013323663438814037,0.013516219224425186
27,14,5,0.013106559385823858,0.012372183601874837,0.012739371493849346,0.01320212070575053,0.012796776186650049,0.012999448446200289
27,15,5,0.012531978819215509,0.01224560695277944,0.012388792885997474,0.012975774312599242,0.0126249148261536,0.012800344569376421
27,16,5,0.01344434843367864,0.012641789725153101,0.013043069079415872,0.013105691519399443,0.012697254373327383,0.012901472946363412
27,17,5,0.013264291852214286,0.012755862731569322,0.013010077291891802,0.013395696171386362,0.012950871860061853,0.013173284015724106
27,18,5,0.013113843522345976,0.012571142545498331,0.012842493033922153,0.01305929600151785,0.012599773283477589,0.012829534642497718
27,19,5,0.01619060447107586,0.015330339899046521,0.015760472185061193,0.017108683012338588,0.016698451296178973,0.01690356715425878
27,20,5,0.01287240264327238,0.012215107784460316,0.012543755213866348,0.012884668717174464,0.012494372009257404,0.012689520363215934
27,21,5,0.014441409612732058,0.013870360133785056,0.014155884873258556,0.014546229883626438,0.014100691986050152,0.014323460934838295
27,22,5,0.01041589684071596,0.01024353694587262,0.010329716893294288,0.010691447201497794,0.010332914475657162,0.010512180838577478
27,23,5,0.016066652201334363,0.015472294503497325,0.015769473352415846,0.016282947246600087,0.01580108380812817,0.016042015527364128
27,24,5,0.013258606640578135,0.012755905826379602,0.01300725623347887,0.013178014875620647,0.012811464553305996,0.012994739714463322
27,25,5,0.013222687606157708,0.01245031695228022,0.012836502279218962,0.013002784480141827,0.012603937381123842,0.012803360930632834
27,26,5,0.014285147851721833,0.013444421226621445,0.013864784539171638,0.01423885730632719,0.013873866150697722,0.014056361728512455
27,27,5,0.016782487919037976,0.016263333910187614,0.016522910914612797,0.017873958305972337,0.01747645224768348,0.017675205276827907
27,28,5,0.013027081050472589,0.0123028418447268,0.012664961447599692,0.012986440617817152,0.012386564511598409,0.01268650256470778
27,29,5,0.013342604742052924,0.012931402985738033,0.013137003863895477,0.013404629863862283,0.013062012198099637,0.01323332103098096
27,30,5,0.017032703283684898,0.0162566157931451,0.016644659538414996,0.018203014800383242,0.017630260020087007,0.017916637410235123
27,31,5,0.013251313115958965,0.012609354872306541,0.012930333994132754,0.013332103737729995,0.012827762725282809,0.013079933231506403
28,0,4,0.013191830802121272,0.012517231295784904,0.012854531048953089,0.013567932685202778,0.012078330119447856,0.012823131402325317
28,1,4,0.01350252626348265,0.01297760054406183,0.01324006340377224,0.014342832426336827,0.012868284023261367,0.013605558224799096
28,2,4,0.012829175665406468,0.012598277295437298,0.012713726480421884,0.013457936286840777,0.012083897888967954,0.012770917087904366
28,3,4,0.01346497849929591,0.012487944371443405,0.012976461435369659,0.013744019547840481,0.01225724647683819,0.013000633012339335
28,4,4,0.013078445564930518,0.012548381478558211,0.012813413521744367,0.013834494643953121,0.012367745292294785,0.013101119968123954
28,5,4,0.013314413015089956,0.012622609645063676,0.012968511330076815,0.013785366496020402,0.012309891054570699,0.01304762877529555
28,6,4,0.013067839518939195,0.01265296691782396,0.012860403218381576,0.013778660524758379,0.012097275947039066,0.012937968235898722
28,7,4,0.012993795205162683,0.012877579460942456,0.01293568733305257,0.013797385444399879,0.012320594716220512,0.013058990080310195
28,8,4,0.015307976536995229,0.014812075197228582,0.015060025867111904,0.016512707464539745,0.015041048071088881,0.015776877767814314
28,9,4,0.013850627816275819,0.01360661656864579,0.013728622192460804,0.014329740093921827,0.012658244271619878,0.013493992182770854
28,10,4,0.013745602204487284,0.013268615061411991,0.013507108632949637,0.014674536065979283,0.012509423767414773,0.013591979916697028
28,11,4,0.011040993036571932,0.01111115475768827,0.011076073897130102,0.011690960593705313,0.01030235287475989,0.010996656734232602
28,12,4,0.014589459616098565,0.01416148132673243,0.014375470471415498,0.015253655314790393,0.013858313261539478,0.014555984288164936
28,13,4,0.016354532917992513,0.015259264213313185,0.01580689856565285,0.015604245388021808,0.01409890890411134,0.014851577146066573
28,14,4,0.019735430840614757,0.01987743045682606,0.019806430648720407,0.01943889975436832,0.01796613402912044,0.018702516891744382
28,15,4,0.01202284519750947,0.011565460464791498,0.011794152831150486,0.012946626526581895,0.011463038061003772,0.012204832293792833
28,16,4,0.01987009350286826,0.019392884879709985,0.01963148919128912,0.02310381871939171,0.021405107468308416,0.022254463093850062
28,17,4,0.012917956309970082,0.012339725711970572,0.012628841010970325,0.013638345954279884,0.012127948178522275,0.01288314706640108
28,18,4,0.01294895016315536,0.012808330373044897,0.012878640268100129,0.013681189429132701,0.012380927983076617,0.013031058706104659
28,19,4,0.01429206631001989,0.014133987577267249,0.01421302694364357,0.015257241637857532,0.013791005532220879,0.014524123585039204
28,20,4,0.013442150630343264,0.013313898583362516,0.01337802460685289,0.01459488515662315,0.013024339996354684,0.013809612576488918
28,21,4,0.012743851507843828,0.01227858024276429,0.01251121587530406,0.013530875332435244,0.012014088733485551,0.012772482032960396
28,22,4,0.013232165565104027,0.012825142723319515,0.013028654144211772,0.013973770911820792,0.012507205611757399,0.013240488261789096
28,23,4,0.013645754717988722,0.013169267252538929,0.013407510985263826,0.014394996100986646,0.01280835013600381,0.01360167311849523
28,24,4,0.012804364902808629,0.01270724826670744,0.012755806584758035,0.01373606287684197,0.012437376969364778,0.013086719923103375
28,25,4,0.012893160209429766,0.012448666572106505,0.012670913390768136,0.01353397492418935,0.012201984362286566,0.012867979643237958
28,26,4,0.013091665517504226,0.012853902428230413,0.01297278397286732,0.01360883525162535,0.012155635241310848,0.012882235246468098
28,27,4,0.01322969945156558,0.013742167230540758,0.013485933341053167,0.014764911299355532,0.013659505031003504,0.014212208165179518
28,28,4,0.015052812060972087,0.01442159599662176,0.014737204028796925,0.014956574048983384,0.013586683251213571,0.014271628650098477
28,29,4,0.013227906336327068,0.012722278111118614,0.012975092223722841,0.013838708179736158,0.012318795363285062,0.01307875177151061
28,30,4,0.011887137410380434,0.01210177165453388,0.011994454532457156,0.013233800666830576,0.011805588016136426,0.0125196943414835
28,31,4,0.013505525840397326,0.01284961631848205,0.013177571079439687,0.01412333975972615,0.012596752126501087,0.01336004594311362
29,0,3,0.02385405660800946,0.02389743866636612,0.023875747637187788,0.027515998067974577,0.026509515393991025,0.0270127567309828
29,1,3,0.012845621746513795,0.012803513003967737,0.012824567375240766,0.01338171808192783,0.012493770814228356,0.012937744448078093
29,2,3,0.012923103313922485,0.012684510487656552,0.01280380690078952,0.013397666845713729,0.012411979056878408,0.01290482295129607
29,3,3,0.011484155601942802,0.010774302725649438,0.01112922916379612,0.011264558151560777,0.010159975369379026,0.0107122667604699
29,4,3,0.012827870001243961,0.012749819732236269,0.012788844866740116,0.01349105157928534,0.012420139781261242,0.012955595680273291
29,5,3,0.013713519200086921,0.01347895274413228,0.013596235972109601,0.013982669685708516,0.01296744652736379,0.013475058106536153
29,6,3,0.012709554716652367,0.012851814876846862,0.012780684796749616,0.013183831767832999,0.012254797467244316,0.012719314617538658
29,7,3,0.012883364679585915,0.012928166068892702,0.012905765374239311,0.013451876550698216,0.012305744941295415,0.012878810745996816
29,8,3,0.012898432645948787,0.013154783169190408,0.013026607907569598,0.01353337607990852,0.012752586576289105,0.013142981328098814
29,9,3,0.013388187436532917,0.013400779161631488,0.013394483299082202,0.01406660816065255,0.0129247160885825,0.013495662124617525
29,10,3,0.01490263921418773,0.01513440557296235,0.01501852239357504,0.016252669927462195,0.015036959113785997,0.015644814520624096
29,11,3,0.011452357633167291,0.011658682581975199,0.011555520107571245,0.01192190942592788,0.0110822064902095,0.01150205795806869
29,12,3,0.013252132550830234,0.012832942050575488,0.01304253730070286,0.013738811646794602,0.012721842363623637,0.01323032700520912
29,13,3,0.012937631604188482,0.012985239179954533,0.012961435392071508,0.013598153091697896,0.01262457030160249,0.013111361696650193
29,14,3,0.013211310716845523,0.013112502511576925,0.013161906614211225,0.013887184228042315,0.01276179635684116,0.013324490292441737
29,15,3,0.013071686775511656,0.012718074142336869,0.012894880458924262,0.013658723228354574,0.01255471580328731,0.01310671951582094
29,16,3,0.012926581231344395,0.01296007396690963,0.012943327599127011,0.013519014387020434,0.012525674811649878,0.013022344599335156
29,17,3,0.011687719457207398,0.01135444292125006,0.011521081189228727,0.01176317435083547,0.01053827829769034,0.011150726324262904
29,18,3,0.016350554522568925,0.016973191427647787,0.01666187297510836,0.01891491221922479,0.018081922808050876,0.018498417513637833
29,19,3,0.012941677773951216,0.012712331359004262,0.012827004566477741,0.01345540129541405,0.012481786402497618,0.012968593848955833
29,20,3,0.018161664775025583,0.018033051069687642,0.018097357922356613,0.01942158489691792,0.018247575222994784,0.018834580059956352
29,21,3,0.008709458969398535,0.009259141383146622,0.008984300176272579,0.009201791373607193,0.008290803581144247,0.008746297477375719
29,22,3,0.012832283623585758,0.013153921090740065,0.01299310235716291,0.013464226258747658,0.012544048218762783,0.01300413723875522
29,23,3,0.01675467700135111,0.0166903511760817,0.016722514088716407,0.018018923124770936,0.016834455456955767,0.01742668929086335
29,24,3,0.012711208088512648,0.012961342326487588,0.012836275207500117,0.013409334742209466,0.01241300526098712,0.012911170001598294
29,25,3,0.012677237287391563,0.012847052702738893,0.012762144995065228,0.013456930161737546,0.012466991914561732,0.012961961038149639
29,26,3,0.014707683489192885,0.014105520933071602,0.014406602211132241,0.015357459545003848,0.014303294089177142,0.014830376817090495
29,27,3,0.012472861530344895,0.012967536752580599,0.012720199141462748,0.013590517012380588,0.012495617418790062,0.013043067215585326
29,28,3,0.013100232634360507,0.012910280114541213,0.01300525637445086,0.013573602217547887,0.012351179399661304,0.012962390808604595
29,29,3,0.011861150787554682,0.011545338585498636,0.011703244686526658,0.011991983408989881,0.010698063483869192,0.011345023446429537
29,30,3,0.01816925080837185,0.018597052924208882,0.018383151866290366,0.020352998936141377,0.019303357363241958,0.019828178149691667
29,31,3,0.013566634795968943,0.01326982665787,0.013418230726919472,0.01418521750247237,0.01316068589585484,0.013672951699163605
30,0,2,0.013051000192776385,0.013011156399230117,0.013031078296003251,0.013500893415039173,0.012896353917255965,0.013198623666147569
30,1,2,0.012599305890125834,0.01264742622937547,0.012623366059750653,0.01303817564377141,0.012581616645320537,0.012809896144545974
30,2,2,0.012542104591193492,0.012808837833158292,0.012675471212175892,0.013095759802945394,0.0126321395134255,0.012863949658185447
30,3,2,0.012546503290479905,0.012774561879032831,0.012660532584756367,0.013070490328027517,0.012697451325303177,0.012883970826665347
30,4,2,0.012833306361892484,0.01273374350736276,0.012783524934627621,0.013250457995081889,0.012834250305672867,0.013042354150377378
30,5,2,0.012596835497140546,0.012839806697729727,0.012718321097435138,0.013168049991554654,0.012780242518056184,0.012974146254805419
30,6,2,0.012647907690950432,0.01266962789359809,0.012658767792274261,0.013022198839666998,0.012615211146112415,0.012818704992889706
30,7,2,0.012658821441812053,0.012673117226606932,0.012665969334209493,0.013127699161100282,0.012674816345315776,0.01290125775320803
30,8,2,0.017512985593293708,0.01769684575283463,0.01760491567306417,0.018872531980014172,0.018600612036243545,0.01873657200812886
30,9,2,0.015684421714831843,0.01613168763718704,0.01590805467600944,0.01665494761273294,0.016640192120041773,0.01664756986638736
30,10,2,0.007837878000304953,0.008938271118063314,0.008388074559184134,0.007958298676749109,0.007860250768771948,0.00790927472276053
30,11,2,0.0161006637020364,0.016975652586887692,0.016538158144462044,0.017680285427559284,0.017502380599671595,0.01759133301361544
30,12,2,0.012799287159987217,0.012905765680693548,0.012852526420340382,0.013093963114427254,0.012597491948508833,0.012845727531468044
30,13,2,0.01259553933698072,0.01277380278771716,0.01268467106234894,0.013082848490580546,0.012724397096508255,0.0129036227935444
30,14,2,0.012377224826398959,0.01280553904067574,0.012591381933537349,0.013044959424451007,0.012662138335144846,0.012853548879797927
30,15,2,0.012765868208839492,0.012783406442871126,0.01277463732585531,0.013064036931473311,0.012716387997443235,0.012890212464458272
30,16,2,0.013831338773002244,0.014080213109215834,0.01395577594110904,0.013550118110651965,0.013279759408578683,0.013414938759615323
30,17,2,0.012608294298587452,0.012826258710435922,0.012717276504511687,0.01304924882215346,0.012647891484755291,0.012848570153454374
30,18,2,0.01282851672419838,0.012635485566897843,0.012732001145548111,0.013086596487903534,0.012696224127057575,0.012891410307480554
30,19,2,0.012538604734118053,0.012640863065456642,0.012589733899787348,0.013081170567897971,0.012590181632072017,0.012835676099984993
30,20,2,0.013702584188655463,0.013751685414331406,0.013727134801493434,0.013683747895555598,0.01334496246765866,0.013514355181607129
30,21,2,0.01288317422814771,0.01287184689796277,0.01287751056305524,0.013110877812175658,0.012739224834317043,0.01292505132324635
30,22,2,0.012696751455393951,0.012819542071611068,0.01275814676350251,0.01310862468378673,0.012742237993495564,0.012925431338641147
30,23,2,0.011624584692242479,0.012583038650109301,0.012103811671175892,0.012960232677869499,0.012529507778208427,0.012744870228038963
30,24,2,0.014170450294363946,0.013595318783768563,0.013882884539066253,0.013913548448317669,0.013462392003205537,0.013687970225761603
30,25,2,0.012998921255802997,0.014708113822206315,0.013853517539004656,0.013632241613686346,0.013687777969687431,0.013660009791686889
30,26,2,0.01671358184762539,0.016187265625777058,0.016450423736701223,0.016982745430709656,0.016618616144387487,0.016800680787548573
30,27,2,0.013525705629490403,0.013320073463762582,0.013422889546626493,0.014718645653647399,0.014182188881898128,0.014450417267772762
30,28,2,0.017942002787708588,0.017820426692196634,0.017881214739952613,0.018361509784517692,0.01799680216518027,0.01817915597484898
30,29,2,0.012501940323124927,0.01231885678696063,0.012410398555042779,0.01286516487963354,0.01230000060504608,0.01258258274233981
30,30,2,0.02053326630957599,0.020628459174486125,0.02058086274203106,0.02053434621643646,0.020398326206213825,0.020466336211325143
30,31,2,0.03169767282861358,0.03226689299281134,0.03198228291071245,0.029549808123556433,0.029463126948940044,0.02950646753624824
31,0,1,0.01000273721638223,0.010301846936226867,0.010152292076304548,0.009449469779883656,0.009390979214003892,0.009420224496943774
31,1,1,0.01414560486209666,0.014603212788915697,0.014374408825506179,0.014870407848775358,0.014815858878046128,0.014843133363410744
31,2,1,0.01907699022244742,0.019607243831706,0.019342117027076708,0.021572546209790745,0.021455630419950467,0.021514088314870606
31,3,1,0.01216726682805529,0.012867051696784416,0.012517159262419853,0.012784763713398206,0.012692219346718048,0.012738491530058127
31,4,1,0.012742036389931854,0.01290614620074848,0.012824091295340168,0.012909208061046229,0.012749667656841268,0.012829437858943749
31,5,1,0.012687171524930818,0.013315357844669506,0.013001264684800163,0.012896531010272837,0.012787494685676392,0.012842012847974614
31,6,1,0.01997742197927437,0.019769085302459643,0.019873253640867006,0.018453392306582828,0.01824875962920487,0.01835107596789385
31,7,1,0.012638274025266582,0.013370396221539238,0.01300433512340291,0.012511043705637803,0.012542444399096552,0.012526744052367178
31,8,1,0.01211833576492154,0.012881065264029701,0.01249970051447562,0.012751520959955086,0.012489325849557531,0.012620423404756309
31,9,1,0.015048216865761788,0.01543920510927137,0.01524371098751658,0.016337332989405696,0.016479521902510896,0.016408427445958294
31,10,1,0.012941036126949256,0.013215132412506136,0.013078084269727695,0.013376816157597204,0.013398046831287046,0.013387431494442124
31,11,1,0.01235152042363552,0.012998473475090578,0.012674996949363049,0.0129014290448481,0.0128757947556295,0.0128886119002388
31,12,1,0.013031369422549233,0.013537320025466214,0.013284344724007724,0.012731740975743833,0.012781057534084539,0.012756399254914185
31,13,1,0.012099477567016948,0.01284582395688858,0.012472650761952763,0.013105029686261104,0.013161684307260658,0.013133356996760881
31,14,1,0.01507572221735245,0.01597255339179071,0.01552413780457158,0.015262925176921271,0.015339057951882751,0.015300991564402011
31,15,1,0.01423103939223438,0.01341481261924855,0.013822926005741466,0.01378542559973539,0.013712489026579533,0.013748957313157461
31,16,1,0.015494955089661745,0.014878538431185006,0.015186746760423375,0.013595677371085912,0.013513277916115386,0.013554477643600649
31,17,1,0.013016147231496689,0.013442568262280474,0.013229357746888581,0.013829520994431733,0.013405754620981725,0.01361763780770673
31,18,1,0.01728845089837705,0.018082759947014894,0.017685605422695972,0.015364128933288156,0.015490765542381268,0.015427447237834712
31,19,1,0.01298964673469527,0.012877342900674193,0.012933494817684733,0.014272925361910892,0.014007601837192851,0.014140263599551872
31,20,1,0.012688228172464733,0.013018109066706529,0.012853168619585631,0.013023371255110305,0.01298486083987882,0.013004116047494563
31,21,1,0.013888628412314575,0.014303449594399354,0.014096039003356965,0.013879131366269348,0.013567766000028314,0.013723448683148832
31,22,1,0.016810189210480074,0.01614099730650196,0.016475593258491017,0.014555809744456383,0.014329725197904963,0.014442767471180673
31,23,1,0.012633819203165331,0.012948027047923461,0.012790923125544397,0.013169469276590462,0.012977620919878063,0.013073545098234263
31,24,1,0.01564265812130543,0.015532053833157988,0.01558735597723171,0.01562930116710959,0.01584056031506407,0.01573493074108683
31,25,1,0.003672974517394323,0.0039860269575001436,0.003829500737447233,0.004516572845750489,0.004397869090553286,0.004457220968151887
31,26,1,0.019342467940805363,0.02018087938996018,0.01976167366538277,0.019364012578625987,0.019740231559990207,0.0195521220693081
31,27,1,0.017461123051907633,0.018666399186804482,0.018063761119356057,0.01697862351020376,0.01695680083703337,0.016967712173618567
31,28,1,0.012342800476289995,0.013279863111984013,0.012811331794137005,0.012966364198790358,0.012959908224729588,0.012963136211759974
31,29,1,0.012763584683261798,0.012989533454674528,0.012876559068968164,0.012902250928982539,0.012927554335817604,0.012914902632400072
31,30,1,0.012253000639611855,0.01284545738142242,0.012549229010517138,0.012733911525708663,0.012872776624254812,0.012803344074981737
31,31,1,0.012804425508511486,0.012923714927455875,0.012864070217983681,0.012948491663610184,0.012929225686366407,0.012938858674988295
32,0,0,nan,nan,nan,0.027079206375492503,0.027636173614882863,0.027357689995187683
32,1,0,nan,nan,nan,0.016250083767590694,0.016370904304494616,0.016310494036042657
32,2,0,nan,nan,nan,0.005180191472391016,0.004753363920644915,0.004966777696517965
32,3,0,nan,nan,nan,0.015511683615113726,0.015870434260796172,0.01569105893795495
32,4,0,nan,nan,nan,0.012786240522586922,0.013353617383779692,0.013069928953183308
32,5,0,nan,nan,nan,0.022381445138034906,0.019554781402257505,0.020968113270146208
32,6,0,nan,nan,nan,0.019479225056966244,0.02004905167977995,0.019764138368373096
32,7,0,nan,nan,nan,0.020780132652726026,0.021999007687190895,0.02138957016995846
32,8,0,nan,nan,nan,0.012169681124578346,0.013182349208682354,0.01267601516663035
32,9,0,nan,nan,nan,0.012509698025985472,0.012820743399618095,0.012665220712801784
32,10,0,nan,nan,nan,0.01260054717672574,0.013065313947572576,0.012832930562149158
32,11,0,nan,nan,nan,0.012394649139241664,0.012892125494926177,0.01264338731708392
32,12,0,nan,nan,nan,0.01264647659027105,0.013166314746376884,0.012906395668323967
32,13,0,nan,nan,nan,0.012674737675115465,0.013014724740173733,0.0128447312076446
32,14,0,nan,nan,nan,0.01138875096226002,0.01314996585733752,0.012269358409798769
32,15,0,nan,nan,nan,0.01302571096164229,0.013447085145185157,0.013236398053413723
32,16,0,nan,nan,nan,0.012416621982538345,0.012814300987201932,0.012615461484870139
32,17,0,nan,nan,nan,0.012465045442331757,0.012994309562225225,0.012729677502278491
32,18,0,nan,nan,nan,0.012761030153978937,0.01310617772887781,0.012933603941428375
32,19,0,nan,nan,nan,0.01242916055753085,0.012921000613346223,0.012675080585438536
32,20,0,nan,nan,nan,0.01310700648737111,0.013605310525417736,0.013356158506394423
32,21,0,nan,nan,nan,0.01242357017604263,0.012952260086865407,0.012687915131454019
32,22,0,nan,nan,nan,0.012726602208203985,0.013120787442767323,0.012923694825485655
32,23,0,nan,nan,nan,0.011841969783108652,0.011981043921605306,0.011911506852356979
32,24,0,nan,nan,nan,0.015412713145542512,0.01551073355317385,0.015461723349358181
32,25,0,nan,nan,nan,0.008343185969533807,0.00950709535200076,0.008925140660767283
32,26,0,nan,nan,nan,0.014936180738544635,0.015385987719014338,0.015161084228779487
32,27,0,nan,nan,nan,0.011839460250553203,0.012452708059026919,0.01214608415479006
32,28,0,nan,nan,nan,0.013235432784904333,0.014006145862185803,0.013620789323545067
32,29,0,nan,nan,nan,0.012216404723540108,0.012648065948087605,0.012432235335813856
32,30,0,nan,nan,nan,0.013164717817667792,0.01393023376040219,0.01354747578903499
32,31,0,nan,nan,nan,0.01652125000832143,0.016076606532351434,0.01629892827033643
