layer,head,patched_logit_difference,indirect_effect,normalized_restoration,c_to_b_patched_logit_difference,c_to_b_indirect_effect,c_to_b_normalized_restoration,indirect_effect_difference_a_minus_c
0,0,2.1643614783653846,-0.0018013822115384615,-0.02095517090035016,2.1630288461538463,-0.003134014423076923,0.0015394857888987384,0.0013326322115384613
0,1,2.164490685096154,-0.0016721754807692308,-0.03779306007428652,2.1649849759615383,-0.0011778846153846158,-0.001109699266232572,-0.0004942908653846153
0,2,2.1640594951923076,-0.0021033653846153845,-0.0702836664234677,2.164465144230769,-0.0016977163461538453,-0.0019635962544153024,-0.00040564903846153805
0,3,2.169923377403846,0.003760516826923077,-0.12779796575151112,2.170294471153846,0.004131610576923077,-0.004387609094252396,-0.00037109375000000006
0,4,2.166712740384616,0.0005498798076923082,-0.04475702654981702,2.1655003004807694,-0.0006625600961538458,0.0016169320415618039,0.0012124399038461538
0,5,2.16408203125,-0.002080829326923077,-0.05802018835536585,2.164262319711539,-0.0019005408653846158,0.0007012136828508424,-0.0001802884615384619
0,6,2.1676727764423074,0.0015099158653846159,-0.02188419399961465,2.165270432692308,-0.0008924278846153847,-0.0010294401385731165,0.0024023437499999995
0,7,2.1666676682692305,0.0005048076923076923,-0.046049313507672045,2.1638311298076927,-0.002331730769230769,0.0014557781296407216,0.0028365384615384615
0,8,2.1627208533653848,-0.0034420072115384616,-0.04051646439997179,2.1650165264423076,-0.0011463341346153847,0.0011747279121588161,-0.0022956730769230767
0,9,2.1656881009615385,-0.0004747596153846156,-0.04352446523134397,2.1642052283653848,-0.0019576322115384616,0.0016936496009529259,0.0014828725961538462
0,10,2.164657451923077,-0.0015054086538461536,-0.014154044810879023,2.163805588942308,-0.0023572716346153847,0.0016487123667844918,0.0008518629807692307
0,11,2.167548076923077,0.0013852163461538461,-0.036164641346061815,2.163740985576923,-0.002421875000000001,0.00032462281105750756,0.003807091346153846
0,12,2.1644771634615387,-0.0016856971153846152,-0.03617336202418385,2.166335637019231,0.00017277644230769248,-0.001360302205614794,-0.0018584735576923077
0,13,2.164972956730769,-0.0011899038461538462,-0.02346570082602546,2.164679987980769,-0.0014828725961538462,0.0005536327233843704,0.0002929687500000001
0,14,2.1639678485576925,-0.0021950120192307694,-0.049137817134869415,2.165615985576923,-0.000546875,0.0011389594258031553,-0.0016481370192307691
0,15,2.1662830528846153,0.00012019230769230759,-0.030246086789105647,2.1655258413461542,-0.0006370192307692307,0.0004316495530493562,0.0007572115384615386
0,16,2.1648873197115384,-0.001275540865384615,-0.03176167111997137,2.1638356370192313,-0.0023272235576923075,-0.0010748008165067863,0.0010516826923076923
0,17,2.1659420072115387,-0.00022085336538461557,-0.03463961086637582,2.1653335336538464,-0.0008293269230769231,-0.0002572103331294751,0.0006084735576923076
0,18,2.165395132211539,-0.0007677283653846153,-0.044044584024917566,2.1653605769230766,-0.000802283653846154,-0.0010430081126515433,3.455528846153831e-05
0,19,2.1650540865384613,-0.0011087740384615387,-0.0375770798638599,2.1646289062500004,-0.0015339543269230769,0.0018929108707108236,0.0004251802884615384
0,20,2.165285456730769,-0.0008774038461538461,-0.050218528494230204,2.163661358173077,-0.0025015024038461536,0.00059671360184157,0.0016240985576923073
0,21,2.163234675480769,-0.0029281850961538464,-0.06512076324107409,2.1626487379807693,-0.0035141225961538456,0.0003693424269972123,0.0005859375
0,22,2.1655063100961542,-0.0006565504807692308,-0.035268221546643226,2.164797175480769,-0.0013656850961538461,-0.0014017518305490476,0.0007091346153846155
0,23,2.1625946514423076,-0.003568209134615385,-0.027800076120566605,2.165051081730769,-0.001111778846153846,5.4657396469123924e-05,-0.0024564302884615384
0,24,2.1701953125,0.0040324519230769225,0.026230756331528327,2.141524939903846,-0.024637920673076925,0.007460663314009319,0.02867037259615384
0,25,2.1658984375,-0.000264423076923077,-0.04072980712318339,2.166382211538462,0.0002193509615384615,-0.0015823687878295857,-0.0004837740384615386
0,26,2.164064002403846,-0.0020988581730769225,-0.04023138888632833,2.165857872596154,-0.0003049879807692311,0.0015036587029802113,-0.0017938701923076925
0,27,2.1654432091346156,-0.0007196514423076922,-0.0289345699250646,2.163832632211538,-0.0023302283653846155,-0.0005433218015203369,0.0016105769230769233
0,28,2.1649819711538463,-0.001180889423076923,-0.026884713756098657,2.16591796875,-0.00024489182692307647,-0.001362727163695987,-0.0009359975961538461
0,29,2.1656009615384613,-0.0005618990384615382,-0.02821741768519368,2.1664678485576925,0.000304987980769231,0.0006022543531516381,-0.0008668870192307693
0,30,2.1635982572115386,-0.002564603365384616,-0.04250531445837319,2.165013521634615,-0.0011493389423076923,0.0024517484961347415,-0.0014152644230769234
0,31,2.1650916466346155,-0.0010712139423076927,-0.02384851683531267,2.1650390625,-0.001123798076923077,-0.0005356837522258452,5.2584134615384456e-05
1,0,2.1655123197115387,-0.0006505408653846155,-0.037832187191468664,2.163341346153846,-0.0028215144230769227,0.0013484777510724209,0.002170973557692308
1,1,2.1643314302884615,-0.001831430288461538,-0.03268481264796934,2.164349459134615,-0.0018134014423076925,-0.0009348239519418425,-1.802884615384641e-05
1,2,2.164508713942308,-0.001654146634615385,-0.03590657152944595,2.1644411057692308,-0.0017217548076923076,0.0012373915624626372,6.760817307692297e-05
1,3,2.164520733173077,-0.0016421274038461544,-0.023268666954893134,2.165730168269231,-0.00043269230769230765,-0.0015587962259498835,-0.0012094350961538462
1,4,2.1629296875,-0.0032331730769230766,-0.04995736861675554,2.163503605769231,-0.002659254807692308,-0.00031228933674317663,-0.0005739182692307691
1,5,2.1638777043269233,-0.0022851562500000003,-0.048864758965498294,2.1653170072115384,-0.0008458533653846154,0.000584144439167182,-0.0014393028846153844
1,6,2.1652674278846153,-0.0008954326923076923,-0.0456748211182244,2.163985877403846,-0.002176983173076923,-9.80908306459543e-05,0.0012815504807692304
1,7,2.165246394230769,-0.0009164663461538463,-0.04270567938590148,2.164379507211538,-0.0017833533653846155,0.0009050257022974827,0.0008668870192307694
1,8,2.1651171875000004,-0.001045673076923077,-0.06310913854634076,2.164390024038462,-0.001772836538461538,0.0017479499119100244,0.0007271634615384617
1,9,2.1650555889423075,-0.001107271634615385,-0.03270687513412842,2.1654957932692303,-0.0006670673076923075,0.0001239215871751436,-0.0004402043269230767
1,10,2.163527644230769,-0.002635216346153846,-0.04228577077254432,2.1649879807692307,-0.0011748798076923078,0.0016681789922769218,-0.0014603365384615388
1,11,2.164906850961539,-0.0012560096153846154,-0.0337374327024262,2.1657421875,-0.00042067307692307727,0.0020281279004306122,-0.0008353365384615384
1,12,2.1655498798076924,-0.0006129807692307693,-0.03454884986572286,2.164220252403846,-0.0019426081730769232,-0.0018685931773593533,0.0013296274038461541
1,13,2.1660111177884613,-0.00015174278846153858,-0.021697861599596427,2.16482421875,-0.0013386418269230771,0.0006441516937662615,0.0011868990384615386
1,14,2.1652373798076923,-0.000925480769230769,-0.01816011256256455,2.1645958533653844,-0.0015670072115384617,-0.0013081320170563449,0.0006415264423076924
1,15,2.1634149639423077,-0.0027478966346153847,-0.0338000760874425,2.1646754807692306,-0.0014873798076923078,-0.0006349570885378055,-0.0012605168269230773
1,16,2.1644606370192307,-0.0017022235576923076,-0.03159983548080743,2.165069110576923,-0.00109375,0.0009537443466842142,-0.0006084735576923075
1,17,2.1633984374999997,-0.0027644230769230766,-0.03436745119661045,2.1627989783653847,-0.003363882211538461,0.00023985466483505968,0.0005994591346153851
1,18,2.1682767427884615,0.0021138822115384613,-0.037082055440507515,2.167010216346154,0.0008473557692307688,-9.248087436953588e-05,0.001266526442307692
1,19,2.1653771033653846,-0.0007857572115384615,-0.0485033947951029,2.1658037860576926,-0.00035907451923076914,-0.00015225718976335042,-0.0004266826923076923
1,20,2.1647250600961536,-0.001437800480769231,-0.05160193631209559,2.163909254807692,-0.002253605769230769,-0.0007945153826801891,0.0008158052884615388
1,21,2.1647716346153847,-0.0013912259615384618,-0.018367241564778918,2.1637214543269234,-0.00244140625,0.0020401271826725343,0.0010501802884615382
1,22,2.1656174879807693,-0.0005453725961538459,-0.05256166109230353,2.164881310096154,-0.0012815504807692304,-0.000602271500004826,0.0007361778846153847
1,23,2.165557391826923,-0.0006054687500000001,-0.04719579365639294,2.1620688100961543,-0.004094050480769231,0.001724685045811902,0.0034885817307692304
1,24,2.162255108173077,-0.003907752403846154,-0.024008075618027282,2.1622776442307696,-0.0038852163461538455,0.0007571206050455534,-2.2536057692307694e-05
1,25,2.1618269230769234,-0.0043359375,-0.047761839910084446,2.1642067307692305,-0.0019561298076923076,7.00771773363689e-05,-0.002379807692307693
1,26,2.164164663461538,-0.0019981971153846152,-0.0440503417905886,2.16673828125,0.0005754206730769232,-0.002449417556202946,-0.0025736177884615385
1,27,2.166143329326923,-1.953125000000012e-05,-0.022379357886319742,2.165552884615385,-0.0006099759615384613,0.0015435039033799144,0.0005904447115384617
1,28,2.1650856370192306,-0.001077223557692308,-0.04060113460984896,2.162615685096154,-0.0035471754807692305,0.000614465984714537,0.0024699519230769224
1,29,2.1646078725961537,-0.0015549879807692307,-0.03233892780080296,2.164268329326923,-0.0018945312499999997,-0.0003321482554094052,0.00033954326923076923
1,30,2.1694651442307693,0.0033022836538461543,-0.04878012418718169,2.166284555288462,0.00012169471153846156,0.0004952848807590734,0.003180588942307692
1,31,2.160763221153846,-0.005399639423076923,-0.026314900351974847,2.1668239182692304,0.0006610576923076923,0.0022298618457094184,-0.006060697115384615
2,0,2.166020132211538,-0.00014272836538461545,-0.04058421589701872,2.1648091947115384,-0.0013536658653846153,-0.0008991117843672176,0.0012109375
2,1,2.1647325721153843,-0.0014302884615384614,-0.043115248893326644,2.1649639423076925,-0.0011989182692307694,0.0006010679749593253,-0.0002313701923076923
2,2,2.169734074519231,0.003571213942307692,-0.022438137431982585,2.1657872596153847,-0.0003756009615384611,-0.001266832614447638,0.003946814903846155
2,3,2.1656054687500004,-0.0005573918269230769,-0.037437228934650284,2.1632421875,-0.0029206730769230768,-0.0009472827419122384,0.0023632812500000004
2,4,2.1657512019230767,-0.00041165865384615384,-0.0374517058369499,2.16484375,-0.001319110576923077,0.0013168575575672233,0.0009074519230769229
2,5,2.1642683293269234,-0.00189453125,-0.061162889909026005,2.1644471153846156,-0.0017157451923076922,0.0016714656473737599,-0.00017878605769230756
2,6,2.1656535456730768,-0.0005093149038461538,-0.010947425420132322,2.1649879807692303,-0.0011748798076923076,0.0008536884189726281,0.0006655649038461537
2,7,2.165114182692307,-0.0010486778846153849,-0.043672727952267065,2.164134615384615,-0.0020282451923076925,0.001226426906872569,0.0009795673076923078
2,8,2.1663281249999997,0.0001652644230769233,-0.02327862064147071,2.165563401442308,-0.0005994591346153838,0.0006767743599258711,0.0007647235576923088
2,9,2.1660486778846155,-0.00011418269230769222,-0.028737581246519043,2.1635336538461543,-0.002629206730769231,-0.00043485836048715926,0.0025150240384615385
2,10,2.1649819711538463,-0.0011808894230769234,-0.026066908029115227,2.165123197115385,-0.0010396634615384619,-0.001460785335181392,-0.00014122596153846157
2,11,2.165106670673077,-0.0010561899038461543,-0.032509071812716776,2.164376502403846,-0.001786358173076923,-0.000307592659677972,0.0007301682692307691
2,12,2.1642578125,-0.0019050480769230772,-0.04973286763049618,2.165025540865385,-0.0011373197115384615,0.0017168906572832732,-0.0007677283653846153
2,13,2.165009014423077,-0.001153846153846154,-0.037863637908418325,2.1652013221153847,-0.0009615384615384614,-0.00027363937317082914,-0.00019230769230769225
2,14,2.164815204326923,-0.0013476562500000001,-0.04425878970853909,2.164529747596154,-0.001633112980769231,-0.001444256391459273,0.00028545673076923073
2,15,2.1652088341346154,-0.0009540264423076922,-0.045838544488972954,2.1642863581730767,-0.001876502403846154,-0.0007065774664243618,0.0009224759615384617
2,16,2.1648407451923077,-0.0013221153846153851,-0.039596088169690555,2.1643870192307695,-0.0017758413461538465,0.002643107612724633,0.00045372596153846136
2,17,2.1647400841346154,-0.0014227764423076924,-0.03707271753361584,2.165051081730769,-0.001111778846153846,0.0010444952341980116,-0.00031099759615384626
2,18,2.1639197716346152,-0.0022430889423076922,-0.054289422489644974,2.164444110576923,-0.0017187499999999996,0.0018199788635646472,-0.0005243389423076925
2,19,2.1657767427884616,-0.0003861177884615382,-0.029749699508198807,2.162444411057692,-0.003718449519230769,-0.0004677118203197391,0.0033323317307692307
2,20,2.163973858173077,-0.002189002403846154,-0.03992499268782014,2.1668524639423077,0.0006896033653846156,-0.000769637538555562,-0.0028786057692307696
2,21,2.1655664062499995,-0.0005964543269230772,-0.026487971068022656,2.1654642427884614,-0.0006986177884615384,-0.0007200290268468319,0.00010216346153846147
2,22,2.1639993990384614,-0.0021634615384615386,-0.03704064263904461,2.165380108173077,-0.0007827524038461538,-0.0006067913782667964,-0.0013807091346153843
2,23,2.1645853365384613,-0.0015775240384615385,-0.039904503390561195,2.1648527644230766,-0.0013100961538461539,-0.0005112676875633275,-0.0002674278846153848
2,24,2.164852764423077,-0.0013100961538461537,-0.04792946065937122,2.1648302283653846,-0.0013326322115384613,-0.0013442117115400123,2.2536057692307612e-05
2,25,2.164317908653846,-0.0018449519230769233,-0.03839376108582618,2.165115685096154,-0.0010471754807692306,-0.0007278005221187651,-0.0007977764423076925
2,26,2.164753605769231,-0.001409254807692308,-0.03464202171482731,2.1659645432692307,-0.00019831730769230796,-0.0018734020111370923,-0.0012109375
2,27,2.163524639423077,-0.002638221153846154,-0.032437754132765124,2.1656069711538466,-0.0005558894230769232,-0.0011709626360804388,-0.0020823317307692305
2,28,2.164881310096154,-0.0012815504807692309,-0.032561923523264424,2.1646439302884617,-0.0015189302884615384,-0.00030283855920445915,0.00023737980769230786
2,29,2.166350661057692,0.0001878004807692305,-0.026383837141838902,2.1657496995192305,-0.0004131610576923079,-0.0014378989019445906,0.0006009615384615385
2,30,2.165353064903846,-0.0008097956730769228,-0.03836818128118206,2.1659374999999996,-0.00022536057692307683,-0.0020499280137096358,-0.0005844350961538465
2,31,2.1643028846153847,-0.0018599759615384622,-0.031153426892434635,2.1650465745192307,-0.0011162860576923075,-0.0011760283136036192,-0.0007436899038461537
3,0,2.165447716346154,-0.0007151442307692306,-0.03973907154279156,2.163467548076923,-0.0026953125000000002,0.0009513776645255787,0.0019801682692307692
3,1,2.1648768028846157,-0.0012860576923076925,-0.03781477313691877,2.1648888221153846,-0.0012740384615384617,-0.0011491361024487886,-1.2019230769230754e-05
3,2,2.165420673076923,-0.0007421875000000001,-0.03198959142593142,2.165576923076923,-0.0005859375,0.0012795327825180012,-0.00015624999999999973
3,3,2.165268930288462,-0.0008939302884615388,-0.053814934940982675,2.16466796875,-0.0014948918269230768,-0.0008352639500654067,0.0006009615384615386
3,4,2.1671619591346154,0.0009990985576923067,-0.013329183369269531,2.156568509615384,-0.00959435096153846,-0.001259754083654012,0.010593449519230767
3,5,2.1662830528846153,0.00012019230769230785,-0.029814983000643988,2.1662845552884615,0.00012169471153846177,-0.0011595758877004428,-1.5024038461537875e-06
3,6,2.1643524639423077,-0.0018103966346153847,-0.02780738569301099,2.1661298076923075,-3.3052884615384764e-05,0.0003005183601437003,-0.0017773437499999996
3,7,2.168981370192308,0.0028185096153846155,-0.029974915070325955,2.1618149038461536,-0.00434795673076923,-0.0005625083929188605,0.007166466346153846
3,8,2.1654326923076925,-0.0007301682692307696,-0.04938243084096179,2.164322415865385,-0.0018404447115384613,-0.00161380705000773,0.0011102764423076919
3,9,2.1657241586538456,-0.00043870192307692284,-0.042537416348051554,2.165085637019231,-0.0010772235576923077,-0.0006069259734602274,0.0006385216346153847
3,10,2.1650375600961542,-0.0011253004807692307,-0.03557212441782262,2.1622295673076923,-0.003933293269230769,0.0016615800765038052,0.002807992788461539
3,11,2.1647896634615384,-0.0013731971153846153,-0.04972769351638573,2.163701923076923,-0.0024609375,-0.0011339203443109706,0.0010877403846153847
3,12,2.1677554086538464,0.001592548076923077,-0.000993210144432213,2.163849158653846,-0.002313701923076923,-0.0008319712874583302,0.003906250000000001
3,13,2.16682842548077,0.0006655649038461538,-0.023740726909755375,2.1645387620192307,-0.0016240985576923077,0.0016762834582582013,0.0022896634615384615
3,14,2.170193810096154,0.004030949519230769,-0.02772005232122447,2.1600345552884614,-0.006128305288461538,0.003316510936809429,0.010159254807692308
3,15,2.166820913461538,0.0006580528846153843,-0.026907562780538446,2.158252704326923,-0.007910156249999998,0.002640156948975505,0.008568209134615383
3,16,2.165386117788462,-0.0007767427884615383,-0.029647788642949226,2.1644080528846152,-0.001754807692307692,-0.0005966068816799074,0.000978064903846154
3,17,2.1648557692307695,-0.001307091346153846,-0.026037176007851288,2.1653290264423077,-0.0008338341346153846,-0.0005134053750049002,-0.00047325721153846154
3,18,2.1668299278846153,0.0006670673076923075,-0.0369366495662239,2.16671875,0.0005558894230769229,-0.001744706933156865,0.0001111778846153847
3,19,2.1640895432692306,-0.0020733173076923077,-0.03694386984522782,2.1642172475961536,-0.0019456129807692304,0.0014690395489659323,-0.00012770432692307704
3,20,2.1656881009615385,-0.0004747596153846155,-0.03669746218271027,2.164592848557692,-0.0015700120192307695,0.0019478854610378328,0.0010952524038461537
3,21,2.1666271033653848,0.0004642427884615387,-0.045651124382140106,2.163640324519231,-0.0025225360576923072,0.0018325796755371522,0.0029867788461538465
3,22,2.172444411057693,0.006281550480769231,-0.03853372928401621,2.1584600360576918,-0.00770282451923077,0.003266600044629053,0.013984375
3,23,2.1606219951923076,-0.005540865384615384,-0.016083755707439473,2.1653350360576926,-0.0008278245192307696,0.00238204332051547,-0.004713040865384616
3,24,2.1665489783653844,0.00038611778846153847,-0.04477567607828297,2.163252704326923,-0.00291015625,-0.0008130221752611415,0.0032962740384615383
3,25,2.164568810096154,-0.001594050480769231,-0.03278597955215541,2.1647986778846153,-0.0013641826923076923,-0.0007845457295374068,-0.00022986778846153863
3,26,2.1662004206730767,3.756009615384599e-05,-0.03788779582882361,2.1654702524038463,-0.0006926081730769231,0.0007036959405883532,0.0007301682692307692
3,27,2.164676983173077,-0.001485877403846154,-0.029125551437793506,2.164725060096154,-0.001437800480769231,0.00019664221949843244,-4.807692307692294e-05
3,28,2.164920372596154,-0.0012424879807692308,-0.039051633509473244,2.1639032451923077,-0.0022596153846153847,0.0019624485653228067,0.001017127403846154
3,29,2.1671274038461537,0.0009645432692307691,-0.03552476045893456,2.1652028245192305,-0.0009600360576923077,0.00032776202798608507,0.0019245793269230768
3,30,2.166020132211538,-0.00014272836538461547,-0.05507482040722441,2.1634209735576926,-0.002741887019230769,-0.0011975544050829587,0.0025991586538461537
3,31,2.164747596153846,-0.0014152644230769232,-0.02755752116734626,2.164538762019231,-0.0016240985576923075,0.0012191006165517592,0.00020883413461538465
4,0,2.1649338942307694,-0.0012289663461538462,-0.03630006763990482,2.1654612379807694,-0.0007016225961538462,0.0010218459247144493,-0.0005273437499999999
4,1,2.1654296875,-0.0007331730769230772,-0.026479113940577448,2.1647986778846153,-0.0013641826923076925,0.0003073727054766766,0.000631009615384615
4,2,2.1664212740384614,0.00025841346153846156,-0.038304600796253314,2.166245492788462,8.263221153846154e-05,-0.0016332163525544121,0.00017578125000000005
4,3,2.164409555288461,-0.0017533052884615382,-0.02062551609288015,2.1651246995192306,-0.0010381610576923076,-0.0008866234600646255,-0.0007151442307692307
4,4,2.1650766225961537,-0.0010862379807692307,-0.02929787678869267,2.164944411057692,-0.0012184495192307692,0.0005042846206180428,0.00013221153846153838
4,5,2.1612920673076923,-0.004870793269230769,-0.006702944278590791,2.1665054086538458,0.00034254807692307753,-0.0015541737329566293,-0.005213341346153846
4,6,2.1665309495192306,0.0003680889423076922,-0.04114743450013668,2.163324819711539,-0.002838040865384616,-0.000711127678136734,0.0032061298076923074
4,7,2.1687560096153846,0.002593149038461539,-0.03961987122318939,2.1630649038461534,-0.0030979567307692305,0.0016355854402549947,0.0056911057692307695
4,8,2.1663341346153846,0.00017127403846153822,-0.04405441268479523,2.1627839543269225,-0.0033789062499999995,-0.000979655398837953,0.0035501802884615385
4,9,2.1673106971153846,0.0011478365384615383,-0.03334412624383829,2.1630078124999996,-0.003155048076923077,0.0021535489862702516,0.004302884615384615
4,10,2.165615985576923,-0.0005468749999999999,-0.04351662198022153,2.1667082331730776,0.0005453725961538461,-0.0013812563070388186,-0.0010922475961538463
4,11,2.1623046875,-0.0038581730769230763,0.008247481768931132,2.1701787860576918,0.00401592548076923,0.0003209642084823513,-0.007874098557692309
4,12,2.164045973557692,-0.002116887019230769,-0.018143356522723583,2.16337890625,-0.002783954326923077,0.0013467589123191085,0.0006670673076923076
4,13,2.16466796875,-0.0014948918269230768,-0.029787645276537045,2.165943509615385,-0.00021935096153846183,-0.0005390718461180768,-0.0012755408653846152
4,14,2.1651141826923075,-0.0010486778846153844,-0.017244188935189378,2.163993389423077,-0.0021694711538461538,-0.0010550444930206612,0.0011207932692307693
4,15,2.164935396634615,-0.0012274639423076926,-0.03580017057961023,2.165120192307693,-0.0010426682692307693,0.00037425292483636775,-0.00018479567307692308
4,16,2.1649263822115383,-0.0012364783653846156,-0.008393113839447694,2.164708533653846,-0.001454326923076923,-0.0003232307384610536,0.0002178485576923077
4,17,2.1638085937500002,-0.002354266826923077,-0.012208781573564538,2.165283954326923,-0.0008789062500000002,-0.001051324319359598,-0.0014753605769230768
4,18,2.164076021634615,-0.0020868389423076925,-0.03351347165514391,2.165262920673077,-0.0008999399038461538,-0.0009547783632862752,-0.0011868990384615386
4,19,2.165808293269231,-0.0003545673076923078,-0.04962969591782599,2.1645342548076925,-0.0016286057692307693,0.0009949398271705233,0.0012740384615384612
4,20,2.163829627403846,-0.002333233173076923,-0.03168532077641785,2.1655348557692307,-0.0006280048076923072,0.0011831516900536157,-0.0017052283653846152
4,21,2.1651397235576924,-0.0010231370192307695,-0.013221772955545108,2.1645492788461542,-0.0016135817307692305,0.000974553948417199,0.0005904447115384616
4,22,2.164738581730769,-0.0014242788461538464,-0.03307509179423349,2.1660471754807693,-0.00011568509615384609,-0.002269700646734697,-0.00130859375
4,23,2.166433293269231,0.00027043269230769254,-0.04463510036161432,2.163045372596154,-0.003117487980769231,-0.001784786427067415,0.0033879206730769236
4,24,2.1656971153846154,-0.0004657451923076924,-0.01851081397795879,2.1650721153846155,-0.0010907451923076923,0.0010035473924575942,0.0006249999999999999
4,25,2.164208233173077,-0.0019546274038461536,-0.033896489412640105,2.1631911057692306,-0.002971754807692308,-0.00026904590342921434,0.0010171274038461538
4,26,2.165730168269231,-0.00043269230769230787,-0.031664348822213445,2.1658533653846157,-0.0003094951923076924,0.0007313594191014707,-0.00012319711538461532
4,27,2.1643704927884615,-0.0017923677884615387,-0.038859061910350524,2.1641000600961537,-0.002062800480769231,-0.0009335897475684873,0.00027043269230769254
4,28,2.164233774038462,-0.0019290865384615386,-0.030580636355353494,2.164831730769231,-0.0013311298076923077,-0.0006293527941169326,-0.0005979567307692307
4,29,2.166290564903846,0.00012770432692307693,-0.017846285759848993,2.1647370793269225,-0.0014257812500000002,0.001780373538473518,0.0015534855769230767
4,30,2.165350060096154,-0.0008128004807692305,-0.03243548673256696,2.1663777043269237,0.00021484375000000006,-0.0020886145304711734,-0.0010276442307692304
4,31,2.164777644230769,-0.0013852163461538461,-0.03502072893567886,2.1656234975961537,-0.0005393629807692305,0.0008156119366933807,-0.0008458533653846153
5,0,2.165271935096154,-0.0008909254807692309,-0.004213524004566819,2.1637605168269234,-0.00240234375,0.0019848211873841745,0.0015114182692307692
5,1,2.166143329326923,-1.9531249999999956e-05,-0.044577394626054034,2.165154747596154,-0.0010081129807692306,0.0006862038531582589,0.000988581730769231
5,2,2.1646784855769226,-0.0014843750000000002,-0.024149635746346088,2.16595703125,-0.00020582932692307697,0.000927009812475224,-0.001278545673076923
5,3,2.1652599158653847,-0.0009029447115384615,-0.02188204718368719,2.1663281249999997,0.00016526442307692276,-0.0017203369538713784,-0.0010682091346153847
5,4,2.163455528846154,-0.0027073317307692306,-0.03456402099257549,2.1656971153846154,-0.00046574519230769233,-0.001286897724134533,-0.0022415865384615387
5,5,2.1652734375,-0.0008894230769230768,-0.03169307417237466,2.16705078125,0.0008879206730769232,-0.002088472118408339,-0.0017773437499999998
5,6,2.1647881610576922,-0.0013746995192307696,-0.03888615643997723,2.1665309495192306,0.0003680889423076921,0.0007441288664045012,-0.0017427884615384614
5,7,2.164728064903846,-0.001434795673076923,-0.038924798593511396,2.1656865985576923,-0.0004762620192307692,0.00022805945809810545,-0.000958533653846154
5,8,2.165350060096154,-0.0008128004807692304,-0.0511023883246562,2.1653125,-0.0008503605769230769,0.0010513843441850206,3.756009615384631e-05
5,9,2.166272536057692,0.00010967548076923094,-0.028050482992768046,2.165890925480769,-0.0002719350961538461,0.0007713968581218518,0.00038161057692307697
5,10,2.164959435096154,-0.001203425480769231,-0.05753978009282246,2.164848257211539,-0.0013146033653846155,-0.0002006621449694961,0.00011117788461538444
5,11,2.1655333533653844,-0.0006295072115384615,-0.03898750008044059,2.1658037860576926,-0.000359074519230769,0.0008751352035203609,-0.0002704326923076923
5,12,2.1660381610576924,-0.0001246995192307693,-0.032038482202360524,2.166198918269231,3.6057692307692555e-05,-0.002338721552589999,-0.00016075721153846153
5,13,2.165270432692308,-0.0008924278846153848,-0.025507685453135913,2.1657241586538456,-0.0004387019230769231,-0.0017547805432325534,-0.0004537259615384609
5,14,2.1637920673076922,-0.002370793269230769,-0.04609794040917232,2.1659104567307694,-0.0002524038461538461,-0.0012476025859280782,-0.002118389423076923
5,15,2.164699519230769,-0.001463341346153846,-0.03349791414949793,2.164275841346154,-0.0018870192307692305,-0.0011149454205946336,0.00042367788461538454
5,16,2.1685591947115386,0.0023963341346153848,-0.03362367631142788,2.165103665865385,-0.0010591947115384617,0.0008048769304084142,0.003455528846153846
5,17,2.166859975961539,0.0006971153846153845,-0.032217738548782494,2.1633503605769233,-0.0028125000000000008,0.002257000746165114,0.003509615384615385
5,18,2.1651006610576924,-0.0010621995192307693,-0.03599131887560714,2.165344050480769,-0.0008188100961538462,0.0001788038381412591,-0.00024338942307692313
5,19,2.1668870192307694,0.0007241586538461538,0.01655216795504813,2.171990685096154,0.00582782451923077,-0.003047296197423306,-0.005103665865384615
5,20,2.16494140625,-0.001221454326923077,-0.02862736686769533,2.165357572115384,-0.0008052884615384615,0.0006429723898868231,-0.0004161658653846154
5,21,2.164149639423077,-0.0020132211538461536,-0.01763604994998472,2.16537109375,-0.0007917668269230768,-0.0008986135043062194,-0.0012214543269230768
5,22,2.164783653846154,-0.0013792067307692307,-0.032247072045780596,2.165441706730769,-0.0007211538461538462,-0.0009522382466991303,-0.0006580528846153845
5,23,2.1650901442307697,-0.001072716346153846,-0.03578681316819467,2.165721153846154,-0.0004417067307692308,-0.002013973333857722,-0.0006310096153846156
5,24,2.165594951923077,-0.000567908653846154,-0.03647885345556015,2.1665609975961537,0.0003981370192307691,-0.0006373430217534266,-0.0009660456730769232
5,25,2.165048076923077,-0.0011147836538461537,-0.018555195411006812,2.1658458533653846,-0.00031700721153846156,-0.0005498996253983421,-0.0007977764423076925
5,26,2.1661102764423075,-5.2584134615384476e-05,-0.0437073897321008,2.166024639423077,-0.00013822115384615373,0.0007717866930238474,8.563701923076922e-05
5,27,2.1638115985576922,-0.002351262019230769,-0.037374214381784975,2.166900540865385,0.0007376802884615384,0.0016043457438327888,-0.003088942307692308
5,28,2.1655859375000004,-0.000576923076923077,-0.026965314502023763,2.1673407451923072,0.0011778846153846154,-0.0003989909486187851,-0.0017548076923076924
5,29,2.164921875,-0.001240985576923077,-0.04359564539022709,2.165997596153846,-0.00016526442307692309,-0.0018319044261443421,-0.0010757211538461537
5,30,2.1659645432692307,-0.0001983173076923076,-0.03253559426550722,2.166280048076923,0.00011718749999999996,-0.00048169033816832326,-0.0003155048076923077
5,31,2.166545973557692,0.00038311298076923076,-0.030139644501826948,2.1659990985576925,-0.00016376201923076932,0.0009985532572770578,0.0005468750000000002
6,0,2.1664693509615387,0.0003064903846153842,-0.015732453667590088,2.1642412860576923,-0.001921574519230769,-0.00044667364309419137,0.002228064903846154
6,1,2.165697115384616,-0.0004657451923076925,-0.024581205822032114,2.166017127403846,-0.00014573317307692318,-0.0009368373327124344,-0.0003200120192307695
6,2,2.166045673076923,-0.00011718750000000006,-0.044188004282259725,2.1654071514423077,-0.0007557091346153846,0.0006859190670438766,0.0006385216346153842
6,3,2.1644516225961543,-0.0017112379807692306,-0.023678590211131962,2.165979567307693,-0.00018329326923076928,-0.0015415041064822152,-0.0015279447115384619
6,4,2.1649489182692307,-0.0012139423076923076,-0.016781170458056546,2.1654026442307694,-0.0007602163461538462,0.0009833283698432625,-0.0004537259615384616
6,5,2.16572265625,-0.0004402043269230767,-0.02412110410100348,2.169060997596154,0.002898137019230769,0.0006101321592214787,-0.0033383413461538464
6,6,2.165545372596154,-0.0006174879807692307,-0.021135462067959233,2.1661117788461537,-5.108173076923091e-05,-0.001908474476546035,-0.0005664062500000001
6,7,2.1660682091346155,-9.465144230769242e-05,-0.04618022840074488,2.164248798076923,-0.0019140624999999997,0.0011431347422891074,0.0018194110576923077
6,8,2.1663251201923073,0.00016225961538461544,-0.018867466831869215,2.166705228365385,0.0005423677884615383,0.0007880689771647838,-0.00038010817307692295
6,9,2.1653846153846152,-0.0007782451923076922,-0.03903111713537972,2.1665264423076924,0.00036358173076923075,-0.00010588606401188916,-0.0011418269230769231
6,10,2.1664813701923076,0.0003185096153846152,-0.017540384078602433,2.1640534855769236,-0.002109375,0.0016315832763850154,0.002427884615384615
6,11,2.1637860576923074,-0.0023768028846153843,-0.033739734917616546,2.1641646634615386,-0.0019981971153846152,-0.0008035376598224578,-0.0003786057692307692
6,12,2.165051081730769,-0.001111778846153846,-0.031891418482500294,2.166271033653846,0.00010817307692307708,0.0012542576632838466,-0.001219951923076923
6,13,2.1649579326923076,-0.0012049278846153844,-0.020682312910696568,2.1647731370192305,-0.0013897235576923077,-0.0003921483195232545,0.00018479567307692294
6,14,2.164743088942308,-0.0014197716346153848,-0.02884528758592368,2.1652178485576923,-0.0009450120192307693,0.0010285160807904665,-0.00047475961538461566
6,15,2.1662304687500002,6.760817307692308e-05,-0.023389699472565206,2.1670537860576924,0.0008909254807692307,0.0014660157213707713,-0.0008233173076923076
6,16,2.166102764423077,-6.009615384615363e-05,-0.0332176860954461,2.1653620793269233,-0.0008007812499999997,-0.0008554657415092453,0.0007406850961538464
6,17,2.165739182692308,-0.00042367788461538465,-0.02604780537425852,2.166134314903846,-2.8545673076922948e-05,0.00041023947775062694,-0.0003951322115384616
6,18,2.1665384615384613,0.00037560096153846194,-0.04557246774036191,2.1675165264423075,0.0013536658653846153,-0.0008236042039453369,-0.000978064903846154
6,19,2.1651652644230763,-0.0009975961538461542,-0.03740165953260893,2.165225360576923,-0.0009375000000000001,-0.0010208913092902437,-6.009615384615385e-05
6,20,2.167146935096154,0.0009840745192307692,-0.03626636861067723,2.1657782451923078,-0.0003846153846153845,0.000961912625981684,0.0013686899038461541
6,21,2.1628455528846153,-0.0033173076923076923,-0.030407993065132123,2.1674864783653844,0.0013236177884615376,-0.0017604271511778302,-0.004640925480769231
6,22,2.166802884615385,0.0006400240384615385,-0.0297837146782892,2.1616902043269226,-0.004472656250000001,0.0010085889890250515,0.005112680288461539
6,23,2.165916466346154,-0.0002463942307692304,-0.04560035262263706,2.1656054687500004,-0.0005573918269230771,-0.0014155570510342628,0.0003109975961538467
6,24,2.1660426682692306,-0.00012019230769230748,-0.041807487242485744,2.165818810096154,-0.0003440504807692309,0.0006590590703947572,0.0002238581730769231
6,25,2.1669020432692307,0.0007391826923076925,-0.04681641517994378,2.166612079326923,0.00044921874999999997,0.0008890672199239714,0.0002899639423076923
6,26,2.165625,-0.0005378605769230766,-0.015737127287935134,2.1651262019230773,-0.0010366586538461538,0.0015598168650274545,0.0004987980769230772
6,27,2.1652914663461535,-0.0008713942307692308,-0.011947146871838357,2.165772235576923,-0.0003906249999999999,0.00014170767723904496,-0.0004807692307692306
6,28,2.1663055889423077,0.00014272836538461534,-0.028941737331700385,2.16650390625,0.000341045673076923,0.0010633477582277168,-0.00019831730769230736
6,29,2.164540264423077,-0.001622596153846154,-0.03405108842715278,2.166014122596154,-0.00014873798076923074,-0.0013741224638621089,-0.001473858173076923
6,30,2.1648677884615384,-0.001295072115384615,-0.026478038355095226,2.165923978365385,-0.0002388822115384613,0.0009124861995775772,-0.0010561899038461539
6,31,2.16431640625,-0.001846454326923077,-0.02647050776211243,2.163805588942308,-0.0023572716346153847,0.0007861328099910661,0.0005108173076923077
7,0,2.1669396033653845,0.0007767427884615383,-0.04512994991112152,2.166533954326923,0.00037109375000000017,-0.0018976293866800901,0.00040564903846153805
7,1,2.1651322115384617,-0.0010306490384615389,-0.03305426706151162,2.167414362980769,0.0012515024038461538,-0.0014224883656390667,-0.0022821514423076923
7,2,2.165552884615385,-0.0006099759615384618,-0.03289361989257805,2.164861778846154,-0.0013010817307692313,0.0016194961346722278,0.0006911057692307693
7,3,2.1653425480769233,-0.0008203124999999999,-0.041526505495823034,2.164812199519231,-0.0013506610576923077,-0.0005766045168564026,0.000530348557692308
7,4,2.1662560096153847,9.31490384615385e-05,-0.02438090437266032,2.1642472956730767,-0.0019155649038461538,3.671789837585106e-05,0.0020087139423076916
7,5,2.162684795673077,-0.0034780649038461536,-0.030512572900791027,2.1655603966346155,-0.0006024639423076922,0.0010074289254163877,-0.002875600961538462
7,6,2.1659780649038463,-0.0001847956730769233,-0.03802685106448203,2.1670012019230764,0.000838341346153846,-0.0006518174418367018,-0.0010231370192307695
7,7,2.168040865384615,0.001878004807692308,-0.023287444324159162,2.164872295673077,-0.001290564903846154,0.001262307237757364,0.003168569711538462
7,8,2.164978966346154,-0.0011838942307692312,-0.04624476097907403,2.1647115384615385,-0.0014513221153846158,0.0012284037951669393,0.0002674278846153847
7,9,2.1651953125000003,-0.000967548076923077,-0.021883005986371704,2.1648347355769233,-0.0013281250000000003,0.0006318991310853838,0.0003605769230769229
7,10,2.1649053485576926,-0.001257512019230769,-0.01829566593124589,2.1667442908653847,0.0005814302884615384,-0.001771608598695231,-0.0018389423076923075
7,11,2.1673978365384614,0.0012349759615384616,-0.030801346333955947,2.1673046874999997,0.0011418269230769231,-0.00264405549828741,9.314903846153818e-05
7,12,2.1654296875,-0.0007331730769230769,-0.02897410971750324,2.165832331730769,-0.00033052884615384596,0.00148686406792571,-0.0004026442307692305
7,13,2.1645147235576925,-0.0016481370192307696,-0.031985049243440665,2.1658563701923077,-0.0003064903846153846,-0.0012921682676621735,-0.0013416466346153847
7,14,2.1656730769230768,-0.0004897836538461541,-0.0419988615978608,2.1654627403846156,-0.0007001201923076925,0.0014745061956571428,0.00021033653846153815
7,15,2.1657662259615384,-0.00039663461538461527,-0.02431169279303714,2.16630859375,0.0001457331730769229,-0.0022268188551384767,-0.0005423677884615388
7,16,2.165513822115385,-0.0006490384615384615,-0.042253059400024884,2.164161658653846,-0.0020012019230769233,-0.001464870962207226,0.001352163461538462
7,17,2.166374699519231,0.00021183894230769232,-0.04087504986918026,2.1657872596153847,-0.0003756009615384617,-0.00022114038383984528,0.0005874399038461539
7,18,2.1658608774038464,-0.0003019831730769231,-0.03629913755263757,2.1656700721153848,-0.0004927884615384613,-0.0012270102030780834,0.0001908052884615385
7,19,2.164489182692307,-0.0016736778846153848,-0.03391420247235416,2.165360576923077,-0.0008022836538461537,-0.0007210927521865792,-0.000871394230769231
7,20,2.165611478365385,-0.0005513822115384616,-0.04071655097859187,2.1644681490384614,-0.0016947115384615384,-0.0020003859464112622,0.001143329326923077
7,21,2.166047175480769,-0.00011568509615384642,-0.05803819942456745,2.1652298677884616,-0.0009329927884615386,0.0008779092203171366,0.0008173076923076922
7,22,2.1669411057692303,0.0007782451923076924,-0.04384234505479275,2.166033653846154,-0.00012920673076923067,-0.001471054652643605,0.0009074519230769234
7,23,2.165213341346154,-0.0009495192307692303,-0.0377693686360696,2.166484375,0.0003215144230769228,-0.0021032584345463848,-0.0012710336538461538
7,24,2.1664423076923076,0.0002794471153846156,-0.01580055026725132,2.1668419471153846,0.0006790865384615387,0.00043612612758983497,-0.000399639423076923
7,25,2.165740685096154,-0.0004221754807692308,-0.014768849417651355,2.1651141826923075,-0.0010486778846153849,0.001195184722397723,0.0006265024038461538
7,26,2.165790264423077,-0.00037259615384615386,-0.0227427413794871,2.166141826923077,-2.1033653846153825e-05,-0.0010882889925781208,-0.0003515625000000001
7,27,2.164728064903846,-0.0014347956730769232,-0.043737862681384555,2.166524939903846,0.0003620793269230768,-0.0018050849950564185,-0.0017968749999999996
7,28,2.1644576322115383,-0.001705228365384615,-0.017783954476962335,2.1643449519230766,-0.001817908653846154,0.0005498105054009796,0.00011268028846153867
7,29,2.1659405048076925,-0.00022235576923076896,-0.020454972738072286,2.1662094350961536,4.657451923076936e-05,-7.27891114711988e-05,-0.00026893028846153836
7,30,2.1653575721153846,-0.0008052884615384616,-0.03738293116017551,2.1652178485576927,-0.0009450120192307691,0.0008063392229637819,0.0001397235576923076
7,31,2.165123197115385,-0.0010396634615384614,-0.036760349442887606,2.166335637019231,0.00017277644230769232,-0.0014734718380383855,-0.0012124399038461538
8,0,2.1645462740384613,-0.0016165865384615383,-0.03331278610070545,2.1644381009615383,-0.0017247596153846156,0.0010938192844442657,0.00010817307692307664
8,1,2.1671890024038456,0.001026141826923077,-0.03212896325828383,2.1659705528846156,-0.00019230769230769236,0.00027764310596342835,0.0012184495192307694
8,2,2.1656911057692305,-0.0004717548076923076,-0.025264779371279734,2.165877403846154,-0.000285456730769231,0.0008377283104571895,-0.00018629807692307687
8,3,2.166083233173077,-7.96274038461536e-05,-0.043989985039705526,2.165862379807692,-0.00030048076923076936,0.00042444623024486406,0.00022085336538461546
8,4,2.1681685697115385,0.0020057091346153844,-0.04376110545635993,2.166747295673077,0.0005844350961538463,0.00026144991699275134,0.0014212740384615386
8,5,2.162659254807692,-0.0035036057692307693,-0.03138705239725997,2.1664107572115383,0.00024789663461538455,-0.0008019838807165496,-0.0037515024038461547
8,6,2.1657962740384615,-0.0003665865384615383,-0.059261979053027894,2.165063100961539,-0.0010997596153846153,-0.0008943956137173448,0.0007331730769230773
8,7,2.165548377403846,-0.000614483173076923,-0.050917297153313314,2.164897836538461,-0.0012650240384615387,0.0010663167041096203,0.0006505408653846158
8,8,2.1647205528846154,-0.0014423076923076924,-0.038576681055172805,2.1655168269230773,-0.0006460336538461536,-0.0016193857733498044,-0.0007962740384615383
8,9,2.166440805288462,0.0002779447115384615,-0.019884180714374304,2.1650585937500004,-0.001104266826923077,0.0022076599369926565,0.0013822115384615383
8,10,2.165928485576923,-0.00023437500000000007,-0.04279847907113201,2.1663191105769233,0.00015625000000000003,0.00015716274410346417,-0.000390625
8,11,2.1655934495192306,-0.0005694110576923073,-0.042287303750919075,2.1668434495192304,0.0006805889423076923,-4.824559661311112e-06,-0.0012499999999999996
8,12,2.1651607572115386,-0.0010021033653846152,-0.0474719040178423,2.164977463942308,-0.0011853966346153848,-0.0003812236847434653,0.0001832932692307695
8,13,2.1662635216346153,0.00010066105769230749,-0.004458622181950965,2.1632512019230767,-0.002911658653846154,-0.0006555647571391045,0.0030123197115384617
8,14,2.1661328125,-3.0048076923076735e-05,-0.041196127852703456,2.1661072716346155,-5.5588942307692295e-05,0.0012222485047292825,2.5540865384615068e-05
8,15,2.16548828125,-0.000674579326923077,-0.02797451260330826,2.1673903245192307,0.0012274639423076924,-0.0005747138120944493,-0.0019020432692307692
8,16,2.1647010216346154,-0.0014618389423076918,-0.014486220516126906,2.169483173076923,0.0033203125,-0.001942965665677768,-0.004782151442307692
8,17,2.165948016826923,-0.00021484374999999984,-0.02197603537157797,2.1646905048076923,-0.0014723557692307692,-0.0011997271385004076,0.001257512019230769
8,18,2.164968449519231,-0.0011944110576923076,-0.04169937260406331,2.1659675480769227,-0.00019531249999999969,-0.0017380002313685632,-0.0009990985576923076
8,19,2.1683007812499997,0.002137920673076923,-0.03830382254841105,2.158179086538462,-0.007983774038461537,0.0007816477422238439,0.010121694711538462
8,20,2.1648152043269233,-0.00134765625,-0.044992565675124094,2.164779146634615,-0.0013837139423076921,-0.0005082704604706315,3.6057692307692284e-05
8,21,2.1668224158653846,0.0006595552884615385,-0.027254319054323073,2.165106670673077,-0.0010561899038461539,0.0002188243632760281,0.0017157451923076924
8,22,2.1664963942307693,0.0003335336538461539,-0.04669885797429021,2.165641526442308,-0.0005213341346153846,0.0015007147660606544,0.0008548677884615384
8,23,2.164033954326923,-0.0021289062499999997,-0.020223987276585188,2.1658488581730775,-0.000314002403846154,0.0003724953032932162,-0.001814903846153846
8,24,2.1657196514423074,-0.0004432091346153847,-0.019843738693526625,2.164190204326923,-0.0019726562499999996,0.0005833552595102158,0.0015294471153846152
8,25,2.165985576923077,-0.00017728365384615357,-0.03750195665798617,2.1646153846153844,-0.0015474759615384615,-0.00015461718793970274,0.001370192307692307
8,26,2.165569411057692,-0.0005934495192307694,-0.022219221883662894,2.164854266826923,-0.0013085937500000003,0.0008900633903773485,0.0007151442307692308
8,27,2.165754206730769,-0.00040865384615384613,-0.021430501803581817,2.166083233173077,-7.96274038461538e-05,-0.0014354621485983602,-0.0003290264423076922
8,28,2.1657196514423074,-0.00044320913461538456,-0.04032581487009369,2.166183894230769,2.1033653846154143e-05,-0.00010215779288338405,-0.0004642427884615384
8,29,2.166017127403846,-0.00014573317307692323,-0.0391765207052463,2.1646935096153848,-0.0014693509615384616,-0.0005491270231847888,0.0013236177884615385
8,30,2.1642067307692314,-0.0019561298076923076,-0.027314720062769148,2.1695988581730767,0.0034359975961538456,-0.0029598485386915343,-0.005392127403846154
8,31,2.1660396634615386,-0.0001231971153846152,-0.04172560698997491,2.164439603365384,-0.0017232572115384614,-0.0012550542034281387,0.001600060096153846
9,0,2.164220252403846,-0.0019426081730769232,-0.030754624019195112,2.1675345552884617,0.001371694711538462,0.00027752240737557966,-0.0033143028846153847
9,1,2.1663656850961535,0.00020282451923076935,-0.05415917488879345,2.1654071514423077,-0.0007557091346153845,-0.001157469270823808,0.0009585336538461537
9,2,2.166545973557692,0.00038311298076923065,-0.04194270308126344,2.166168870192308,6.00961538461535e-06,-0.00026077552111293696,0.0003771033653846153
9,3,2.165525841346154,-0.0006370192307692308,-0.033532062116778165,2.1656204927884617,-0.000542367788461538,0.0005077283890467956,-9.465144230769244e-05
9,4,2.1693960336538463,0.0032331730769230766,-0.035716195970488925,2.167952223557692,0.0017893629807692304,-0.0005884026054552759,0.001443810096153846
9,5,2.1631370192307697,-0.0030258413461538456,-0.038981055083201425,2.162355769230769,-0.003807091346153846,0.0016664345222692776,0.0007812499999999997
9,6,2.1657091346153847,-0.0004537259615384616,-0.03964926403712643,2.1656971153846154,-0.0004657451923076922,0.000615996628971889,1.201923076923078e-05
9,7,2.1663837139423077,0.0002208533653846152,-0.03455434950820456,2.165539362980769,-0.0006234975961538462,0.0008510774206085992,0.0008443509615384615
9,8,2.1669305889423076,0.0007677283653846154,-0.04190214740265103,2.1657842548076918,-0.00037860576923076937,-0.0019260281437514563,0.0011463341346153847
9,9,2.1658984374999997,-0.00026442307692307686,-0.04233436432570087,2.1634735576923076,-0.0026893028846153846,-0.00024512015641254517,0.0024248798076923076
9,10,2.164872295673077,-0.0012905649038461534,-0.036427526175002604,2.1624819711538463,-0.003680889423076923,9.694327177008942e-05,0.0023903245192307696
9,11,2.1633879206730766,-0.002774939903846154,-0.02987782950594579,2.1662635216346153,0.00010066105769230837,-0.0010930987593488369,-0.0028756009615384616
9,12,2.165730168269231,-0.00043269230769230743,-0.01340330997100514,2.1659930889423076,-0.00016977163461538467,0.0015686333861860196,-0.00026292067307692306
9,13,2.1668179086538464,0.0006550480769230768,-0.03411315687517829,2.1662860576923078,0.00012319711538461532,-0.0011227398352508598,0.0005318509615384618
9,14,2.1652869591346153,-0.0008759014423076923,-0.036363945156635505,2.164927884615384,-0.0012349759615384614,-0.001716245602677313,0.000359074519230769
9,15,2.1651637620192306,-0.0009990985576923076,-0.027145647322509178,2.1658233173076926,-0.00033954326923076923,-0.00021837831185559867,-0.0006595552884615384
9,16,2.1644200721153846,-0.0017427884615384616,-0.026044365055855095,2.1664317908653845,0.00026893028846153836,-6.404702524562627e-05,-0.00201171875
9,17,2.1642472956730767,-0.0019155649038461542,-0.0350321945506801,2.1647130408653843,-0.0014498197115384612,0.0003377116072439539,-0.0004657451923076917
9,18,2.165037560096154,-0.001125300480769231,-0.029880529738640704,2.168037860576923,0.0018749999999999997,0.0014957111821371572,-0.0030003004807692304
9,19,2.167369290865384,0.0012064302884615384,-0.02160814574656245,2.163090444711538,-0.0030724158653846153,0.0014951146800799553,0.004278846153846154
9,20,2.1655724158653844,-0.0005904447115384615,-0.04756296232631672,2.165811298076923,-0.00035156250000000004,0.001360325762116119,-0.00023888221153846163
9,21,2.1659885817307694,-0.00017427884615384617,-0.0361953869453419,2.165381610576923,-0.00078125,0.0008626941642422251,0.0006069711538461537
9,22,2.1651472355769235,-0.001015625,-0.0403435199780795,2.1652493990384616,-0.0009134615384615388,-0.000981772477669039,-0.00010216346153846138
9,23,2.1658759014423077,-0.0002869591346153844,-0.03384885717788621,2.163948317307692,-0.00221454326923077,-0.0005759683109390758,0.0019275841346153844
9,24,2.167653245192308,0.0014903846153846154,-0.03147445050082509,2.1650300480769236,-0.0011328125000000004,-0.0011194475550567523,0.002623197115384615
9,25,2.1657797475961535,-0.0003831129807692307,-0.03832560575355907,2.1645928485576924,-0.0015700120192307695,0.0013174012541025525,0.0011868990384615386
9,26,2.163858173076923,-0.0023046874999999994,-0.04107514503458601,2.1634314903846152,-0.0027313701923076927,-2.8682385692861744e-05,0.0004266826923076926
9,27,2.166009615384615,-0.0001532451923076923,-0.0365908099966699,2.1650165264423076,-0.0011463341346153843,0.0014678228490595938,0.0009930889423076924
9,28,2.162466947115385,-0.0036959134615384614,-0.040533064198035956,2.1667563100961535,0.0005934495192307694,0.0008530052128705428,-0.004289362980769231
9,29,2.164938401442308,-0.0012244591346153846,-0.02089805386736858,2.1657677283653847,-0.0003951322115384615,0.00045252738612719585,-0.0008293269230769231
9,30,2.166418269230769,0.00025540865384615375,-0.03957336089017027,2.1649684495192307,-0.0011944110576923078,0.0010577400851209766,0.0014498197115384616
9,31,2.16701171875,0.000848858173076923,-0.0409705846502171,2.1649639423076925,-0.0011989182692307696,-0.0004298656193043333,0.002047776442307692
10,0,2.167268629807692,0.001105769230769231,-0.020556507021858694,2.1662650240384616,0.00010216346153846171,0.0006183600467458913,0.0010036057692307697
10,1,2.164891826923077,-0.001271033653846154,-0.04882165980508615,2.1634029447115384,-0.002759915865384615,-0.0009680596028637875,0.0014888822115384614
10,2,2.165455228365385,-0.0007076322115384613,-0.041202176225940884,2.1652884615384616,-0.0008743990384615383,-0.0005922436804828281,0.00016676682692307678
10,3,2.167378305288462,0.0012154447115384618,-0.03380891998341259,2.1673167067307695,0.001153846153846154,-0.0018047265419460412,6.159855769230755e-05
10,4,2.1666135817307692,0.00045072115384615365,-0.006049806364219223,2.1655814302884613,-0.000581430288461538,-0.0006785210490916266,0.0010321514423076922
10,5,2.165615985576923,-0.0005468749999999999,-0.03400204964486982,2.1663792067307694,0.00021634615384615393,-0.0017195806357572067,-0.0007632211538461538
10,6,2.165958533653846,-0.00020432692307692323,-0.03439572076517985,2.1652208533653847,-0.0009420072115384615,-0.0008722991079384748,0.0007376802884615384
10,7,2.165997596153846,-0.00016526442307692298,-0.016997146057301547,2.165127704326923,-0.0010351562500000003,-0.00222301992019229,0.0008698918269230771
10,8,2.1642818509615385,-0.001881009615384615,-0.03610246257470248,2.164600360576923,-0.0015625,-0.00029874887648362054,-0.0003185096153846154
10,9,2.165593449519231,-0.0005694110576923077,-0.03703174691440159,2.1643915264423077,-0.0017713341346153844,-0.0007838124712013129,0.0012019230769230766
10,10,2.165582932692308,-0.0005799278846153848,-0.032727880535015644,2.1654642427884614,-0.0006986177884615384,8.401426529979407e-05,0.00011868990384615404
10,11,2.1641105769230773,-0.002052283653846154,-0.044419168345633885,2.169176682692308,0.0030138221153846153,-0.003300718547794587,-0.005066105769230769
10,12,2.1651802884615385,-0.0009825721153846154,-0.0378019884207036,2.166574519230769,0.00041165865384615373,-0.0012167051330065433,-0.001394230769230769
10,13,2.164983473557692,-0.0011793870192307692,-0.041482004307518805,2.166356670673077,0.00019381009615384592,-0.0013560356392178278,-0.0013731971153846155
10,14,2.1648888221153846,-0.0012740384615384617,-0.03514862769932582,2.1654852764423076,-0.0006775841346153848,-0.0011067802269261993,-0.0005964543269230769
10,15,2.1652734375,-0.0008894230769230771,-0.02746131289269503,2.1670147235576924,0.0008518629807692308,-0.001909267423085258,-0.001741286057692308
10,16,2.166690204326923,0.00052734375,-0.026254419989368644,2.1664137620192307,0.0002509014423076919,-0.00141497625939969,0.0002764423076923077
10,17,2.1648001802884616,-0.0013626802884615383,-0.04326650574587517,2.1659780649038463,-0.00018479567307692335,-0.0008466058375491525,-0.0011778846153846151
10,18,2.1663431490384615,0.00018028846153846144,-0.025806276274504488,2.1660667067307693,-9.615384615384634e-05,-0.0014207920620428627,0.00027644230769230746
10,19,2.1654747596153845,-0.0006881009615384612,-0.03692175637185241,2.1663416466346157,0.0001787860576923075,-0.002212830896603259,-0.0008668870192307693
10,20,2.1659405048076925,-0.00022235576923076907,-0.05109138783432298,2.1647490985576923,-0.0014137620192307692,0.0006775410258240921,0.0011914062499999998
10,21,2.164459134615385,-0.0017037259615384616,-0.020982766900559703,2.1661763822115385,1.3521634615384487e-05,-0.00023017561227847567,-0.0017172475961538462
10,22,2.164923377403846,-0.001239483173076923,-0.026334603598406642,2.1663491586538464,0.0001862980769230768,-0.0019494448313925495,-0.0014257812500000002
10,23,2.1660772235576924,-8.563701923076904e-05,-0.03286764619707984,2.1667923677884615,0.0006295072115384616,-0.002715188928973925,-0.0007151442307692309
10,24,2.1661087740384617,-5.408653846153843e-05,-0.026776293825913636,2.1680588942307693,0.0018960336538461542,-0.002198989159083324,-0.001950120192307692
10,25,2.166416766826923,0.00025390625000000017,-0.03653033925906927,2.1654071514423077,-0.0007557091346153848,-0.0019465540008326773,0.0010096153846153846
10,26,2.1666676682692305,0.0005048076923076925,-0.02661794330779978,2.164546274038462,-0.0016165865384615383,0.0003706551113637751,0.0021213942307692305
10,27,2.1660426682692306,-0.0001201923076923078,-0.0319808376926831,2.164278846153846,-0.001884014423076923,0.0008452290099852429,0.0017638221153846152
10,28,2.1650661057692306,-0.0010967548076923077,-0.036864100614253256,2.165111177884615,-0.0010516826923076923,-0.0007193567663401622,-4.507211538461553e-05
10,29,2.165458233173077,-0.0007046274038461538,-0.036550494420065825,2.166280048076923,0.00011718749999999996,0.0006131352196935589,-0.0008218149038461538
10,30,2.1662229567307696,6.009615384615406e-05,-0.027061950768630345,2.1666135817307692,0.00045072115384615376,-0.001736831145594764,-0.000390625
10,31,2.165509314903846,-0.0006535456730769228,-0.03527043925935677,2.164679987980769,-0.0014828725961538462,0.0015948543538198438,0.000829326923076923
11,0,2.164822716346154,-0.0013401442307692307,-0.052122879198465775,2.165324519230769,-0.0008383413461538459,-0.0013489580655557912,-0.0005018028846153847
11,1,2.1658548677884615,-0.00030799278846153823,-0.013769737094610867,2.1651772836538465,-0.0009855769230769228,-0.0019776378294094495,0.0006775841346153845
11,2,2.167205528846154,0.001042668269230769,-0.04120014806541197,2.1658473557692304,-0.0003155048076923078,-0.0020285899725022275,0.001358173076923077
11,3,2.165908954326923,-0.0002539062499999999,-0.04882255265857748,2.1652689302884616,-0.0008939302884615384,-0.0011442307445613943,0.0006400240384615385
11,4,2.1634375000000006,-0.0027253605769230766,-0.058200707359186685,2.1643840144230766,-0.0017788461538461539,-0.000509404367877776,-0.0009465144230769233
11,5,2.1654326923076925,-0.0007301682692307692,-0.028889682349169485,2.1656505408653848,-0.0005123197115384614,0.0003948358804181283,-0.0002178485576923077
11,6,2.1657947716346153,-0.00036808894230769225,-0.025147770851548516,2.165874399038461,-0.00028846153846153827,-0.0025397874465235585,-7.96274038461538e-05
11,7,2.165790264423077,-0.0003725961538461538,-0.035016493951280626,2.1655979567307693,-0.0005649038461538463,-1.413300151228102e-05,0.00019230769230769225
11,8,2.1662530048076922,9.014423076923077e-05,-0.03662436210377907,2.1654146634615383,-0.0007481971153846156,-0.0009868986296952562,0.000838341346153846
11,9,2.1659525240384614,-0.00021033653846153836,-0.035489752827877565,2.1659044471153845,-0.00025841346153846156,-0.0011230743264240553,4.807692307692291e-05
11,10,2.16134765625,-0.004815204326923077,-0.05066181885117848,2.164810697115385,-0.0013521634615384615,-0.0011687610689134912,-0.0034630408653846152
11,11,2.1652208533653843,-0.0009420072115384615,-0.040621151664968096,2.164864783653846,-0.0012980769230769228,-0.0008278340591394718,0.0003560697115384616
11,12,2.1645718149038466,-0.001591045673076923,-0.03084028003089985,2.1663792067307694,0.00021634615384615372,0.0008689954515004281,-0.001807391826923077
11,13,2.1666977163461536,0.0005348557692307693,-0.026755074717439015,2.166059194711538,-0.00010366586538461536,-0.0011124441371118316,0.0006385216346153844
11,14,2.1659630408653845,-0.00019981971153846176,-0.032297568149047336,2.165987079326923,-0.00017578125000000032,-0.002096798754662259,-2.403846153846156e-05
11,15,2.165234375,-0.0009284855769230772,-0.03285798294867912,2.164806189903846,-0.001356670673076923,0.0009582210801346796,0.00042818509615384626
11,16,2.165740685096154,-0.0004221754807692307,-0.017541378575897593,2.164624399038461,-0.0015384615384615385,0.00028252083181200586,0.001116286057692308
11,17,2.1644456129807694,-0.0017172475961538462,-0.03326982121510834,2.164996995192308,-0.0011658653846153848,-0.00030786173980719054,-0.0005513822115384614
11,18,2.1652043269230767,-0.0009585336538461539,-0.03690719476428758,2.16599609375,-0.00016676682692307737,0.0005810082592072618,-0.000791766826923077
11,19,2.1668840144230765,0.0007211538461538463,-0.027963210113254786,2.1696259014423074,0.0034630408653846152,-6.384813947069776e-05,-0.002741887019230769
11,20,2.1653921274038463,-0.000770733173076923,-0.017043948710154678,2.1657421875000002,-0.00042067307692307684,-0.0005492639940348293,-0.0003500600961538459
11,21,2.1659239783653845,-0.00023888221153846157,-0.03235127862418714,2.164864783653846,-0.001298076923076923,-0.0008191236845240159,0.0010591947115384617
11,22,2.1665579927884613,0.0003951322115384614,-0.031198595581805686,2.162490985576923,-0.0036718750000000007,-0.0003766894326882051,0.004067007211538461
11,23,2.162692307692308,-0.0034705528846153844,-0.040952199738528546,2.168141526442308,0.001978665865384615,-0.0014095253295139615,-0.005449218750000001
11,24,2.166482872596154,0.00032001201923076905,-0.041472254509462556,2.166412259615385,0.0002493990384615383,-0.00180371923015008,7.06129807692306e-05
11,25,2.165283954326923,-0.0008789062499999999,-0.02342655040756055,2.1684780649038466,0.002315204326923077,-0.002862808678147909,-0.0031941105769230766
11,26,2.1648467548076926,-0.001316105769230769,-0.031036517273954192,2.165656550480769,-0.000506310096153846,-0.0010007928939508048,-0.000809795673076923
11,27,2.1654762620192307,-0.0006865985576923078,-0.04809066474766549,2.1648602764423077,-0.0013025841346153847,-0.0011928105000334937,0.0006159855769230768
11,28,2.165913461538462,-0.0002493990384615384,-0.022708103858788593,2.1673407451923072,0.0011778846153846154,0.0009502212324203631,-0.0014272836538461538
11,29,2.164845252403846,-0.0013176081730769233,-0.03837332212848615,2.1649399038461543,-0.0012229567307692308,-0.0012865946656291248,-9.465144230769248e-05
11,30,2.1657857572115384,-0.0003771033653846153,-0.04288553244259213,2.165238882211539,-0.0009239783653846154,0.0006652393557537538,0.000546875
11,31,2.164711538461538,-0.0014513221153846154,-0.047712472827702794,2.166559495192308,0.00039663461538461543,0.0014769290300713767,-0.0018479567307692307
12,0,2.1650375600961542,-0.001125300480769231,-0.028903314042158765,2.165859375,-0.0003034855769230771,0.0011400050579445794,-0.0008218149038461539
12,1,2.1644921875,-0.0016706730769230768,-0.0327151246389711,2.164678485576923,-0.001484375,-0.0022681143134371776,-0.0001862980769230768
12,2,2.1639528245192308,-0.0022100360576923074,-0.020497096733834333,2.168200120192308,0.0020372596153846153,-0.0018735275475677846,-0.004247295673076923
12,3,2.1663641826923077,0.00020132211538461536,-0.03764673038326649,2.1638566706730766,-0.002306189903846154,0.0013188618171953617,0.0025075120192307697
12,4,2.165009014423077,-0.001153846153846154,-0.03923336662944535,2.1646935096153848,-0.0014693509615384612,0.0011703394919781506,0.00031550480769230776
12,5,2.165932992788461,-0.00022986778846153825,-0.03532230385582196,2.165126201923077,-0.0010366586538461543,0.001405404085804574,0.0008067908653846155
12,6,2.164812199519231,-0.0013506610576923075,-0.03380249923099406,2.1648828125,-0.0012800480769230768,-0.0011121224327168698,-7.061298076923081e-05
12,7,2.1661237980769235,-3.906250000000008e-05,-0.03472589443317894,2.1657512019230767,-0.00041165865384615384,-0.0022230357867608903,0.0003725961538461539
12,8,2.1654807692307694,-0.0006820913461538462,-0.033630837470751795,2.165612980769231,-0.0005498798076923075,0.0009106098660588314,-0.00013221153846153838
12,9,2.164562800480769,-0.001600060096153846,-0.030587162366513345,2.1649504206730765,-0.0012124399038461538,-0.0006801484427578154,-0.0003876201923076926
12,10,2.166331129807692,0.00016826923076923087,-0.04000456966116073,2.165791766826923,-0.0003710937499999999,-0.0018851941308260355,0.0005393629807692311
12,11,2.1649158653846152,-0.0012469951923076922,-0.020535971985665077,2.166651141826923,0.0004882812500000002,0.0001315423987009817,-0.0017352764423076924
12,12,2.1629116586538464,-0.0032512019230769235,-0.028886082867834475,2.162068810096154,-0.004094050480769231,-0.00021270934759131708,0.0008428485576923076
12,13,2.1644861778846156,-0.0016766826923076924,-0.03010290318884757,2.1642623197115385,-0.0019005408653846158,0.00028080848203571187,0.00022385817307692295
12,14,2.1650826322115377,-0.0010802283653846155,-0.03185997001831666,2.1656685697115385,-0.0004942908653846152,-0.0014266065487522387,-0.0005859374999999999
12,15,2.1658353365384615,-0.00032752403846153874,-0.03095605252106343,2.1649834735576925,-0.001179387019230769,0.00016165587236727913,0.0008518629807692306
12,16,2.164552283653846,-0.0016105769230769231,-0.034962536242412794,2.164103064903846,-0.002059795673076923,0.0016030144473423893,0.00044921875
12,17,2.16603515625,-0.00012770432692307698,-0.02997747753309536,2.165025540865385,-0.0011373197115384617,-0.0004843089424440956,0.0010096153846153844
12,18,2.1655739182692306,-0.0005889423076923077,-0.027297568301430927,2.163578725961538,-0.002584134615384615,-0.0009583621637340411,0.0019951923076923076
12,19,2.1625841346153845,-0.0035787259615384613,-0.03602536500446657,2.162967247596154,-0.0031956129807692306,-0.0016646648197740045,-0.00038311298076923065
12,20,2.1651442307692306,-0.001018629807692308,-0.03964676416124568,2.1672866586538464,0.0011237980769230767,-0.0018840270901924155,-0.0021424278846153845
12,21,2.16513671875,-0.0010261418269230773,-0.023050819510503806,2.165441706730769,-0.0007211538461538463,0.0005977898332332266,-0.00030498798076923086
12,22,2.16330078125,-0.0028620793269230767,-0.03588329568156005,2.16484375,-0.0013191105769230767,-0.001124305172471751,-0.00154296875
12,23,2.166473858173077,0.0003109975961538464,-0.013256848937219658,2.165067608173077,-0.001095252403846154,-0.000687547020402204,0.0014062499999999997
12,24,2.166242487980769,7.962740384615391e-05,-0.040634405189602686,2.1644020432692304,-0.001760817307692308,0.00020239089847063038,0.0018404447115384617
12,25,2.1640189302884614,-0.002143930288461538,-0.030633418098321166,2.1669771634615387,0.0008143028846153846,-0.0015675017708404204,-0.002958233173076923
12,26,2.1660997596153844,-6.310096153846158e-05,-0.03081634055876853,2.1653921274038463,-0.0007707331730769229,0.0015335149324732333,0.0007076322115384614
12,27,2.1649684495192307,-0.0011944110576923076,-0.03976365481543334,2.1648737980769233,-0.0012890625000000003,-0.0006255112549298544,9.465144230769215e-05
12,28,2.1644876802884614,-0.0016751802884615381,-0.04082663109615161,2.1644681490384614,-0.0016947115384615384,-0.002081929667311589,1.9531249999999956e-05
12,29,2.1668329326923077,0.0006700721153846153,-0.034266294543231324,2.165916466346154,-0.00024639423076923064,-0.0011063521240604,0.0009164663461538462
12,30,2.1659495192307694,-0.0002133413461538463,-0.044738168589917734,2.1643073918269233,-0.0018554687499999997,0.0013797034955373593,0.0016421274038461537
12,31,2.1643449519230766,-0.001817908653846154,-0.030129424892319286,2.1639378004807694,-0.0022250600961538462,-0.0006280640347284634,0.00040715144230769234
13,0,2.1647911658653847,-0.0013716947115384617,-0.04155017839631047,2.1678124999999997,0.0016496394230769232,-0.0032240254207490924,-0.0030213341346153845
13,1,2.165357572115384,-0.0008052884615384611,-0.03266377696155983,2.1631385216346155,-0.0030243389423076925,-0.0008409738745843841,0.002219050480769231
13,2,2.165871394230769,-0.00029146634615384625,-0.03391206894428214,2.1633158052884616,-0.0028470552884615383,0.000799488087673665,0.0025555889423076916
13,3,2.1668569711538463,0.000694110576923077,-0.02500859089183568,2.1635021033653845,-0.0026607572115384614,-0.0025043415279177414,0.003354867788461538
13,4,2.1661658653846154,3.0048076923076284e-06,-0.030887346381225922,2.165733173076923,-0.0004296875,-0.0017229766573437868,0.00043269230769230765
13,5,2.1666796875,0.000516826923076923,-0.03980459987032471,2.165154747596154,-0.0010081129807692308,-0.0012668917539688674,0.0015249399038461536
13,6,2.1643103966346153,-0.0018524639423076923,-0.04643058273570206,2.1649804687499996,-0.0011823918269230768,-0.0011698577111863516,-0.0006700721153846158
13,7,2.1656039663461537,-0.0005588942307692309,-0.030058374853511174,2.165314002403846,-0.000848858173076923,-0.0011920636916493493,0.00028996394230769234
13,8,2.1654792668269227,-0.0006835937499999993,-0.038041485206818965,2.163018329326923,-0.0031445312499999993,-0.001839555198739971,0.0024609375
13,9,2.164609375,-0.0015534855769230769,-0.04135010857732385,2.165127704326923,-0.00103515625,-0.0017971932205180878,-0.0005183293269230769
13,10,2.1648722956730766,-0.0012905649038461536,-0.033127150988631913,2.1672821514423077,0.0011192908653846153,-0.0016998853690309147,-0.0024098557692307687
13,11,2.1652448918269234,-0.0009179687499999998,-0.01808673260145699,2.164966947115385,-0.0011959134615384616,0.001000951941113333,0.0002779447115384613
13,12,2.1645733173076924,-0.0015895432692307693,-0.0361772016369904,2.1640594951923076,-0.0021033653846153845,-0.0020223145416972993,0.0005138221153846153
13,13,2.1662139423076923,5.108173076923096e-05,-0.026461935626812226,2.1663025841346153,0.00013972355769230745,0.0014009980686639498,-8.8641826923077e-05
13,14,2.165030048076923,-0.0011328125000000001,-0.026953331079102947,2.1661598557692314,-3.0048076923076284e-06,-0.0017072591417978897,-0.0011298076923076925
13,15,2.165271935096154,-0.0008909254807692309,-0.034779179973070576,2.1652704326923082,-0.0008924278846153848,-0.0018234944265225262,1.5024038461537608e-06
13,16,2.1669471153846156,0.0007842548076923077,-0.03817366723042132,2.16923828125,0.0030754206730769233,-0.002058091180595542,-0.0022911658653846155
13,17,2.166407752403846,0.00024489182692307695,-0.02587499481105752,2.1658112980769224,-0.0003515625,-0.0027000873265857683,0.000596454326923077
13,18,2.1654777644230765,-0.0006850961538461535,-0.03308789768167679,2.165405649038462,-0.0007572115384615383,-0.0009093875378794939,7.211538461538484e-05
13,19,2.16587890625,-0.0002839543269230769,-0.0360207882274432,2.162681790865385,-0.003481069711538462,-0.0005922144444316674,0.0031971153846153846
13,20,2.164905348557692,-0.0012575120192307692,-0.043858309643253615,2.1644576322115383,-0.0017052283653846154,-0.0017219683192087711,0.0004477163461538458
13,21,2.165606971153846,-0.000555889423076923,-0.0442034429655745,2.165694110576923,-0.00046875,-0.0023545124800251806,-8.713942307692315e-05
13,22,2.165205829326923,-0.0009570312500000001,-0.053615992961141466,2.1657572115384616,-0.0004056490384615385,-0.0010003720985026165,-0.0005513822115384616
13,23,2.165399639423077,-0.0007632211538461538,-0.03500034107118786,2.164774639423077,-0.001388221153846154,0.0009379468321346962,0.0006250000000000001
13,24,2.165734675480769,-0.00042818509615384604,-0.039851382788400884,2.163999399038462,-0.0021634615384615386,-0.0007025898984101663,0.0017352764423076922
13,25,2.1647100360576923,-0.0014528245192307692,-0.01793622247392922,2.165234375,-0.0009284855769230769,0.0007575495148975547,-0.0005243389423076923
13,26,2.1650240384615387,-0.0011388221153846153,-0.022990544405401003,2.165028545673077,-0.001134314903846154,-0.001356162946331783,-4.5072115384616295e-06
13,27,2.1662770432692313,0.00011418269230769233,-0.035311072127915344,2.165135216346154,-0.001027644230769231,-0.0019587161056501337,0.0011418269230769231
13,28,2.165812800480769,-0.00035006009615384624,-0.04895664398821644,2.1698602764423076,0.0036974158653846154,-0.003001292005913582,-0.004047475961538462
13,29,2.165969050480769,-0.000193810096153846,-0.028952873046204915,2.1663942307692303,0.00023137019230769245,-0.002328826569421355,-0.0004251802884615384
13,30,2.1659765625000005,-0.00018629807692307706,-0.025775659357622056,2.1643134014423078,-0.0018494591346153845,0.0009422047144343555,0.001663161057692308
13,31,2.1653109975961535,-0.0008518629807692306,-0.0307989469957904,2.1656204927884617,-0.0005423677884615386,-0.0016497812789490521,-0.0003094951923076924
14,0,2.165515324519231,-0.0006475360576923077,-0.03639922221061058,2.1643284254807695,-0.001834435096153846,0.0007065196140211435,0.0011868990384615384
14,1,2.165094651442308,-0.0010682091346153842,-0.028565296638753727,2.1660787259615386,-8.41346153846153e-05,-0.0016251956792587541,-0.000984074519230769
14,2,2.1643194110576927,-0.0018434495192307695,-0.04248214404830233,2.1635321514423076,-0.002630709134615385,-0.0007421469516678069,0.0007872596153846152
14,3,2.165916466346154,-0.0002463942307692303,-0.02483868454933025,2.1655919471153844,-0.0005709134615384614,0.0005375214027958629,0.0003245192307692306
14,4,2.165369591346154,-0.0007932692307692309,-0.03347895351233405,2.164833233173077,-0.001329627403846154,-0.0012998168811597214,0.0005363581730769231
14,5,2.1660426682692306,-0.00012019230769230759,-0.020292555494216033,2.1660351562500004,-0.00012770432692307704,-0.0018467798887026468,7.512019230769177e-06
14,6,2.1650646033653844,-0.0010982572115384615,-0.03932750306610478,2.166344651442308,0.00018179086538461535,-0.0023900523171913345,-0.0012800480769230768
14,7,2.164124098557693,-0.002038762019230769,-0.030867542367717004,2.164466646634615,-0.0016962139423076926,0.0011291674878571197,-0.00034254807692307666
14,8,2.165612980769231,-0.0005498798076923079,-0.03661490038802567,2.165973557692308,-0.00018930288461538452,-0.002268460116630879,-0.00036057692307692315
14,9,2.1651862980769234,-0.0009765625000000002,-0.03234944974493496,2.1646018629807693,-0.001560997596153846,-0.0007402199752934187,0.0005844350961538461
14,10,2.1654311899038463,-0.000731670673076923,-0.033428777067875316,2.164432091346154,-0.0017307692307692308,-0.0012834409668496245,0.0009990985576923076
14,11,2.1645582932692307,-0.0016045673076923077,-0.028343075064072756,2.165374098557692,-0.0007887620192307694,-0.0019582509218359447,-0.0008158052884615387
14,12,2.164193209134615,-0.0019696514423076924,-0.04838191739029193,2.1652614182692305,-0.0009014423076923077,-0.002022145475944216,-0.0010682091346153845
14,13,2.1699278846153844,0.0037650240384615387,-0.029852065069546116,2.1504837740384617,-0.015679086538461538,0.0026014093972675347,0.019444110576923076
14,14,2.161141826923077,-0.005021033653846155,-0.013497222838938673,2.1743689903846155,0.008206129807692307,-0.0013774282140835994,-0.01322716346153846
14,15,2.164767127403846,-0.0013957331730769231,-0.02821051809861962,2.1657361778846154,-0.0004266826923076922,-0.0021081660822684298,-0.0009690504807692308
14,16,2.1610501802884614,-0.005112680288461538,-0.01854016823046882,2.1701607572115384,0.003997896634615385,-0.00021264722287538267,-0.009110576923076923
14,17,2.165013521634615,-0.0011493389423076923,-0.029903420012528797,2.1646243990384617,-0.0015384615384615385,-0.00106786092448969,0.0003891225961538461
14,18,2.165171274038461,-0.0009915865384615388,-0.025763264021937914,2.165796274038462,-0.0003665865384615384,0.0005435278013663246,-0.000625
14,19,2.1672310697115384,0.001068209134615384,-0.05151249242916056,2.163106971153846,-0.0030558894230769233,0.0006567382426892329,0.004124098557692308
14,20,2.165405649038462,-0.0007572115384615383,-0.037162823004310536,2.164311899038461,-0.0018509615384615385,-0.00134091412369082,0.00109375
14,21,2.1665024038461542,0.00033954326923076923,-0.03299711963120763,2.1654026442307694,-0.0007602163461538462,9.410292491463544e-05,0.0010997596153846155
14,22,2.1657782451923078,-0.0003846153846153849,-0.03345319266073638,2.1655348557692307,-0.0006280048076923078,-0.0012719464361509172,0.00024338942307692297
14,23,2.1653846153846152,-0.0007782451923076921,-0.039681214556919114,2.1647596153846154,-0.0014032451923076921,-0.0010967397307943677,0.0006249999999999999
14,24,2.1645252403846156,-0.001637620192307692,-0.0424915132616729,2.1640174278846156,-0.0021454326923076926,-0.0005208161066337751,0.0005078124999999999
14,25,2.164971454326923,-0.0011914062500000002,-0.0337020921081697,2.164708533653846,-0.0014543269230769232,0.0008460581430255648,0.0002629206730769231
14,26,2.165808293269231,-0.000354567307692308,-0.016907847545097998,2.1769921875000002,0.010829326923076924,-0.003621696226572317,-0.01118389423076923
14,27,2.164045973557692,-0.002116887019230769,-0.039806212536691,2.166397235576923,0.00023437500000000013,-0.0016325912204849002,-0.002351262019230769
14,28,2.164737079326923,-0.00142578125,-0.02209777784874059,2.165369591346154,-0.0007932692307692305,-0.0016925312666875951,-0.0006325120192307693
14,29,2.164989483173077,-0.0011733774038461542,-0.04358143106080464,2.165172776442308,-0.0009900841346153846,-0.0019607197850021953,-0.00018329326923076928
14,30,2.164564302884615,-0.001598557692307692,-0.04734885138590153,2.1661268028846155,-3.605769230769218e-05,-0.0012470656976167394,-0.0015624999999999999
14,31,2.1649068509615383,-0.0012560096153846152,-0.0336185636800557,2.1653485576923073,-0.0008143028846153846,-0.0027451940821310245,-0.0004417067307692307
15,0,2.1657887620192313,-0.00037409855769230755,-0.018620400188192634,2.1622145432692306,-0.003948317307692307,-0.0016029964264495135,0.00357421875
15,1,2.164221754807692,-0.0019411057692307694,-0.03565388026863918,2.1651201923076924,-0.0010426682692307693,0.0004913276665957536,-0.0008984375
15,2,2.1648993389423077,-0.0012635216346153846,-0.03976039996320069,2.1642412860576923,-0.0019215745192307694,-0.0016871736339801964,0.0006580528846153847
15,3,2.164652944711538,-0.0015099158653846154,-0.03113771967042573,2.1658668870192304,-0.00029597355769230775,-0.00135443753760378,-0.0012139423076923074
15,4,2.164758112980769,-0.0014047475961538462,-0.02299209488864549,2.1629266826923073,-0.0032361778846153842,-0.0005065338854730973,0.0018314302884615383
15,5,2.165674579326923,-0.00048828125,-0.02755955912990939,2.1642863581730767,-0.001876502403846154,-0.001490261654562307,0.0013882211538461535
15,6,2.1652734375000002,-0.0008894230769230767,-0.020091180218608888,2.1676231971153848,0.0014603365384615382,-0.00027346403815548426,-0.002349759615384616
15,7,2.164984975961538,-0.0011778846153846151,-0.02794741301178986,2.1635877403846155,-0.002575120192307692,-0.0016217263781523386,0.001397235576923077
15,8,2.165171274038461,-0.0009915865384615384,-0.02438292580537519,2.1656054687500004,-0.0005573918269230769,-0.001195859719341382,-0.00043419471153846145
15,9,2.1646589543269235,-0.0015039062499999994,-0.03670021568760441,2.163703425480769,-0.002459435096153846,-0.00037697969964875424,0.0009555288461538462
15,10,2.165196814903846,-0.0009660456730769232,-0.0406101390704474,2.1661253004807697,-3.756009615384594e-05,0.00040949083191363204,-0.000928485576923077
15,11,2.1658173076923077,-0.00034555288461538485,-0.041053841001077375,2.1646138822115386,-0.0015489783653846153,-0.0016800808241443418,0.0012034254807692308
15,12,2.1650060096153845,-0.0011568509615384611,-0.025656594707964206,2.16365234375,-0.002510516826923077,-0.0010560429828397541,0.0013536658653846153
15,13,2.1645582932692307,-0.001604567307692308,-0.04191417941350041,2.164957932692307,-0.0012049278846153844,-0.0006518885530687696,-0.00039963942307692313
15,14,2.1651592548076923,-0.001003605769230769,-0.027427200943199705,2.161962139423077,-0.004200721153846154,-0.0002713682261550419,0.0031971153846153846
15,15,2.16609375,-6.911057692307684e-05,-0.03848689014701551,2.165443209134615,-0.0007196514423076922,-0.00058663861659259,0.0006505408653846153
15,16,2.1641090745192306,-0.0020537860576923077,-0.026804391877128537,2.165030048076923,-0.0011328125000000001,-0.0016168843416491715,-0.0009209735576923077
15,17,2.164636418269231,-0.0015264423076923076,-0.03881625470863706,2.1650045072115387,-0.0011583533653846153,-0.0010368683169818527,-0.00036808894230769214
15,18,2.165354567307692,-0.0008082932692307692,-0.042630314373901454,2.165546875,-0.000615985576923077,0.0007656148433230861,-0.00019230769230769223
15,19,2.1647551081730767,-0.0014077524038461537,-0.031216589648160927,2.1649879807692303,-0.0011748798076923076,-0.0013910732174138576,-0.00023287259615384617
15,20,2.165226862980769,-0.0009359975961538462,-0.040139356569319745,2.166765324519231,0.000602463942307692,-0.001243925728408507,-0.0015384615384615385
15,21,2.1647400841346154,-0.0014227764423076924,-0.039357093722013084,2.163018329326923,-0.00314453125,-0.0010460740200094287,0.0017217548076923076
15,22,2.164393028846154,-0.0017698317307692304,-0.02669974160110311,2.164278846153846,-0.0018840144230769234,-0.001819650337217512,0.00011418269230769222
15,23,2.1651397235576924,-0.0010231370192307695,-0.03341385369503125,2.1638671875,-0.0022956730769230767,-0.0015588019001930682,0.0012725360576923074
15,24,2.160920973557692,-0.005241887019230769,-0.04468079314497355,2.1705919471153843,0.004429086538461538,-0.0031165566400605756,-0.009670973557692308
15,25,2.1650405649038458,-0.0011222956730769231,-0.0355125248624395,2.164664963942308,-0.0014978966346153844,-0.0017066322548886998,0.00037560096153846156
15,26,2.169230769230769,0.0030679086538461546,-0.04062864377751575,2.154441105769231,-0.011721754807692308,0.0037379983187293886,0.014789663461538462
15,27,2.1668930288461543,0.0007301682692307692,-0.03946784289902165,2.1624128605769233,-0.0037500000000000003,-2.4942776872327278e-05,0.004480168269230769
15,28,2.1645267427884614,-0.0016361177884615388,-0.04086623688741715,2.164723557692308,-0.0014393028846153846,-0.0017670547227005837,-0.00019681490384615386
15,29,2.1648737980769233,-0.0012890625,-0.03105487615042743,2.1647791466346153,-0.0013837139423076923,0.0007174863505107433,9.465144230769211e-05
15,30,2.1663055889423077,0.00014272836538461572,-0.04182469486361555,2.1652749399038465,-0.000887920673076923,-0.0016673894253162434,0.0010306490384615387
15,31,2.165120192307693,-0.001042668269230769,-0.02837077659001801,2.165341045673077,-0.0008218149038461539,-0.0024473235283104305,-0.00022085336538461543
16,0,2.164067007211538,-0.0020958533653846153,-0.04046779779153842,2.165557391826923,-0.00060546875,-0.0011722955829888567,-0.0014903846153846152
16,1,2.1653380408653846,-0.0008248197115384617,-0.03961708483281603,2.164636418269231,-0.0015264423076923076,0.000282899570509636,0.0007016225961538461
16,2,2.16466796875,-0.001494891826923077,-0.04131815601801946,2.165378605769231,-0.0007842548076923076,-0.0022505163431295167,-0.0007106370192307694
16,3,2.163472055288462,-0.0026908052884615377,-0.044864532167995755,2.1635366586538463,-0.002626201923076923,-0.0007471648426011201,-6.460336538461532e-05
16,4,2.1656820913461536,-0.0004807692307692308,-0.043711742739409615,2.165326021634615,-0.0008368389423076925,-0.0010898045480726003,0.0003560697115384616
16,5,2.165713641826923,-0.00044921875,-0.03871201723053095,2.1647415865384616,-0.0014212740384615384,0.0019206290762580772,0.0009720552884615385
16,6,2.1652914663461535,-0.0008713942307692309,-0.043468718989560735,2.1655498798076924,-0.0006129807692307693,-0.001403068755970426,-0.00025841346153846146
16,7,2.1638491586538464,-0.0023137019230769227,-0.034648133289955356,2.1651352163461537,-0.0010276442307692308,-0.001740142506603163,-0.0012860576923076922
16,8,2.1656265024038457,-0.0005363581730769233,-0.012660279102312804,2.1636688701923075,-0.0024939903846153844,-0.001847001056064467,0.001957632211538461
16,9,2.165928485576923,-0.00023437500000000024,-0.04580198828928392,2.165028545673077,-0.001134314903846154,-0.001523184749274427,0.0008999399038461535
16,10,2.167536057692308,0.0013731971153846158,-0.022523489116222064,2.1629897836538463,-0.0031730769230769234,7.081899789758321e-06,0.004546274038461538
16,11,2.1648422475961544,-0.001320612980769231,-0.04234522514919923,2.16369140625,-0.002471454326923077,-0.0011198232628246059,0.0011508413461538461
16,12,2.164510216346154,-0.0016526442307692305,-0.03264862586410028,2.1659675480769227,-0.0001953124999999999,-0.0007382770171297,-0.0014573317307692308
16,13,2.1653125,-0.0008503605769230768,-0.05959750970942172,2.165009014423077,-0.0011538461538461537,-0.0021781490682761862,0.00030348557692307684
16,14,2.1643524639423077,-0.0018103966346153847,-0.03098022235903455,2.1653290264423077,-0.0008338341346153847,-0.001550183820182261,-0.0009765625
16,15,2.164412560096154,-0.0017503004807692308,-0.040906682540573995,2.165049579326923,-0.00111328125,-0.0010973900644078854,-0.0006370192307692308
16,16,2.166072716346154,-9.014423076923092e-05,-0.03345594464386382,2.163966346153846,-0.002196514423076923,-0.0007708791845125742,0.0021063701923076925
16,17,2.1651382211538457,-0.0010246394230769233,-0.05293340090697601,2.166881009615384,0.0007181490384615384,-0.0023763006876456982,-0.0017427884615384614
16,18,2.164813701923077,-0.001349158653846154,-0.029055454725111063,2.1660922475961537,-7.061298076923081e-05,-0.0021232778520753823,-0.001278545673076923
16,19,2.1649819711538463,-0.0011808894230769234,-0.042501072070013676,2.1656385216346155,-0.0005243389423076923,-0.0022518715946106727,-0.0006565504807692308
16,20,2.1657707331730767,-0.0003921274038461539,-0.024611654883979355,2.165307992788462,-0.0008548677884615384,-2.5479229243948736e-05,0.00046274038461538447
16,21,2.1657647235576922,-0.00039813701923076906,-0.03356935133848043,2.165411658653846,-0.0007512019230769231,-0.0007561004219925743,0.00035306490384615373
16,22,2.1729251802884613,0.006762319711538462,-0.037590805082723354,2.1506805889423077,-0.015482271634615385,0.0038872942847666806,0.022244591346153846
16,23,2.165202824519231,-0.0009600360576923078,-0.029988008972778934,2.1649489182692307,-0.001213942307692308,-0.0020383928367092396,0.00025390625000000006
16,24,2.165314002403846,-0.0008488581730769231,-0.034536395086394917,2.165793269230769,-0.0003695913461538463,-0.0019164323473214444,-0.0004792668269230769
16,25,2.1654762620192307,-0.0006865985576923076,-0.047466954544631484,2.1637049278846154,-0.0024579326923076924,0.001619481174340299,0.0017713341346153847
16,26,2.1649654447115383,-0.001197415865384615,-0.029968319118927812,2.165274939903846,-0.0008879206730769228,-0.0003917496025081978,-0.00030949519230769247
16,27,2.1658353365384615,-0.00032752403846153836,-0.048418937025011745,2.164426081730769,-0.001736778846153846,0.001970305491115889,0.0014092548076923075
16,28,2.1650631009615386,-0.0010997596153846153,-0.054420490962161006,2.1636823918269235,-0.00248046875,-0.0014617479454945962,0.0013807091346153847
16,29,2.165486778846154,-0.000676081730769231,-0.03390996543839657,2.1642533052884616,-0.0019095552884615384,-0.0015678683504234683,0.0012334735576923076
16,30,2.1657391826923074,-0.0004236778846153847,-0.04462239163803346,2.166862980769231,0.0007001201923076925,0.0012453963336229285,-0.0011237980769230771
16,31,2.1640114182692303,-0.002151442307692308,-0.04049102832668944,2.163837139423077,-0.002325721153846154,-0.0006250175973474537,0.00017427884615384603
17,0,2.166676682692308,0.0005138221153846154,-0.035005548099614196,2.1628680889423078,-0.0032947716346153847,-0.001220933165464018,0.00380859375
17,1,2.165199819711538,-0.0009630408653846153,-0.028480105815188506,2.165252403846154,-0.0009104567307692309,-0.0019549139785411027,-5.258413461538455e-05
17,2,2.165754206730769,-0.0004086538461538462,-0.02855118871421598,2.165187800480769,-0.0009750600961538458,0.0011508543793527927,0.00056640625
17,3,2.1659405048076925,-0.00022235576923076912,-0.04258895103189384,2.1629462139423077,-0.003216646634615385,0.0006111398141585897,0.0029942908653846157
17,4,2.1644381009615383,-0.0017247596153846156,-0.03370156027818814,2.1640114182692307,-0.0021514423076923073,-0.0013064689115668783,0.0004266826923076925
17,5,2.1654942908653845,-0.0006685697115384614,-0.032439292730570606,2.1637379807692305,-0.0024248798076923076,-0.0007746928366169441,0.001756310096153846
17,6,2.1651156850961537,-0.0010471754807692306,-0.031960226422247225,2.165682091346154,-0.00048076923076923096,-0.0015618648933002593,-0.0005664062500000001
17,7,2.1642277644230767,-0.0019350961538461536,-0.02249931611570548,2.1643659855769233,-0.0017968749999999994,-0.0012641002086370974,-0.000138221153846154
17,8,2.165582932692308,-0.0005799278846153848,-0.03936000735600896,2.16591796875,-0.0002448918269230768,-0.0007200126652749749,-0.0003350360576923078
17,9,2.1647310697115385,-0.0014317908653846154,-0.03879316734828146,2.1656204927884617,-0.0005423677884615384,-0.0014898555403006545,-0.0008894230769230769
17,10,2.1652178485576923,-0.0009450120192307692,-0.03641456632460346,2.1647641225961536,-0.0013987379807692305,-0.0015708511962675422,0.0004537259615384614
17,11,2.164561298076923,-0.0016015625,-0.040612285243108746,2.1645658052884613,-0.0015970552884615383,-0.0010939577662681865,-4.507211538461389e-06
17,12,2.1648647836538464,-0.001298076923076923,-0.038138913730725116,2.167669771634615,0.0015069110576923074,-0.0017757911082620912,-0.002804987980769231
17,13,2.164744591346154,-0.0014182692307692305,-0.03920252873135805,2.16470703125,-0.0014558293269230766,-0.0019317706176320338,3.756009615384624e-05
17,14,2.1649008413461535,-0.0012620192307692306,-0.0402527324907727,2.1652779447115384,-0.0008849158653846155,0.0006068321232971307,-0.0003771033653846155
17,15,2.1651787860576923,-0.0009840745192307692,-0.028876858354472557,2.1615685096153845,-0.0045943509615384605,5.8935278886264e-05,0.0036102764423076926
17,16,2.1654296875,-0.0007331730769230772,-0.048311170438461816,2.165776742788461,-0.0003861177884615382,-0.0018877385757901687,-0.00034705528846153816
17,17,2.1649684495192307,-0.0011944110576923076,-0.03518511567684067,2.165106670673077,-0.0010561899038461536,0.0010749777240892373,-0.0001382211538461541
17,18,2.1641105769230773,-0.002052283653846154,-0.046706163073116876,2.1650631009615386,-0.0010997596153846155,-0.0008754531422552883,-0.0009525240384615388
17,19,2.165802283653846,-0.0003605769230769233,-0.04261441850749015,2.165573918269231,-0.0005889423076923077,-0.0019376278715255986,0.00022836538461538472
17,20,2.1646243990384617,-0.0015384615384615382,-0.04621663543065019,2.164702524038461,-0.0014603365384615388,-0.0009712073066693036,-7.812500000000004e-05
17,21,2.164621394230769,-0.0015414663461538463,-0.04389589338381372,2.164092548076923,-0.0020703125,0.0011919416099566984,0.000528846153846154
17,22,2.1645838341346155,-0.0015790264423076923,-0.04817243908809962,2.1653425480769233,-0.0008203125000000001,0.0005134928491315743,-0.0007587139423076921
17,23,2.164579326923077,-0.001583533653846154,-0.04468524271149414,2.1649384014423076,-0.0012244591346153848,-0.0019249457702429328,-0.00035907451923076914
17,24,2.164983473557692,-0.0011793870192307694,-0.02939084159962751,2.16498046875,-0.0011823918269230768,-0.0012374248241786734,3.0048076923076817e-06
17,25,2.1655979567307693,-0.000564903846153846,-0.039827360808215126,2.164728064903846,-0.0014347956730769232,-0.0016209736021186567,0.0008698918269230768
17,26,2.165353064903846,-0.0008097956730769232,-0.03606780419887086,2.1648527644230766,-0.0013100961538461537,-0.0009907250611806229,0.0005003004807692307
17,27,2.164397536057692,-0.0017653245192307695,-0.038101778721931934,2.1655498798076924,-0.0006129807692307693,-0.0018643480238553021,-0.0011523437500000002
17,28,2.164541766826923,-0.00162109375,-0.03521958342492534,2.165040564903846,-0.0011222956730769233,0.0013870919251738592,-0.0004987980769230766
17,29,2.1653876201923077,-0.0007752403846153847,-0.024972802117874993,2.1636793870192306,-0.002483473557692308,0.0014299723619883079,0.001708233173076923
17,30,2.1660606971153844,-0.0001021634615384616,-0.03372643491625037,2.1652193509615385,-0.0009435096153846156,-0.0010141171371737586,0.0008413461538461539
17,31,2.164806189903846,-0.0013566706730769233,-0.0524360222074652,2.165246394230769,-0.0009164663461538465,-0.0019244569025992433,-0.00044020432692307686
18,0,2.1651998197115385,-0.0009630408653846153,-0.03350536584808033,2.1648602764423073,-0.0013025841346153847,-0.0013947288179337514,0.00033954326923076923
18,1,2.164765625,-0.001397235576923077,-0.030226074420128406,2.1654897836538463,-0.0006730769230769232,-0.002027482370839954,-0.000724158653846154
18,2,2.1648602764423077,-0.001302584134615385,-0.04613799806187457,2.1652869591346153,-0.0008759014423076923,-0.001907526350577043,-0.0004266826923076924
18,3,2.1650766225961537,-0.001086237980769231,-0.03415583105105046,2.164764122596154,-0.001398737980769231,0.0009923021089625335,0.00031250000000000006
18,4,2.165471754807692,-0.0006911057692307692,-0.04582110453241428,2.164562800480769,-0.0016000600961538457,-0.0024028919900041397,0.0009089543269230772
18,5,2.1654717548076925,-0.000691105769230769,-0.03029618454525322,2.1639032451923077,-0.0022596153846153847,0.0005999394282476742,0.0015685096153846153
18,6,2.1654537259615387,-0.0007091346153846151,-0.023326984044091618,2.1648783052884615,-0.0012845552884615385,-0.0023841261529616727,0.0005754206730769231
18,7,2.1657076322115385,-0.0004552283653846155,-0.029094123478096503,2.165232872596154,-0.000929987980769231,-0.002069588150385369,0.0004747596153846152
18,8,2.165883413461539,-0.0002794471153846155,-0.027348548945788604,2.1643043870192304,-0.0018584735576923075,-0.0006177501827972335,0.0015790264423076927
18,9,2.164471153846154,-0.0016917067307692308,-0.028771519779580118,2.165235877403846,-0.000926983173076923,-9.764676770089532e-05,-0.0007647235576923075
18,10,2.16515625,-0.001006610576923077,-0.043098078068264434,2.164206730769231,-0.0019561298076923076,-0.0002576513379499699,0.0009495192307692307
18,11,2.1652914663461535,-0.0008713942307692309,-0.04169004320510746,2.1652689302884616,-0.0008939302884615386,-0.0017139177244461972,2.253605769230772e-05
18,12,2.164610877403846,-0.0015519831730769233,-0.041836759579197684,2.165641526442308,-0.0005213341346153843,-0.0012357616662438474,-0.0010306490384615384
18,13,2.1655889423076924,-0.0005739182692307692,-0.041480131446688065,2.1651983173076923,-0.0009645432692307691,-0.0016076726256867195,0.00039062499999999997
18,14,2.165271935096154,-0.0008909254807692308,-0.025343644312451737,2.1644411057692308,-0.0017217548076923074,-0.0015320701523682868,0.0008308293269230767
18,15,2.1648828125,-0.0012800480769230773,-0.031874046971386794,2.1642442908653847,-0.0019185697115384618,-0.0012042042566097744,0.0006385216346153847
18,16,2.165184795673077,-0.0009780649038461538,-0.04260382659925738,2.1642923677884616,-0.0018704927884615385,-0.0004857609587924342,0.0008924278846153845
18,17,2.1656355168269235,-0.0005273437499999999,-0.03384558982498462,2.164652944711538,-0.0015099158653846154,0.0006875765749166973,0.0009825721153846154
18,18,2.165485276442308,-0.0006775841346153844,-0.04934932744048471,2.1655588942307693,-0.0006039663461538462,-0.0016185201984249488,-7.361778846153846e-05
18,19,2.16548828125,-0.0006745793269230767,-0.04037607145119134,2.1658849158653846,-0.0002779447115384614,0.0005237176784552133,-0.0003966346153846155
18,20,2.165341045673077,-0.0008218149038461537,-0.04246309056347748,2.1651171875000004,-0.0010456730769230769,-0.0016134527063548702,0.0002238581730769232
18,21,2.1644861778846156,-0.0016766826923076922,-0.036839605990331814,2.1645477764423076,-0.0016150841346153847,-0.0009395329178227309,-6.159855769230766e-05
18,22,2.1638055889423082,-0.0023572716346153843,-0.03414472737099576,2.163909254807692,-0.002253605769230769,-0.0013732652728721897,-0.00010366586538461543
18,23,2.164338942307692,-0.001823918269230769,-0.03690813522223192,2.1645883413461537,-0.0015745192307692307,-0.0006045934761325649,-0.0002493990384615388
18,24,2.165555889423077,-0.0006069711538461535,-0.029939650289593354,2.1648527644230766,-0.001310096153846154,0.0006466719907487244,0.0007031250000000001
18,25,2.1647430889423074,-0.0014197716346153846,-0.04335759012113112,2.1651141826923075,-0.0010486778846153853,-0.0014621873954150735,-0.0003710937499999998
18,26,2.1657376802884616,-0.00042518028846153856,-0.04638542794123386,2.164541766826923,-0.0016210937500000001,-0.0012497007858440078,0.0011959134615384614
18,27,2.1656204927884612,-0.0005423677884615386,-0.04088503670937687,2.1648182091346158,-0.0013446514423076925,-0.0007255384837703707,0.000802283653846154
18,28,2.164894831730769,-0.001268028846153846,-0.034927986089088356,2.1640940504807693,-0.0020688100961538465,0.002049403565288985,0.0008007812500000002
18,29,2.1649158653846152,-0.0012469951923076922,-0.040233454926533276,2.165118689903846,-0.001044170673076923,-0.000986313019639174,-0.0002028245192307691
18,30,2.1649534254807694,-0.0012094350961538462,-0.03316070989683105,2.1647445913461536,-0.0014182692307692305,-0.0012460456503916146,0.00020883413461538454
18,31,2.1649263822115383,-0.0012364783653846154,-0.051940135443275366,2.165857872596154,-0.00030498798076923097,-0.001781155979090676,-0.0009314903846153848
19,0,2.165739182692308,-0.00042367788461538454,-0.027668051420391162,2.1646018629807693,-0.0015609975961538463,8.623546360265135e-05,0.0011373197115384615
19,1,2.1653906250000006,-0.000772235576923077,-0.018394363302757226,2.1647115384615385,-0.0014513221153846154,-0.0017566857516829151,0.0006790865384615382
19,2,2.165207331730769,-0.0009555288461538462,-0.051186430939126976,2.1652253605769234,-0.0009375000000000001,-0.002210463483603025,-1.8028846153846355e-05
19,3,2.1651953125000003,-0.0009675480769230768,-0.04577600766533903,2.1650766225961537,-0.0010862379807692307,-0.0017779762541743304,0.00011868990384615367
19,4,2.164245793269231,-0.0019170673076923071,-0.035639885332091975,2.164989483173077,-0.0011733774038461538,-0.0015057232758473931,-0.0007436899038461538
19,5,2.1655979567307693,-0.0005649038461538465,-0.030602453021458347,2.1654341947115383,-0.0007286658653846154,-0.002222540322582476,0.00016376201923076932
19,6,2.1649819711538463,-0.0011808894230769234,-0.03966267245696542,2.1646289062500004,-0.0015339543269230773,-0.001548900063686906,0.0003530649038461537
19,7,2.1653620793269233,-0.0008007812500000002,-0.036064245367181634,2.165291466346154,-0.000871394230769231,-0.001101402983073462,7.061298076923092e-05
19,8,2.164755108173077,-0.0014077524038461537,-0.032749146368917924,2.1646304086538466,-0.001532451923076923,0.001199936158913191,0.00012469951923076925
19,9,2.164995492788462,-0.0011673677884615388,-0.030337502079330437,2.1648783052884615,-0.0012845552884615385,-0.0008288538008626861,0.00011718750000000017
19,10,2.1654131610576925,-0.0007496995192307693,-0.04864918640379103,2.164957932692307,-0.0012049278846153846,0.0005658570023627076,0.0004552283653846154
19,11,2.164661959134616,-0.001500901442307692,-0.04297689016625983,2.167313701923077,0.001150841346153846,-0.003185235220177587,-0.0026517427884615386
19,12,2.1653590745192304,-0.0008037860576923077,-0.04390082163628315,2.1644185697115383,-0.0017442908653846154,0.0015094504944415056,0.0009405048076923078
19,13,2.164893329326923,-0.0012695312499999996,-0.039439086788596506,2.1653425480769233,-0.0008203124999999999,-0.0006304616550696361,-0.00044921874999999997
19,14,2.1655168269230773,-0.000646033653846154,-0.03347658080611102,2.164939903846154,-0.0012229567307692308,0.0007915370717491994,0.000576923076923077
19,15,2.165501802884615,-0.0006610576923076925,-0.03815552810466886,2.1646213942307693,-0.0015414663461538465,0.0012352282889685532,0.0008804086538461537
19,16,2.1649263822115383,-0.0012364783653846152,-0.03798044301798434,2.1651983173076923,-0.0009645432692307689,-0.0020564780064609095,-0.0002719350961538463
19,17,2.164206730769231,-0.001956129807692308,-0.04924754848384728,2.164266826923077,-0.0018960336538461542,-0.0012962133922304825,-6.009615384615363e-05
19,18,2.165537860576923,-0.0006249999999999997,-0.033826640421714634,2.1646890024038465,-0.0014738581730769232,-0.0015167893130707938,0.0008488581730769231
19,19,2.165048076923077,-0.001114783653846154,-0.027974475292894787,2.164540264423077,-0.0016225961538461535,-0.0017491315169735923,0.0005078124999999999
19,20,2.1660171274038458,-0.00014573317307692312,-0.030152313395811255,2.1663912259615383,0.00022836538461538477,-0.002130936443973877,-0.00037409855769230755
19,21,2.1642908653846153,-0.0018719951923076921,-0.027780994648218166,2.1641000600961537,-0.002062800480769231,-0.0016464761939489758,0.0001908052884615384
19,22,2.1657797475961535,-0.00038311298076923087,-0.03823876875895165,2.1645177283653845,-0.0016451322115384618,-0.0021329538930023413,0.0012620192307692308
19,23,2.166350661057692,0.00018780048076923067,-0.03134601315522228,2.1655213341346156,-0.0006415264423076924,-0.0017878893472181954,0.0008293269230769226
19,24,2.165486778846154,-0.0006760817307692309,-0.029135172414470178,2.16490234375,-0.001260516826923077,-0.0023497627244884367,0.0005844350961538457
19,25,2.1663641826923077,0.00020132211538461547,-0.03120725937306176,2.1650766225961533,-0.0010862379807692307,-0.0013070645544079784,0.001287560096153846
19,26,2.1656956129807696,-0.0004672475961538462,-0.027793967700477647,2.16431640625,-0.001846454326923077,-0.0016838958559796263,0.001379206730769231
19,27,2.166242487980769,7.962740384615369e-05,-0.028586134462849223,2.164349459134615,-0.001813401442307692,0.00021694972575358047,0.0018930288461538462
19,28,2.165718149038461,-0.0004447115384615383,-0.04471886921373043,2.1647956730769233,-0.0013671875,-0.0007318179486810168,0.0009224759615384614
19,29,2.1663897235576925,0.0002268629807692309,-0.04336565580370907,2.1651141826923075,-0.0010486778846153849,-0.0019817869841529103,0.0012755408653846157
19,30,2.165467247596154,-0.0006956129807692307,-0.02979215407091675,2.164474158653846,-0.0016887019230769228,-0.0008833963683601825,0.0009930889423076922
19,31,2.166687199519231,0.0005243389423076923,-0.039466844066644975,2.164893329326923,-0.00126953125,-0.0005912499260733948,0.0017938701923076925
20,0,2.163578725961538,-0.0025841346153846157,-0.05918451551711207,2.1667773437499998,0.0006144831730769232,-0.0014909316640406738,-0.003198617788461539
20,1,2.1651742788461537,-0.0009885817307692306,-0.04721348069637603,2.165124699519231,-0.0010381610576923079,-0.001654388785291742,4.957932692307712e-05
20,2,2.1654236778846156,-0.0007391826923076924,-0.028489229858804203,2.165497295673077,-0.000665564903846154,-0.0009923858775437082,-7.361778846153854e-05
20,3,2.1656310096153844,-0.0005318509615384618,-0.05971658860635785,2.1629807692307694,-0.003182091346153846,-0.001175702203460994,0.0026502403846153846
20,4,2.1659029447115383,-0.00025991586538461525,-0.03845773256138625,2.1651577524038466,-0.0010051081730769232,-0.0002202838063068693,0.0007451923076923077
20,5,2.1643900240384615,-0.0017728365384615387,-0.04633002472138246,2.165357572115384,-0.0008052884615384616,-0.0008325759549653538,-0.0009675480769230768
20,6,2.165458233173077,-0.0007046274038461539,-0.049003755771901455,2.16520282451923,-0.0009600360576923076,0.0007150489188948547,0.00025540865384615386
20,7,2.1649128605769232,-0.0012499999999999996,-0.03218335049194961,2.165634014423077,-0.0005288461538461538,0.0004931456317935261,-0.000721153846153846
20,8,2.164936899038462,-0.0012259615384615388,-0.035748820142654215,2.165222355769231,-0.0009405048076923077,0.0014185257165197016,-0.0002854567307692311
20,9,2.1653485576923073,-0.0008143028846153843,-0.03887231267368124,2.164725060096154,-0.0014378004807692306,-0.0019869452727185244,0.000623497596153846
20,10,2.1650736177884613,-0.0010892427884615387,-0.04068818503903302,2.1634495192307694,-0.0027133413461538467,-0.0018467999740126942,0.0016240985576923075
20,11,2.165285456730769,-0.0008774038461538461,-0.04873853890672753,2.1654897836538463,-0.000673076923076923,-0.0013624042726127575,-0.0002043269230769231
20,12,2.165674579326923,-0.00048828125,-0.04341250261303001,2.1662560096153847,9.314903846153829e-05,-0.002461105324325754,-0.0005814302884615385
20,13,2.1648452524038464,-0.0013176081730769229,-0.032031655164240856,2.1642052283653848,-0.0019576322115384607,-0.0006845416148321672,0.0006400240384615385
20,14,2.1660306490384613,-0.00013221153846153843,-0.03753108413130354,2.16529296875,-0.000869891826923077,-0.0023549236182404437,0.0007376802884615385
20,15,2.1653846153846152,-0.0007782451923076923,-0.04517185267071189,2.1656640624999994,-0.000498798076923077,-0.0019922961125087837,-0.0002794471153846155
20,16,2.165450721153846,-0.0007121394230769232,-0.041236840095165796,2.164864783653846,-0.0012980769230769233,-0.002041414116827287,0.0005859375
20,17,2.1650045072115387,-0.0011583533653846153,-0.04401102774858192,2.1653831129807695,-0.000779747596153846,-0.0017202318906115077,-0.00037860576923076937
20,18,2.165202824519231,-0.0009600360576923077,-0.030087508686963405,2.165213341346154,-0.0009495192307692308,-0.001291011923309168,-1.0516826923076858e-05
20,19,2.164938401442308,-0.0012244591346153848,-0.03982820731033852,2.164905348557692,-0.0012575120192307692,-0.0007423235992849285,3.305288461538447e-05
20,20,2.1654447115384614,-0.0007181490384615384,-0.030635905174268722,2.1661298076923075,-3.3052884615384554e-05,-0.0029328986321090923,-0.000685096153846154
20,21,2.1657917668269233,-0.00037109374999999984,-0.03797929445194016,2.1659149639423076,-0.0002478966346153846,-0.0022639352615323226,-0.00012319711538461554
20,22,2.16529296875,-0.0008698918269230771,-0.0422754337700451,2.164275841346154,-0.001887019230769231,0.0012106196044322376,0.001017127403846154
20,23,2.165788762019231,-0.00037409855769230765,-0.044551369263767966,2.164698016826923,-0.0014648437499999998,-0.001657066494939383,0.0010907451923076923
20,24,2.1649459134615388,-0.001216947115384615,-0.04747974606149069,2.1655093149038462,-0.0006535456730769228,-0.001065637213560679,-0.0005634014423076923
20,25,2.1654507211538463,-0.0007121394230769234,-0.03894209496129799,2.1657872596153847,-0.00037560096153846156,2.881021066403931e-05,-0.0003365384615384616
20,26,2.164112079326923,-0.00205078125,-0.036783338960249115,2.1661463341346154,-1.6526442307692328e-05,-0.0009971176537274876,-0.0020342548076923077
20,27,2.1648828124999997,-0.001280048076923077,-0.033766173927249184,2.1653771033653846,-0.0007857572115384615,-0.0016262293375395706,-0.0004942908653846155
20,28,2.166645132211539,0.00048227163461538476,-0.03338131891578758,2.165803786057692,-0.0003590745192307693,-0.0009970575505753672,0.0008413461538461537
20,29,2.16466796875,-0.0014948918269230768,-0.050813764677056714,2.1653650841346153,-0.0007977764423076926,0.0002868626442893721,-0.0006971153846153847
20,30,2.1649444110576925,-0.001218449519230769,-0.033592356795192055,2.16541015625,-0.0007527043269230769,0.0009753143273849997,-0.0004657451923076924
20,31,2.166011117788462,-0.00015174278846153858,-0.02276802380778627,2.165587439903846,-0.0005754206730769233,-0.0017474729077692267,0.00042367788461538476
21,0,2.1648121995192313,-0.0013506610576923077,-0.045654784727540164,2.1646844951923074,-0.0014783653846153844,0.0012443765024058465,0.00012770432692307693
21,1,2.1666826923076923,0.0005198317307692306,-0.0317901476971568,2.1650886418269235,-0.00107421875,-0.0014149739857853426,0.0015940504807692311
21,2,2.1654462139423076,-0.0007166466346153846,-0.014930838718594904,2.1660712139423075,-9.164663461538475e-05,-0.001134989382911443,-0.0006250000000000001
21,3,2.164836237980769,-0.001326622596153846,-0.04682609880925695,2.1641165865384617,-0.0020462740384615385,0.0016440608192463103,0.0007196514423076924
21,4,2.164669471153846,-0.0014933894230769232,-0.032716676123802246,2.1661974158653847,3.4555288461538365e-05,-0.0022533732691862145,-0.0015279447115384614
21,5,2.1656475360576923,-0.0005153245192307691,-0.02757816576238991,2.164622896634615,-0.0015399639423076923,0.0005333388874097048,0.0010246394230769233
21,6,2.164740084134615,-0.0014227764423076922,-0.0349167672875144,2.164921875,-0.001240985576923077,0.0002919478073511168,-0.0001817908653846155
21,7,2.16525390625,-0.0009089543269230768,-0.05724729516771432,2.1658563701923077,-0.00030649038461538476,-0.0017995960794788698,-0.0006024639423076922
21,8,2.1651983173076923,-0.0009645432692307695,-0.04380402247734178,2.16580078125,-0.00036207932692307695,-0.0011328976047784074,-0.0006024639423076924
21,9,2.1653560697115384,-0.0008067908653846159,-0.041168048024701503,2.165770733173077,-0.00039212740384615376,-0.0021085686238802763,-0.0004146634615384615
21,10,2.164095552884615,-0.002067307692307692,-0.04065216503829647,2.1654417067307694,-0.0007211538461538463,-0.0013319460044681245,-0.001346153846153846
21,11,2.165567908653846,-0.0005949519230769232,-0.04293877384036888,2.1657496995192305,-0.0004131610576923077,-0.0016659634899174893,-0.0001817908653846154
21,12,2.1649864783653845,-0.0011763822115384611,-0.04067329243178006,2.165380108173077,-0.0007827524038461535,-0.0019090788549701808,-0.0003936298076923078
21,13,2.164759615384616,-0.001403245192307692,-0.03952231219698915,2.1660937500000004,-6.911057692307695e-05,-0.0013855191668460001,-0.001334134615384615
21,14,2.1651772836538465,-0.000985576923076923,-0.036690571812616306,2.1638912259615384,-0.002271634615384615,-0.00126181467295727,0.001286057692307692
21,15,2.167008713942308,0.0008458533653846155,-0.043278038140880735,2.165374098557692,-0.0007887620192307695,-0.0020570359852964725,0.0016346153846153847
21,16,2.16533203125,-0.000830829326923077,-0.03510067661473054,2.1653079927884615,-0.0008548677884615385,-0.0010530503331599016,2.4038461538461813e-05
21,17,2.1651607572115386,-0.0010021033653846152,-0.0397020550090268,2.165126201923077,-0.0010366586538461536,0.00028863367945723424,3.4555288461538636e-05
21,18,2.1655618990384613,-0.0006009615384615385,-0.03562288884027473,2.164813701923077,-0.001349158653846154,-0.0019865961941125465,0.0007481971153846152
21,19,2.1653725961538464,-0.0007902644230769229,-0.02961190281157633,2.165070612980769,-0.001092247596153846,-0.0019125743142699278,0.0003019831730769231
21,20,2.164807692307692,-0.001355168269230769,-0.041615182134316704,2.1655754206730773,-0.0005874399038461539,-0.0011203834262211016,-0.0007677283653846151
21,21,2.165485276442308,-0.0006775841346153845,-0.053754422727078414,2.164532752403846,-0.001630108173076923,0.0009497988886098489,0.0009525240384615384
21,22,2.1648332331730766,-0.001329627403846154,-0.029969631153069134,2.1644065504807695,-0.0017563100961538462,0.001356375136266421,0.0004266826923076924
21,23,2.164194711538461,-0.0019681490384615384,-0.032218816730251267,2.1653906250000006,-0.0007722355769230769,-0.00096038412617233,-0.0011959134615384616
21,24,2.164698016826923,-0.00146484375,-0.04592452691757792,2.1647506009615385,-0.0014122596153846154,-0.0019994347803644215,-5.258413461538459e-05
21,25,2.165674579326923,-0.0004882812500000001,-0.03651062548702641,2.1659044471153845,-0.00025841346153846146,-0.002719448768526088,-0.00022986778846153857
21,26,2.165013521634615,-0.0011493389423076928,-0.0399939565862724,2.1643028846153847,-0.0018599759615384617,-0.001269079650924974,0.0007106370192307692
21,27,2.1654266826923076,-0.0007361778846153848,-0.049696592390316985,2.1648933293269232,-0.00126953125,-0.002358345933663853,0.0005333533653846153
21,28,2.1654927884615387,-0.0006700721153846152,-0.037456682689415106,2.1646259014423075,-0.0015369591346153849,-0.0016980398479462745,0.0008668870192307693
21,29,2.1651953124999994,-0.0009675480769230768,-0.05288433021466677,2.165025540865385,-0.0011373197115384617,-0.001746598698924019,0.00016977163461538456
21,30,2.164287860576923,-0.0018750000000000001,-0.041469970827882556,2.1647851562500002,-0.001377704326923077,-0.00018229753179587984,-0.000497295673076923
21,31,2.165060096153846,-0.0011027644230769233,-0.04642771980748785,2.165480769230769,-0.0006820913461538465,-0.0014944863881224625,-0.000420673076923077
22,0,2.16466796875,-0.0014948918269230766,-0.03754643451218199,2.166550480769231,0.00038762019230769226,-0.0017821935859685509,-0.0018825120192307691
22,1,2.1653966346153846,-0.0007662259615384615,-0.03909484867894302,2.163888221153846,-0.002274639423076923,-0.0009558263859862084,0.0015084134615384614
22,2,2.1653876201923077,-0.0007752403846153844,-0.03798690243629576,2.1647731370192305,-0.0013897235576923077,-0.002258952220485309,0.0006144831730769232
22,3,2.1649278846153845,-0.0012349759615384616,-0.04805503317088599,2.1650015024038463,-0.001161358173076923,-0.0016821105603060278,-7.361778846153824e-05
22,4,2.1647986778846153,-0.0013641826923076925,-0.04388124978374686,2.164436598557692,-0.0017262620192307694,0.0008958989265284343,0.00036207932692307695
22,5,2.164559795673077,-0.0016030649038461541,-0.041111749368284864,2.1654522235576925,-0.0007106370192307693,-0.0015422891948653086,-0.000892427884615385
22,6,2.1657106370192305,-0.0004522235576923075,-0.0396720569331811,2.1657076322115385,-0.0004552283653846152,9.791956558366367e-05,3.004807692307695e-06
22,7,2.165567908653846,-0.0005949519230769228,-0.038823763453018426,2.1650916466346155,-0.0010712139423076923,-0.0019681957684205805,0.0004762620192307692
22,8,2.1660486778846155,-0.00011418269230769233,-0.03523775936069363,2.165357572115384,-0.0008052884615384618,-0.001967810235114131,0.000691105769230769
22,9,2.1646198918269226,-0.0015429687500000003,-0.03588460667281778,2.16615234375,-1.0516826923076752e-05,-0.0019406101815048562,-0.001532451923076923
22,10,2.1651156850961537,-0.0010471754807692309,-0.03400305949901174,2.1656625600961537,-0.0005003004807692307,-0.0013060056692254032,-0.0005468749999999998
22,11,2.1668118990384615,0.0006490384615384613,-0.036915571076246254,2.164332932692308,-0.0018299278846153847,-0.001824520719622301,0.002478966346153846
22,12,2.1650060096153845,-0.0011568509615384613,-0.039994077867778505,2.1642157451923074,-0.0019471153846153846,-0.0013488703172441364,0.000790264423076923
22,13,2.1646304086538466,-0.001532451923076923,-0.05136023222129731,2.1654987980769227,-0.0006640624999999999,-0.002087177923385642,-0.000868389423076923
22,14,2.1651442307692306,-0.0010186298076923076,-0.03645566425278914,2.1647521033653843,-0.0014107572115384616,-0.0009965163312277972,0.000392127403846154
22,15,2.1646243990384613,-0.001538461538461538,-0.03864303650474505,2.164233774038462,-0.0019290865384615386,-0.0017091638294370565,0.0003906249999999999
22,16,2.164954927884615,-0.0012079326923076926,-0.04822831657180194,2.1653650841346153,-0.0007977764423076926,-0.0017586100050585704,-0.0004101562500000002
22,17,2.1650585937500004,-0.0011042668269230771,-0.04020796346574894,2.1649564302884614,-0.0012064302884615384,-0.0017407796198428984,0.00010216346153846149
22,18,2.1648572716346153,-0.0013055889423076925,-0.044266480486950074,2.165234375,-0.0009284855769230769,-0.001373084384215872,-0.0003771033653846157
22,19,2.1653094951923078,-0.0008533653846153848,-0.04474810224434786,2.1655844350961537,-0.0005784254807692308,-0.0028644852060596897,-0.00027493990384615393
22,20,2.164631911057693,-0.0015309495192307693,-0.04168530131110723,2.1654266826923076,-0.000736177884615385,-0.0011345153016907956,-0.0007947716346153844
22,21,2.1649429086538463,-0.001219951923076923,-0.051073510632387416,2.1648632812499997,-0.0012995793269230766,-0.0010104004491755026,7.96274038461538e-05
22,22,2.165769230769231,-0.0003936298076923076,-0.028145786191926897,2.1652493990384616,-0.0009134615384615386,-0.0016994332260825773,0.0005198317307692307
22,23,2.1648347355769233,-0.001328125,-0.03302570353438968,2.165043569711538,-0.0011192908653846153,-0.00025162442526018746,-0.00020883413461538476
22,24,2.1641856971153848,-0.0019771634615384616,-0.047680140993812015,2.16615234375,-1.0516826923076912e-05,-0.002381912160943734,-0.001966646634615385
22,25,2.165413161057692,-0.0007496995192307693,-0.034348451265490285,2.164514723557692,-0.0016481370192307696,-0.0016365738032814222,0.0008984375000000001
22,26,2.1650901442307693,-0.0010727163461538463,-0.05603667731322952,2.1656565504807688,-0.0005063100961538462,-0.001101998355750701,-0.00056640625
22,27,2.165127704326923,-0.0010351562500000003,-0.04004571385831978,2.164169170673077,-0.0019936899038461536,-0.0013336078347993279,0.0009585336538461539
22,28,2.1651442307692306,-0.0010186298076923078,-0.043533083987671334,2.1646168870192306,-0.0015459735576923079,-0.0015317843598569914,0.0005273437499999999
22,29,2.16435546875,-0.0018073918269230769,-0.031338308444772534,2.16447265625,-0.0016902043269230772,0.001068573390824497,-0.00011718749999999985
22,30,2.1656655649038465,-0.0004972956730769231,-0.049669339293560336,2.1647310697115385,-0.0014317908653846156,-0.0010207237257317638,0.0009344951923076924
22,31,2.1648572716346153,-0.001305588942307692,-0.04385758338141257,2.165069110576923,-0.00109375,-0.0015803231937298286,-0.00021183894230769208
23,0,2.1654116586538463,-0.0007512019230769231,-0.04094829663695562,2.164618389423077,-0.0015444711538461539,-0.0016482730401326975,0.0007932692307692306
23,1,2.1649654447115383,-0.0011974158653846154,-0.038405605528984664,2.1656114783653844,-0.0005513822115384613,-0.0019228057570451229,-0.0006460336538461539
23,2,2.1653470552884615,-0.0008158052884615387,-0.039315177364148315,2.1641511418269235,-0.00201171875,-0.0006443912457771398,0.0011959134615384614
23,3,2.1646424278846155,-0.0015204326923076925,-0.0473940299642929,2.164954927884615,-0.0012079326923076924,-0.002217518905403262,-0.0003125000000000002
23,4,2.1643149038461535,-0.0018479567307692305,-0.041399135853912084,2.165124699519231,-0.001038161057692308,-0.0020256058292627177,-0.000809795673076923
23,5,2.165007512019231,-0.0011553485576923078,-0.047157471028543396,2.165048076923077,-0.001114783653846154,-0.0016895983011981364,-4.0564903846153886e-05
23,6,2.165034555288462,-0.0011283052884615385,-0.026978557545418762,2.164128605769231,-0.0020342548076923072,-0.0012702509372560903,0.0009059495192307695
23,7,2.1648407451923077,-0.0013221153846153847,-0.03528183876751134,2.16494140625,-0.001221454326923077,-0.0014418211013479433,-0.00010066105769230757
23,8,2.164806189903846,-0.0013566706730769233,-0.04200725043257765,2.1644681490384614,-0.0016947115384615384,-0.0013443641377686825,0.00033804086538461527
23,9,2.1650465745192307,-0.0011162860576923075,-0.04107059322089109,2.1652403846153847,-0.0009224759615384618,-0.0022331626301849,-0.00019381009615384624
23,10,2.165471754807692,-0.0006911057692307694,-0.030707056610186537,2.1643945312499997,-0.0017683293269230768,-0.001192882479260768,0.0010772235576923077
23,11,2.1641256009615386,-0.0020372596153846157,-0.0456109910774686,2.164983473557692,-0.0011793870192307694,-0.0011443162159318198,-0.000857872596153846
23,12,2.1647551081730767,-0.0014077524038461537,-0.04633864842673066,2.1649008413461535,-0.0012620192307692308,-0.0011350617025991186,-0.00014573317307692282
23,13,2.164965444711539,-0.0011974158653846156,-0.03461521685008698,2.1646589543269235,-0.00150390625,-0.0019670692148222595,0.0003064903846153847
23,14,2.1654732572115383,-0.0006896033653846155,-0.04202556169287265,2.164765625,-0.001397235576923077,-0.0019027004409847702,0.0007076322115384617
23,15,2.1653861177884615,-0.0007767427884615389,-0.04844145965057564,2.1648768028846157,-0.0012860576923076925,-0.0018449667168782345,0.0005093149038461537
23,16,2.165021033653846,-0.001141826923076923,-0.05170068020984691,2.165154747596154,-0.001008112980769231,-0.0015476714981795439,-0.00013371394230769204
23,17,2.1662214543269234,5.859374999999977e-05,-0.03804652189670923,2.1646694711538466,-0.0014933894230769232,0.0003243203634643451,0.0015519831730769233
23,18,2.16548828125,-0.000674579326923077,-0.04936755379925005,2.1651171875000004,-0.0010456730769230769,-0.001795250632335194,0.0003710937499999999
23,19,2.1647115384615385,-0.0014513221153846158,-0.04081902512894714,2.1649909855769227,-0.001171875,-0.00109068089447423,-0.0002794471153846153
23,20,2.1654011418269232,-0.00076171875,-0.04875578384043315,2.1637710336538456,-0.002391826923076923,-0.0016333585143845065,0.0016301081730769231
23,21,2.1651442307692306,-0.0010186298076923074,-0.039658172800270154,2.1656009615384617,-0.0005618990384615384,-0.001809791535118989,-0.00045673076923076944
23,22,2.1642803485576922,-0.0018825120192307694,-0.03851901721729013,2.1647716346153847,-0.0013912259615384613,-0.0017141986081229098,-0.0004912860576923077
23,23,2.1643704927884615,-0.0017923677884615383,-0.04405060096405391,2.1657121394230767,-0.000450721153846154,-0.0007497817534725564,-0.0013416466346153845
23,24,2.165186298076923,-0.0009765625,-0.04007024848813345,2.1654747596153845,-0.0006881009615384617,-0.0011655020011445,-0.0002884615384615384
23,25,2.164657451923077,-0.0015054086538461538,-0.049444818143327234,2.1655108173076925,-0.000652043269230769,-0.0020653963780360375,-0.000853365384615385
23,26,2.1643915264423077,-0.0017713341346153847,-0.04127505086228424,2.1649158653846152,-0.0012469951923076922,-0.000764504489675682,-0.0005243389423076924
23,27,2.164951923076923,-0.0012109375000000002,-0.034585329609246186,2.164911358173077,-0.0012515024038461536,-0.0019747339383234365,4.0564903846153995e-05
23,28,2.165513822115385,-0.0006490384615384614,-0.03763250093851618,2.1644140625000006,-0.001748798076923077,-0.0010992212134584645,0.0010997596153846155
23,29,2.1646153846153844,-0.0015474759615384617,-0.051073526232228016,2.1649804687499996,-0.0011823918269230768,-0.0016701585485996973,-0.00036508413461538454
23,30,2.1656790865384616,-0.0004837740384615382,-0.050176295498265924,2.163638822115385,-0.0025240384615384617,-0.00019059226657539244,0.0020402644230769233
23,31,2.165366586538462,-0.0007962740384615385,-0.04443540810417053,2.1640099158653845,-0.0021529447115384618,-0.0010483633001169416,0.001356670673076923
24,0,2.165567908653846,-0.000594951923076923,-0.041091547813183055,2.1650315504807693,-0.0011313100961538463,0.0005037307427566118,0.0005363581730769231
24,1,2.1646484375000004,-0.0015144230769230768,-0.04180377687877745,2.1647926682692304,-0.0013701923076923077,-0.000925207008950447,-0.00014423076923076935
24,2,2.1658158052884615,-0.00034705528846153854,-0.031857629243253895,2.165320012019231,-0.0008428485576923078,-0.0012457839131585777,0.000495793269230769
24,3,2.1649158653846152,-0.0012469951923076926,-0.04480537294785167,2.16482421875,-0.0013386418269230771,-0.0020776185416087408,9.164663461538464e-05
24,4,2.16546123798077,-0.0007016225961538461,-0.041519957647085166,2.1663025841346153,0.00013972355769230796,-0.0020592286002443423,-0.000841346153846154
24,5,2.164610877403846,-0.0015519831730769233,-0.043741722096006186,2.164894831730769,-0.001268028846153846,-0.000986566196726601,-0.00028395432692307677
24,6,2.1651216947115386,-0.001041165865384615,-0.04596095813593346,2.1648106971153847,-0.0013521634615384613,0.0008899000891095398,0.00031099759615384626
24,7,2.1642022235576923,-0.001960637019230769,-0.039963531687459246,2.165123197115385,-0.0010396634615384617,-0.0011534373901456157,-0.0009209735576923075
24,8,2.1651923076923074,-0.0009705528846153845,-0.038799814841956534,2.164618389423077,-0.0015444711538461536,-0.001986601650319445,0.0005739182692307693
24,9,2.165751201923077,-0.0004116586538461536,-0.04049609100746923,2.1648407451923077,-0.0013221153846153843,-0.0014463010412888446,0.0009104567307692306
24,10,2.165773737980769,-0.000389122596153846,-0.052925625454525435,2.165576923076923,-0.0005859374999999998,-0.0013463676233663804,0.0001968149038461538
24,11,2.16474609375,-0.0014167668269230765,-0.03964959491184906,2.165533353365385,-0.0006295072115384612,-0.001991731560150751,-0.0007872596153846155
24,12,2.165213341346154,-0.0009495192307692306,-0.05137050697575815,2.164864783653846,-0.001298076923076923,-0.0015075614989067676,0.00034855769230769245
24,13,2.1647025240384616,-0.0014603365384615386,-0.044347249854214746,2.1652629206730767,-0.0008999399038461537,-0.0020115491609983935,-0.0005603966346153848
24,14,2.165085637019231,-0.0010772235576923075,-0.04086666843465506,2.1654191706730765,-0.0007436899038461539,-0.0019437267754224437,-0.00033353365384615393
24,15,2.164957932692307,-0.0012049278846153846,-0.04763713148330524,2.1648692908653846,-0.0012935697115384617,-0.0017947800336627956,8.864182692307695e-05
24,16,2.165458233173077,-0.0007046274038461538,-0.03527301856671145,2.165051081730769,-0.0011117788461538459,-0.0017296913827320806,0.00040715144230769234
24,17,2.165455228365385,-0.0007076322115384617,-0.04029585312795247,2.165127704326923,-0.00103515625,-0.0015362965738421044,0.0003275240384615383
24,18,2.1654041466346152,-0.0007587139423076923,-0.034481097772879686,2.164248798076923,-0.0019140625000000004,-0.001582467837896533,0.0011553485576923078
24,19,2.1645132211538463,-0.0016496394230769234,-0.05731046535181668,2.1650736177884613,-0.0010892427884615385,-0.0016977351696005308,-0.0005603966346153846
24,20,2.1647400841346154,-0.0014227764423076926,-0.049031320472292146,2.1647070312500003,-0.001455829326923077,-0.0015644679273456605,3.3052884615384764e-05
24,21,2.165108173076923,-0.0010546874999999996,-0.03892299091356451,2.1657481971153847,-0.00041466346153846165,9.561778636255575e-05,-0.0006400240384615384
24,22,2.1652764423076922,-0.0008864182692307693,-0.035877935126741096,2.1650781249999995,-0.0010847355769230769,-0.0009140836692191522,0.00019831730769230785
24,23,2.164233774038462,-0.001929086538461539,-0.03543568484658512,2.1659299879807694,-0.00023287259615384625,-0.001714182048388898,-0.001696213942307692
24,24,2.1650811298076924,-0.0010817307692307693,-0.037919237220685,2.165108173076923,-0.0010546875000000005,-0.0015436321647122097,-2.7043269230769174e-05
24,25,2.165078125,-0.001084735576923077,-0.04431609422572946,2.165333533653846,-0.0008293269230769233,4.672785572928157e-05,-0.00025540865384615364
24,26,2.164631911057693,-0.0015309495192307693,-0.04582557829862762,2.1641887019230768,-0.001974158653846154,-0.0009709017599224274,0.00044320913461538494
24,27,2.1654822716346156,-0.000680588942307692,-0.043462835925380375,2.1647265625,-0.001436298076923077,-0.0018772809213382959,0.0007557091346153848
24,28,2.1643719951923073,-0.0017908653846153847,-0.032348074119934116,2.165366586538462,-0.0007962740384615382,-0.00112137087184793,-0.000994591346153846
24,29,2.164501201923077,-0.001661658653846154,-0.0356450526885047,2.1648091947115384,-0.0013536658653846155,-0.001291517768456112,-0.00030799278846153845
24,30,2.1653049879807695,-0.0008578725961538462,-0.038378216479899516,2.1645447716346156,-0.0016180889423076923,-0.0009034157996131324,0.0007602163461538463
24,31,2.165048076923077,-0.0011147836538461541,-0.04499700662161887,2.1650615985576924,-0.0011012620192307693,0.0010316174237011628,-1.3521634615384794e-05
25,0,2.1648948317307695,-0.001268028846153846,-0.04892000297524451,2.1655799278846155,-0.0005829326923076925,-0.0016454887894954058,-0.0006850961538461539
25,1,2.1657481971153847,-0.00041466346153846154,-0.03980670875433044,2.165531850961538,-0.0006310096153846154,-0.0018428957577020062,0.0002163461538461539
25,2,2.1643900240384615,-0.0017728365384615385,-0.035765110073257535,2.1655904447115386,-0.0005724158653846154,-0.001892777980745588,-0.001200420673076923
25,3,2.1655303485576924,-0.0006325120192307692,-0.04704078300937781,2.164338942307692,-0.001823918269230769,-0.0014071747882904043,0.00119140625
25,4,2.1654041466346152,-0.0007587139423076925,-0.040465294575566996,2.164580829326923,-0.0015820312499999997,-0.001156011771373655,0.0008233173076923076
25,5,2.1654191706730765,-0.0007436899038461538,-0.03897203384551865,2.1644756610576925,-0.001687199519230769,-0.000876242726214355,0.0009435096153846154
25,6,2.1643719951923073,-0.0017908653846153847,-0.04212401456882545,2.165037560096154,-0.001125300480769231,-0.001736083622360171,-0.0006655649038461537
25,7,2.1654957932692307,-0.0006670673076923081,-0.047968085454643435,2.1647010216346154,-0.0014618389423076922,-0.001541980023806143,0.0007947716346153844
25,8,2.1646349158653844,-0.0015279447115384614,-0.043181432866624146,2.1654567307692307,-0.0007061298076923077,-0.0015282782671567356,-0.0008218149038461541
25,9,2.1648828125,-0.001280048076923077,-0.03455941851467995,2.1654447115384614,-0.0007181490384615382,-0.0018575083711708607,-0.0005618990384615386
25,10,2.165015024038462,-0.0011478365384615383,-0.037985056630689025,2.164981971153846,-0.001180889423076923,-0.0021279046464574122,3.3052884615384655e-05
25,11,2.1652749399038465,-0.0008879206730769233,-0.045683106369305615,2.164513221153846,-0.0016496394230769232,-0.0013170015813149464,0.00076171875
25,12,2.165531850961538,-0.0006310096153846154,-0.03525516821864068,2.1641286057692306,-0.0020342548076923077,-0.0013272002992785186,0.0014032451923076921
25,13,2.1653515624999997,-0.0008112980769230768,-0.038269080722961875,2.1648167067307695,-0.0013461538461538459,-0.0015694454181983714,0.0005348557692307693
25,14,2.165051081730769,-0.001111778846153846,-0.039486656928351585,2.165252403846154,-0.0009104567307692307,-0.001934101501790941,-0.00020132211538461547
25,15,2.1650120192307694,-0.0011508413461538461,-0.04018635077691066,2.164086538461538,-0.0020763221153846157,-0.0014870508020719392,0.0009254807692307693
25,16,2.165111177884615,-0.001051682692307692,-0.04754090192865143,2.164323918269231,-0.0018389423076923075,-0.0011381549241357312,0.0007872596153846155
25,17,2.1653891225961535,-0.0007737379807692306,-0.04121367711096978,2.1637755408653847,-0.002387319711538461,-0.0011618082714497482,0.0016135817307692307
25,18,2.165193810096154,-0.0009690504807692308,-0.04276434946274096,2.1645162259615387,-0.0016466346153846153,-0.0013382865312965423,0.0006775841346153848
25,19,2.163909254807692,-0.0022536057692307686,-0.04508698554927169,2.1661748798076923,1.2019230769230727e-05,-0.0022601349598241048,-0.0022656250000000003
25,20,2.166591045673077,0.00042818509615384615,-0.040646405378664915,2.1658067908653846,-0.0003560697115384615,-0.0016715749936747834,0.0007842548076923077
25,21,2.1653921274038463,-0.000770733173076923,-0.03986817694694728,2.1650796274038457,-0.0010832331730769233,-0.0009354508861924799,0.00031250000000000006
25,22,2.165477764423077,-0.000685096153846154,-0.03799235417809471,2.164349459134615,-0.0018134014423076923,-0.0017082904256740762,0.0011283052884615387
25,23,2.1641015625,-0.0020612980769230773,-0.03640760665304106,2.1646874999999994,-0.001475360576923077,-0.0020048143129343717,-0.0005859375000000002
25,24,2.164020432692308,-0.002142427884615385,-0.041795773361190974,2.1642908653846153,-0.0018719951923076921,-0.001024910943917178,-0.0002704326923076922
25,25,2.16505859375,-0.001104266826923077,-0.030881661829637457,2.1648422475961544,-0.0013206129807692309,-0.0011328291575654775,0.00021634615384615383
25,26,2.1646799879807688,-0.001482872596153846,-0.036269823235859276,2.1650901442307693,-0.0010727163461538463,-0.001640705362016546,-0.00041015624999999993
25,27,2.165028545673077,-0.001134314903846154,-0.03133177492475681,2.1656865985576923,-0.0004762620192307693,-0.0021154460696200254,-0.0006580528846153846
25,28,2.1656234975961537,-0.0005393629807692308,-0.041917776123792605,2.1659915865384614,-0.00017127403846153833,-0.001957359834653407,-0.00036808894230769225
25,29,2.1641796875000003,-0.001983173076923077,-0.04571902636111042,2.1656520432692306,-0.0005108173076923078,-0.0017855701306245867,-0.0014723557692307696
25,30,2.163904747596154,-0.002258112980769231,-0.03083208132134734,2.1639663461538463,-0.002196514423076923,-0.000979612386147527,-6.15985576923078e-05
25,31,2.1650165264423076,-0.0011463341346153845,-0.0365659983113217,2.16607421875,-8.86418269230769e-05,-0.0018989769992982693,-0.001057692307692308
26,0,2.1646213942307693,-0.0015414663461538463,-0.03660655146118799,2.1652313701923074,-0.0009314903846153848,-0.001712513186777591,-0.0006099759615384615
26,1,2.165814302884615,-0.0003485576923076924,-0.0618481415687276,2.166473858173077,0.0003109975961538461,-0.0010091754699337822,-0.0006595552884615384
26,2,2.164675480769231,-0.0014873798076923076,-0.04610499182238015,2.164657451923077,-0.001505408653846154,-0.0018873820649541928,1.8028846153846037e-05
26,3,2.164881310096154,-0.0012815504807692309,-0.045847347379416016,2.1642818509615385,-0.0018810096153846151,0.0006440908647348772,0.0005994591346153845
26,4,2.1645522836538458,-0.001610576923076923,-0.03611381031756888,2.1640144230769227,-0.0021484375,-0.0010893814633499079,0.000537860576923077
26,5,2.1650736177884613,-0.0010892427884615385,-0.029785571807359554,2.164728064903846,-0.0014347956730769232,-0.0017025255252998812,0.00034555288461538463
26,6,2.1653350360576926,-0.0008278245192307693,-0.04279890341864833,2.1644876802884614,-0.0016751802884615386,0.0003565387659356898,0.0008473557692307692
26,7,2.1651036658653844,-0.0010591947115384615,-0.025251609915459397,2.165055588942308,-0.0011072716346153847,-0.0015907163885440561,4.8076923076923016e-05
26,8,2.1650555889423075,-0.0011072716346153845,-0.03124531403511184,2.1640594951923076,-0.0021033653846153845,-0.0004979485176038978,0.00099609375
26,9,2.1648106971153847,-0.0013521634615384613,-0.036137077577637775,2.1656280048076924,-0.0005348557692307693,-0.002285949905836406,-0.0008173076923076922
26,10,2.1645432692307693,-0.0016195913461538463,-0.037194316045786956,2.165069110576923,-0.00109375,-0.0009156746597719627,-0.0005258413461538461
26,11,2.1651216947115386,-0.0010411658653846155,-0.028154517536963294,2.1654702524038463,-0.0006926081730769232,-0.0019483737049615863,-0.0003485576923076923
26,12,2.164786658653846,-0.001376201923076923,-0.03898769479408262,2.164439603365384,-0.0017232572115384616,-0.0012624156232799563,0.00034705528846153843
26,13,2.16439453125,-0.0017683293269230768,-0.03945154775541657,2.1646033653846155,-0.0015594951923076923,-0.0008699661360640752,-0.00020883413461538454
26,14,2.166248497596154,8.563701923076971e-05,-0.04776553441758628,2.1642142427884616,-0.0019486177884615384,-0.0005428880949034748,0.002034254807692308
26,15,2.1649564302884614,-0.0012064302884615384,-0.03188228758620035,2.165350060096154,-0.0008128004807692308,-0.0016955676071717712,-0.00039362980769230794
26,16,2.1644561298076925,-0.0017067307692307692,-0.04417251822948829,2.1655198317307693,-0.0006430288461538463,-0.0010516540682715186,-0.0010637019230769229
26,17,2.1652614182692305,-0.0009014423076923075,-0.03879649855824336,2.1653440504807695,-0.0008188100961538461,-0.0008882986260664964,-8.263221153846156e-05
26,18,2.1654326923076925,-0.0007301682692307692,-0.039691546284022675,2.163894230769231,-0.0022686298076923074,-0.0006280152152634491,0.0015384615384615385
26,19,2.165375600961539,-0.0007872596153846155,-0.025695921705296505,2.16576171875,-0.0004011418269230765,-0.0022101225165175784,-0.0003861177884615387
26,20,2.1643945312499997,-0.0017683293269230768,-0.039123135527722036,2.164525240384615,-0.0016376201923076923,-0.0011778213794002691,-0.00013070913461538455
26,21,2.1652238581730767,-0.0009390024038461539,-0.03929683108690574,2.164998497596154,-0.0011643629807692305,-0.0022221936506347764,0.00022536057692307694
26,22,2.164493689903846,-0.001669170673076923,-0.03843385906003556,2.1653756009615384,-0.0007872596153846153,-0.0018274918898873761,-0.0008819110576923076
26,23,2.165555889423077,-0.0006069711538461537,-0.03639422933769612,2.1641856971153848,-0.0019771634615384616,-0.0005367671985093802,0.0013701923076923077
26,24,2.16515625,-0.0010066105769230768,-0.04237326148600597,2.1650856370192306,-0.0010772235576923075,-0.0014269668534340012,7.06129807692306e-05
26,25,2.165966045673077,-0.00019681490384615386,-0.025600534909210652,2.165094651442308,-0.0010682091346153847,-0.001279776571683637,0.0008713942307692307
26,26,2.164033954326923,-0.0021289062499999997,-0.028863041841680218,2.165641526442308,-0.0005213341346153847,-0.0019930204350640268,-0.001607572115384615
26,27,2.165467247596154,-0.0006956129807692312,-0.04302900800933669,2.164567307692308,-0.0015955528846153847,-0.0006181859015682521,0.0008999399038461537
26,28,2.165458233173077,-0.000704627403846154,-0.04196870831453188,2.166301081730769,0.00013822115384615378,-0.0015936049399702488,-0.0008428485576923077
26,29,2.1658263221153846,-0.0003365384615384613,-0.02987200127351748,2.1639272836538463,-0.002235576923076923,-0.0015981831340155252,0.0018990384615384611
26,30,2.1649143629807694,-0.0012484975961538462,-0.027610203607860182,2.1648587740384615,-0.0013040865384615387,-0.001537285416575299,5.5588942307692566e-05
26,31,2.1647490985576923,-0.0014137620192307687,-0.03600855260430312,2.1658097956730766,-0.00035306490384615395,-0.0017319612639591973,-0.0010606971153846153
27,0,2.1650420673076924,-0.001120793269230769,-0.033298288497718445,2.165069110576923,-0.0010937499999999999,-0.0014014361058682621,-2.7043269230769347e-05
27,1,2.1653034855769238,-0.000859375,-0.02477126286558156,2.165027043269231,-0.0011358173076923077,-0.0014012568468310762,0.0002764423076923077
27,2,2.164421574519231,-0.0017412860576923078,-0.041252528831307166,2.165465745192308,-0.0006971153846153844,-0.0010767060438675237,-0.0010441706730769235
27,3,2.1649744591346156,-0.0011884014423076924,-0.03527953328145748,2.165399639423077,-0.0007632211538461538,-0.000907546161741083,-0.0004251802884615385
27,4,2.164552283653846,-0.0016105769230769233,-0.048823628847989915,2.1651111778846155,-0.0010516826923076923,-0.0015232778923533375,-0.0005588942307692305
27,5,2.1652749399038465,-0.000887920673076923,-0.038276272241760265,2.1653350360576926,-0.0008278245192307692,-0.0007793472124865725,-6.00961538461539e-05
27,6,2.1653410456730766,-0.0008218149038461541,-0.040741233259852606,2.1649909855769227,-0.0011718750000000004,-0.0013718510579380195,0.000350060096153846
27,7,2.164758112980769,-0.0014047475961538462,-0.034864352690492886,2.164851262019231,-0.0013115985576923079,-0.0009693854240459398,-9.31490384615385e-05
27,8,2.164071514423077,-0.0020913461538461537,-0.03281980310132763,2.164723557692308,-0.0014393028846153844,-0.0004501510858493817,-0.0006520432692307695
27,9,2.1659615384615387,-0.00020132211538461525,-0.03330783267142416,2.165587439903846,-0.0005754206730769233,-0.0012570168467238689,0.0003740985576923077
27,10,2.1653260216346153,-0.0008368389423076922,-0.029651240014052137,2.1652253605769234,-0.0009375000000000003,-0.0013394602573880354,0.00010066105769230752
27,11,2.165712139423077,-0.00045072115384615355,-0.043507512787987326,2.1651322115384617,-0.0010306490384615387,-0.0015230339202942191,0.0005799278846153848
27,12,2.1654492187499996,-0.0007136418269230766,-0.030194786019292433,2.1657617187500002,-0.00040114182692307666,-0.0020968511054811605,-0.0003124999999999999
27,13,2.16482421875,-0.001338641826923077,-0.03602201581198155,2.1644606370192307,-0.0017022235576923078,-4.505815658651465e-05,0.0003635817307692306
27,14,2.165862379807692,-0.00030048076923076914,-0.041772005061363186,2.1656445312500003,-0.0005183293269230768,-0.0013422306350456732,0.00021784855769230768
27,15,2.1649293870192303,-0.0012334735576923076,-0.04021805206497459,2.1659495192307694,-0.0002133413461538463,-0.0012275653261117113,-0.0010201322115384614
27,16,2.164971454326923,-0.0011914062500000002,-0.04027518518764049,2.1644546274038463,-0.0017082331730769232,-0.0013286788936127585,0.000516826923076923
27,17,2.1645027043269227,-0.0016601562500000002,-0.0343844863990417,2.165091646634616,-0.0010712139423076925,-0.001250230789405236,-0.0005889423076923077
27,18,2.165812800480769,-0.00035006009615384624,-0.04461795964849842,2.1646814903846154,-0.0014813701923076929,-0.0008192274171321519,0.0011313100961538463
27,19,2.165150240384616,-0.0010126201923076924,-0.029753293832329972,2.1652088341346154,-0.0009540264423076922,-0.00040838784582228425,-5.859374999999995e-05
27,20,2.1651938100961536,-0.0009690504807692308,-0.03297068253317341,2.164947415865385,-0.0012154447115384616,-0.0011456051551363422,0.00024639423076923064
27,21,2.1643389423076926,-0.0018239182692307693,-0.03394834945913682,2.1654837740384614,-0.0006790865384615387,-0.0018555438992809308,-0.0011448317307692305
27,22,2.164881310096154,-0.0012815504807692306,-0.03994498117465492,2.1647701322115385,-0.0013927283653846153,-0.0003326588809878728,0.00011117788461538487
27,23,2.1646334134615386,-0.0015294471153846155,-0.04066869229671696,2.164451622596154,-0.0017112379807692306,-0.00127496566775923,0.0001817908653846155
27,24,2.165106670673077,-0.001056189903846154,-0.0322979780580057,2.165546875,-0.0006159855769230769,-0.001517129065983846,-0.000440204326923077
27,25,2.165295973557692,-0.0008668870192307695,-0.04055043604017342,2.1655063100961534,-0.0006565504807692305,-0.0014482770688654814,-0.00021033653846153845
27,26,2.1645973557692315,-0.0015655048076923077,-0.046860442536318124,2.164447115384615,-0.0017157451923076924,-0.0010515098954556276,0.00015024038461538468
27,27,2.1656896033653843,-0.00047325721153846143,-0.0384147593993959,2.1652313701923074,-0.0009314903846153847,-0.0007794563011622637,0.0004582331730769232
27,28,2.1656700721153848,-0.0004927884615384615,-0.030678536039062065,2.1654341947115383,-0.0007286658653846154,-0.0009441710168475812,0.0002358774038461539
27,29,2.1647430889423074,-0.0014197716346153846,-0.03975172683669813,2.165477764423077,-0.0006850961538461536,-0.0015111106357965482,-0.0007346754807692309
27,30,2.1657031250000003,-0.00045973557692307704,-0.042685900649948955,2.165438701923077,-0.0007241586538461539,-0.0009372391491006988,0.00026442307692307686
27,31,2.165503305288462,-0.0006595552884615381,-0.026527897287486692,2.1646259014423075,-0.0015369591346153849,-0.0014425590053335124,0.0008774038461538462
28,0,2.1648963341346152,-0.0012665264423076922,-0.03986624834985336,2.1650315504807693,-0.0011313100961538463,-0.0014512417923962587,-0.00013521634615384594
28,1,2.1655243389423076,-0.0006385216346153843,-0.04037518832488954,2.164594350961538,-0.001568509615384615,-0.0007084392944085566,0.0009299879807692307
28,2,2.165028545673077,-0.001134314903846154,-0.04031657324837769,2.1651307091346155,-0.0010321514423076925,-0.0011232306846413694,-0.00010216346153846144
28,3,2.165057091346154,-0.0011057692307692305,-0.030568233172883603,2.165283954326923,-0.0008789062500000001,-0.0012175256126972216,-0.00022686298076923068
28,4,2.1651412259615386,-0.0010216346153846152,-0.030064825565408945,2.165022536057692,-0.0011403245192307698,-0.0012426957965815146,0.00011868990384615404
28,5,2.165088641826923,-0.0010742187500000003,-0.04593399533481443,2.165282451923077,-0.0008804086538461537,-0.0012161491387349794,-0.00019381009615384608
28,6,2.165531850961538,-0.0006310096153846154,-0.03177725445512116,2.165282451923077,-0.0008804086538461539,-0.0015747190309018228,0.0002493990384615385
28,7,2.1645853365384613,-0.0015775240384615385,-0.028054588806901225,2.1653470552884615,-0.0008158052884615384,-0.0016372424001896983,-0.0007617187500000002
28,8,2.1651171875,-0.0010456730769230769,-0.03316378353660866,2.1654191706730765,-0.0007436899038461538,-0.0015651965801064171,-0.0003019831730769231
28,9,2.1646289062500004,-0.0015339543269230769,-0.03247722732398013,2.1651472355769235,-0.0010156250000000003,-0.0006889861747120426,-0.0005183293269230769
28,10,2.1651832932692305,-0.0009795673076923076,-0.04137607880125364,2.1642938701923082,-0.0018689903846153847,-0.0012099372104921314,0.000889423076923077
28,11,2.1649654447115387,-0.0011974158653846152,-0.039379355415038626,2.1645703125,-0.0015925480769230771,-0.0016475021875214967,0.0003951322115384615
28,12,2.1647295673076927,-0.0014332932692307692,-0.0379244777374144,2.1656490384615386,-0.0005138221153846153,-0.0001870439430870313,-0.0009194711538461536
28,13,2.1654837740384614,-0.0006790865384615381,-0.02826987197071992,2.1648888221153846,-0.0012740384615384612,-0.001922054554209504,0.0005949519230769228
28,14,2.16533203125,-0.0008308293269230771,-0.03545397548419257,2.166290564903846,0.0001277043269230766,-0.0015621975714799128,-0.0009585336538461536
28,15,2.165064603365385,-0.0010982572115384615,-0.02950511598555106,2.1657677283653847,-0.0003951322115384613,-0.0019436365718973794,-0.0007031250000000001
28,16,2.1651171875000004,-0.0010456730769230769,-0.0337209398250679,2.1653455528846153,-0.0008173076923076925,-0.0010509204673396731,-0.00022836538461538445
28,17,2.1656941105769225,-0.00046875000000000015,-0.03470464811461433,2.1652614182692305,-0.000901442307692308,-0.0007247884687635826,0.00043269230769230776
28,18,2.1648978365384615,-0.0012650240384615382,-0.036087875506685074,2.1651442307692306,-0.0010186298076923074,-0.0007007352529535873,-0.00024639423076923075
28,19,2.164591346153846,-0.001571514423076923,-0.03134797023557468,2.1656204927884617,-0.0005423677884615386,-0.0017007727431984187,-0.0010291466346153842
28,20,2.1653125,-0.0008503605769230769,-0.033351588487477546,2.1654116586538463,-0.0007512019230769231,-0.0014426530684078205,-9.915865384615355e-05
28,21,2.164795673076923,-0.0013671875,-0.034404523291255054,2.1649939903846156,-0.0011688701923076926,-0.0011498531095004718,-0.00019831730769230766
28,22,2.165283954326923,-0.0008789062500000002,-0.028998253149061487,2.165186298076923,-0.0009765625,-0.0009607450206091776,9.76562500000001e-05
28,23,2.164591346153846,-0.001571514423076923,-0.05061901870880651,2.165594951923077,-0.0005679086538461541,-0.0017944323476703009,-0.0010036057692307692
28,24,2.1644936899038463,-0.001669170673076923,-0.02407118954735759,2.1652629206730762,-0.0008999399038461537,-0.0008389726931098033,-0.0007692307692307691
28,25,2.1648753004807695,-0.0012875600961538463,-0.04282239779181423,2.165145733173077,-0.0010171274038461538,-0.0006679322233095583,-0.0002704326923076924
28,26,2.1649399038461543,-0.0012229567307692306,-0.03407249719980682,2.1650721153846155,-0.0010907451923076927,-0.001850971146125717,-0.00013221153846153838
28,27,2.165255408653846,-0.0009074519230769233,-0.03268255584349277,2.1650856370192315,-0.0010772235576923075,-0.0013304434201672028,0.00016977163461538456
28,28,2.165127704326923,-0.0010351562499999996,-0.0363757955650073,2.1653575721153846,-0.0008052884615384615,-0.0009311081594672509,-0.0002298677884615384
28,29,2.1650075120192307,-0.0011553485576923075,-0.03826902198146439,2.165573918269231,-0.0005889423076923079,-0.0012587854156323123,-0.00056640625
28,30,2.1651938100961536,-0.0009690504807692306,-0.0353277788944973,2.164936899038462,-0.0012259615384615386,-0.0011565709587814444,0.0002569110576923079
28,31,2.165314002403846,-0.0008488581730769231,-0.03593548694196765,2.165106670673077,-0.001056189903846154,-0.0011180739766012936,0.00020733173076923115
29,0,2.1659780649038463,-0.00018479567307692302,-0.038502972846293726,2.1657872596153847,-0.00037560096153846145,-0.0009069587128219628,0.0001908052884615384
29,1,2.165013521634615,-0.0011493389423076921,-0.04761570098409328,2.1655664062499995,-0.000596454326923077,-0.0008636660306116451,-0.0005528846153846154
29,2,2.166141826923077,-2.103365384615393e-05,-0.04050943199777245,2.165153245192308,-0.0010096153846153844,-0.0005502701414749564,0.000988581730769231
29,3,2.1651472355769235,-0.0010156249999999998,-0.03662237478247502,2.165984074519231,-0.00017878605769230745,-0.0008938857298575951,-0.0008368389423076923
29,4,2.164519230769231,-0.0016436298076923078,-0.04744600049145191,2.1655649038461537,-0.0005979567307692309,-0.0006641737650645856,-0.0010456730769230769
29,5,2.1647190504807696,-0.0014438100961538464,-0.03655498779738025,2.165106670673077,-0.0010561899038461539,-0.0006332389166103514,-0.0003876201923076923
29,6,2.1656234975961537,-0.0005393629807692307,-0.037238314756638746,2.1650315504807693,-0.001131310096153846,-0.0004674297726454728,0.0005919471153846154
29,7,2.16552734375,-0.000635516826923077,-0.03157733719620757,2.16505859375,-0.0011042668269230767,-0.0007462810554862369,0.0004687500000000001
29,8,2.1648212139423078,-0.0013416466346153845,-0.026585315546474093,2.166436298076923,0.00027343750000000013,-0.0014767567904886846,-0.0016150841346153843
29,9,2.1650465745192307,-0.0011162860576923077,-0.03910523727202822,2.1652734375000002,-0.0008894230769230769,-0.0012812198597252585,-0.00022686298076923062
29,10,2.165656550480769,-0.0005063100961538462,-0.03968008920846746,2.1655198317307693,-0.0006430288461538461,-0.0014348425364290275,0.0001367187499999998
29,11,2.1653876201923072,-0.0007752403846153847,-0.033030687210508045,2.165381610576923,-0.00078125,-0.0008061018839563311,6.009615384615257e-06
29,12,2.164552283653846,-0.001610576923076923,-0.02596658918663716,2.1653966346153846,-0.0007662259615384615,-0.0007254353605840863,-0.0008443509615384616
29,13,2.1648707932692304,-0.0012920673076923077,-0.041587101763774295,2.16548828125,-0.0006745793269230771,-0.0011770042629375447,-0.0006174879807692308
29,14,2.164679987980769,-0.001482872596153846,-0.03732944652999849,2.1655649038461537,-0.0005979567307692307,-0.0009443444835841193,-0.0008849158653846153
29,15,2.1647415865384616,-0.0014212740384615386,-0.03847804242345031,2.165184795673077,-0.0009780649038461538,-0.0007191250278414064,-0.0004432091346153847
29,16,2.165354567307692,-0.0008082932692307694,-0.02720869922815647,2.1653680889423077,-0.0007947716346153844,-0.0008850174074012823,-1.3521634615384567e-05
29,17,2.165139723557692,-0.0010231370192307688,-0.042097463230410866,2.164851262019231,-0.0013115985576923077,-0.0007542868802180408,0.0002884615384615385
29,18,2.1651322115384612,-0.0010306490384615384,-0.033674931267191045,2.164842247596154,-0.0013206129807692309,-0.00016730978332635634,0.0002899639423076923
29,19,2.165231370192308,-0.0009314903846153847,-0.03996084620617383,2.165809795673077,-0.00035306490384615384,-0.0009260035705906524,-0.0005784254807692303
29,20,2.1656385216346155,-0.0005243389423076922,-0.03670172072138659,2.1648197115384615,-0.0013431490384615385,-0.001408483928912039,0.0008188100961538462
29,21,2.166203425480769,4.0564903846153886e-05,-0.036707010237163995,2.165533353365384,-0.0006295072115384614,-0.0007429728806674505,0.0006700721153846156
29,22,2.165360576923077,-0.0008022836538461539,-0.032161852821683365,2.164806189903846,-0.0013566706730769233,-0.0012462848563759086,0.0005543870192307694
29,23,2.164908353365385,-0.0012545072115384619,-0.027508932100661142,2.164463641826923,-0.00169921875,-0.0002540027356841894,0.00044471153846153836
29,24,2.1648978365384615,-0.0012650240384615384,-0.03048823646270438,2.165760216346154,-0.00040264423076923094,-0.001600659827231834,-0.0008623798076923078
29,25,2.164764122596154,-0.0013987379807692307,-0.041361164466708074,2.1650615985576924,-0.0011012620192307693,-0.0010180959954422509,-0.0002974759615384616
29,26,2.165154747596154,-0.0010081129807692306,-0.024474510877125075,2.1651968149038456,-0.0009660456730769232,-0.0011347549791595822,-4.206730769230762e-05
29,27,2.1647475961538456,-0.0014152644230769234,-0.03425611881868857,2.166033653846154,-0.000129206730769231,-0.0013009761274686074,-0.0012860576923076922
29,28,2.164747596153846,-0.0014152644230769234,-0.03369609419721517,2.164594350961538,-0.0015685096153846155,-0.00024900426105615395,0.00015324519230769216
29,29,2.1658368389423077,-0.00032602163461538424,-0.0335010294545941,2.166045673076923,-0.00011718750000000006,-0.0010492877341926534,-0.00020883413461538454
29,30,2.165013521634615,-0.0011493389423076921,-0.03272008397136967,2.1649774639423076,-0.0011853966346153844,-0.0007360177665388443,3.605769230769231e-05
29,31,2.1656685697115385,-0.0004942908653846152,-0.025228857981703677,2.164914362980769,-0.0012484975961538462,-0.0007704279581918892,0.0007542067307692309
30,0,2.164885817307692,-0.0012770432692307692,-0.03306905585322042,2.1653455528846157,-0.0008173076923076924,-0.0009996642758778563,-0.0004597355769230768
30,1,2.1657136418269225,-0.00044921874999999986,-0.031948254965095346,2.1653034855769233,-0.0008593749999999997,-0.000718879154800408,0.00041015625000000004
30,2,2.1653410456730766,-0.0008218149038461539,-0.03274286040276553,2.1655213341346156,-0.0006415264423076923,-0.0010467931362891315,-0.00018028846153846163
30,3,2.165982572115385,-0.00018028846153846166,-0.02092561894553393,2.165375600961539,-0.0007872596153846155,-0.0006877851006202462,0.0006069711538461538
30,4,2.1654447115384614,-0.0007181490384615386,-0.023544331528614876,2.165279447115385,-0.0008834134615384618,-0.0009486381487341883,0.000165264423076923
30,5,2.1650525841346155,-0.0011102764423076923,-0.034316082065974016,2.1650000000000005,-0.001162860576923077,-0.0007835679329798046,5.258413461538471e-05
30,6,2.1653200120192304,-0.0008428485576923075,-0.036251317716336495,2.165238882211539,-0.0009239783653846154,-0.0010047299125407099,8.112980769230749e-05
30,7,2.165621995192308,-0.0005408653846153849,-0.025181987513738405,2.1655694110576924,-0.0005934495192307694,-0.0009647589946160058,5.258413461538462e-05
30,8,2.165612980769231,-0.0005498798076923076,-0.040415638735223615,2.1651517427884617,-0.0010111177884615386,-0.0010201073493013347,0.00046123798076923056
30,9,2.164855769230769,-0.0013070913461538463,-0.02920024935058898,2.164631911057693,-0.0015309495192307693,-0.0004456158221022588,0.000223858173076923
30,10,2.1651502403846155,-0.0010126201923076924,-0.03190219759405938,2.1647851562500002,-0.0013777043269230767,-0.0007600144119773288,0.00036508413461538454
30,11,2.1657211538461536,-0.00044170673076923076,-0.025248093201455393,2.165467247596154,-0.0006956129807692306,-0.0006281924832378261,0.00025390624999999995
30,12,2.1649459134615383,-0.0012169471153846156,-0.029916801596186853,2.1655664062499995,-0.000596454326923077,-0.0013690127843362784,-0.0006204927884615383
30,13,2.165715144230769,-0.0004477163461538461,-0.03703107909442768,2.165386117788461,-0.0007767427884615388,-0.0008596522662545239,0.0003290264423076922
30,14,2.165166766826923,-0.0009960937500000005,-0.031104864191413485,2.165265925480769,-0.0008969350961538461,-0.000981769284138765,-9.915865384615409e-05
30,15,2.1656265024038466,-0.0005363581730769229,-0.03370835263998634,2.1654762620192303,-0.0006865985576923077,-0.001113809208403707,0.00015024038461538457
30,16,2.165271935096154,-0.0008909254807692307,-0.03793124889042081,2.1655618990384613,-0.0006009615384615386,-0.0010847312123359984,-0.0002899639423076921
30,17,2.165443209134615,-0.0007196514423076922,-0.02250991549444652,2.1658608774038464,-0.0003019831730769234,-0.0010326278570319536,-0.0004176682692307692
30,18,2.165321514423077,-0.0008413461538461541,-0.03435575288747221,2.1657031250000003,-0.0004597355769230771,-0.001008432718802319,-0.00038161057692307713
30,19,2.165226862980769,-0.0009359975961538461,-0.03472846729167142,2.1654146634615383,-0.0007481971153846153,-0.0015897394754504864,-0.00018780048076923075
30,20,2.164962439903846,-0.0012004206730769228,-0.02451620156408313,2.1656475360576923,-0.0005153245192307694,-0.0007348043547888756,-0.0006850961538461538
30,21,2.165871394230769,-0.00029146634615384603,-0.0350522130920649,2.1656219951923075,-0.0005408653846153844,-0.0012608061867965573,0.0002493990384615386
30,22,2.1661042668269235,-5.859374999999977e-05,-0.02755975919262388,2.1657076322115385,-0.00045522836538461553,-0.0005740373216368345,0.0003966346153846156
30,23,2.1654236778846156,-0.0007391826923076922,-0.038153250812782966,2.165485276442308,-0.0006775841346153841,-0.0007016574763194047,-6.159855769230771e-05
30,24,2.1652088341346154,-0.0009540264423076923,-0.034764491171783596,2.1652283653846154,-0.0009344951923076923,-0.0010204168311078552,-1.9531249999999906e-05
30,25,2.165420673076923,-0.0007421875,-0.03755855526573525,2.1656941105769225,-0.00046874999999999993,-0.0014023381738937492,-0.0002734375
30,26,2.165871394230769,-0.00029146634615384603,-0.03179437028023074,2.1655063100961542,-0.0006565504807692308,-0.0010618182960113014,0.0003650841346153845
30,27,2.165324519230769,-0.0008383413461538462,-0.030560141488663654,2.166376201923077,0.000213341346153846,-0.0014819484109644312,-0.0010516826923076923
30,28,2.1653034855769233,-0.0008593750000000002,-0.037264532563021015,2.165324519230769,-0.0008383413461538461,-0.0010703028430578644,-2.103365384615393e-05
30,29,2.1654582331730765,-0.000704627403846154,-0.027723271623220105,2.1659074519230765,-0.00025540865384615397,-0.0007898004793710589,-0.00044921874999999997
30,30,2.1653260216346153,-0.0008368389423076923,-0.03667883334410795,2.164996995192308,-0.0011658653846153843,-0.00028801372955208784,0.0003290264423076924
30,31,2.165081129807692,-0.001081730769230769,-0.03352186089116244,2.165518329326923,-0.0006445312499999999,-0.0009092490695763782,-0.0004371995192307692
31,0,2.1651442307692306,-0.0010186298076923078,-0.02283715229189414,2.1651442307692306,-0.0010186298076923078,-0.0008567702180217088,0.0
31,1,2.1651442307692306,-0.0010186298076923078,-0.02283715229189414,2.1651442307692306,-0.0010186298076923078,-0.0008567702180217088,0.0
31,2,2.1651442307692306,-0.0010186298076923078,-0.02283715229189414,2.1651442307692306,-0.0010186298076923078,-0.0008567702180217088,0.0
31,3,2.1651442307692306,-0.0010186298076923078,-0.02283715229189414,2.1651442307692306,-0.0010186298076923078,-0.0008567702180217088,0.0
31,4,2.1651442307692306,-0.0010186298076923078,-0.02283715229189414,2.1651442307692306,-0.0010186298076923078,-0.0008567702180217088,0.0
31,5,2.1651442307692306,-0.0010186298076923078,-0.02283715229189414,2.1651442307692306,-0.0010186298076923078,-0.0008567702180217088,0.0
31,6,2.1651442307692306,-0.0010186298076923078,-0.02283715229189414,2.1651442307692306,-0.0010186298076923078,-0.0008567702180217088,0.0
31,7,2.1651442307692306,-0.0010186298076923078,-0.02283715229189414,2.1651442307692306,-0.0010186298076923078,-0.0008567702180217088,0.0
31,8,2.1651442307692306,-0.0010186298076923078,-0.02283715229189414,2.1651442307692306,-0.0010186298076923078,-0.0008567702180217088,0.0
31,9,2.1651442307692306,-0.0010186298076923078,-0.02283715229189414,2.1651442307692306,-0.0010186298076923078,-0.0008567702180217088,0.0
31,10,2.1651442307692306,-0.0010186298076923078,-0.02283715229189414,2.1651442307692306,-0.0010186298076923078,-0.0008567702180217088,0.0
31,11,2.1651442307692306,-0.0010186298076923078,-0.02283715229189414,2.1651442307692306,-0.0010186298076923078,-0.0008567702180217088,0.0
31,12,2.1651442307692306,-0.0010186298076923078,-0.02283715229189414,2.1651442307692306,-0.0010186298076923078,-0.0008567702180217088,0.0
31,13,2.1651442307692306,-0.0010186298076923078,-0.02283715229189414,2.1651442307692306,-0.0010186298076923078,-0.0008567702180217088,0.0
31,14,2.1651442307692306,-0.0010186298076923078,-0.02283715229189414,2.1651442307692306,-0.0010186298076923078,-0.0008567702180217088,0.0
31,15,2.1651442307692306,-0.0010186298076923078,-0.02283715229189414,2.1651442307692306,-0.0010186298076923078,-0.0008567702180217088,0.0
31,16,2.1651442307692306,-0.0010186298076923078,-0.02283715229189414,2.1651442307692306,-0.0010186298076923078,-0.0008567702180217088,0.0
31,17,2.1651442307692306,-0.0010186298076923078,-0.02283715229189414,2.1651442307692306,-0.0010186298076923078,-0.0008567702180217088,0.0
31,18,2.1651442307692306,-0.0010186298076923078,-0.02283715229189414,2.1651442307692306,-0.0010186298076923078,-0.0008567702180217088,0.0
31,19,2.1651442307692306,-0.0010186298076923078,-0.02283715229189414,2.1651442307692306,-0.0010186298076923078,-0.0008567702180217088,0.0
31,20,2.1651442307692306,-0.0010186298076923078,-0.02283715229189414,2.1651442307692306,-0.0010186298076923078,-0.0008567702180217088,0.0
31,21,2.1651442307692306,-0.0010186298076923078,-0.02283715229189414,2.1651442307692306,-0.0010186298076923078,-0.0008567702180217088,0.0
31,22,2.1651442307692306,-0.0010186298076923078,-0.02283715229189414,2.1651442307692306,-0.0010186298076923078,-0.0008567702180217088,0.0
31,23,2.1651442307692306,-0.0010186298076923078,-0.02283715229189414,2.1651442307692306,-0.0010186298076923078,-0.0008567702180217088,0.0
31,24,2.1651442307692306,-0.0010186298076923078,-0.02283715229189414,2.1651442307692306,-0.0010186298076923078,-0.0008567702180217088,0.0
31,25,2.1651442307692306,-0.0010186298076923078,-0.02283715229189414,2.1651442307692306,-0.0010186298076923078,-0.0008567702180217088,0.0
31,26,2.1651442307692306,-0.0010186298076923078,-0.02283715229189414,2.1651442307692306,-0.0010186298076923078,-0.0008567702180217088,0.0
31,27,2.1651442307692306,-0.0010186298076923078,-0.02283715229189414,2.1651442307692306,-0.0010186298076923078,-0.0008567702180217088,0.0
31,28,2.1651442307692306,-0.0010186298076923078,-0.02283715229189414,2.1651442307692306,-0.0010186298076923078,-0.0008567702180217088,0.0
31,29,2.1651442307692306,-0.0010186298076923078,-0.02283715229189414,2.1651442307692306,-0.0010186298076923078,-0.0008567702180217088,0.0
31,30,2.1651442307692306,-0.0010186298076923078,-0.02283715229189414,2.1651442307692306,-0.0010186298076923078,-0.0008567702180217088,0.0
31,31,2.1651442307692306,-0.0010186298076923078,-0.02283715229189414,2.1651442307692306,-0.0010186298076923078,-0.0008567702180217088,0.0
