row_index,ABBR,example,D_A,D_B,D_C,D_A_minus_D_B,L1H30_patched_logit_difference,L1H30_indirect_effect,L1H30_normalized_restoration,L1H24_patched_logit_difference,L1H24_indirect_effect,L1H24_normalized_restoration,L7H6_patched_logit_difference,L7H6_indirect_effect,L7H6_normalized_restoration,L3H4_patched_logit_difference,L3H4_indirect_effect,L3H4_normalized_restoration,MLP_L0_patched_logit_difference,MLP_L0_indirect_effect,MLP_L0_normalized_restoration,MLP_L14_patched_logit_difference,MLP_L14_indirect_effect,MLP_L14_normalized_restoration,MLP_L31_patched_logit_difference,MLP_L31_indirect_effect,MLP_L31_normalized_restoration
0,AAA,1,5.5888671875,5.123046875,0.99609375,0.4658203125,5.15234375,0.029296875,0.06289308176100629,5.134765625,0.01171875,0.025157232704402517,5.150390625,0.02734375,0.05870020964360587,5.087890625,-0.03515625,-0.07547169811320754,4.859375,-0.263671875,-0.5660377358490566,5.15625,0.033203125,0.07127882599580712,5.119140625,-0.00390625,-0.008385744234800839
1,AAA,2,6.2666015625,6.0751953125,2.072265625,0.19140625,6.1689453125,0.09375,0.4897959183673469,6.1376953125,0.0625,0.32653061224489793,6.044921875,-0.0302734375,-0.15816326530612246,6.15625,0.0810546875,0.42346938775510207,5.873046875,-0.2021484375,-1.0561224489795917,6.0654296875,-0.009765625,-0.05102040816326531,6.0625,-0.0126953125,-0.0663265306122449
2,AAA,3,5.7978515625,5.6484375,3.408203125,0.1494140625,5.595703125,-0.052734375,-0.35294117647058826,5.68359375,0.03515625,0.23529411764705882,5.6640625,0.015625,0.10457516339869281,5.642578125,-0.005859375,-0.0392156862745098,5.6591796875,0.0107421875,0.0718954248366013,5.7265625,0.078125,0.5228758169934641,5.65234375,0.00390625,0.026143790849673203
3,AAA,4,4.9072265625,4.650390625,1.7421875,0.2568359375,4.599609375,-0.05078125,-0.19771863117870722,4.6640625,0.013671875,0.053231939163498096,4.607421875,-0.04296875,-0.16730038022813687,4.615234375,-0.03515625,-0.13688212927756654,4.708984375,0.05859375,0.22813688212927757,4.607421875,-0.04296875,-0.16730038022813687,4.59375,-0.056640625,-0.22053231939163498
4,AAA,5,5.537109375,5.634765625,0.15234375,-0.09765625,5.603515625,-0.03125,0.32,5.689453125,0.0546875,-0.56,5.63671875,0.001953125,-0.02,5.634765625,0.0,-0.0,5.693359375,0.05859375,-0.6,5.658203125,0.0234375,-0.24,5.701171875,0.06640625,-0.68
5,ABG,1,2.80078125,2.8828125,-2.16015625,-0.08203125,2.875,-0.0078125,0.09523809523809523,2.8203125,-0.0625,0.7619047619047619,2.875,-0.0078125,0.09523809523809523,2.8203125,-0.0625,0.7619047619047619,2.828125,-0.0546875,0.6666666666666666,2.8203125,-0.0625,0.7619047619047619,2.8203125,-0.0625,0.7619047619047619
6,ABG,2,3.078125,2.87890625,-0.9140625,0.19921875,2.87890625,0.0,0.0,2.859375,-0.01953125,-0.09803921568627451,2.8984375,0.01953125,0.09803921568627451,2.83203125,-0.046875,-0.23529411764705882,3.1015625,0.22265625,1.1176470588235294,2.83203125,-0.046875,-0.23529411764705882,2.8828125,0.00390625,0.0196078431372549
7,ABG,3,2.875,2.9140625,0.5078125,-0.0390625,2.921875,0.0078125,-0.2,2.91796875,0.00390625,-0.1,2.921875,0.0078125,-0.2,2.92578125,0.01171875,-0.3,2.83984375,-0.07421875,1.9,2.88671875,-0.02734375,0.7,2.91796875,0.00390625,-0.1
8,ABG,4,2.96875,2.5078125,-0.64453125,0.4609375,2.54296875,0.03515625,0.07627118644067797,2.52734375,0.01953125,0.0423728813559322,2.5390625,0.03125,0.06779661016949153,2.51171875,0.00390625,0.00847457627118644,2.6171875,0.109375,0.23728813559322035,2.55078125,0.04296875,0.09322033898305085,2.50390625,-0.00390625,-0.00847457627118644
9,ABG,5,3.11328125,2.6640625,-0.4296875,0.44921875,2.66796875,0.00390625,0.008695652173913044,2.67578125,0.01171875,0.02608695652173913,2.68359375,0.01953125,0.043478260869565216,2.671875,0.0078125,0.017391304347826087,2.8203125,0.15625,0.34782608695652173,2.6796875,0.015625,0.034782608695652174,2.6640625,0.0,0.0
10,ABR,1,1.4560546875,1.166015625,-0.0625,0.2900390625,1.17578125,0.009765625,0.03367003367003367,1.18359375,0.017578125,0.06060606060606061,1.16015625,-0.005859375,-0.020202020202020204,1.140625,-0.025390625,-0.08754208754208755,0.9765625,-0.189453125,-0.6531986531986532,1.16015625,-0.005859375,-0.020202020202020204,1.19140625,0.025390625,0.08754208754208755
11,ABR,2,1.3916015625,1.1240234375,-0.04296875,0.267578125,1.1279296875,0.00390625,0.014598540145985401,1.130859375,0.0068359375,0.025547445255474453,1.1298828125,0.005859375,0.021897810218978103,1.1572265625,0.033203125,0.12408759124087591,1.0927734375,-0.03125,-0.11678832116788321,1.130859375,0.0068359375,0.025547445255474453,1.126953125,0.0029296875,0.010948905109489052
12,ABR,3,1.6875,0.8359375,0.12890625,0.8515625,0.8359375,0.0,0.0,0.869140625,0.033203125,0.0389908256880734,0.826171875,-0.009765625,-0.011467889908256881,0.83203125,-0.00390625,-0.0045871559633027525,0.857421875,0.021484375,0.02522935779816514,0.837890625,0.001953125,0.0022935779816513763,0.857421875,0.021484375,0.02522935779816514
13,ABR,4,1.470703125,0.787109375,0.087890625,0.68359375,0.77734375,-0.009765625,-0.014285714285714285,0.837890625,0.05078125,0.07428571428571429,0.806640625,0.01953125,0.02857142857142857,0.8125,0.025390625,0.037142857142857144,0.787109375,0.0,0.0,0.83203125,0.044921875,0.06571428571428571,0.818359375,0.03125,0.045714285714285714
14,ABR,5,1.5576171875,1.09765625,0.2109375,0.4599609375,1.142578125,0.044921875,0.09766454352441614,1.095703125,-0.001953125,-0.004246284501061571,1.09765625,0.0,0.0,1.08203125,-0.015625,-0.03397027600849257,1.103515625,0.005859375,0.012738853503184714,1.09765625,0.0,0.0,1.09765625,0.0,0.0
15,ACE,1,2.421875,2.455078125,0.77734375,-0.033203125,2.4296875,-0.025390625,0.7647058823529411,2.431640625,-0.0234375,0.7058823529411765,2.4296875,-0.025390625,0.7647058823529411,2.52734375,0.072265625,-2.176470588235294,2.451171875,-0.00390625,0.11764705882352941,2.466796875,0.01171875,-0.35294117647058826,2.4296875,-0.025390625,0.7647058823529411
16,ACE,2,2.3515625,2.28125,0.74609375,0.0703125,2.27734375,-0.00390625,-0.05555555555555555,2.30859375,0.02734375,0.3888888888888889,2.298828125,0.017578125,0.25,2.318359375,0.037109375,0.5277777777777778,2.326171875,0.044921875,0.6388888888888888,2.314453125,0.033203125,0.4722222222222222,2.29296875,0.01171875,0.16666666666666666
17,ACE,3,2.28515625,2.1796875,0.3359375,0.10546875,2.17578125,-0.00390625,-0.037037037037037035,2.15234375,-0.02734375,-0.25925925925925924,2.16796875,-0.01171875,-0.1111111111111111,2.19140625,0.01171875,0.1111111111111111,2.115234375,-0.064453125,-0.6111111111111112,2.171875,-0.0078125,-0.07407407407407407,2.1484375,-0.03125,-0.2962962962962963
18,ACE,4,2.244140625,2.1015625,1.109375,0.142578125,2.0859375,-0.015625,-0.1095890410958904,2.107421875,0.005859375,0.0410958904109589,2.06640625,-0.03515625,-0.2465753424657534,2.099609375,-0.001953125,-0.0136986301369863,2.111328125,0.009765625,0.0684931506849315,2.095703125,-0.005859375,-0.0410958904109589,2.083984375,-0.017578125,-0.1232876712328767
19,ACE,5,2.6064453125,2.658203125,0.79296875,-0.0517578125,2.642578125,-0.015625,0.3018867924528302,2.673828125,0.015625,-0.3018867924528302,2.626953125,-0.03125,0.6037735849056604,2.619140625,-0.0390625,0.7547169811320755,2.501953125,-0.15625,3.018867924528302,2.6328125,-0.025390625,0.49056603773584906,2.6171875,-0.041015625,0.7924528301886793
20,ACL,1,2.25390625,2.365234375,0.71484375,-0.111328125,2.384765625,0.01953125,-0.17543859649122806,2.36328125,-0.001953125,0.017543859649122806,2.380859375,0.015625,-0.14035087719298245,2.39453125,0.029296875,-0.2631578947368421,2.453125,0.087890625,-0.7894736842105263,2.380859375,0.015625,-0.14035087719298245,2.37890625,0.013671875,-0.12280701754385964
21,ACL,2,2.1484375,2.333984375,0.255859375,-0.185546875,2.38671875,0.052734375,-0.28421052631578947,2.40234375,0.068359375,-0.3684210526315789,2.373046875,0.0390625,-0.21052631578947367,2.38671875,0.052734375,-0.28421052631578947,2.359375,0.025390625,-0.1368421052631579,2.408203125,0.07421875,-0.4,2.38671875,0.052734375,-0.28421052631578947
22,ACL,3,1.9375,2.46875,-1.05712890625,-0.53125,2.484375,0.015625,-0.029411764705882353,2.46875,0.0,-0.0,2.46875,0.0,-0.0,2.5,0.03125,-0.058823529411764705,2.5205078125,0.0517578125,-0.0974264705882353,2.484375,0.015625,-0.029411764705882353,2.484375,0.015625,-0.029411764705882353
23,ACL,4,2.265625,2.5390625,-0.7548828125,-0.2734375,2.5546875,0.015625,-0.05714285714285714,2.5234375,-0.015625,0.05714285714285714,2.5390625,0.0,-0.0,2.583984375,0.044921875,-0.16428571428571428,2.482421875,-0.056640625,0.20714285714285716,2.560546875,0.021484375,-0.07857142857142857,2.5234375,-0.015625,0.05714285714285714
24,ACL,5,2.3681640625,2.8125,0.619140625,-0.4443359375,2.8125,0.0,-0.0,2.8154296875,0.0029296875,-0.006593406593406593,2.794921875,-0.017578125,0.03956043956043956,2.779296875,-0.033203125,0.07472527472527472,2.49609375,-0.31640625,0.7120879120879121,2.7998046875,-0.0126953125,0.02857142857142857,2.8154296875,0.0029296875,-0.006593406593406593
25,ADA,1,3.11962890625,2.9921875,-0.404296875,0.12744140625,3.0009765625,0.0087890625,0.06896551724137931,2.927734375,-0.064453125,-0.5057471264367817,2.9765625,-0.015625,-0.12260536398467432,3.0029296875,0.0107421875,0.0842911877394636,2.55859375,-0.43359375,-3.4022988505747125,2.947265625,-0.044921875,-0.3524904214559387,2.994140625,0.001953125,0.01532567049808429
26,ADA,2,2.6572265625,2.419921875,-1.1953125,0.2373046875,2.369140625,-0.05078125,-0.2139917695473251,2.470703125,0.05078125,0.2139917695473251,2.416015625,-0.00390625,-0.01646090534979424,2.390625,-0.029296875,-0.12345679012345678,1.9609375,-0.458984375,-1.9341563786008231,2.4375,0.017578125,0.07407407407407407,2.412109375,-0.0078125,-0.03292181069958848
27,ADA,3,2.97021484375,2.23046875,-0.7158203125,0.73974609375,2.265625,0.03515625,0.047524752475247525,2.24609375,0.015625,0.021122112211221122,2.26953125,0.0390625,0.052805280528052806,2.15234375,-0.078125,-0.10561056105610561,1.623046875,-0.607421875,-0.8211221122112211,2.255859375,0.025390625,0.034323432343234324,2.24609375,0.015625,0.021122112211221122
28,ADA,4,3.4541015625,2.90234375,-0.27734375,0.5517578125,2.9169921875,0.0146484375,0.02654867256637168,2.9013671875,-0.0009765625,-0.0017699115044247787,2.9013671875,-0.0009765625,-0.0017699115044247787,2.93359375,0.03125,0.05663716814159292,2.634765625,-0.267578125,-0.4849557522123894,2.91015625,0.0078125,0.01415929203539823,2.912109375,0.009765625,0.017699115044247787
29,ADA,5,3.2548828125,3.5673828125,0.451171875,-0.3125,3.5673828125,0.0,-0.0,3.50390625,-0.0634765625,0.203125,3.5810546875,0.013671875,-0.04375,3.564453125,-0.0029296875,0.009375,3.3115234375,-0.255859375,0.81875,3.58203125,0.0146484375,-0.046875,3.541015625,-0.0263671875,0.084375
30,ADL,1,1.70703125,1.408203125,0.37890625,0.298828125,1.453125,0.044921875,0.1503267973856209,1.435546875,0.02734375,0.0915032679738562,1.41796875,0.009765625,0.032679738562091505,1.40234375,-0.005859375,-0.0196078431372549,1.46484375,0.056640625,0.1895424836601307,1.419921875,0.01171875,0.0392156862745098,1.421875,0.013671875,0.0457516339869281
31,ADL,2,1.494140625,1.36328125,0.724609375,0.130859375,1.34375,-0.01953125,-0.14925373134328357,1.328125,-0.03515625,-0.26865671641791045,1.35546875,-0.0078125,-0.05970149253731343,1.35546875,-0.0078125,-0.05970149253731343,1.35546875,-0.0078125,-0.05970149253731343,1.37109375,0.0078125,0.05970149253731343,1.40625,0.04296875,0.3283582089552239
32,ADL,3,1.791015625,1.2265625,0.0703125,0.564453125,1.232421875,0.005859375,0.010380622837370242,1.236328125,0.009765625,0.01730103806228374,1.240234375,0.013671875,0.02422145328719723,1.234375,0.0078125,0.01384083044982699,1.318359375,0.091796875,0.16262975778546712,1.2265625,0.0,0.0,1.228515625,0.001953125,0.0034602076124567475
33,ADL,4,1.576171875,1.09375,-0.1015625,0.482421875,1.078125,-0.015625,-0.032388663967611336,1.09375,0.0,0.0,1.0703125,-0.0234375,-0.048582995951417005,1.12109375,0.02734375,0.05668016194331984,1.15625,0.0625,0.12955465587044535,1.05859375,-0.03515625,-0.0728744939271255,1.08984375,-0.00390625,-0.008097165991902834
34,ADL,5,2.04296875,1.65625,0.328125,0.38671875,1.662109375,0.005859375,0.015151515151515152,1.662109375,0.005859375,0.015151515151515152,1.634765625,-0.021484375,-0.05555555555555555,1.630859375,-0.025390625,-0.06565656565656566,1.6328125,-0.0234375,-0.06060606060606061,1.6171875,-0.0390625,-0.10101010101010101,1.6640625,0.0078125,0.020202020202020204
35,AFB,1,2.4375,2.02734375,-2.3046875,0.41015625,2.0390625,0.01171875,0.02857142857142857,2.0546875,0.02734375,0.06666666666666667,2.0625,0.03515625,0.08571428571428572,2.0234375,-0.00390625,-0.009523809523809525,1.890625,-0.13671875,-0.3333333333333333,2.0703125,0.04296875,0.10476190476190476,2.0625,0.03515625,0.08571428571428572
36,AFB,2,2.1015625,2.19140625,-0.0703125,-0.08984375,2.19921875,0.0078125,-0.08695652173913043,2.18359375,-0.0078125,0.08695652173913043,2.21875,0.02734375,-0.30434782608695654,2.1953125,0.00390625,-0.043478260869565216,2.17578125,-0.015625,0.17391304347826086,2.1875,-0.00390625,0.043478260869565216,2.21484375,0.0234375,-0.2608695652173913
37,AFB,3,1.79296875,1.984375,-1.72265625,-0.19140625,1.96875,-0.015625,0.08163265306122448,1.9765625,-0.0078125,0.04081632653061224,1.9609375,-0.0234375,0.12244897959183673,1.9375,-0.046875,0.24489795918367346,1.9296875,-0.0546875,0.2857142857142857,1.9765625,-0.0078125,0.04081632653061224,1.9921875,0.0078125,-0.04081632653061224
38,AFB,4,2.43359375,2.0625,-0.0234375,0.37109375,2.09375,0.03125,0.08421052631578947,2.09375,0.03125,0.08421052631578947,2.07421875,0.01171875,0.031578947368421054,2.06640625,0.00390625,0.010526315789473684,1.9921875,-0.0703125,-0.18947368421052632,2.06640625,0.00390625,0.010526315789473684,2.0859375,0.0234375,0.06315789473684211
39,AFB,5,2.39453125,2.359375,0.92578125,0.03515625,2.34375,-0.015625,-0.4444444444444444,2.38671875,0.02734375,0.7777777777777778,2.33984375,-0.01953125,-0.5555555555555556,2.36328125,0.00390625,0.1111111111111111,2.38671875,0.02734375,0.7777777777777778,2.32421875,-0.03515625,-1.0,2.35546875,-0.00390625,-0.1111111111111111
40,AFP,1,1.98828125,2.7265625,0.4921875,-0.73828125,2.681640625,-0.044921875,0.06084656084656084,2.70703125,-0.01953125,0.026455026455026454,2.751953125,0.025390625,-0.03439153439153439,2.708984375,-0.017578125,0.023809523809523808,2.755859375,0.029296875,-0.03968253968253968,2.732421875,0.005859375,-0.007936507936507936,2.73828125,0.01171875,-0.015873015873015872
41,AFP,2,1.73046875,1.697265625,-0.09375,0.033203125,1.69921875,0.001953125,0.058823529411764705,1.689453125,-0.0078125,-0.23529411764705882,1.681640625,-0.015625,-0.47058823529411764,1.69140625,-0.005859375,-0.17647058823529413,1.712890625,0.015625,0.47058823529411764,1.69140625,-0.005859375,-0.17647058823529413,1.6953125,-0.001953125,-0.058823529411764705
42,AFP,3,1.93359375,1.994140625,0.28125,-0.060546875,1.970703125,-0.0234375,0.3870967741935484,1.970703125,-0.0234375,0.3870967741935484,1.974609375,-0.01953125,0.3225806451612903,1.97265625,-0.021484375,0.3548387096774194,1.90234375,-0.091796875,1.5161290322580645,1.994140625,0.0,-0.0,1.9765625,-0.017578125,0.2903225806451613
43,AFP,4,1.98046875,2.15234375,-0.1640625,-0.171875,2.171875,0.01953125,-0.11363636363636363,2.171875,0.01953125,-0.11363636363636363,2.158203125,0.005859375,-0.03409090909090909,2.154296875,0.001953125,-0.011363636363636364,1.923828125,-0.228515625,1.3295454545454546,2.166015625,0.013671875,-0.07954545454545454,2.18359375,0.03125,-0.18181818181818182
44,AFP,5,1.892578125,2.01171875,1.23828125,-0.119140625,1.98046875,-0.03125,0.26229508196721313,2.0625,0.05078125,-0.4262295081967213,1.99609375,-0.015625,0.13114754098360656,2.01953125,0.0078125,-0.06557377049180328,1.92578125,-0.0859375,0.7213114754098361,1.99609375,-0.015625,0.13114754098360656,1.994140625,-0.017578125,0.14754098360655737
45,AGA,1,4.8203125,5.03515625,0.87109375,-0.21484375,4.9453125,-0.08984375,0.41818181818181815,4.984375,-0.05078125,0.23636363636363636,4.9375,-0.09765625,0.45454545454545453,4.9453125,-0.08984375,0.41818181818181815,5.02734375,-0.0078125,0.03636363636363636,4.96875,-0.06640625,0.3090909090909091,4.9609375,-0.07421875,0.34545454545454546
46,AGA,2,4.45703125,3.93359375,1.28515625,0.5234375,3.89453125,-0.0390625,-0.07462686567164178,3.9375,0.00390625,0.007462686567164179,3.8984375,-0.03515625,-0.06716417910447761,3.9296875,-0.00390625,-0.007462686567164179,4.21875,0.28515625,0.5447761194029851,3.8671875,-0.06640625,-0.12686567164179105,3.890625,-0.04296875,-0.08208955223880597
47,AGA,3,4.734375,4.3671875,1.5703125,0.3671875,4.33203125,-0.03515625,-0.09574468085106383,4.40234375,0.03515625,0.09574468085106383,4.33984375,-0.02734375,-0.07446808510638298,4.42578125,0.05859375,0.1595744680851064,4.52734375,0.16015625,0.43617021276595747,4.37109375,0.00390625,0.010638297872340425,4.33984375,-0.02734375,-0.07446808510638298
48,AGA,4,5.06640625,4.88671875,-1.0859375,0.1796875,4.87109375,-0.015625,-0.08695652173913043,4.908203125,0.021484375,0.11956521739130435,4.888671875,0.001953125,0.010869565217391304,4.95703125,0.0703125,0.391304347826087,4.943359375,0.056640625,0.31521739130434784,4.892578125,0.005859375,0.03260869565217391,4.859375,-0.02734375,-0.15217391304347827
49,AGA,5,4.830078125,3.8828125,-3.75,0.947265625,3.96484375,0.08203125,0.0865979381443299,3.84765625,-0.03515625,-0.03711340206185567,3.89453125,0.01171875,0.012371134020618556,3.98046875,0.09765625,0.10309278350515463,3.83203125,-0.05078125,-0.05360824742268041,3.91796875,0.03515625,0.03711340206185567,3.87890625,-0.00390625,-0.004123711340206186
50,AICD,1,1.80859375,2.078125,-1.96923828125,-0.26953125,2.08984375,0.01171875,-0.043478260869565216,2.08984375,0.01171875,-0.043478260869565216,2.08203125,0.00390625,-0.014492753623188406,2.08984375,0.01171875,-0.043478260869565216,2.11328125,0.03515625,-0.13043478260869565,2.08984375,0.01171875,-0.043478260869565216,2.078125,0.0,-0.0
51,AICD,2,1.865234375,1.783203125,-1.9814453125,0.08203125,1.798828125,0.015625,0.19047619047619047,1.80078125,0.017578125,0.21428571428571427,1.80078125,0.017578125,0.21428571428571427,1.80078125,0.017578125,0.21428571428571427,1.744140625,-0.0390625,-0.47619047619047616,1.78515625,0.001953125,0.023809523809523808,1.796875,0.013671875,0.16666666666666666
52,AICD,3,1.90234375,1.765625,-2.310546875,0.13671875,1.73046875,-0.03515625,-0.2571428571428571,1.7421875,-0.0234375,-0.17142857142857143,1.74609375,-0.01953125,-0.14285714285714285,1.74609375,-0.01953125,-0.14285714285714285,1.76171875,-0.00390625,-0.02857142857142857,1.71875,-0.046875,-0.34285714285714286,1.75390625,-0.01171875,-0.08571428571428572
53,AICD,4,1.87109375,1.65234375,-1.4609375,0.21875,1.6796875,0.02734375,0.125,1.68359375,0.03125,0.14285714285714285,1.66015625,0.0078125,0.03571428571428571,1.6328125,-0.01953125,-0.08928571428571429,1.7578125,0.10546875,0.48214285714285715,1.6640625,0.01171875,0.05357142857142857,1.66796875,0.015625,0.07142857142857142
54,AICD,5,1.734375,1.5546875,-1.462890625,0.1796875,1.55078125,-0.00390625,-0.021739130434782608,1.5703125,0.015625,0.08695652173913043,1.5546875,0.0,0.0,1.55859375,0.00390625,0.021739130434782608,1.54296875,-0.01171875,-0.06521739130434782,1.5390625,-0.015625,-0.08695652173913043,1.5703125,0.015625,0.08695652173913043
55,ALD,1,2.63671875,2.5078125,-3.3359375,0.12890625,2.48828125,-0.01953125,-0.15151515151515152,2.48828125,-0.01953125,-0.15151515151515152,2.47265625,-0.03515625,-0.2727272727272727,2.48828125,-0.01953125,-0.15151515151515152,2.390625,-0.1171875,-0.9090909090909091,2.44921875,-0.05859375,-0.45454545454545453,2.4921875,-0.015625,-0.12121212121212122
56,ALD,2,2.30859375,1.6796875,-2.7890625,0.62890625,1.6875,0.0078125,0.012422360248447204,1.703125,0.0234375,0.037267080745341616,1.7109375,0.03125,0.049689440993788817,1.7421875,0.0625,0.09937888198757763,1.828125,0.1484375,0.2360248447204969,1.6875,0.0078125,0.012422360248447204,1.6875,0.0078125,0.012422360248447204
57,ALD,3,3.06640625,2.4765625,-1.2109375,0.58984375,2.5,0.0234375,0.039735099337748346,2.5078125,0.03125,0.052980132450331126,2.4765625,0.0,0.0,2.515625,0.0390625,0.06622516556291391,2.3203125,-0.15625,-0.26490066225165565,2.515625,0.0390625,0.06622516556291391,2.4921875,0.015625,0.026490066225165563
58,ALD,4,3.265625,2.921875,0.28515625,0.34375,2.87890625,-0.04296875,-0.125,2.87890625,-0.04296875,-0.125,2.8828125,-0.0390625,-0.11363636363636363,2.89453125,-0.02734375,-0.07954545454545454,2.859375,-0.0625,-0.18181818181818182,2.87890625,-0.04296875,-0.125,2.84375,-0.078125,-0.22727272727272727
59,ALD,5,2.78125,2.3203125,-3.2451171875,0.4609375,2.3046875,-0.015625,-0.03389830508474576,2.3046875,-0.015625,-0.03389830508474576,2.2578125,-0.0625,-0.13559322033898305,2.3203125,0.0,0.0,2.21875,-0.1015625,-0.22033898305084745,2.2890625,-0.03125,-0.06779661016949153,2.265625,-0.0546875,-0.11864406779661017
60,ALS,1,2.8623046875,2.8134765625,0.109375,0.048828125,2.8212890625,0.0078125,0.16,2.759765625,-0.0537109375,-1.1,2.7978515625,-0.015625,-0.32,2.8076171875,-0.005859375,-0.12,2.6708984375,-0.142578125,-2.92,2.806640625,-0.0068359375,-0.14,2.8291015625,0.015625,0.32
61,ALS,2,2.943359375,2.814453125,-0.65234375,0.12890625,2.796875,-0.017578125,-0.13636363636363635,2.78125,-0.033203125,-0.25757575757575757,2.78515625,-0.029296875,-0.22727272727272727,2.806640625,-0.0078125,-0.06060606060606061,2.927734375,0.11328125,0.8787878787878788,2.830078125,0.015625,0.12121212121212122,2.814453125,0.0,0.0
62,ALS,3,3.3828125,3.267578125,-0.43359375,0.115234375,3.271484375,0.00390625,0.03389830508474576,3.259765625,-0.0078125,-0.06779661016949153,3.26953125,0.001953125,0.01694915254237288,3.28515625,0.017578125,0.15254237288135594,3.42578125,0.158203125,1.3728813559322033,3.216796875,-0.05078125,-0.4406779661016949,3.337890625,0.0703125,0.6101694915254238
63,ALS,4,3.505859375,3.255859375,-0.89453125,0.25,3.240234375,-0.015625,-0.0625,3.287109375,0.03125,0.125,3.2734375,0.017578125,0.0703125,3.267578125,0.01171875,0.046875,3.52734375,0.271484375,1.0859375,3.3203125,0.064453125,0.2578125,3.244140625,-0.01171875,-0.046875
64,ALS,5,3.1875,2.986328125,0.55078125,0.201171875,3.001953125,0.015625,0.07766990291262135,3.005859375,0.01953125,0.0970873786407767,3.029296875,0.04296875,0.21359223300970873,3.017578125,0.03125,0.1553398058252427,3.029296875,0.04296875,0.21359223300970873,3.017578125,0.03125,0.1553398058252427,3.013671875,0.02734375,0.13592233009708737
65,AMA,1,1.7890625,1.98046875,-2.1572265625,-0.19140625,2.0703125,0.08984375,-0.46938775510204084,2.05078125,0.0703125,-0.3673469387755102,1.9765625,-0.00390625,0.02040816326530612,1.921875,-0.05859375,0.30612244897959184,1.32421875,-0.65625,3.4285714285714284,2.09375,0.11328125,-0.5918367346938775,2.00390625,0.0234375,-0.12244897959183673
66,AMA,2,2.109375,2.60546875,-1.5234375,-0.49609375,2.57421875,-0.03125,0.06299212598425197,2.5859375,-0.01953125,0.03937007874015748,2.6171875,0.01171875,-0.023622047244094488,2.640625,0.03515625,-0.07086614173228346,2.09765625,-0.5078125,1.0236220472440944,2.60546875,0.0,-0.0,2.5234375,-0.08203125,0.16535433070866143
67,AMA,3,2.44140625,2.2109375,-1.005859375,0.23046875,2.1875,-0.0234375,-0.1016949152542373,2.1796875,-0.03125,-0.13559322033898305,2.140625,-0.0703125,-0.3050847457627119,2.05078125,-0.16015625,-0.6949152542372882,1.7109375,-0.5,-2.169491525423729,2.25390625,0.04296875,0.1864406779661017,2.1640625,-0.046875,-0.2033898305084746
68,AMA,4,2.04296875,2.05078125,-1.8505859375,-0.0078125,2.0390625,-0.01171875,1.5,2.0390625,-0.01171875,1.5,2.0234375,-0.02734375,3.5,1.94921875,-0.1015625,13.0,1.4296875,-0.62109375,79.5,2.1015625,0.05078125,-6.5,2.046875,-0.00390625,0.5
69,AMA,5,2.21484375,2.1171875,-0.609375,0.09765625,2.125,0.0078125,0.08,2.09765625,-0.01953125,-0.2,2.15625,0.0390625,0.4,1.83203125,-0.28515625,-2.92,1.82421875,-0.29296875,-3.0,2.1796875,0.0625,0.64,2.1484375,0.03125,0.32
70,AML,1,3.0107421875,2.642578125,-0.90234375,0.3681640625,2.642578125,0.0,0.0,2.625,-0.017578125,-0.04774535809018567,2.611328125,-0.03125,-0.08488063660477453,2.677734375,0.03515625,0.09549071618037135,2.884765625,0.2421875,0.6578249336870027,2.625,-0.017578125,-0.04774535809018567,2.62890625,-0.013671875,-0.03713527851458886
71,AML,2,2.89453125,2.791015625,0.40234375,0.103515625,2.791015625,0.0,0.0,2.791015625,0.0,0.0,2.76171875,-0.029296875,-0.2830188679245283,2.77734375,-0.013671875,-0.1320754716981132,2.8203125,0.029296875,0.2830188679245283,2.798828125,0.0078125,0.07547169811320754,2.755859375,-0.03515625,-0.33962264150943394
72,AML,3,2.6640625,2.39453125,-1.08203125,0.26953125,2.41015625,0.015625,0.057971014492753624,2.390625,-0.00390625,-0.014492753623188406,2.376953125,-0.017578125,-0.06521739130434782,2.375,-0.01953125,-0.07246376811594203,2.474609375,0.080078125,0.2971014492753623,2.388671875,-0.005859375,-0.021739130434782608,2.390625,-0.00390625,-0.014492753623188406
73,AML,4,2.666015625,2.494140625,0.1796875,0.171875,2.494140625,0.0,0.0,2.515625,0.021484375,0.125,2.515625,0.021484375,0.125,2.498046875,0.00390625,0.022727272727272728,2.560546875,0.06640625,0.38636363636363635,2.515625,0.021484375,0.125,2.49609375,0.001953125,0.011363636363636364
74,AML,5,2.6923828125,2.6953125,0.890625,-0.0029296875,2.67578125,-0.01953125,6.666666666666667,2.70703125,0.01171875,-4.0,2.69140625,-0.00390625,1.3333333333333333,2.705078125,0.009765625,-3.3333333333333335,2.72265625,0.02734375,-9.333333333333334,2.7109375,0.015625,-5.333333333333333,2.693359375,-0.001953125,0.6666666666666666
75,ANA,1,2.6484375,2.46875,-1.29296875,0.1796875,2.54296875,0.07421875,0.41304347826086957,2.5390625,0.0703125,0.391304347826087,2.484375,0.015625,0.08695652173913043,2.5078125,0.0390625,0.21739130434782608,2.73828125,0.26953125,1.5,2.53515625,0.06640625,0.3695652173913043,2.51171875,0.04296875,0.2391304347826087
76,ANA,2,3.091796875,2.57421875,0.98828125,0.517578125,2.58984375,0.015625,0.03018867924528302,2.58984375,0.015625,0.03018867924528302,2.57421875,0.0,0.0,2.53515625,-0.0390625,-0.07547169811320754,2.7578125,0.18359375,0.35471698113207545,2.55859375,-0.015625,-0.03018867924528302,2.5703125,-0.00390625,-0.007547169811320755
77,ANA,3,3.0966796875,2.740234375,-0.453125,0.3564453125,2.736328125,-0.00390625,-0.010958904109589041,2.720703125,-0.01953125,-0.0547945205479452,2.703125,-0.037109375,-0.10410958904109589,2.7265625,-0.013671875,-0.038356164383561646,2.6640625,-0.076171875,-0.2136986301369863,2.771484375,0.03125,0.08767123287671233,2.734375,-0.005859375,-0.01643835616438356
78,ANA,4,2.994140625,2.62890625,1.01953125,0.365234375,2.6015625,-0.02734375,-0.0748663101604278,2.60546875,-0.0234375,-0.06417112299465241,2.62109375,-0.0078125,-0.0213903743315508,2.54296875,-0.0859375,-0.23529411764705882,2.71875,0.08984375,0.24598930481283424,2.63671875,0.0078125,0.0213903743315508,2.6484375,0.01953125,0.053475935828877004
79,ANA,5,2.671875,2.71875,0.51171875,-0.046875,2.7265625,0.0078125,-0.16666666666666666,2.7578125,0.0390625,-0.8333333333333334,2.67578125,-0.04296875,0.9166666666666666,2.71875,0.0,-0.0,2.625,-0.09375,2.0,2.73046875,0.01171875,-0.25,2.66796875,-0.05078125,1.0833333333333333
80,ANCA,1,0.271484375,-0.033203125,-0.3642578125,0.3046875,-0.02734375,0.005859375,0.019230769230769232,-0.0234375,0.009765625,0.03205128205128205,-0.025390625,0.0078125,0.02564102564102564,-0.021484375,0.01171875,0.038461538461538464,0.015625,0.048828125,0.16025641025641027,-0.029296875,0.00390625,0.01282051282051282,-0.025390625,0.0078125,0.02564102564102564
81,ANCA,2,0.220703125,-0.048828125,-0.39111328125,0.26953125,-0.056640625,-0.0078125,-0.028985507246376812,-0.060546875,-0.01171875,-0.043478260869565216,-0.056640625,-0.0078125,-0.028985507246376812,-0.056640625,-0.0078125,-0.028985507246376812,-0.00390625,0.044921875,0.16666666666666666,-0.064453125,-0.015625,-0.057971014492753624,-0.048828125,0.0,0.0
82,ANCA,3,0.240234375,0.009765625,-0.314453125,0.23046875,0.01171875,0.001953125,0.00847457627118644,0.001953125,-0.0078125,-0.03389830508474576,0.009765625,0.0,0.0,0.0078125,-0.001953125,-0.00847457627118644,0.01171875,0.001953125,0.00847457627118644,0.001953125,-0.0078125,-0.03389830508474576,0.009765625,0.0,0.0
83,ANCA,4,0.3671875,-0.056640625,-0.3896484375,0.423828125,-0.0625,-0.005859375,-0.013824884792626729,-0.05078125,0.005859375,0.013824884792626729,-0.05859375,-0.001953125,-0.004608294930875576,-0.064453125,-0.0078125,-0.018433179723502304,-0.01953125,0.037109375,0.08755760368663594,-0.05078125,0.005859375,0.013824884792626729,-0.06640625,-0.009765625,-0.02304147465437788
84,ANCA,5,0.240234375,-0.07421875,-0.38232421875,0.314453125,-0.07421875,0.0,0.0,-0.078125,-0.00390625,-0.012422360248447204,-0.083984375,-0.009765625,-0.031055900621118012,-0.072265625,0.001953125,0.006211180124223602,-0.029296875,0.044921875,0.14285714285714285,-0.068359375,0.005859375,0.018633540372670808,-0.083984375,-0.009765625,-0.031055900621118012
85,ANC,1,2.453125,2.015625,-2.138671875,0.4375,2.1796875,0.1640625,0.375,2.048828125,0.033203125,0.07589285714285714,2.07421875,0.05859375,0.13392857142857142,1.98046875,-0.03515625,-0.08035714285714286,1.71875,-0.296875,-0.6785714285714286,2.103515625,0.087890625,0.20089285714285715,2.013671875,-0.001953125,-0.004464285714285714
86,ANC,2,2.73046875,2.8046875,-1.001953125,-0.07421875,2.7734375,-0.03125,0.42105263157894735,2.771484375,-0.033203125,0.4473684210526316,2.796875,-0.0078125,0.10526315789473684,2.783203125,-0.021484375,0.2894736842105263,2.59765625,-0.20703125,2.789473684210526,2.8046875,0.0,-0.0,2.783203125,-0.021484375,0.2894736842105263
87,ANC,3,2.787109375,2.958984375,-1.9921875,-0.171875,3.03125,0.072265625,-0.42045454545454547,3.009765625,0.05078125,-0.29545454545454547,2.9609375,0.001953125,-0.011363636363636364,2.974609375,0.015625,-0.09090909090909091,2.6796875,-0.279296875,1.625,3.021484375,0.0625,-0.36363636363636365,2.958984375,0.0,-0.0
88,ANC,4,2.650390625,2.734375,-0.04296875,-0.083984375,2.81640625,0.08203125,-0.9767441860465116,2.80859375,0.07421875,-0.8837209302325582,2.7734375,0.0390625,-0.46511627906976744,2.7421875,0.0078125,-0.09302325581395349,2.55078125,-0.18359375,2.186046511627907,2.82421875,0.08984375,-1.069767441860465,2.75390625,0.01953125,-0.23255813953488372
89,ANC,5,2.650390625,1.64453125,-1.791015625,1.005859375,1.71875,0.07421875,0.07378640776699029,1.61328125,-0.03125,-0.031067961165048542,1.6171875,-0.02734375,-0.027184466019417475,1.65234375,0.0078125,0.007766990291262136,1.865234375,0.220703125,0.21941747572815534,1.6796875,0.03515625,0.03495145631067961,1.6015625,-0.04296875,-0.04271844660194175
90,ASA,1,0.802734375,0.8359375,-0.416015625,-0.033203125,0.833984375,-0.001953125,0.058823529411764705,0.830078125,-0.005859375,0.17647058823529413,0.83203125,-0.00390625,0.11764705882352941,0.80859375,-0.02734375,0.8235294117647058,0.849609375,0.013671875,-0.4117647058823529,0.849609375,0.013671875,-0.4117647058823529,0.853515625,0.017578125,-0.5294117647058824
91,ASA,2,0.9521484375,1.056640625,-0.7216796875,-0.1044921875,1.044921875,-0.01171875,0.11214953271028037,1.0625,0.005859375,-0.056074766355140186,1.064453125,0.0078125,-0.07476635514018691,1.046875,-0.009765625,0.09345794392523364,0.80859375,-0.248046875,2.3738317757009346,1.06640625,0.009765625,-0.09345794392523364,1.060546875,0.00390625,-0.037383177570093455
92,ASA,3,0.744140625,0.66796875,-0.005859375,0.076171875,0.66015625,-0.0078125,-0.10256410256410256,0.66015625,-0.0078125,-0.10256410256410256,0.658203125,-0.009765625,-0.1282051282051282,0.671875,0.00390625,0.05128205128205128,0.65234375,-0.015625,-0.20512820512820512,0.6484375,-0.01953125,-0.2564102564102564,0.66015625,-0.0078125,-0.10256410256410256
93,ASA,4,0.99609375,1.025390625,-1.8193359375,-0.029296875,1.052734375,0.02734375,-0.9333333333333333,1.12109375,0.095703125,-3.2666666666666666,1.025390625,0.0,-0.0,1.041015625,0.015625,-0.5333333333333333,0.5390625,-0.486328125,16.6,1.01171875,-0.013671875,0.4666666666666667,1.021484375,-0.00390625,0.13333333333333333
94,ASA,5,1.03125,0.896484375,-1.314453125,0.134765625,0.916015625,0.01953125,0.14492753623188406,0.9375,0.041015625,0.30434782608695654,0.9140625,0.017578125,0.13043478260869565,0.927734375,0.03125,0.2318840579710145,0.693359375,-0.203125,-1.5072463768115942,0.916015625,0.01953125,0.14492753623188406,0.90625,0.009765625,0.07246376811594203
95,ASD,1,3.1796875,2.32421875,-0.0234375,0.85546875,2.4765625,0.15234375,0.1780821917808219,2.34375,0.01953125,0.0228310502283105,2.33203125,0.0078125,0.0091324200913242,2.484375,0.16015625,0.1872146118721461,2.73046875,0.40625,0.4748858447488584,2.39453125,0.0703125,0.0821917808219178,2.33203125,0.0078125,0.0091324200913242
96,ASD,2,3.228515625,3.21484375,1.373046875,0.013671875,3.265625,0.05078125,3.7142857142857144,3.263671875,0.048828125,3.5714285714285716,3.296875,0.08203125,6.0,3.283203125,0.068359375,5.0,3.09765625,-0.1171875,-8.571428571428571,3.23046875,0.015625,1.1428571428571428,3.232421875,0.017578125,1.2857142857142858
97,ASD,3,3.177734375,3.142578125,-1.955078125,0.03515625,3.126953125,-0.015625,-0.4444444444444444,3.11328125,-0.029296875,-0.8333333333333334,3.146484375,0.00390625,0.1111111111111111,3.1640625,0.021484375,0.6111111111111112,2.171875,-0.970703125,-27.61111111111111,3.177734375,0.03515625,1.0,3.171875,0.029296875,0.8333333333333334
98,ASD,4,3.40234375,3.10546875,0.671875,0.296875,3.10546875,0.0,0.0,3.08984375,-0.015625,-0.05263157894736842,3.08984375,-0.015625,-0.05263157894736842,3.1640625,0.05859375,0.19736842105263158,3.13671875,0.03125,0.10526315789473684,3.09375,-0.01171875,-0.039473684210526314,3.15234375,0.046875,0.15789473684210525
99,ASD,5,3.11328125,2.986328125,0.41015625,0.126953125,2.984375,-0.001953125,-0.015384615384615385,2.970703125,-0.015625,-0.12307692307692308,2.97265625,-0.013671875,-0.1076923076923077,2.943359375,-0.04296875,-0.3384615384615385,2.76953125,-0.216796875,-1.7076923076923076,2.943359375,-0.04296875,-0.3384615384615385,3.001953125,0.015625,0.12307692307692308
100,AVF,1,5.2890625,4.767578125,0.22265625,0.521484375,4.76171875,-0.005859375,-0.011235955056179775,4.828125,0.060546875,0.11610486891385768,4.794921875,0.02734375,0.052434456928838954,4.798828125,0.03125,0.0599250936329588,5.0478515625,0.2802734375,0.5374531835205992,4.828125,0.060546875,0.11610486891385768,4.7666015625,-0.0009765625,-0.0018726591760299626
101,AVF,2,5.62841796875,4.2822265625,0.203125,1.34619140625,4.248046875,-0.0341796875,-0.025389916575988394,4.21484375,-0.0673828125,-0.05005440696409141,4.2529296875,-0.029296875,-0.02176278563656148,4.2197265625,-0.0625,-0.04642727602466449,4.5478515625,0.265625,0.1973159231048241,4.2216796875,-0.060546875,-0.044976423648893725,4.244140625,-0.0380859375,-0.028291621327529923
102,AVF,3,4.78955078125,3.97265625,1.361328125,0.81689453125,3.912109375,-0.060546875,-0.07411835026897788,3.9443359375,-0.0283203125,-0.034668260609683206,3.9111328125,-0.0615234375,-0.07531380753138076,3.9736328125,0.0009765625,0.001195457262402869,4.2158203125,0.2431640625,0.2976688583383144,4.013671875,0.041015625,0.0502092050209205,3.9716796875,-0.0009765625,-0.001195457262402869
103,AVF,4,5.60107421875,5.259765625,2.052734375,0.34130859375,5.291015625,0.03125,0.09155937052932761,5.2294921875,-0.0302734375,-0.08869814020028613,5.2548828125,-0.0048828125,-0.01430615164520744,5.291015625,0.03125,0.09155937052932761,5.45703125,0.197265625,0.5779685264663805,5.298828125,0.0390625,0.11444921316165951,5.2216796875,-0.0380859375,-0.11158798283261803
104,AVF,5,5.11376953125,4.3984375,0.60546875,0.71533203125,4.4111328125,0.0126953125,0.017747440273037544,4.41015625,0.01171875,0.016382252559726963,4.412109375,0.013671875,0.01911262798634812,4.4423828125,0.0439453125,0.06143344709897611,5.26953125,0.87109375,1.2177474402730375,4.435546875,0.037109375,0.05187713310580205,4.4296875,0.03125,0.04368600682593857
105,AVR,1,4.208984375,4.484375,-1.259765625,-0.275390625,4.576171875,0.091796875,-0.3333333333333333,4.498046875,0.013671875,-0.04964539007092199,4.48046875,-0.00390625,0.014184397163120567,4.423828125,-0.060546875,0.2198581560283688,3.9375,-0.546875,1.9858156028368794,4.583984375,0.099609375,-0.3617021276595745,4.478515625,-0.005859375,0.02127659574468085
106,AVR,2,4.8369140625,4.791015625,-0.7265625,0.0458984375,4.82421875,0.033203125,0.723404255319149,4.791015625,0.0,0.0,4.79296875,0.001953125,0.0425531914893617,4.888671875,0.09765625,2.127659574468085,4.38671875,-0.404296875,-8.808510638297872,4.7578125,-0.033203125,-0.723404255319149,4.826171875,0.03515625,0.7659574468085106
107,AVR,3,4.298828125,4.0625,-0.5859375,0.236328125,4.03125,-0.03125,-0.1322314049586777,3.91015625,-0.15234375,-0.6446280991735537,4.03125,-0.03125,-0.1322314049586777,4.046875,-0.015625,-0.06611570247933884,3.73046875,-0.33203125,-1.4049586776859504,4.06640625,0.00390625,0.01652892561983471,4.0625,0.0,0.0
108,AVR,4,4.2978515625,4.48046875,-1.029296875,-0.1826171875,4.546875,0.06640625,-0.36363636363636365,4.5078125,0.02734375,-0.1497326203208556,4.56640625,0.0859375,-0.47058823529411764,4.59765625,0.1171875,-0.6417112299465241,3.57421875,-0.90625,4.962566844919786,4.50390625,0.0234375,-0.12834224598930483,4.51171875,0.03125,-0.1711229946524064
109,AVR,5,4.37109375,5.11328125,-0.771484375,-0.7421875,5.142578125,0.029296875,-0.039473684210526314,5.107421875,-0.005859375,0.007894736842105263,5.14453125,0.03125,-0.042105263157894736,4.939453125,-0.173828125,0.23421052631578948,4.34765625,-0.765625,1.0315789473684212,5.1640625,0.05078125,-0.06842105263157895,5.134765625,0.021484375,-0.02894736842105263
110,BAL,1,4.4501953125,4.41796875,-0.37109375,0.0322265625,4.419921875,0.001953125,0.06060606060606061,4.37890625,-0.0390625,-1.2121212121212122,4.390625,-0.02734375,-0.8484848484848485,4.560546875,0.142578125,4.424242424242424,4.7109375,0.29296875,9.090909090909092,4.41796875,0.0,0.0,4.412109375,-0.005859375,-0.18181818181818182
111,BAL,2,4.318359375,4.826171875,-0.65625,-0.5078125,4.875,0.048828125,-0.09615384615384616,4.875,0.048828125,-0.09615384615384616,4.87890625,0.052734375,-0.10384615384615385,5.041015625,0.21484375,-0.4230769230769231,4.64453125,-0.181640625,0.3576923076923077,4.880859375,0.0546875,-0.1076923076923077,4.85546875,0.029296875,-0.057692307692307696
112,BAL,3,4.2109375,4.498046875,-0.765625,-0.287109375,4.513671875,0.015625,-0.05442176870748299,4.513671875,0.015625,-0.05442176870748299,4.4453125,-0.052734375,0.1836734693877551,4.5546875,0.056640625,-0.19727891156462585,4.755859375,0.2578125,-0.8979591836734694,4.640625,0.142578125,-0.4965986394557823,4.51171875,0.013671875,-0.047619047619047616
113,BAL,4,4.8427734375,4.8515625,0.181640625,-0.0087890625,4.865234375,0.013671875,-1.5555555555555556,4.8681640625,0.0166015625,-1.8888888888888888,4.8515625,0.0,-0.0,4.8681640625,0.0166015625,-1.8888888888888888,4.861328125,0.009765625,-1.1111111111111112,4.826171875,-0.025390625,2.888888888888889,4.8583984375,0.0068359375,-0.7777777777777778
114,BAL,5,4.73779296875,4.796875,0.6943359375,-0.05908203125,4.767578125,-0.029296875,0.49586776859504134,4.7734375,-0.0234375,0.39669421487603307,4.796875,0.0,-0.0,4.798828125,0.001953125,-0.03305785123966942,4.974609375,0.177734375,-3.0082644628099175,4.7861328125,-0.0107421875,0.18181818181818182,4.8154296875,0.0185546875,-0.3140495867768595
115,BMI,1,2.546875,2.453125,0.6015625,0.09375,2.484375,0.03125,0.3333333333333333,2.44921875,-0.00390625,-0.041666666666666664,2.44921875,-0.00390625,-0.041666666666666664,2.4765625,0.0234375,0.25,2.50390625,0.05078125,0.5416666666666666,2.4140625,-0.0390625,-0.4166666666666667,2.44921875,-0.00390625,-0.041666666666666664
116,BMI,2,2.44921875,2.44921875,0.82421875,0.0,2.44921875,0.0,nan,2.43359375,-0.015625,nan,2.43359375,-0.015625,nan,2.46484375,0.015625,nan,2.25390625,-0.1953125,nan,2.45703125,0.0078125,nan,2.43359375,-0.015625,nan
117,BMI,3,2.7890625,2.2578125,0.404296875,0.53125,2.2578125,0.0,0.0,2.3046875,0.046875,0.08823529411764706,2.234375,-0.0234375,-0.04411764705882353,2.35546875,0.09765625,0.18382352941176472,2.8671875,0.609375,1.1470588235294117,2.25390625,-0.00390625,-0.007352941176470588,2.2578125,0.0,0.0
118,BMI,4,2.67578125,2.58203125,0.82421875,0.09375,2.671875,0.08984375,0.9583333333333334,2.60546875,0.0234375,0.25,2.60546875,0.0234375,0.25,2.63671875,0.0546875,0.5833333333333334,2.421875,-0.16015625,-1.7083333333333333,2.69140625,0.109375,1.1666666666666667,2.6015625,0.01953125,0.20833333333333334
119,BMI,5,1.9140625,1.7421875,0.390625,0.171875,1.7578125,0.015625,0.09090909090909091,1.71875,-0.0234375,-0.13636363636363635,1.7421875,0.0,0.0,1.75,0.0078125,0.045454545454545456,1.6484375,-0.09375,-0.5454545454545454,1.7421875,0.0,0.0,1.7421875,0.0,0.0
120,BMT,1,-0.76953125,-1.109375,-1.619140625,0.33984375,-1.111328125,-0.001953125,-0.005747126436781609,-1.109375,0.0,0.0,-1.072265625,0.037109375,0.10919540229885058,-1.03125,0.078125,0.22988505747126436,-1.078125,0.03125,0.09195402298850575,-1.048828125,0.060546875,0.1781609195402299,-1.072265625,0.037109375,0.10919540229885058
121,BMT,2,-0.26171875,-0.455078125,-1.5126953125,0.193359375,-0.416015625,0.0390625,0.20202020202020202,-0.458984375,-0.00390625,-0.020202020202020204,-0.453125,0.001953125,0.010101010101010102,-0.41796875,0.037109375,0.1919191919191919,-0.423828125,0.03125,0.16161616161616163,-0.458984375,-0.00390625,-0.020202020202020204,-0.458984375,-0.00390625,-0.020202020202020204
122,BMT,3,-0.37890625,-0.58203125,-1.73876953125,0.203125,-0.6328125,-0.05078125,-0.25,-0.619140625,-0.037109375,-0.18269230769230768,-0.6328125,-0.05078125,-0.25,-0.6328125,-0.05078125,-0.25,-0.72265625,-0.140625,-0.6923076923076923,-0.6328125,-0.05078125,-0.25,-0.634765625,-0.052734375,-0.25961538461538464
123,BMT,4,-0.427734375,-0.68359375,-1.7880859375,0.255859375,-0.640625,0.04296875,0.16793893129770993,-0.626953125,0.056640625,0.22137404580152673,-0.603515625,0.080078125,0.31297709923664124,-0.640625,0.04296875,0.16793893129770993,-0.701171875,-0.017578125,-0.06870229007633588,-0.640625,0.04296875,0.16793893129770993,-0.640625,0.04296875,0.16793893129770993
124,BMT,5,-0.287109375,-0.716796875,-1.3291015625,0.4296875,-0.7109375,0.005859375,0.013636363636363636,-0.6875,0.029296875,0.06818181818181818,-0.685546875,0.03125,0.07272727272727272,-0.69921875,0.017578125,0.04090909090909091,-0.716796875,0.0,0.0,-0.69921875,0.017578125,0.04090909090909091,-0.697265625,0.01953125,0.045454545454545456
125,CAD,1,2.689453125,3.0859375,-0.720703125,-0.396484375,3.0078125,-0.078125,0.19704433497536947,3.02734375,-0.05859375,0.1477832512315271,3.0859375,0.0,-0.0,3.07421875,-0.01171875,0.029556650246305417,2.556640625,-0.529296875,1.3349753694581281,3.12109375,0.03515625,-0.08866995073891626,3.07421875,-0.01171875,0.029556650246305417
126,CAD,2,2.326171875,2.52734375,-1.66796875,-0.201171875,2.4609375,-0.06640625,0.3300970873786408,2.44921875,-0.078125,0.3883495145631068,2.5078125,-0.01953125,0.0970873786407767,2.453125,-0.07421875,0.36893203883495146,2.41796875,-0.109375,0.5436893203883495,2.57421875,0.046875,-0.23300970873786409,2.4921875,-0.03515625,0.17475728155339806
127,CAD,3,2.4375,2.34765625,-1.57421875,0.08984375,2.375,0.02734375,0.30434782608695654,2.33984375,-0.0078125,-0.08695652173913043,2.390625,0.04296875,0.4782608695652174,2.39453125,0.046875,0.5217391304347826,2.60546875,0.2578125,2.869565217391304,2.3515625,0.00390625,0.043478260869565216,2.359375,0.01171875,0.13043478260869565
128,CAD,4,2.775390625,2.87890625,-0.9453125,-0.103515625,2.86328125,-0.015625,0.1509433962264151,2.828125,-0.05078125,0.49056603773584906,2.859375,-0.01953125,0.18867924528301888,2.79296875,-0.0859375,0.8301886792452831,2.765625,-0.11328125,1.0943396226415094,2.84375,-0.03515625,0.33962264150943394,2.84375,-0.03515625,0.33962264150943394
129,CAD,5,2.265625,2.380859375,-0.736328125,-0.115234375,2.36328125,-0.017578125,0.15254237288135594,2.365234375,-0.015625,0.13559322033898305,2.380859375,0.0,-0.0,2.384765625,0.00390625,-0.03389830508474576,2.25390625,-0.126953125,1.1016949152542372,2.400390625,0.01953125,-0.1694915254237288,2.3828125,0.001953125,-0.01694915254237288
130,CDI,1,3.78515625,3.109375,-2.63525390625,0.67578125,3.1015625,-0.0078125,-0.011560693641618497,3.1640625,0.0546875,0.08092485549132948,3.109375,0.0,0.0,3.0390625,-0.0703125,-0.10404624277456648,2.4609375,-0.6484375,-0.9595375722543352,3.125,0.015625,0.023121387283236993,3.1328125,0.0234375,0.03468208092485549
131,CDI,2,3.9765625,3.2265625,-2.0732421875,0.75,3.2890625,0.0625,0.08333333333333333,3.25,0.0234375,0.03125,3.28125,0.0546875,0.07291666666666667,3.0546875,-0.171875,-0.22916666666666666,3.453125,0.2265625,0.3020833333333333,3.234375,0.0078125,0.010416666666666666,3.2734375,0.046875,0.0625
132,CDI,3,3.9775390625,1.53125,-2.67578125,2.4462890625,1.4765625,-0.0546875,-0.022355289421157686,1.5078125,-0.0234375,-0.009580838323353293,1.5078125,-0.0234375,-0.009580838323353293,1.4375,-0.09375,-0.03832335329341317,2.0078125,0.4765625,0.19481037924151698,1.4453125,-0.0859375,-0.035129740518962074,1.53125,0.0,0.0
133,CDI,4,4.0771484375,2.09375,-2.119140625,1.9833984375,2.0703125,-0.0234375,-0.011816838995568686,2.078125,-0.015625,-0.007877892663712457,2.109375,0.015625,0.007877892663712457,2.078125,-0.015625,-0.007877892663712457,2.359375,0.265625,0.13392417528311176,2.1171875,0.0234375,0.011816838995568686,2.0859375,-0.0078125,-0.003938946331856229
134,CDI,5,4.0,3.3515625,-2.009765625,0.6484375,3.380859375,0.029296875,0.045180722891566265,3.3515625,0.0,0.0,3.380859375,0.029296875,0.045180722891566265,3.35546875,0.00390625,0.006024096385542169,3.34765625,-0.00390625,-0.006024096385542169,3.34375,-0.0078125,-0.012048192771084338,3.3671875,0.015625,0.024096385542168676
135,CEA,1,1.40234375,1.61328125,-0.95703125,-0.2109375,1.6015625,-0.01171875,0.05555555555555555,1.57421875,-0.0390625,0.18518518518518517,1.587890625,-0.025390625,0.12037037037037036,1.583984375,-0.029296875,0.1388888888888889,1.736328125,0.123046875,-0.5833333333333334,1.60546875,-0.0078125,0.037037037037037035,1.58984375,-0.0234375,0.1111111111111111
136,CEA,2,1.2265625,1.20703125,0.1796875,0.01953125,1.2421875,0.03515625,1.8,1.234375,0.02734375,1.4,1.25390625,0.046875,2.4,1.2421875,0.03515625,1.8,1.33203125,0.125,6.4,1.2421875,0.03515625,1.8,1.20703125,0.0,0.0
137,CEA,3,1.6015625,1.41015625,0.30078125,0.19140625,1.42578125,0.015625,0.08163265306122448,1.41015625,0.0,0.0,1.421875,0.01171875,0.061224489795918366,1.42578125,0.015625,0.08163265306122448,1.44140625,0.03125,0.16326530612244897,1.41015625,0.0,0.0,1.4296875,0.01953125,0.10204081632653061
138,CEA,4,1.6943359375,2.412109375,0.01171875,-0.7177734375,2.39453125,-0.017578125,0.024489795918367346,2.39453125,-0.017578125,0.024489795918367346,2.3984375,-0.013671875,0.01904761904761905,2.361328125,-0.05078125,0.0707482993197279,2.228515625,-0.18359375,0.25578231292517006,2.37890625,-0.033203125,0.04625850340136054,2.34765625,-0.064453125,0.08979591836734693
139,CEA,5,1.826171875,1.9765625,0.51953125,-0.150390625,1.955078125,-0.021484375,0.14285714285714285,1.970703125,-0.005859375,0.03896103896103896,1.955078125,-0.021484375,0.14285714285714285,1.970703125,-0.005859375,0.03896103896103896,2.06640625,0.08984375,-0.5974025974025974,1.939453125,-0.037109375,0.24675324675324675,1.974609375,-0.001953125,0.012987012987012988
140,CHF,1,1.81640625,1.64453125,0.734375,0.171875,1.65625,0.01171875,0.06818181818181818,1.61328125,-0.03125,-0.18181818181818182,1.62890625,-0.015625,-0.09090909090909091,1.64453125,0.0,0.0,1.72265625,0.078125,0.45454545454545453,1.6484375,0.00390625,0.022727272727272728,1.6171875,-0.02734375,-0.1590909090909091
141,CHF,2,2.13671875,1.9375,0.89453125,0.19921875,1.978515625,0.041015625,0.20588235294117646,1.994140625,0.056640625,0.28431372549019607,1.97265625,0.03515625,0.17647058823529413,1.99609375,0.05859375,0.29411764705882354,1.86328125,-0.07421875,-0.37254901960784315,1.97265625,0.03515625,0.17647058823529413,1.9921875,0.0546875,0.27450980392156865
142,CHF,3,2.2734375,2.07421875,0.6875,0.19921875,2.05859375,-0.015625,-0.0784313725490196,2.09375,0.01953125,0.09803921568627451,2.07421875,0.0,0.0,2.10546875,0.03125,0.1568627450980392,2.0859375,0.01171875,0.058823529411764705,2.08984375,0.015625,0.0784313725490196,2.0546875,-0.01953125,-0.09803921568627451
143,CHF,4,1.8125,1.607421875,0.828125,0.205078125,1.603515625,-0.00390625,-0.01904761904761905,1.607421875,0.0,0.0,1.623046875,0.015625,0.0761904761904762,1.62890625,0.021484375,0.10476190476190476,1.66796875,0.060546875,0.29523809523809524,1.615234375,0.0078125,0.0380952380952381,1.625,0.017578125,0.08571428571428572
144,CHF,5,2.20703125,2.1015625,1.0703125,0.10546875,2.09765625,-0.00390625,-0.037037037037037035,2.078125,-0.0234375,-0.2222222222222222,2.078125,-0.0234375,-0.2222222222222222,2.1015625,0.0,0.0,2.0859375,-0.015625,-0.14814814814814814,2.1015625,0.0,0.0,2.1015625,0.0,0.0
145,CIC,1,2.5625,0.15625,-3.701171875,2.40625,0.15625,0.0,0.0,0.15625,0.0,0.0,0.125,-0.03125,-0.012987012987012988,0.125,-0.03125,-0.012987012987012988,0.296875,0.140625,0.05844155844155844,0.15625,0.0,0.0,0.140625,-0.015625,-0.006493506493506494
146,CIC,2,2.87890625,1.6171875,-3.556640625,1.26171875,1.6328125,0.015625,0.01238390092879257,1.6171875,0.0,0.0,1.6171875,0.0,0.0,1.625,0.0078125,0.006191950464396285,1.8984375,0.28125,0.22291021671826625,1.6328125,0.015625,0.01238390092879257,1.640625,0.0234375,0.018575851393188854
147,CIC,3,3.251953125,1.0859375,-4.23828125,2.166015625,1.078125,-0.0078125,-0.0036068530207394047,1.03125,-0.0546875,-0.025247971145175834,1.0625,-0.0234375,-0.010820559062218215,1.0625,-0.0234375,-0.010820559062218215,1.1171875,0.03125,0.014427412082957619,1.0625,-0.0234375,-0.010820559062218215,1.0859375,0.0,0.0
148,CIC,4,2.50390625,1.5390625,-3.15234375,0.96484375,1.515625,-0.0234375,-0.024291497975708502,1.5078125,-0.03125,-0.032388663967611336,1.5234375,-0.015625,-0.016194331983805668,1.53125,-0.0078125,-0.008097165991902834,1.46875,-0.0703125,-0.0728744939271255,1.53125,-0.0078125,-0.008097165991902834,1.515625,-0.0234375,-0.024291497975708502
149,CIC,5,2.98828125,2.578125,-2.001953125,0.41015625,2.59375,0.015625,0.0380952380952381,2.609375,0.03125,0.0761904761904762,2.609375,0.03125,0.0761904761904762,2.625,0.046875,0.11428571428571428,2.65625,0.078125,0.19047619047619047,2.5859375,0.0078125,0.01904761904761905,2.640625,0.0625,0.1523809523809524
150,CML,1,2.392578125,2.65625,0.515625,-0.263671875,2.6875,0.03125,-0.11851851851851852,2.6796875,0.0234375,-0.08888888888888889,2.6328125,-0.0234375,0.08888888888888889,2.65234375,-0.00390625,0.014814814814814815,2.62890625,-0.02734375,0.1037037037037037,2.609375,-0.046875,0.17777777777777778,2.671875,0.015625,-0.05925925925925926
151,CML,2,2.26171875,2.28125,0.59375,-0.01953125,2.28125,0.0,-0.0,2.28125,0.0,-0.0,2.265625,-0.015625,0.8,2.29296875,0.01171875,-0.6,2.41796875,0.13671875,-7.0,2.28125,0.0,-0.0,2.2890625,0.0078125,-0.4
152,CML,3,1.94921875,2.578125,0.4140625,-0.62890625,2.56640625,-0.01171875,0.018633540372670808,2.5859375,0.0078125,-0.012422360248447204,2.59375,0.015625,-0.024844720496894408,2.6328125,0.0546875,-0.08695652173913043,2.4140625,-0.1640625,0.2608695652173913,2.59375,0.015625,-0.024844720496894408,2.578125,0.0,-0.0
153,CML,4,2.333984375,2.39453125,0.5078125,-0.060546875,2.4609375,0.06640625,-1.096774193548387,2.4609375,0.06640625,-1.096774193548387,2.4765625,0.08203125,-1.3548387096774193,2.4765625,0.08203125,-1.3548387096774193,2.65625,0.26171875,-4.32258064516129,2.4453125,0.05078125,-0.8387096774193549,2.43359375,0.0390625,-0.6451612903225806
154,CML,5,2.380859375,2.5234375,0.75390625,-0.142578125,2.53125,0.0078125,-0.0547945205479452,2.55859375,0.03515625,-0.2465753424657534,2.5390625,0.015625,-0.1095890410958904,2.5546875,0.03125,-0.2191780821917808,2.66796875,0.14453125,-1.0136986301369864,2.50390625,-0.01953125,0.136986301369863,2.54296875,0.01953125,-0.136986301369863
155,CMS,1,6.197265625,5.9736328125,2.2548828125,0.2236328125,5.91015625,-0.0634765625,-0.2838427947598253,5.9833984375,0.009765625,0.043668122270742356,5.9365234375,-0.037109375,-0.16593886462882096,5.978515625,0.0048828125,0.021834061135371178,5.9130859375,-0.060546875,-0.27074235807860264,5.9873046875,0.013671875,0.0611353711790393,5.966796875,-0.0068359375,-0.03056768558951965
156,CMS,2,6.205078125,5.7578125,0.658203125,0.447265625,5.7734375,0.015625,0.034934497816593885,5.7421875,-0.015625,-0.034934497816593885,5.7880859375,0.0302734375,0.06768558951965066,5.7255859375,-0.0322265625,-0.07205240174672489,5.8662109375,0.1083984375,0.2423580786026201,5.7578125,0.0,0.0,5.7421875,-0.015625,-0.034934497816593885
157,CMS,3,6.6357421875,6.1904296875,1.1826171875,0.4453125,6.2490234375,0.05859375,0.13157894736842105,6.251953125,0.0615234375,0.13815789473684212,6.26953125,0.0791015625,0.17763157894736842,6.2197265625,0.029296875,0.06578947368421052,5.65625,-0.5341796875,-1.1995614035087718,6.25,0.0595703125,0.1337719298245614,6.28125,0.0908203125,0.20394736842105263
158,CMS,4,6.46484375,6.705078125,1.880859375,-0.240234375,6.6728515625,-0.0322265625,0.13414634146341464,6.6689453125,-0.0361328125,0.15040650406504066,6.6748046875,-0.0302734375,0.12601626016260162,6.658203125,-0.046875,0.1951219512195122,6.302734375,-0.40234375,1.6747967479674797,6.70703125,0.001953125,-0.008130081300813009,6.671875,-0.033203125,0.13821138211382114
159,CMS,5,6.40234375,5.4130859375,1.373046875,0.9892578125,5.33984375,-0.0732421875,-0.07403751233958539,5.404296875,-0.0087890625,-0.008884501480750246,5.419921875,0.0068359375,0.006910167818361303,5.14453125,-0.2685546875,-0.2714708785784798,5.736328125,0.3232421875,0.32675222112537017,5.462890625,0.0498046875,0.050345508390918066,5.4130859375,0.0,0.0
160,CMV,1,4.119140625,4.15625,-0.3125,-0.037109375,4.1875,0.03125,-0.8421052631578947,4.177734375,0.021484375,-0.5789473684210527,4.177734375,0.021484375,-0.5789473684210527,4.125,-0.03125,0.8421052631578947,4.169921875,0.013671875,-0.3684210526315789,4.208984375,0.052734375,-1.4210526315789473,4.208984375,0.052734375,-1.4210526315789473
161,CMV,2,4.7841796875,4.720703125,0.78515625,0.0634765625,4.66796875,-0.052734375,-0.8307692307692308,4.654296875,-0.06640625,-1.0461538461538462,4.66796875,-0.052734375,-0.8307692307692308,4.669921875,-0.05078125,-0.8,4.369140625,-0.3515625,-5.538461538461538,4.669921875,-0.05078125,-0.8,4.69921875,-0.021484375,-0.3384615384615385
162,CMV,3,4.345703125,4.51171875,0.41796875,-0.166015625,4.53125,0.01953125,-0.11764705882352941,4.517578125,0.005859375,-0.03529411764705882,4.486328125,-0.025390625,0.15294117647058825,4.515625,0.00390625,-0.023529411764705882,4.17578125,-0.3359375,2.023529411764706,4.548828125,0.037109375,-0.2235294117647059,4.515625,0.00390625,-0.023529411764705882
163,CMV,4,4.974609375,5.140625,0.81640625,-0.166015625,5.15234375,0.01171875,-0.07058823529411765,5.08984375,-0.05078125,0.3058823529411765,5.15234375,0.01171875,-0.07058823529411765,5.16796875,0.02734375,-0.16470588235294117,4.75,-0.390625,2.3529411764705883,5.15234375,0.01171875,-0.07058823529411765,5.16796875,0.02734375,-0.16470588235294117
164,CMV,5,3.75,3.615234375,-0.92578125,0.134765625,3.591796875,-0.0234375,-0.17391304347826086,3.595703125,-0.01953125,-0.14492753623188406,3.591796875,-0.0234375,-0.17391304347826086,3.591796875,-0.0234375,-0.17391304347826086,3.294921875,-0.3203125,-2.3768115942028984,3.61328125,-0.001953125,-0.014492753623188406,3.607421875,-0.0078125,-0.057971014492753624
165,CNS,1,0.90625,1.00390625,-0.16015625,-0.09765625,1.0078125,0.00390625,-0.04,0.99609375,-0.0078125,0.08,0.96484375,-0.0390625,0.4,0.9921875,-0.01171875,0.12,0.98046875,-0.0234375,0.24,0.98828125,-0.015625,0.16,1.00390625,0.0,-0.0
166,CNS,2,1.12890625,1.10546875,0.275390625,0.0234375,1.138671875,0.033203125,1.4166666666666667,1.1171875,0.01171875,0.5,1.125,0.01953125,0.8333333333333334,1.1328125,0.02734375,1.1666666666666667,1.12109375,0.015625,0.6666666666666666,1.154296875,0.048828125,2.0833333333333335,1.1328125,0.02734375,1.1666666666666667
167,CNS,3,0.6953125,0.91015625,-0.3671875,-0.21484375,0.89453125,-0.015625,0.07272727272727272,0.953125,0.04296875,-0.2,0.91015625,0.0,-0.0,0.98046875,0.0703125,-0.32727272727272727,0.56640625,-0.34375,1.6,0.9375,0.02734375,-0.12727272727272726,0.93359375,0.0234375,-0.10909090909090909
168,CNS,4,0.9921875,1.1796875,-0.2578125,-0.1875,1.1796875,0.0,-0.0,1.171875,-0.0078125,0.041666666666666664,1.16796875,-0.01171875,0.0625,1.16015625,-0.01953125,0.10416666666666667,1.1015625,-0.078125,0.4166666666666667,1.220703125,0.041015625,-0.21875,1.18359375,0.00390625,-0.020833333333333332
169,CNS,5,1.05859375,1.0546875,-0.72216796875,0.00390625,1.03125,-0.0234375,-6.0,1.0234375,-0.03125,-8.0,1.0546875,0.0,0.0,1.013671875,-0.041015625,-10.5,0.99609375,-0.05859375,-15.0,1.046875,-0.0078125,-2.0,1.0234375,-0.03125,-8.0
170,CPR,1,3.2138671875,3.2265625,0.474609375,-0.0126953125,3.2109375,-0.015625,1.2307692307692308,3.208984375,-0.017578125,1.3846153846153846,3.208984375,-0.017578125,1.3846153846153846,3.208984375,-0.017578125,1.3846153846153846,3.361328125,0.134765625,-10.615384615384615,3.224609375,-0.001953125,0.15384615384615385,3.2255859375,-0.0009765625,0.07692307692307693
171,CPR,2,3.08203125,3.056640625,0.287109375,0.025390625,3.078125,0.021484375,0.8461538461538461,3.05078125,-0.005859375,-0.23076923076923078,3.04296875,-0.013671875,-0.5384615384615384,3.0703125,0.013671875,0.5384615384615384,3.015625,-0.041015625,-1.6153846153846154,3.04296875,-0.013671875,-0.5384615384615384,3.05859375,0.001953125,0.07692307692307693
172,CPR,3,3.71484375,3.3525390625,0.9560546875,0.3623046875,3.38671875,0.0341796875,0.09433962264150944,3.35546875,0.0029296875,0.008086253369272238,3.3857421875,0.033203125,0.09164420485175202,3.416015625,0.0634765625,0.1752021563342318,3.46484375,0.1123046875,0.30997304582210244,3.37109375,0.0185546875,0.05121293800539083,3.40234375,0.0498046875,0.13746630727762804
173,CPR,4,3.6181640625,3.29296875,-0.001953125,0.3251953125,3.2666015625,-0.0263671875,-0.08108108108108109,3.283203125,-0.009765625,-0.03003003003003003,3.27734375,-0.015625,-0.04804804804804805,3.283203125,-0.009765625,-0.03003003003003003,3.4990234375,0.2060546875,0.6336336336336337,3.29296875,0.0,0.0,3.263671875,-0.029296875,-0.09009009009009009
174,CPR,5,3.310546875,3.015625,0.546875,0.294921875,2.982421875,-0.033203125,-0.11258278145695365,3.0,-0.015625,-0.052980132450331126,2.998046875,-0.017578125,-0.059602649006622516,3.224609375,0.208984375,0.7086092715231788,3.171875,0.15625,0.5298013245033113,3.017578125,0.001953125,0.006622516556291391,3.01953125,0.00390625,0.013245033112582781
175,CRP,1,4.43408203125,5.0087890625,0.904296875,-0.57470703125,5.03125,0.0224609375,-0.03908241291418862,4.96875,-0.0400390625,0.06966864910790145,5.0400390625,0.03125,-0.05437553101104503,5.0048828125,-0.00390625,0.006796941376380629,4.84375,-0.1650390625,0.28717077315208156,5.0078125,-0.0009765625,0.0016992353440951572,5.03125,0.0224609375,-0.03908241291418862
176,CRP,2,4.93359375,5.302734375,0.81640625,-0.369140625,5.2705078125,-0.0322265625,0.0873015873015873,5.26171875,-0.041015625,0.1111111111111111,5.337890625,0.03515625,-0.09523809523809523,5.2607421875,-0.0419921875,0.11375661375661375,5.205078125,-0.09765625,0.26455026455026454,5.271484375,-0.03125,0.08465608465608465,5.271484375,-0.03125,0.08465608465608465
177,CRP,3,4.4052734375,4.8515625,1.177734375,-0.4462890625,4.8515625,0.0,-0.0,4.880859375,0.029296875,-0.06564551422319474,4.84765625,-0.00390625,0.0087527352297593,4.81640625,-0.03515625,0.0787746170678337,4.6103515625,-0.2412109375,0.5404814004376368,4.8193359375,-0.0322265625,0.07221006564551423,4.8173828125,-0.0341796875,0.07658643326039387
178,CRP,4,4.734375,5.3828125,2.306640625,-0.6484375,5.400390625,0.017578125,-0.02710843373493976,5.33203125,-0.05078125,0.0783132530120482,5.2578125,-0.125,0.1927710843373494,5.318359375,-0.064453125,0.09939759036144578,5.31640625,-0.06640625,0.10240963855421686,5.361328125,-0.021484375,0.03313253012048193,5.373046875,-0.009765625,0.015060240963855422
179,CRP,5,4.69384765625,4.892578125,0.830078125,-0.19873046875,4.884765625,-0.0078125,0.03931203931203931,4.8876953125,-0.0048828125,0.02457002457002457,4.8544921875,-0.0380859375,0.19164619164619165,4.85546875,-0.037109375,0.18673218673218672,4.8388671875,-0.0537109375,0.2702702702702703,4.853515625,-0.0390625,0.19656019656019655,4.853515625,-0.0390625,0.19656019656019655
180,CSA,1,2.189453125,2.1796875,-0.80859375,0.009765625,2.1640625,-0.015625,-1.6,2.1796875,0.0,0.0,2.1953125,0.015625,1.6,2.1953125,0.015625,1.6,2.30859375,0.12890625,13.2,2.18359375,0.00390625,0.4,2.19921875,0.01953125,2.0
181,CSA,2,2.9375,2.69921875,0.0390625,0.23828125,2.640625,-0.05859375,-0.2459016393442623,2.68359375,-0.015625,-0.06557377049180328,2.62890625,-0.0703125,-0.29508196721311475,2.65625,-0.04296875,-0.18032786885245902,2.66796875,-0.03125,-0.13114754098360656,2.65625,-0.04296875,-0.18032786885245902,2.65625,-0.04296875,-0.18032786885245902
182,CSA,3,2.578125,2.578125,-2.736328125,0.0,2.625,0.046875,nan,2.60546875,0.02734375,nan,2.609375,0.03125,nan,2.609375,0.03125,nan,2.3359375,-0.2421875,nan,2.62890625,0.05078125,nan,2.61328125,0.03515625,nan
183,CSA,4,2.8671875,2.8046875,-1.869140625,0.0625,2.78515625,-0.01953125,-0.3125,2.78515625,-0.01953125,-0.3125,2.8125,0.0078125,0.125,2.80859375,0.00390625,0.0625,2.75,-0.0546875,-0.875,2.79296875,-0.01171875,-0.1875,2.78515625,-0.01953125,-0.3125
184,CSA,5,2.02734375,1.88671875,-3.056640625,0.140625,1.90625,0.01953125,0.1388888888888889,1.88671875,0.0,0.0,1.890625,0.00390625,0.027777777777777776,1.8984375,0.01171875,0.08333333333333333,1.5546875,-0.33203125,-2.361111111111111,1.9140625,0.02734375,0.19444444444444445,1.859375,-0.02734375,-0.19444444444444445
185,CSF,1,2.921875,2.88671875,0.9111328125,0.03515625,2.869140625,-0.017578125,-0.5,2.8515625,-0.03515625,-1.0,2.8701171875,-0.0166015625,-0.4722222222222222,2.8544921875,-0.0322265625,-0.9166666666666666,2.8603515625,-0.0263671875,-0.75,2.8544921875,-0.0322265625,-0.9166666666666666,2.85546875,-0.03125,-0.8888888888888888
186,CSF,2,3.017578125,2.966796875,1.23046875,0.05078125,2.982421875,0.015625,0.3076923076923077,2.966796875,0.0,0.0,2.966796875,0.0,0.0,3.017578125,0.05078125,1.0,2.904296875,-0.0625,-1.2307692307692308,2.984375,0.017578125,0.34615384615384615,2.966796875,0.0,0.0
187,CSF,3,2.44140625,2.4296875,0.34375,0.01171875,2.4296875,0.0,0.0,2.4140625,-0.015625,-1.3333333333333333,2.4296875,0.0,0.0,2.4296875,0.0,0.0,2.421875,-0.0078125,-0.6666666666666666,2.4140625,-0.015625,-1.3333333333333333,2.4296875,0.0,0.0
188,CSF,4,2.966796875,2.736328125,0.048828125,0.23046875,2.755859375,0.01953125,0.0847457627118644,2.76953125,0.033203125,0.1440677966101695,2.7890625,0.052734375,0.2288135593220339,2.76953125,0.033203125,0.1440677966101695,2.681640625,-0.0546875,-0.23728813559322035,2.73828125,0.001953125,0.00847457627118644,2.7578125,0.021484375,0.09322033898305085
189,CSF,5,3.1845703125,2.912109375,-0.0859375,0.2724609375,2.966796875,0.0546875,0.2007168458781362,2.935546875,0.0234375,0.08602150537634409,2.951171875,0.0390625,0.14336917562724014,2.966796875,0.0546875,0.2007168458781362,2.982421875,0.0703125,0.25806451612903225,2.966796875,0.0546875,0.2007168458781362,2.947265625,0.03515625,0.12903225806451613
190,CTA,1,5.2294921875,5.7431640625,-2.765625,-0.513671875,5.73046875,-0.0126953125,0.024714828897338403,5.6982421875,-0.044921875,0.08745247148288973,5.7294921875,-0.013671875,0.026615969581749048,5.7294921875,-0.013671875,0.026615969581749048,6.240234375,0.4970703125,-0.967680608365019,5.69921875,-0.0439453125,0.08555133079847908,5.7607421875,0.017578125,-0.034220532319391636
191,CTA,2,5.681640625,4.859375,-0.927734375,0.822265625,4.841796875,-0.017578125,-0.021377672209026127,4.81640625,-0.04296875,-0.052256532066508314,4.841796875,-0.017578125,-0.021377672209026127,4.8125,-0.046875,-0.057007125890736345,5.283203125,0.423828125,0.5154394299287411,4.921875,0.0625,0.07600950118764846,4.87109375,0.01171875,0.014251781472684086
192,CTA,3,6.1396484375,5.087890625,-1.328125,1.0517578125,5.0859375,-0.001953125,-0.0018570102135561746,5.1669921875,0.0791015625,0.07520891364902507,5.13671875,0.048828125,0.04642525533890436,5.1376953125,0.0498046875,0.04735376044568245,5.041015625,-0.046875,-0.04456824512534819,5.134765625,0.046875,0.04456824512534819,5.0859375,-0.001953125,-0.0018570102135561746
193,CTA,4,5.435546875,5.890625,-1.509765625,-0.455078125,5.921875,0.03125,-0.06866952789699571,5.90234375,0.01171875,-0.02575107296137339,5.974609375,0.083984375,-0.18454935622317598,5.93359375,0.04296875,-0.0944206008583691,5.828125,-0.0625,0.13733905579399142,5.888671875,-0.001953125,0.004291845493562232,5.919921875,0.029296875,-0.06437768240343347
194,CTA,5,5.744140625,4.4765625,-2.26953125,1.267578125,4.4609375,-0.015625,-0.012326656394453005,4.49609375,0.01953125,0.015408320493066256,4.46484375,-0.01171875,-0.009244992295839754,4.48046875,0.00390625,0.0030816640986132513,4.7890625,0.3125,0.2465331278890601,4.49609375,0.01953125,0.015408320493066256,4.46484375,-0.01171875,-0.009244992295839754
195,CVA,1,3.0546875,3.03125,-2.029296875,0.0234375,3.109375,0.078125,3.3333333333333335,3.05078125,0.01953125,0.8333333333333334,3.09765625,0.06640625,2.8333333333333335,3.09375,0.0625,2.6666666666666665,2.96484375,-0.06640625,-2.8333333333333335,3.07421875,0.04296875,1.8333333333333333,3.078125,0.046875,2.0
196,CVA,2,2.7890625,2.83203125,-2.52734375,-0.04296875,2.84375,0.01171875,-0.2727272727272727,2.80078125,-0.03125,0.7272727272727273,2.828125,-0.00390625,0.09090909090909091,2.8671875,0.03515625,-0.8181818181818182,2.81640625,-0.015625,0.36363636363636365,2.84765625,0.015625,-0.36363636363636365,2.84765625,0.015625,-0.36363636363636365
197,CVA,3,3.1484375,3.1640625,-0.21484375,-0.015625,3.1640625,0.0,-0.0,3.1640625,0.0,-0.0,3.1640625,0.0,-0.0,3.1640625,0.0,-0.0,3.140625,-0.0234375,1.5,3.1484375,-0.015625,1.0,3.1484375,-0.015625,1.0
198,CVA,4,2.84765625,2.80078125,-2.7587890625,0.046875,2.7578125,-0.04296875,-0.9166666666666666,2.7890625,-0.01171875,-0.25,2.8046875,0.00390625,0.08333333333333333,2.7734375,-0.02734375,-0.5833333333333334,2.703125,-0.09765625,-2.0833333333333335,2.7421875,-0.05859375,-1.25,2.78125,-0.01953125,-0.4166666666666667
199,CVA,5,3.28515625,3.13671875,-0.75,0.1484375,3.15234375,0.015625,0.10526315789473684,3.15234375,0.015625,0.10526315789473684,3.15234375,0.015625,0.10526315789473684,3.140625,0.00390625,0.02631578947368421,3.07421875,-0.0625,-0.42105263157894735,3.15625,0.01953125,0.13157894736842105,3.13671875,0.0,0.0
200,CVI,1,2.166015625,2.513671875,0.33984375,-0.34765625,2.52734375,0.013671875,-0.03932584269662921,2.54296875,0.029296875,-0.08426966292134831,2.529296875,0.015625,-0.0449438202247191,2.591796875,0.078125,-0.2247191011235955,2.666015625,0.15234375,-0.43820224719101125,2.505859375,-0.0078125,0.02247191011235955,2.529296875,0.015625,-0.0449438202247191
201,CVI,2,2.29638671875,0.9453125,-0.8369140625,1.35107421875,0.921875,-0.0234375,-0.01734730755330683,0.921875,-0.0234375,-0.01734730755330683,0.90625,-0.0390625,-0.028912179255511383,0.9140625,-0.03125,-0.023129743404409108,1.36328125,0.41796875,0.3093603180339718,0.90625,-0.0390625,-0.028912179255511383,0.8984375,-0.046875,-0.03469461510661366
202,CVI,3,2.28076171875,2.7900390625,0.466796875,-0.50927734375,2.802734375,0.0126953125,-0.024928092042186004,2.7705078125,-0.01953125,0.038350910834132314,2.75,-0.0400390625,0.07861936720997123,2.740234375,-0.0498046875,0.0977948226270374,3.015625,0.2255859375,-0.4429530201342282,2.76953125,-0.0205078125,0.040268456375838924,2.755859375,-0.0341796875,0.06711409395973154
203,CVI,4,2.52294921875,2.830078125,-0.1015625,-0.30712890625,2.82421875,-0.005859375,0.019077901430842606,2.841796875,0.01171875,-0.03815580286168521,2.814453125,-0.015625,0.05087440381558029,2.845703125,0.015625,-0.05087440381558029,3.265625,0.435546875,-1.4181240063593006,2.82421875,-0.005859375,0.019077901430842606,2.84765625,0.017578125,-0.057233704292527825
204,CVI,5,2.3125,2.48828125,-0.173828125,-0.17578125,2.501953125,0.013671875,-0.07777777777777778,2.48828125,0.0,-0.0,2.462890625,-0.025390625,0.14444444444444443,2.4609375,-0.02734375,0.15555555555555556,2.353515625,-0.134765625,0.7666666666666667,2.494140625,0.005859375,-0.03333333333333333,2.447265625,-0.041015625,0.23333333333333334
205,CVS,1,6.28125,6.26171875,3.26953125,0.01953125,6.134765625,-0.126953125,-6.5,6.2421875,-0.01953125,-1.0,6.20703125,-0.0546875,-2.8,6.484375,0.22265625,11.4,6.203125,-0.05859375,-3.0,6.13671875,-0.125,-6.4,6.2421875,-0.01953125,-1.0
206,CVS,2,5.5107421875,5.705078125,2.9140625,-0.1943359375,5.65234375,-0.052734375,0.271356783919598,5.638671875,-0.06640625,0.3417085427135678,5.63671875,-0.068359375,0.35175879396984927,5.798828125,0.09375,-0.4824120603015075,5.013671875,-0.69140625,3.557788944723618,5.54296875,-0.162109375,0.8341708542713567,5.65625,-0.048828125,0.25125628140703515
207,CVS,3,4.263671875,2.765625,-1.94921875,1.498046875,2.47265625,-0.29296875,-0.19556714471968709,2.52734375,-0.23828125,-0.1590612777053455,2.6875,-0.078125,-0.05215123859191656,3.85546875,1.08984375,0.727509778357236,2.5625,-0.203125,-0.13559322033898305,2.55859375,-0.20703125,-0.13820078226857888,2.7109375,-0.0546875,-0.03650586701434159
208,CVS,4,5.9306640625,5.8359375,2.544921875,0.0947265625,5.755859375,-0.080078125,-0.845360824742268,5.8046875,-0.03125,-0.32989690721649484,5.837890625,0.001953125,0.020618556701030927,6.0078125,0.171875,1.8144329896907216,5.396484375,-0.439453125,-4.639175257731959,5.837890625,0.001953125,0.020618556701030927,5.85546875,0.01953125,0.20618556701030927
209,CVS,5,5.9921875,6.11328125,2.23828125,-0.12109375,6.046875,-0.06640625,0.5483870967741935,6.05859375,-0.0546875,0.45161290322580644,6.0234375,-0.08984375,0.7419354838709677,6.1015625,-0.01171875,0.0967741935483871,5.39453125,-0.71875,5.935483870967742,6.0625,-0.05078125,0.41935483870967744,6.109375,-0.00390625,0.03225806451612903
210,DIC,1,4.333984375,4.673828125,2.69287109375,-0.33984375,4.6396484375,-0.0341796875,0.10057471264367816,4.669921875,-0.00390625,0.011494252873563218,4.73486328125,0.06103515625,-0.17959770114942528,5.0087890625,0.3349609375,-0.985632183908046,4.6884765625,0.0146484375,-0.04310344827586207,4.7587890625,0.0849609375,-0.25,4.6953125,0.021484375,-0.06321839080459771
211,DIC,2,4.064453125,4.279296875,1.5458984375,-0.21484375,4.28515625,0.005859375,-0.02727272727272727,4.2802734375,0.0009765625,-0.004545454545454545,4.25,-0.029296875,0.13636363636363635,4.5693359375,0.2900390625,-1.35,4.294921875,0.015625,-0.07272727272727272,4.3115234375,0.0322265625,-0.15,4.2568359375,-0.0224609375,0.10454545454545454
212,DIC,3,3.81787109375,4.2412109375,1.7421875,-0.42333984375,4.26171875,0.0205078125,-0.04844290657439446,4.2412109375,0.0,-0.0,4.3037109375,0.0625,-0.14763552479815456,4.083984375,-0.1572265625,0.37139561707035756,4.1083984375,-0.1328125,0.3137254901960784,4.3388671875,0.09765625,-0.2306805074971165,4.2724609375,0.03125,-0.07381776239907728
213,DIC,4,3.40087890625,3.5068359375,0.703125,-0.10595703125,3.4912109375,-0.015625,0.14746543778801843,3.521484375,0.0146484375,-0.1382488479262673,3.4755859375,-0.03125,0.29493087557603687,3.4287109375,-0.078125,0.7373271889400922,3.53515625,0.0283203125,-0.2672811059907834,3.47265625,-0.0341796875,0.3225806451612903,3.4990234375,-0.0078125,0.07373271889400922
214,DIC,5,3.51953125,2.333984375,-0.6171875,1.185546875,2.34375,0.009765625,0.008237232289950576,2.421875,0.087890625,0.07413509060955518,2.3515625,0.017578125,0.014827018121911038,2.8994140625,0.5654296875,0.4769357495881384,3.2958984375,0.9619140625,0.8113673805601318,2.421875,0.087890625,0.07413509060955518,2.34375,0.009765625,0.008237232289950576
215,DIP,1,2.49609375,1.7421875,-1.17431640625,0.75390625,1.732421875,-0.009765625,-0.012953367875647668,1.76171875,0.01953125,0.025906735751295335,1.755859375,0.013671875,0.018134715025906734,1.748046875,0.005859375,0.007772020725388601,1.8828125,0.140625,0.18652849740932642,1.78125,0.0390625,0.05181347150259067,1.76171875,0.01953125,0.025906735751295335
216,DIP,2,2.4697265625,2.23828125,-0.43359375,0.2314453125,2.28125,0.04296875,0.18565400843881857,2.2734375,0.03515625,0.1518987341772152,2.2421875,0.00390625,0.016877637130801686,2.2392578125,0.0009765625,0.004219409282700422,2.359375,0.12109375,0.5232067510548524,2.2548828125,0.0166015625,0.07172995780590717,2.240234375,0.001953125,0.008438818565400843
217,DIP,3,2.61328125,3.3212890625,0.7421875,-0.7080078125,3.365234375,0.0439453125,-0.06206896551724138,3.3525390625,0.03125,-0.044137931034482755,3.3681640625,0.046875,-0.06620689655172414,3.3369140625,0.015625,-0.022068965517241378,3.3173828125,-0.00390625,0.005517241379310344,3.353515625,0.0322265625,-0.04551724137931035,3.3681640625,0.046875,-0.06620689655172414
218,DIP,4,3.1875,3.19140625,0.0859375,-0.00390625,3.1767578125,-0.0146484375,3.75,3.1923828125,0.0009765625,-0.25,3.1767578125,-0.0146484375,3.75,3.20703125,0.015625,-4.0,3.17578125,-0.015625,4.0,3.208984375,0.017578125,-4.5,3.1923828125,0.0009765625,-0.25
219,DIP,5,2.5810546875,2.068359375,-0.125,0.5126953125,2.0390625,-0.029296875,-0.05714285714285714,2.021484375,-0.046875,-0.09142857142857143,2.037109375,-0.03125,-0.06095238095238095,2.052734375,-0.015625,-0.030476190476190476,2.11328125,0.044921875,0.08761904761904762,2.037109375,-0.03125,-0.06095238095238095,2.0546875,-0.013671875,-0.02666666666666667
220,DLCO,1,0.84375,0.53515625,-0.046875,0.30859375,0.52734375,-0.0078125,-0.02531645569620253,0.52734375,-0.0078125,-0.02531645569620253,0.5234375,-0.01171875,-0.0379746835443038,0.52734375,-0.0078125,-0.02531645569620253,0.51953125,-0.015625,-0.05063291139240506,0.53515625,0.0,0.0,0.51953125,-0.015625,-0.05063291139240506
221,DLCO,2,1.224609375,0.5546875,-0.14453125,0.669921875,0.5546875,0.0,0.0,0.5625,0.0078125,0.011661807580174927,0.5546875,0.0,0.0,0.57421875,0.01953125,0.029154518950437316,0.65625,0.1015625,0.15160349854227406,0.55078125,-0.00390625,-0.0058309037900874635,0.56640625,0.01171875,0.01749271137026239
222,DLCO,3,1.001953125,0.4296875,-0.125,0.572265625,0.4140625,-0.015625,-0.027303754266211604,0.43359375,0.00390625,0.006825938566552901,0.421875,-0.0078125,-0.013651877133105802,0.40625,-0.0234375,-0.040955631399317405,0.3984375,-0.03125,-0.05460750853242321,0.42578125,-0.00390625,-0.006825938566552901,0.40234375,-0.02734375,-0.04778156996587031
223,DLCO,4,0.83984375,0.56640625,0.142578125,0.2734375,0.56640625,0.0,0.0,0.56640625,0.0,0.0,0.57421875,0.0078125,0.02857142857142857,0.5703125,0.00390625,0.014285714285714285,0.53125,-0.03515625,-0.12857142857142856,0.5546875,-0.01171875,-0.04285714285714286,0.57421875,0.0078125,0.02857142857142857
224,DLCO,5,1.033203125,0.60546875,-0.05859375,0.427734375,0.60546875,0.0,0.0,0.61328125,0.0078125,0.0182648401826484,0.60546875,0.0,0.0,0.609375,0.00390625,0.0091324200913242,0.59375,-0.01171875,-0.0273972602739726,0.609375,0.00390625,0.0091324200913242,0.62109375,0.015625,0.0365296803652968
225,DNR,1,2.505859375,2.6171875,-1.05078125,-0.111328125,2.66796875,0.05078125,-0.45614035087719296,2.6484375,0.03125,-0.2807017543859649,2.66015625,0.04296875,-0.38596491228070173,2.6484375,0.03125,-0.2807017543859649,2.15234375,-0.46484375,4.175438596491228,2.6328125,0.015625,-0.14035087719298245,2.6484375,0.03125,-0.2807017543859649
226,DNR,2,2.92578125,2.5546875,-1.640625,0.37109375,2.546875,-0.0078125,-0.021052631578947368,2.6484375,0.09375,0.25263157894736843,2.515625,-0.0390625,-0.10526315789473684,2.5390625,-0.015625,-0.042105263157894736,2.33984375,-0.21484375,-0.5789473684210527,2.53125,-0.0234375,-0.06315789473684211,2.55078125,-0.00390625,-0.010526315789473684
227,DNR,3,2.751953125,2.91796875,-1.83203125,-0.166015625,2.91796875,0.0,-0.0,2.91015625,-0.0078125,0.047058823529411764,2.90234375,-0.015625,0.09411764705882353,2.9140625,-0.00390625,0.023529411764705882,2.40625,-0.51171875,3.0823529411764707,2.91015625,-0.0078125,0.047058823529411764,2.8984375,-0.01953125,0.11764705882352941
228,DNR,4,3.185546875,2.18359375,-1.767578125,1.001953125,2.140625,-0.04296875,-0.042884990253411304,2.125,-0.05859375,-0.05847953216374269,2.1875,0.00390625,0.003898635477582846,2.16796875,-0.015625,-0.015594541910331383,1.66796875,-0.515625,-0.5146198830409356,2.1484375,-0.03515625,-0.03508771929824561,2.1640625,-0.01953125,-0.01949317738791423
229,DNR,5,2.62109375,2.60546875,-1.1171875,0.015625,2.5625,-0.04296875,-2.75,2.546875,-0.05859375,-3.75,2.58203125,-0.0234375,-1.5,2.59765625,-0.0078125,-0.5,2.1875,-0.41796875,-26.75,2.578125,-0.02734375,-1.75,2.578125,-0.02734375,-1.75
230,DWI,1,4.54296875,4.3046875,0.2578125,0.23828125,4.35546875,0.05078125,0.21311475409836064,4.30078125,-0.00390625,-0.01639344262295082,4.30078125,-0.00390625,-0.01639344262295082,4.234375,-0.0703125,-0.29508196721311475,4.380859375,0.076171875,0.319672131147541,4.29296875,-0.01171875,-0.04918032786885246,4.310546875,0.005859375,0.02459016393442623
231,DWI,2,4.40625,4.32421875,3.81640625,0.08203125,4.34765625,0.0234375,0.2857142857142857,4.30859375,-0.015625,-0.19047619047619047,4.33203125,0.0078125,0.09523809523809523,4.3671875,0.04296875,0.5238095238095238,4.44921875,0.125,1.5238095238095237,4.3203125,-0.00390625,-0.047619047619047616,4.3203125,-0.00390625,-0.047619047619047616
232,DWI,3,4.578125,4.37890625,0.79296875,0.19921875,4.390625,0.01171875,0.058823529411764705,4.3515625,-0.02734375,-0.13725490196078433,4.34765625,-0.03125,-0.1568627450980392,4.3671875,-0.01171875,-0.058823529411764705,4.54296875,0.1640625,0.8235294117647058,4.34765625,-0.03125,-0.1568627450980392,4.34765625,-0.03125,-0.1568627450980392
233,DWI,4,4.458984375,4.037109375,-0.04296875,0.421875,4.064453125,0.02734375,0.06481481481481481,4.076171875,0.0390625,0.09259259259259259,4.076171875,0.0390625,0.09259259259259259,3.98046875,-0.056640625,-0.13425925925925927,4.3359375,0.298828125,0.7083333333333334,4.015625,-0.021484375,-0.05092592592592592,4.076171875,0.0390625,0.09259259259259259
234,DWI,5,4.322265625,4.1171875,-0.109375,0.205078125,4.109375,-0.0078125,-0.0380952380952381,4.13671875,0.01953125,0.09523809523809523,4.11328125,-0.00390625,-0.01904761904761905,4.13671875,0.01953125,0.09523809523809523,4.3203125,0.203125,0.9904761904761905,4.14453125,0.02734375,0.13333333333333333,4.17578125,0.05859375,0.2857142857142857
235,EBL,1,2.041015625,2.11328125,-0.09375,-0.072265625,2.07421875,-0.0390625,0.5405405405405406,2.087890625,-0.025390625,0.35135135135135137,2.0703125,-0.04296875,0.5945945945945946,2.083984375,-0.029296875,0.40540540540540543,2.0,-0.11328125,1.5675675675675675,2.1171875,0.00390625,-0.05405405405405406,2.080078125,-0.033203125,0.4594594594594595
236,EBL,2,2.087890625,2.0625,-3.5224609375,0.025390625,2.029296875,-0.033203125,-1.3076923076923077,2.091796875,0.029296875,1.1538461538461537,2.0625,0.0,0.0,2.046875,-0.015625,-0.6153846153846154,1.30859375,-0.75390625,-29.692307692307693,2.06640625,0.00390625,0.15384615384615385,2.0625,0.0,0.0
237,EBL,3,2.203125,2.28125,-2.755859375,-0.078125,2.2890625,0.0078125,-0.1,2.30078125,0.01953125,-0.25,2.302734375,0.021484375,-0.275,2.314453125,0.033203125,-0.425,2.130859375,-0.150390625,1.925,2.31640625,0.03515625,-0.45,2.30078125,0.01953125,-0.25
238,EBL,4,2.095703125,1.9140625,-0.470703125,0.181640625,1.94140625,0.02734375,0.15053763440860216,1.8984375,-0.015625,-0.08602150537634409,1.90234375,-0.01171875,-0.06451612903225806,1.890625,-0.0234375,-0.12903225806451613,1.8359375,-0.078125,-0.43010752688172044,1.931640625,0.017578125,0.0967741935483871,1.90234375,-0.01171875,-0.06451612903225806
239,EBL,5,2.2568359375,2.205078125,-2.189453125,0.0517578125,2.20703125,0.001953125,0.03773584905660377,2.185546875,-0.01953125,-0.37735849056603776,2.201171875,-0.00390625,-0.07547169811320754,2.18359375,-0.021484375,-0.41509433962264153,2.072265625,-0.1328125,-2.5660377358490565,2.201171875,-0.00390625,-0.07547169811320754,2.220703125,0.015625,0.3018867924528302
240,ECG,1,1.533203125,1.400390625,0.595703125,0.1328125,1.375,-0.025390625,-0.19117647058823528,1.40234375,0.001953125,0.014705882352941176,1.375,-0.025390625,-0.19117647058823528,1.400390625,0.0,0.0,1.37109375,-0.029296875,-0.22058823529411764,1.400390625,0.0,0.0,1.40234375,0.001953125,0.014705882352941176
241,ECG,2,1.4375,1.185546875,0.03125,0.251953125,1.1875,0.001953125,0.007751937984496124,1.1875,0.001953125,0.007751937984496124,1.1875,0.001953125,0.007751937984496124,1.1875,0.001953125,0.007751937984496124,1.2265625,0.041015625,0.16279069767441862,1.19140625,0.005859375,0.023255813953488372,1.1875,0.001953125,0.007751937984496124
242,ECG,3,1.52734375,1.22265625,0.185546875,0.3046875,1.18359375,-0.0390625,-0.1282051282051282,1.19140625,-0.03125,-0.10256410256410256,1.19140625,-0.03125,-0.10256410256410256,1.19140625,-0.03125,-0.10256410256410256,1.1953125,-0.02734375,-0.08974358974358974,1.19140625,-0.03125,-0.10256410256410256,1.19140625,-0.03125,-0.10256410256410256
243,ECG,4,1.5625,1.310546875,0.3125,0.251953125,1.310546875,0.0,0.0,1.283203125,-0.02734375,-0.10852713178294573,1.283203125,-0.02734375,-0.10852713178294573,1.310546875,0.0,0.0,1.3125,0.001953125,0.007751937984496124,1.310546875,0.0,0.0,1.3125,0.001953125,0.007751937984496124
244,ECG,5,1.349609375,0.875,0.15625,0.474609375,0.875,0.0,0.0,0.87890625,0.00390625,0.00823045267489712,0.876953125,0.001953125,0.00411522633744856,0.84375,-0.03125,-0.06584362139917696,0.875,0.0,0.0,0.876953125,0.001953125,0.00411522633744856,0.875,0.0,0.0
245,ECT,1,3.501953125,3.32421875,-0.583984375,0.177734375,3.32421875,0.0,0.0,3.3203125,-0.00390625,-0.02197802197802198,3.310546875,-0.013671875,-0.07692307692307693,3.30859375,-0.015625,-0.08791208791208792,3.31640625,-0.0078125,-0.04395604395604396,3.33984375,0.015625,0.08791208791208792,3.322265625,-0.001953125,-0.01098901098901099
246,ECT,2,3.72265625,3.537109375,0.265625,0.185546875,3.546875,0.009765625,0.05263157894736842,3.548828125,0.01171875,0.06315789473684211,3.544921875,0.0078125,0.042105263157894736,3.533203125,-0.00390625,-0.021052631578947368,3.4921875,-0.044921875,-0.24210526315789474,3.533203125,-0.00390625,-0.021052631578947368,3.548828125,0.01171875,0.06315789473684211
247,ECT,3,3.732421875,3.396484375,0.33203125,0.3359375,3.4453125,0.048828125,0.14534883720930233,3.416015625,0.01953125,0.05813953488372093,3.427734375,0.03125,0.09302325581395349,3.431640625,0.03515625,0.10465116279069768,3.47265625,0.076171875,0.22674418604651161,3.43359375,0.037109375,0.11046511627906977,3.4140625,0.017578125,0.05232558139534884
248,ECT,4,3.384765625,3.27734375,1.12890625,0.107421875,3.2890625,0.01171875,0.10909090909090909,3.265625,-0.01171875,-0.10909090909090909,3.265625,-0.01171875,-0.10909090909090909,3.28515625,0.0078125,0.07272727272727272,3.26171875,-0.015625,-0.14545454545454545,3.2890625,0.01171875,0.10909090909090909,3.26171875,-0.015625,-0.14545454545454545
249,ECT,5,3.5732421875,3.310546875,0.462890625,0.2626953125,3.271484375,-0.0390625,-0.14869888475836432,3.306640625,-0.00390625,-0.01486988847583643,3.2734375,-0.037109375,-0.1412639405204461,3.3203125,0.009765625,0.03717472118959108,3.14453125,-0.166015625,-0.6319702602230484,3.322265625,0.01171875,0.04460966542750929,3.2734375,-0.037109375,-0.1412639405204461
250,EDD,1,0.947265625,0.3203125,-0.201171875,0.626953125,0.271484375,-0.048828125,-0.0778816199376947,0.3203125,0.0,0.0,0.2734375,-0.046875,-0.07476635514018691,0.30078125,-0.01953125,-0.03115264797507788,0.375,0.0546875,0.08722741433021806,0.31640625,-0.00390625,-0.006230529595015576,0.31640625,-0.00390625,-0.006230529595015576
251,EDD,2,0.8212890625,-0.021484375,-0.220703125,0.8427734375,0.013671875,0.03515625,0.04171494785631518,0.015625,0.037109375,0.0440324449594438,-0.015625,0.005859375,0.006952491309385863,-0.021484375,0.0,0.0,0.078125,0.099609375,0.11819235225955968,-0.013671875,0.0078125,0.009269988412514484,-0.0234375,-0.001953125,-0.002317497103128621
252,EDD,3,0.638671875,0.212890625,-0.060546875,0.42578125,0.203125,-0.009765625,-0.022935779816513763,0.203125,-0.009765625,-0.022935779816513763,0.201171875,-0.01171875,-0.027522935779816515,0.216796875,0.00390625,0.009174311926605505,0.32421875,0.111328125,0.26146788990825687,0.208984375,-0.00390625,-0.009174311926605505,0.19921875,-0.013671875,-0.03211009174311927
253,EDD,4,1.1259765625,0.193359375,-0.30859375,0.9326171875,0.20703125,0.013671875,0.014659685863874346,0.1953125,0.001953125,0.0020942408376963353,0.220703125,0.02734375,0.02931937172774869,0.197265625,0.00390625,0.004188481675392671,0.314453125,0.12109375,0.12984293193717278,0.22265625,0.029296875,0.031413612565445025,0.248046875,0.0546875,0.05863874345549738
254,EDD,5,1.3330078125,0.015625,-0.322265625,1.3173828125,0.015625,0.0,0.0,0.0078125,-0.0078125,-0.005930318754633061,0.0234375,0.0078125,0.005930318754633061,0.0390625,0.0234375,0.017790956263899184,0.1875,0.171875,0.13046701260192736,0.0078125,-0.0078125,-0.005930318754633061,0.03125,0.015625,0.011860637509266123
255,EHL,1,2.111328125,2.1484375,-1.05859375,-0.037109375,2.1328125,-0.015625,0.42105263157894735,2.125,-0.0234375,0.631578947368421,2.1328125,-0.015625,0.42105263157894735,2.10546875,-0.04296875,1.1578947368421053,2.34765625,0.19921875,-5.368421052631579,2.109375,-0.0390625,1.0526315789473684,2.140625,-0.0078125,0.21052631578947367
256,EHL,2,2.126953125,1.7890625,-1.369140625,0.337890625,1.828125,0.0390625,0.11560693641618497,1.828125,0.0390625,0.11560693641618497,1.8203125,0.03125,0.09248554913294797,1.828125,0.0390625,0.11560693641618497,1.60546875,-0.18359375,-0.5433526011560693,1.8359375,0.046875,0.13872832369942195,1.8359375,0.046875,0.13872832369942195
257,EHL,3,2.48046875,1.912109375,-1.2705078125,0.568359375,1.927734375,0.015625,0.027491408934707903,1.919921875,0.0078125,0.013745704467353952,1.91015625,-0.001953125,-0.003436426116838488,1.935546875,0.0234375,0.041237113402061855,2.07421875,0.162109375,0.2852233676975945,1.89453125,-0.017578125,-0.030927835051546393,1.919921875,0.0078125,0.013745704467353952
258,EHL,4,2.533203125,2.0,-0.375,0.533203125,2.02734375,0.02734375,0.05128205128205128,2.009765625,0.009765625,0.018315018315018316,2.017578125,0.017578125,0.03296703296703297,2.009765625,0.009765625,0.018315018315018316,2.171875,0.171875,0.32234432234432236,1.9921875,-0.0078125,-0.014652014652014652,2.0,0.0,0.0
259,EHL,5,2.744140625,2.443359375,-1.2333984375,0.30078125,2.44140625,-0.001953125,-0.006493506493506494,2.42578125,-0.017578125,-0.05844155844155844,2.42578125,-0.017578125,-0.05844155844155844,2.412109375,-0.03125,-0.1038961038961039,2.533203125,0.08984375,0.2987012987012987,2.42578125,-0.017578125,-0.05844155844155844,2.42578125,-0.017578125,-0.05844155844155844
260,EKG,1,1.244140625,1.025390625,0.375,0.21875,1.00390625,-0.021484375,-0.09821428571428571,0.994140625,-0.03125,-0.14285714285714285,1.00390625,-0.021484375,-0.09821428571428571,0.998046875,-0.02734375,-0.125,1.0625,0.037109375,0.16964285714285715,0.994140625,-0.03125,-0.14285714285714285,1.029296875,0.00390625,0.017857142857142856
261,EKG,2,1.216796875,1.033203125,0.03125,0.18359375,1.033203125,0.0,0.0,1.025390625,-0.0078125,-0.0425531914893617,1.03125,-0.001953125,-0.010638297872340425,1.029296875,-0.00390625,-0.02127659574468085,1.064453125,0.03125,0.1702127659574468,1.03125,-0.001953125,-0.010638297872340425,1.029296875,-0.00390625,-0.02127659574468085
262,EKG,3,1.529296875,1.310546875,0.1875,0.21875,1.345703125,0.03515625,0.16071428571428573,1.345703125,0.03515625,0.16071428571428573,1.3125,0.001953125,0.008928571428571428,1.34765625,0.037109375,0.16964285714285715,1.33984375,0.029296875,0.13392857142857142,1.314453125,0.00390625,0.017857142857142856,1.34375,0.033203125,0.15178571428571427
263,EKG,4,1.400390625,1.216796875,0.4375,0.18359375,1.21875,0.001953125,0.010638297872340425,1.216796875,0.0,0.0,1.216796875,0.0,0.0,1.21484375,-0.001953125,-0.010638297872340425,1.283203125,0.06640625,0.3617021276595745,1.21875,0.001953125,0.010638297872340425,1.21484375,-0.001953125,-0.010638297872340425
264,EKG,5,1.40625,1.0625,0.21875,0.34375,1.03515625,-0.02734375,-0.07954545454545454,1.03125,-0.03125,-0.09090909090909091,1.03125,-0.03125,-0.09090909090909091,1.029296875,-0.033203125,-0.09659090909090909,1.029296875,-0.033203125,-0.09659090909090909,1.03125,-0.03125,-0.09090909090909091,1.033203125,-0.029296875,-0.08522727272727272
265,EMS,1,2.10546875,1.869140625,-1.51416015625,0.236328125,1.830078125,-0.0390625,-0.1652892561983471,1.83984375,-0.029296875,-0.12396694214876033,1.892578125,0.0234375,0.09917355371900827,1.849609375,-0.01953125,-0.08264462809917356,2.111328125,0.2421875,1.024793388429752,1.873046875,0.00390625,0.01652892561983471,1.849609375,-0.01953125,-0.08264462809917356
266,EMS,2,2.3017578125,2.13671875,-0.69140625,0.1650390625,2.095703125,-0.041015625,-0.2485207100591716,2.095703125,-0.041015625,-0.2485207100591716,2.134765625,-0.001953125,-0.011834319526627219,2.103515625,-0.033203125,-0.20118343195266272,2.2802734375,0.1435546875,0.8698224852071006,2.111328125,-0.025390625,-0.15384615384615385,2.154296875,0.017578125,0.10650887573964497
267,EMS,3,1.912109375,1.73046875,0.275390625,0.181640625,1.716796875,-0.013671875,-0.07526881720430108,1.740234375,0.009765625,0.053763440860215055,1.71875,-0.01171875,-0.06451612903225806,1.72265625,-0.0078125,-0.043010752688172046,1.869140625,0.138671875,0.7634408602150538,1.71875,-0.01171875,-0.06451612903225806,1.740234375,0.009765625,0.053763440860215055
268,EMS,4,2.1025390625,1.84765625,-0.88671875,0.2548828125,1.822265625,-0.025390625,-0.09961685823754789,1.828125,-0.01953125,-0.07662835249042145,1.83203125,-0.015625,-0.06130268199233716,1.783203125,-0.064453125,-0.25287356321839083,1.951171875,0.103515625,0.4061302681992337,1.833984375,-0.013671875,-0.05363984674329502,1.84375,-0.00390625,-0.01532567049808429
269,EMS,5,2.1650390625,1.904296875,0.55859375,0.2607421875,1.91796875,0.013671875,0.052434456928838954,1.896484375,-0.0078125,-0.0299625468164794,1.90625,0.001953125,0.00749063670411985,1.86328125,-0.041015625,-0.15730337078651685,2.0,0.095703125,0.36704119850187267,1.91015625,0.005859375,0.02247191011235955,1.91015625,0.005859375,0.02247191011235955
270,EPO,1,1.603515625,1.466796875,-1.248046875,0.13671875,1.427734375,-0.0390625,-0.2857142857142857,1.46484375,-0.001953125,-0.014285714285714285,1.4326171875,-0.0341796875,-0.25,1.4580078125,-0.0087890625,-0.06428571428571428,1.4462890625,-0.0205078125,-0.15,1.44140625,-0.025390625,-0.18571428571428572,1.4501953125,-0.0166015625,-0.12142857142857143
271,EPO,2,2.171875,2.044921875,0.828125,0.126953125,2.046875,0.001953125,0.015384615384615385,2.046875,0.001953125,0.015384615384615385,2.044921875,0.0,0.0,2.064453125,0.01953125,0.15384615384615385,2.091796875,0.046875,0.36923076923076925,2.03125,-0.013671875,-0.1076923076923077,2.029296875,-0.015625,-0.12307692307692308
272,EPO,3,1.7607421875,1.9072265625,0.6513671875,-0.146484375,1.8623046875,-0.044921875,0.30666666666666664,1.8935546875,-0.013671875,0.09333333333333334,1.876953125,-0.0302734375,0.20666666666666667,1.8935546875,-0.013671875,0.09333333333333334,1.8291015625,-0.078125,0.5333333333333333,1.9091796875,0.001953125,-0.013333333333333334,1.89453125,-0.0126953125,0.08666666666666667
273,EPO,4,1.833984375,1.7841796875,-1.310546875,0.0498046875,1.783203125,-0.0009765625,-0.0196078431372549,1.7373046875,-0.046875,-0.9411764705882353,1.7841796875,0.0,0.0,1.791015625,0.0068359375,0.13725490196078433,1.7802734375,-0.00390625,-0.0784313725490196,1.76953125,-0.0146484375,-0.29411764705882354,1.76953125,-0.0146484375,-0.29411764705882354
274,EPO,5,1.900390625,1.9248046875,0.6796875,-0.0244140625,1.92578125,0.0009765625,-0.04,1.9267578125,0.001953125,-0.08,1.92578125,0.0009765625,-0.04,1.890625,-0.0341796875,1.4,1.892578125,-0.0322265625,1.32,1.9091796875,-0.015625,0.64,1.9228515625,-0.001953125,0.08
275,ERCP,1,0.45849609375,0.095703125,-0.4130859375,0.36279296875,0.087890625,-0.0078125,-0.021534320323014805,0.1015625,0.005859375,0.016150740242261104,0.08984375,-0.005859375,-0.016150740242261104,0.087890625,-0.0078125,-0.021534320323014805,0.1728515625,0.0771484375,0.2126514131897712,0.0859375,-0.009765625,-0.026917900403768506,0.095703125,0.0,0.0
276,ERCP,2,0.3857421875,0.20703125,-0.35693359375,0.1787109375,0.201171875,-0.005859375,-0.03278688524590164,0.189453125,-0.017578125,-0.09836065573770492,0.21484375,0.0078125,0.04371584699453552,0.203125,-0.00390625,-0.02185792349726776,0.2548828125,0.0478515625,0.2677595628415301,0.201171875,-0.005859375,-0.03278688524590164,0.189453125,-0.017578125,-0.09836065573770492
277,ERCP,3,0.4599609375,0.1982421875,-0.40185546875,0.26171875,0.2041015625,0.005859375,0.022388059701492536,0.2021484375,0.00390625,0.014925373134328358,0.203125,0.0048828125,0.018656716417910446,0.2275390625,0.029296875,0.11194029850746269,0.2177734375,0.01953125,0.07462686567164178,0.2177734375,0.01953125,0.07462686567164178,0.2041015625,0.005859375,0.022388059701492536
278,ERCP,4,0.3916015625,0.17578125,-0.423095703125,0.2158203125,0.1572265625,-0.0185546875,-0.08597285067873303,0.1708984375,-0.0048828125,-0.02262443438914027,0.15625,-0.01953125,-0.09049773755656108,0.1767578125,0.0009765625,0.004524886877828055,0.142578125,-0.033203125,-0.15384615384615385,0.1650390625,-0.0107421875,-0.049773755656108594,0.166015625,-0.009765625,-0.04524886877828054
279,ERCP,5,0.328125,0.140625,-0.38232421875,0.1875,0.13671875,-0.00390625,-0.020833333333333332,0.1328125,-0.0078125,-0.041666666666666664,0.146484375,0.005859375,0.03125,0.140625,0.0,0.0,0.16796875,0.02734375,0.14583333333333334,0.13671875,-0.00390625,-0.020833333333333332,0.140625,0.0,0.0
280,ESR,1,1.05078125,0.8359375,-0.1796875,0.21484375,0.8046875,-0.03125,-0.14545454545454545,0.8125,-0.0234375,-0.10909090909090909,0.8046875,-0.03125,-0.14545454545454545,0.8046875,-0.03125,-0.14545454545454545,0.8125,-0.0234375,-0.10909090909090909,0.7890625,-0.046875,-0.21818181818181817,0.8125,-0.0234375,-0.10909090909090909
281,ESR,2,0.79296875,0.3671875,-0.88671875,0.42578125,0.38671875,0.01953125,0.045871559633027525,0.36328125,-0.00390625,-0.009174311926605505,0.37890625,0.01171875,0.027522935779816515,0.359375,-0.0078125,-0.01834862385321101,0.39453125,0.02734375,0.06422018348623854,0.375,0.0078125,0.01834862385321101,0.37890625,0.01171875,0.027522935779816515
282,ESR,3,0.81640625,0.58203125,-1.486328125,0.234375,0.59765625,0.015625,0.06666666666666667,0.6015625,0.01953125,0.08333333333333333,0.59765625,0.015625,0.06666666666666667,0.58203125,0.0,0.0,0.5546875,-0.02734375,-0.11666666666666667,0.58984375,0.0078125,0.03333333333333333,0.59375,0.01171875,0.05
283,ESR,4,0.94140625,0.89453125,-0.685546875,0.046875,0.87890625,-0.015625,-0.3333333333333333,0.8828125,-0.01171875,-0.25,0.88671875,-0.0078125,-0.16666666666666666,0.90234375,0.0078125,0.16666666666666666,0.81640625,-0.078125,-1.6666666666666667,0.90234375,0.0078125,0.16666666666666666,0.87890625,-0.015625,-0.3333333333333333
284,ESR,5,1.1484375,0.875,-0.958984375,0.2734375,0.8984375,0.0234375,0.08571428571428572,0.8828125,0.0078125,0.02857142857142857,0.890625,0.015625,0.05714285714285714,0.8828125,0.0078125,0.02857142857142857,0.90625,0.03125,0.11428571428571428,0.8671875,-0.0078125,-0.02857142857142857,0.890625,0.015625,0.05714285714285714
285,FFP,1,6.16015625,6.5390625,-1.9765625,-0.37890625,6.5390625,0.0,-0.0,6.6015625,0.0625,-0.16494845360824742,6.5703125,0.03125,-0.08247422680412371,6.6328125,0.09375,-0.24742268041237114,6.578125,0.0390625,-0.10309278350515463,6.6015625,0.0625,-0.16494845360824742,6.5703125,0.03125,-0.08247422680412371
286,FFP,2,6.5546875,6.7421875,2.0,-0.1875,6.7109375,-0.03125,0.16666666666666666,6.7109375,-0.03125,0.16666666666666666,6.7265625,-0.015625,0.08333333333333333,6.765625,0.0234375,-0.125,6.8359375,0.09375,-0.5,6.6953125,-0.046875,0.25,6.7265625,-0.015625,0.08333333333333333
287,FFP,3,6.55078125,6.859375,2.1875,-0.30859375,6.90234375,0.04296875,-0.13924050632911392,6.8984375,0.0390625,-0.12658227848101267,6.859375,0.0,-0.0,6.85546875,-0.00390625,0.012658227848101266,6.83203125,-0.02734375,0.08860759493670886,6.859375,0.0,-0.0,6.82421875,-0.03515625,0.11392405063291139
288,FFP,4,5.8984375,6.01171875,0.6328125,-0.11328125,5.98046875,-0.03125,0.27586206896551724,6.00390625,-0.0078125,0.06896551724137931,6.01171875,0.0,-0.0,6.01171875,0.0,-0.0,6.07421875,0.0625,-0.5517241379310345,5.94921875,-0.0625,0.5517241379310345,6.046875,0.03515625,-0.3103448275862069
289,FFP,5,6.3515625,7.6015625,1.953125,-1.25,7.640625,0.0390625,-0.03125,7.5625,-0.0390625,0.03125,7.625,0.0234375,-0.01875,7.640625,0.0390625,-0.03125,7.53125,-0.0703125,0.05625,7.609375,0.0078125,-0.00625,7.625,0.0234375,-0.01875
290,GCT,1,-4.515625,-4.1328125,-5.78125,-0.3828125,-4.0703125,0.0625,-0.16326530612244897,-4.078125,0.0546875,-0.14285714285714285,-4.109375,0.0234375,-0.061224489795918366,-3.921875,0.2109375,-0.5510204081632653,-4.390625,-0.2578125,0.673469387755102,-4.1171875,0.015625,-0.04081632653061224,-4.0859375,0.046875,-0.12244897959183673
291,GCT,2,-5.2265625,-5.2890625,-5.5234375,0.0625,-5.3125,-0.0234375,-0.375,-5.25,0.0390625,0.625,-5.3125,-0.0234375,-0.375,-5.2421875,0.046875,0.75,-5.390625,-0.1015625,-1.625,-5.2578125,0.03125,0.5,-5.3203125,-0.03125,-0.5
292,GCT,3,-1.0625,-3.390625,-5.0859375,2.328125,-3.359375,0.03125,0.013422818791946308,-3.421875,-0.03125,-0.013422818791946308,-3.390625,0.0,0.0,-2.859375,0.53125,0.22818791946308725,-4.21875,-0.828125,-0.35570469798657717,-3.4375,-0.046875,-0.020134228187919462,-3.453125,-0.0625,-0.026845637583892617
293,GCT,4,0.0625,-2.625,-3.7734375,2.6875,-2.546875,0.078125,0.029069767441860465,-2.578125,0.046875,0.01744186046511628,-2.609375,0.015625,0.005813953488372093,-2.25,0.375,0.13953488372093023,-2.171875,0.453125,0.1686046511627907,-2.59375,0.03125,0.011627906976744186,-2.578125,0.046875,0.01744186046511628
294,GCT,5,-1.59375,-2.515625,-4.5078125,0.921875,-2.453125,0.0625,0.06779661016949153,-2.546875,-0.03125,-0.03389830508474576,-2.53125,-0.015625,-0.01694915254237288,-2.421875,0.09375,0.1016949152542373,-3.109375,-0.59375,-0.6440677966101694,-2.53125,-0.015625,-0.01694915254237288,-2.484375,0.03125,0.03389830508474576
295,GGT,1,0.4775390625,0.21875,-0.2509765625,0.2587890625,0.203125,-0.015625,-0.06037735849056604,0.216796875,-0.001953125,-0.007547169811320755,0.216796875,-0.001953125,-0.007547169811320755,0.21484375,-0.00390625,-0.01509433962264151,0.212890625,-0.005859375,-0.022641509433962263,0.216796875,-0.001953125,-0.007547169811320755,0.2265625,0.0078125,0.03018867924528302
296,GGT,2,0.548828125,0.19921875,-0.3271484375,0.349609375,0.201171875,0.001953125,0.00558659217877095,0.21484375,0.015625,0.0446927374301676,0.19921875,0.0,0.0,0.216796875,0.017578125,0.05027932960893855,0.21484375,0.015625,0.0446927374301676,0.201171875,0.001953125,0.00558659217877095,0.201171875,0.001953125,0.00558659217877095
297,GGT,3,0.451171875,0.1484375,-0.2509765625,0.302734375,0.1640625,0.015625,0.05161290322580645,0.162109375,0.013671875,0.04516129032258064,0.166015625,0.017578125,0.05806451612903226,0.162109375,0.013671875,0.04516129032258064,0.162109375,0.013671875,0.04516129032258064,0.1640625,0.015625,0.05161290322580645,0.166015625,0.017578125,0.05806451612903226
298,GGT,4,0.43798828125,0.177734375,-0.240234375,0.26025390625,0.177734375,0.0,0.0,0.17578125,-0.001953125,-0.0075046904315197,0.177734375,0.0,0.0,0.177734375,0.0,0.0,0.173828125,-0.00390625,-0.0150093808630394,0.1640625,-0.013671875,-0.0525328330206379,0.177734375,0.0,0.0
299,GGT,5,0.42822265625,0.11328125,-0.3251953125,0.31494140625,0.11328125,0.0,0.0,0.115234375,0.001953125,0.006201550387596899,0.11328125,0.0,0.0,0.11328125,0.0,0.0,0.115234375,0.001953125,0.006201550387596899,0.115234375,0.001953125,0.006201550387596899,0.115234375,0.001953125,0.006201550387596899
300,GTT,1,1.00390625,1.4296875,-0.09375,-0.42578125,1.4296875,0.0,-0.0,1.4609375,0.03125,-0.07339449541284404,1.4296875,0.0,-0.0,1.40625,-0.0234375,0.05504587155963303,1.4765625,0.046875,-0.11009174311926606,1.4453125,0.015625,-0.03669724770642202,1.4296875,0.0,-0.0
301,GTT,2,1.130859375,1.365234375,0.0078125,-0.234375,1.349609375,-0.015625,0.06666666666666667,1.349609375,-0.015625,0.06666666666666667,1.35546875,-0.009765625,0.041666666666666664,1.376953125,0.01171875,-0.05,1.36328125,-0.001953125,0.008333333333333333,1.349609375,-0.015625,0.06666666666666667,1.37109375,0.005859375,-0.025
302,GTT,3,1.140625,1.01171875,0.1328125,0.12890625,0.97265625,-0.0390625,-0.30303030303030304,0.984375,-0.02734375,-0.21212121212121213,0.97265625,-0.0390625,-0.30303030303030304,1.02734375,0.015625,0.12121212121212122,0.9296875,-0.08203125,-0.6363636363636364,0.99609375,-0.015625,-0.12121212121212122,0.97265625,-0.0390625,-0.30303030303030304
303,GTT,4,1.11328125,1.41796875,-1.529296875,-0.3046875,1.392578125,-0.025390625,0.08333333333333333,1.3828125,-0.03515625,0.11538461538461539,1.3984375,-0.01953125,0.0641025641025641,1.375,-0.04296875,0.14102564102564102,1.453125,0.03515625,-0.11538461538461539,1.359375,-0.05859375,0.19230769230769232,1.3984375,-0.01953125,0.0641025641025641
304,GTT,5,1.015625,1.29296875,-0.0859375,-0.27734375,1.2890625,-0.00390625,0.014084507042253521,1.31640625,0.0234375,-0.08450704225352113,1.359375,0.06640625,-0.23943661971830985,1.234375,-0.05859375,0.2112676056338028,1.2421875,-0.05078125,0.18309859154929578,1.30859375,0.015625,-0.056338028169014086,1.296875,0.00390625,-0.014084507042253521
305,GVHD,1,1.34375,0.8359375,-0.1015625,0.5078125,0.8359375,0.0,0.0,0.837890625,0.001953125,0.0038461538461538464,0.8671875,0.03125,0.06153846153846154,0.833984375,-0.001953125,-0.0038461538461538464,0.775390625,-0.060546875,-0.11923076923076924,0.861328125,0.025390625,0.05,0.833984375,-0.001953125,-0.0038461538461538464
306,GVHD,2,1.39453125,1.01171875,0.03125,0.3828125,0.98828125,-0.0234375,-0.061224489795918366,0.98828125,-0.0234375,-0.061224489795918366,0.98828125,-0.0234375,-0.061224489795918366,0.986328125,-0.025390625,-0.0663265306122449,1.00390625,-0.0078125,-0.02040816326530612,0.984375,-0.02734375,-0.07142857142857142,0.982421875,-0.029296875,-0.07653061224489796
307,GVHD,3,1.494140625,0.8359375,-0.171875,0.658203125,0.853515625,0.017578125,0.026706231454005934,0.837890625,0.001953125,0.002967359050445104,0.8515625,0.015625,0.02373887240356083,0.83203125,-0.00390625,-0.005934718100890208,0.75,-0.0859375,-0.13056379821958458,0.837890625,0.001953125,0.002967359050445104,0.814453125,-0.021484375,-0.032640949554896145
308,GVHD,4,1.484375,0.830078125,-0.359375,0.654296875,0.81640625,-0.013671875,-0.020895522388059702,0.8125,-0.017578125,-0.026865671641791045,0.83203125,0.001953125,0.0029850746268656717,0.80859375,-0.021484375,-0.03283582089552239,0.72265625,-0.107421875,-0.16417910447761194,0.80859375,-0.021484375,-0.03283582089552239,0.826171875,-0.00390625,-0.005970149253731343
309,GVHD,5,1.396484375,0.73046875,-0.17578125,0.666015625,0.76171875,0.03125,0.0469208211143695,0.76953125,0.0390625,0.05865102639296188,0.76171875,0.03125,0.0469208211143695,0.73828125,0.0078125,0.011730205278592375,0.8046875,0.07421875,0.11143695014662756,0.78515625,0.0546875,0.08211143695014662,0.7578125,0.02734375,0.04105571847507331
310,GVH,1,1.41015625,0.80859375,-0.271484375,0.6015625,0.796875,-0.01171875,-0.01948051948051948,0.8125,0.00390625,0.006493506493506494,0.83203125,0.0234375,0.03896103896103896,0.79296875,-0.015625,-0.025974025974025976,0.68359375,-0.125,-0.2077922077922078,0.78515625,-0.0234375,-0.03896103896103896,0.8125,0.00390625,0.006493506493506494
311,GVH,2,1.2958984375,0.888671875,-0.298828125,0.4072265625,0.9375,0.048828125,0.11990407673860912,0.93359375,0.044921875,0.11031175059952038,0.88671875,-0.001953125,-0.004796163069544364,0.888671875,0.0,0.0,0.736328125,-0.15234375,-0.37410071942446044,0.908203125,0.01953125,0.047961630695443645,0.908203125,0.01953125,0.047961630695443645
312,GVH,3,1.228515625,0.86328125,-0.447265625,0.365234375,0.88671875,0.0234375,0.06417112299465241,0.859375,-0.00390625,-0.0106951871657754,0.88671875,0.0234375,0.06417112299465241,0.89453125,0.03125,0.0855614973262032,0.70703125,-0.15625,-0.42780748663101603,0.84375,-0.01953125,-0.053475935828877004,0.91015625,0.046875,0.12834224598930483
313,GVH,4,1.2421875,0.921875,-0.140625,0.3203125,0.97265625,0.05078125,0.15853658536585366,0.96484375,0.04296875,0.13414634146341464,0.96875,0.046875,0.14634146341463414,0.9765625,0.0546875,0.17073170731707318,0.87890625,-0.04296875,-0.13414634146341464,0.96484375,0.04296875,0.13414634146341464,0.96875,0.046875,0.14634146341463414
314,GVH,5,1.41015625,0.88671875,-0.0546875,0.5234375,0.88671875,0.0,0.0,0.921875,0.03515625,0.06716417910447761,0.91796875,0.03125,0.05970149253731343,0.90234375,0.015625,0.029850746268656716,0.78125,-0.10546875,-0.20149253731343283,0.90625,0.01953125,0.03731343283582089,0.91796875,0.03125,0.05970149253731343
315,HCT,1,2.1181640625,1.951171875,-1.3251953125,0.1669921875,1.9921875,0.041015625,0.24561403508771928,1.9453125,-0.005859375,-0.03508771929824561,1.970703125,0.01953125,0.11695906432748537,1.955078125,0.00390625,0.023391812865497075,1.958984375,0.0078125,0.04678362573099415,1.947265625,-0.00390625,-0.023391812865497075,1.951171875,0.0,0.0
316,HCT,2,2.20556640625,2.0625,-0.365234375,0.14306640625,2.041015625,-0.021484375,-0.15017064846416384,2.06640625,0.00390625,0.027303754266211604,2.04296875,-0.01953125,-0.13651877133105803,2.056640625,-0.005859375,-0.040955631399317405,2.0634765625,0.0009765625,0.006825938566552901,2.01953125,-0.04296875,-0.3003412969283277,2.048828125,-0.013671875,-0.09556313993174062
317,HCT,3,2.3916015625,2.009765625,0.310546875,0.3818359375,2.013671875,0.00390625,0.010230179028132993,2.0224609375,0.0126953125,0.03324808184143223,2.001953125,-0.0078125,-0.020460358056265986,2.0107421875,0.0009765625,0.0025575447570332483,2.052734375,0.04296875,0.11253196930946291,2.0078125,-0.001953125,-0.005115089514066497,2.0087890625,-0.0009765625,-0.0025575447570332483
318,HCT,4,2.2548828125,2.16015625,-0.158203125,0.0947265625,2.181640625,0.021484375,0.2268041237113402,2.1875,0.02734375,0.28865979381443296,2.15234375,-0.0078125,-0.08247422680412371,2.162109375,0.001953125,0.020618556701030927,2.212890625,0.052734375,0.5567010309278351,2.1875,0.02734375,0.28865979381443296,2.158203125,-0.001953125,-0.020618556701030927
319,HCT,5,1.9599609375,1.8173828125,0.365234375,0.142578125,1.783203125,-0.0341796875,-0.23972602739726026,1.826171875,0.0087890625,0.06164383561643835,1.80859375,-0.0087890625,-0.06164383561643835,1.814453125,-0.0029296875,-0.02054794520547945,1.7421875,-0.0751953125,-0.5273972602739726,1.830078125,0.0126953125,0.08904109589041095,1.8154296875,-0.001953125,-0.0136986301369863
320,HIV,1,1.337890625,0.0390625,-1.392578125,1.298828125,0.0625,0.0234375,0.01804511278195489,0.0234375,-0.015625,-0.012030075187969926,0.03125,-0.0078125,-0.006015037593984963,0.0390625,0.0,0.0,0.1640625,0.125,0.0962406015037594,0.03125,-0.0078125,-0.006015037593984963,0.046875,0.0078125,0.006015037593984963
321,HIV,2,0.79296875,-0.3203125,-1.5390625,1.11328125,-0.3046875,0.015625,0.014035087719298246,-0.3203125,0.0,0.0,-0.296875,0.0234375,0.021052631578947368,-0.3046875,0.015625,0.014035087719298246,-0.359375,-0.0390625,-0.03508771929824561,-0.328125,-0.0078125,-0.007017543859649123,-0.3125,0.0078125,0.007017543859649123
322,HIV,3,1.025390625,0.1328125,-1.3828125,0.892578125,0.09375,-0.0390625,-0.0437636761487965,0.078125,-0.0546875,-0.061269146608315096,0.09375,-0.0390625,-0.0437636761487965,0.125,-0.0078125,-0.0087527352297593,0.1015625,-0.03125,-0.0350109409190372,0.078125,-0.0546875,-0.061269146608315096,0.1171875,-0.015625,-0.0175054704595186
323,HIV,4,0.5859375,-0.5078125,-1.28125,1.09375,-0.4921875,0.015625,0.014285714285714285,-0.484375,0.0234375,0.02142857142857143,-0.484375,0.0234375,0.02142857142857143,-0.484375,0.0234375,0.02142857142857143,-0.4765625,0.03125,0.02857142857142857,-0.5,0.0078125,0.007142857142857143,-0.484375,0.0234375,0.02142857142857143
324,HIV,5,0.9140625,-0.1640625,-1.5234375,1.078125,-0.171875,-0.0078125,-0.007246376811594203,-0.125,0.0390625,0.036231884057971016,-0.15625,0.0078125,0.007246376811594203,-0.1640625,0.0,0.0,-0.171875,-0.0078125,-0.007246376811594203,-0.203125,-0.0390625,-0.036231884057971016,-0.171875,-0.0078125,-0.007246376811594203
325,HPV,1,1.935546875,2.021484375,0.671875,-0.0859375,1.986328125,-0.03515625,0.4090909090909091,1.974609375,-0.046875,0.5454545454545454,2.001953125,-0.01953125,0.22727272727272727,2.0078125,-0.013671875,0.1590909090909091,1.921875,-0.099609375,1.1590909090909092,2.001953125,-0.01953125,0.22727272727272727,1.986328125,-0.03515625,0.4090909090909091
326,HPV,2,1.830078125,1.900390625,0.69140625,-0.0703125,1.861328125,-0.0390625,0.5555555555555556,1.88671875,-0.013671875,0.19444444444444445,1.88671875,-0.013671875,0.19444444444444445,1.90625,0.005859375,-0.08333333333333333,1.794921875,-0.10546875,1.5,1.88671875,-0.013671875,0.19444444444444445,1.88671875,-0.013671875,0.19444444444444445
327,HPV,3,1.650390625,1.546875,0.4140625,0.103515625,1.5859375,0.0390625,0.37735849056603776,1.5703125,0.0234375,0.22641509433962265,1.55078125,0.00390625,0.03773584905660377,1.55078125,0.00390625,0.03773584905660377,1.50390625,-0.04296875,-0.41509433962264153,1.6015625,0.0546875,0.5283018867924528,1.56640625,0.01953125,0.18867924528301888
328,HPV,4,1.791015625,1.8671875,0.869140625,-0.076171875,1.87890625,0.01171875,-0.15384615384615385,1.84765625,-0.01953125,0.2564102564102564,1.880859375,0.013671875,-0.1794871794871795,1.880859375,0.013671875,-0.1794871794871795,1.859375,-0.0078125,0.10256410256410256,1.8828125,0.015625,-0.20512820512820512,1.8828125,0.015625,-0.20512820512820512
329,HPV,5,1.748046875,1.82421875,0.421875,-0.076171875,1.7890625,-0.03515625,0.46153846153846156,1.79296875,-0.03125,0.41025641025641024,1.802734375,-0.021484375,0.28205128205128205,1.7890625,-0.03515625,0.46153846153846156,1.712890625,-0.111328125,1.4615384615384615,1.802734375,-0.021484375,0.28205128205128205,1.787109375,-0.037109375,0.48717948717948717
330,HSV,1,5.82421875,5.6953125,2.05859375,0.12890625,5.6953125,0.0,0.0,5.6640625,-0.03125,-0.24242424242424243,5.7265625,0.03125,0.24242424242424243,5.71875,0.0234375,0.18181818181818182,5.9921875,0.296875,2.303030303030303,5.82421875,0.12890625,1.0,5.7265625,0.03125,0.24242424242424243
331,HSV,2,5.46484375,5.625,1.90625,-0.16015625,5.59765625,-0.02734375,0.17073170731707318,5.59375,-0.03125,0.1951219512195122,5.62890625,0.00390625,-0.024390243902439025,5.5859375,-0.0390625,0.24390243902439024,5.6015625,-0.0234375,0.14634146341463414,5.71875,0.09375,-0.5853658536585366,5.625,0.0,-0.0
332,HSV,3,6.20703125,5.65625,0.69140625,0.55078125,5.69140625,0.03515625,0.06382978723404255,5.66015625,0.00390625,0.0070921985815602835,5.625,-0.03125,-0.05673758865248227,5.76171875,0.10546875,0.19148936170212766,5.82421875,0.16796875,0.3049645390070922,5.77734375,0.12109375,0.2198581560283688,5.6875,0.03125,0.05673758865248227
333,HSV,4,5.71484375,6.04296875,1.93359375,-0.328125,6.01171875,-0.03125,0.09523809523809523,6.0078125,-0.03515625,0.10714285714285714,6.0,-0.04296875,0.13095238095238096,5.9296875,-0.11328125,0.34523809523809523,6.19140625,0.1484375,-0.4523809523809524,6.16015625,0.1171875,-0.35714285714285715,6.01171875,-0.03125,0.09523809523809523
334,HSV,5,5.53515625,5.71484375,2.0625,-0.1796875,5.74609375,0.03125,-0.17391304347826086,5.7109375,-0.00390625,0.021739130434782608,5.7421875,0.02734375,-0.15217391304347827,5.67578125,-0.0390625,0.21739130434782608,5.359375,-0.35546875,1.9782608695652173,5.73828125,0.0234375,-0.13043478260869565,5.7109375,-0.00390625,0.021739130434782608
335,ICA,1,4.3203125,4.37109375,1.94140625,-0.05078125,4.400390625,0.029296875,-0.5769230769230769,4.38671875,0.015625,-0.3076923076923077,4.37109375,0.0,-0.0,4.369140625,-0.001953125,0.038461538461538464,4.38671875,0.015625,-0.3076923076923077,4.337890625,-0.033203125,0.6538461538461539,4.337890625,-0.033203125,0.6538461538461539
336,ICA,2,3.923828125,3.93359375,0.4296875,-0.009765625,3.943359375,0.009765625,-1.0,3.9765625,0.04296875,-4.4,3.9453125,0.01171875,-1.2,3.9453125,0.01171875,-1.2,3.873046875,-0.060546875,6.2,3.953125,0.01953125,-2.0,3.955078125,0.021484375,-2.2
337,ICA,3,4.49609375,4.748046875,-1.34375,-0.251953125,4.681640625,-0.06640625,0.26356589147286824,4.654296875,-0.09375,0.37209302325581395,4.716796875,-0.03125,0.12403100775193798,4.650390625,-0.09765625,0.3875968992248062,4.705078125,-0.04296875,0.17054263565891473,4.7109375,-0.037109375,0.14728682170542637,4.712890625,-0.03515625,0.13953488372093023
338,ICA,4,3.876953125,4.15625,0.6640625,-0.279296875,4.1875,0.03125,-0.11188811188811189,4.166015625,0.009765625,-0.03496503496503497,4.197265625,0.041015625,-0.14685314685314685,4.1875,0.03125,-0.11188811188811189,4.134765625,-0.021484375,0.07692307692307693,4.177734375,0.021484375,-0.07692307692307693,4.154296875,-0.001953125,0.006993006993006993
339,ICA,5,4.18359375,4.17578125,-0.5546875,0.0078125,4.1875,0.01171875,1.5,4.109375,-0.06640625,-8.5,4.140625,-0.03515625,-4.5,4.12890625,-0.046875,-6.0,4.12109375,-0.0546875,-7.0,4.140625,-0.03515625,-4.5,4.1328125,-0.04296875,-5.5
340,ICD,1,3.96484375,3.52734375,-0.765625,0.4375,3.55078125,0.0234375,0.05357142857142857,3.52734375,0.0,0.0,3.52734375,0.0,0.0,3.4921875,-0.03515625,-0.08035714285714286,3.6953125,0.16796875,0.38392857142857145,3.52734375,0.0,0.0,3.52734375,0.0,0.0
341,ICD,2,4.05859375,3.99609375,1.3984375,0.0625,3.984375,-0.01171875,-0.1875,3.96484375,-0.03125,-0.5,4.0078125,0.01171875,0.1875,3.974609375,-0.021484375,-0.34375,4.015625,0.01953125,0.3125,4.009765625,0.013671875,0.21875,4.009765625,0.013671875,0.21875
342,ICD,3,4.068359375,3.65234375,1.91796875,0.416015625,3.640625,-0.01171875,-0.028169014084507043,3.625,-0.02734375,-0.06572769953051644,3.65234375,0.0,0.0,3.65234375,0.0,0.0,3.734375,0.08203125,0.19718309859154928,3.65625,0.00390625,0.009389671361502348,3.65234375,0.0,0.0
343,ICD,4,3.67578125,2.015625,-0.6640625,1.66015625,2.03125,0.015625,0.009411764705882352,2.046875,0.03125,0.018823529411764704,2.015625,0.0,0.0,2.03515625,0.01953125,0.011764705882352941,2.01171875,-0.00390625,-0.002352941176470588,2.05859375,0.04296875,0.02588235294117647,2.03125,0.015625,0.009411764705882352
344,ICD,5,3.986328125,2.998046875,-1.00390625,0.98828125,2.99609375,-0.001953125,-0.001976284584980237,2.966796875,-0.03125,-0.03162055335968379,2.990234375,-0.0078125,-0.007905138339920948,2.94140625,-0.056640625,-0.05731225296442688,3.0625,0.064453125,0.06521739130434782,2.990234375,-0.0078125,-0.007905138339920948,2.982421875,-0.015625,-0.015810276679841896
345,INH,1,0.0234375,-0.09765625,-0.966796875,0.12109375,-0.10546875,-0.0078125,-0.06451612903225806,-0.0859375,0.01171875,0.0967741935483871,-0.0859375,0.01171875,0.0967741935483871,-0.1171875,-0.01953125,-0.16129032258064516,-0.1171875,-0.01953125,-0.16129032258064516,-0.1015625,-0.00390625,-0.03225806451612903,-0.10546875,-0.0078125,-0.06451612903225806
346,INH,2,0.39453125,0.46484375,-1.125,-0.0703125,0.462890625,-0.001953125,0.027777777777777776,0.462890625,-0.001953125,0.027777777777777776,0.44921875,-0.015625,0.2222222222222222,0.47265625,0.0078125,-0.1111111111111111,0.482421875,0.017578125,-0.25,0.47265625,0.0078125,-0.1111111111111111,0.46484375,0.0,-0.0
347,INH,3,0.02734375,0.0703125,-1.09765625,-0.04296875,0.0703125,0.0,-0.0,0.0625,-0.0078125,0.18181818181818182,0.0546875,-0.015625,0.36363636363636365,0.0546875,-0.015625,0.36363636363636365,0.02734375,-0.04296875,1.0,0.046875,-0.0234375,0.5454545454545454,0.0546875,-0.015625,0.36363636363636365
348,INH,4,0.30078125,0.1484375,-1.0703125,0.15234375,0.12890625,-0.01953125,-0.1282051282051282,0.1484375,0.0,0.0,0.125,-0.0234375,-0.15384615384615385,0.12890625,-0.01953125,-0.1282051282051282,0.05859375,-0.08984375,-0.5897435897435898,0.12890625,-0.01953125,-0.1282051282051282,0.14453125,-0.00390625,-0.02564102564102564
349,INH,5,0.125,0.171875,-0.6953125,-0.046875,0.171875,0.0,-0.0,0.171875,0.0,-0.0,0.16015625,-0.01171875,0.25,0.16796875,-0.00390625,0.08333333333333333,0.19140625,0.01953125,-0.4166666666666667,0.16796875,-0.00390625,0.08333333333333333,0.16796875,-0.00390625,0.08333333333333333
350,ITP,1,1.0068359375,0.384765625,-0.181640625,0.6220703125,0.388671875,0.00390625,0.006279434850863423,0.38671875,0.001953125,0.0031397174254317113,0.3984375,0.013671875,0.02197802197802198,0.39453125,0.009765625,0.015698587127158554,0.412109375,0.02734375,0.04395604395604396,0.40625,0.021484375,0.03453689167974882,0.404296875,0.01953125,0.03139717425431711
351,ITP,2,0.7744140625,0.3203125,-0.08203125,0.4541015625,0.33984375,0.01953125,0.043010752688172046,0.333984375,0.013671875,0.030107526881720432,0.3359375,0.015625,0.034408602150537634,0.345703125,0.025390625,0.05591397849462366,0.3515625,0.03125,0.06881720430107527,0.33984375,0.01953125,0.043010752688172046,0.33984375,0.01953125,0.043010752688172046
352,ITP,3,0.78515625,0.2734375,-0.14453125,0.51171875,0.25,-0.0234375,-0.04580152671755725,0.251953125,-0.021484375,-0.04198473282442748,0.2734375,0.0,0.0,0.27734375,0.00390625,0.007633587786259542,0.271484375,-0.001953125,-0.003816793893129771,0.26171875,-0.01171875,-0.022900763358778626,0.2578125,-0.015625,-0.030534351145038167
353,ITP,4,0.86083984375,0.3125,-0.2890625,0.54833984375,0.31640625,0.00390625,0.007123775601068566,0.31640625,0.00390625,0.007123775601068566,0.3125,0.0,0.0,0.328125,0.015625,0.028495102404274265,0.353515625,0.041015625,0.07479964381121995,0.310546875,-0.001953125,-0.003561887800534283,0.3359375,0.0234375,0.0427426536064114
354,ITP,5,0.7841796875,0.37890625,-0.1015625,0.4052734375,0.376953125,-0.001953125,-0.004819277108433735,0.36328125,-0.015625,-0.03855421686746988,0.369140625,-0.009765625,-0.024096385542168676,0.38671875,0.0078125,0.01927710843373494,0.388671875,0.009765625,0.024096385542168676,0.384765625,0.005859375,0.014457831325301205,0.3671875,-0.01171875,-0.02891566265060241
355,IUGR,1,1.025390625,0.375,-0.4638671875,0.650390625,0.3828125,0.0078125,0.012012012012012012,0.3984375,0.0234375,0.036036036036036036,0.390625,0.015625,0.024024024024024024,0.3984375,0.0234375,0.036036036036036036,0.38671875,0.01171875,0.018018018018018018,0.40625,0.03125,0.04804804804804805,0.39453125,0.01953125,0.03003003003003003
356,IUGR,2,0.646484375,0.32421875,-0.734375,0.322265625,0.32421875,0.0,0.0,0.33984375,0.015625,0.048484848484848485,0.3359375,0.01171875,0.03636363636363636,0.328125,0.00390625,0.012121212121212121,0.3046875,-0.01953125,-0.06060606060606061,0.328125,0.00390625,0.012121212121212121,0.34375,0.01953125,0.06060606060606061
357,IUGR,3,0.34375,-0.10546875,-0.7783203125,0.44921875,-0.109375,-0.00390625,-0.008695652173913044,-0.125,-0.01953125,-0.043478260869565216,-0.125,-0.01953125,-0.043478260869565216,-0.12109375,-0.015625,-0.034782608695652174,-0.02734375,0.078125,0.17391304347826086,-0.11328125,-0.0078125,-0.017391304347826087,-0.109375,-0.00390625,-0.008695652173913044
358,IUGR,4,0.666015625,0.32421875,-0.6826171875,0.341796875,0.328125,0.00390625,0.011428571428571429,0.33984375,0.015625,0.045714285714285714,0.32421875,0.0,0.0,0.33984375,0.015625,0.045714285714285714,0.359375,0.03515625,0.10285714285714286,0.33984375,0.015625,0.045714285714285714,0.33984375,0.015625,0.045714285714285714
359,IUGR,5,0.783203125,0.3515625,-0.6796875,0.431640625,0.37109375,0.01953125,0.04524886877828054,0.37890625,0.02734375,0.06334841628959276,0.37109375,0.01953125,0.04524886877828054,0.3515625,0.0,0.0,0.3046875,-0.046875,-0.1085972850678733,0.375,0.0234375,0.05429864253393665,0.38671875,0.03515625,0.08144796380090498
360,IVC,1,2.466796875,2.625,-0.30078125,-0.158203125,2.609375,-0.015625,0.09876543209876543,2.64453125,0.01953125,-0.12345679012345678,2.62890625,0.00390625,-0.024691358024691357,2.59375,-0.03125,0.19753086419753085,2.5625,-0.0625,0.3950617283950617,2.646484375,0.021484375,-0.13580246913580246,2.578125,-0.046875,0.2962962962962963
361,IVC,2,2.0546875,1.86328125,-0.533203125,0.19140625,1.859375,-0.00390625,-0.02040816326530612,1.84765625,-0.015625,-0.08163265306122448,1.83203125,-0.03125,-0.16326530612244897,1.84765625,-0.015625,-0.08163265306122448,1.75,-0.11328125,-0.5918367346938775,1.84375,-0.01953125,-0.10204081632653061,1.859375,-0.00390625,-0.02040816326530612
362,IVC,3,2.390625,2.4140625,-0.041015625,-0.0234375,2.3984375,-0.015625,0.6666666666666666,2.3828125,-0.03125,1.3333333333333333,2.3984375,-0.015625,0.6666666666666666,2.400390625,-0.013671875,0.5833333333333334,2.427734375,0.013671875,-0.5833333333333334,2.3828125,-0.03125,1.3333333333333333,2.39453125,-0.01953125,0.8333333333333334
363,IVC,4,2.32421875,2.37890625,0.02734375,-0.0546875,2.37890625,0.0,-0.0,2.36328125,-0.015625,0.2857142857142857,2.39453125,0.015625,-0.2857142857142857,2.34765625,-0.03125,0.5714285714285714,2.35546875,-0.0234375,0.42857142857142855,2.400390625,0.021484375,-0.39285714285714285,2.33203125,-0.046875,0.8571428571428571
364,IVC,5,2.40234375,2.501953125,-0.099609375,-0.099609375,2.46875,-0.033203125,0.3333333333333333,2.47265625,-0.029296875,0.29411764705882354,2.48828125,-0.013671875,0.13725490196078433,2.50390625,0.001953125,-0.0196078431372549,2.48828125,-0.013671875,0.13725490196078433,2.486328125,-0.015625,0.1568627450980392,2.47265625,-0.029296875,0.29411764705882354
365,IVP,1,12.64453125,13.46875,4.765625,-0.82421875,13.40234375,-0.06640625,0.08056872037914692,13.46484375,-0.00390625,0.004739336492890996,13.40234375,-0.06640625,0.08056872037914692,13.54296875,0.07421875,-0.09004739336492891,13.259765625,-0.208984375,0.25355450236966826,13.4609375,-0.0078125,0.009478672985781991,13.45703125,-0.01171875,0.014218009478672985
366,IVP,2,12.240234375,12.8203125,6.07421875,-0.580078125,12.86328125,0.04296875,-0.07407407407407407,12.82421875,0.00390625,-0.006734006734006734,12.9453125,0.125,-0.21548821548821548,12.81640625,-0.00390625,0.006734006734006734,13.3359375,0.515625,-0.8888888888888888,12.90234375,0.08203125,-0.1414141414141414,12.90625,0.0859375,-0.14814814814814814
367,IVP,3,11.609375,11.828125,5.67578125,-0.21875,11.70703125,-0.12109375,0.5535714285714286,11.703125,-0.125,0.5714285714285714,11.78125,-0.046875,0.21428571428571427,11.70703125,-0.12109375,0.5535714285714286,12.9765625,1.1484375,-5.25,11.69921875,-0.12890625,0.5892857142857143,11.69921875,-0.12890625,0.5892857142857143
368,IVP,4,11.8671875,11.74609375,5.7890625,0.12109375,11.83203125,0.0859375,0.7096774193548387,11.765625,0.01953125,0.16129032258064516,11.81640625,0.0703125,0.5806451612903226,11.828125,0.08203125,0.6774193548387096,12.0703125,0.32421875,2.6774193548387095,11.79296875,0.046875,0.3870967741935484,11.828125,0.08203125,0.6774193548387096
369,IVP,5,11.548828125,11.62109375,4.703125,-0.072265625,11.60546875,-0.015625,0.21621621621621623,11.609375,-0.01171875,0.16216216216216217,11.5390625,-0.08203125,1.135135135135135,11.59765625,-0.0234375,0.32432432432432434,11.59375,-0.02734375,0.3783783783783784,11.62109375,0.0,-0.0,11.60546875,-0.015625,0.21621621621621623
370,LAD,1,1.4296875,1.75,-0.2421875,-0.3203125,1.78125,0.03125,-0.0975609756097561,1.734375,-0.015625,0.04878048780487805,1.78515625,0.03515625,-0.10975609756097561,1.7578125,0.0078125,-0.024390243902439025,1.77734375,0.02734375,-0.08536585365853659,1.76171875,0.01171875,-0.036585365853658534,1.765625,0.015625,-0.04878048780487805
371,LAD,2,1.4921875,1.3515625,0.0625,0.140625,1.3515625,0.0,0.0,1.33203125,-0.01953125,-0.1388888888888889,1.36328125,0.01171875,0.08333333333333333,1.328125,-0.0234375,-0.16666666666666666,1.42578125,0.07421875,0.5277777777777778,1.3671875,0.015625,0.1111111111111111,1.359375,0.0078125,0.05555555555555555
372,LAD,3,1.275390625,1.1875,-1.07421875,0.087890625,1.22265625,0.03515625,0.4,1.16796875,-0.01953125,-0.2222222222222222,1.1875,0.0,0.0,1.20703125,0.01953125,0.2222222222222222,1.33984375,0.15234375,1.7333333333333334,1.16796875,-0.01953125,-0.2222222222222222,1.1640625,-0.0234375,-0.26666666666666666
373,LAD,4,1.5546875,2.03125,-0.9814453125,-0.4765625,2.0625,0.03125,-0.06557377049180328,2.04296875,0.01171875,-0.02459016393442623,2.015625,-0.015625,0.03278688524590164,2.03515625,0.00390625,-0.00819672131147541,1.94140625,-0.08984375,0.1885245901639344,2.03515625,0.00390625,-0.00819672131147541,2.03515625,0.00390625,-0.00819672131147541
374,LAD,5,1.712890625,2.0078125,-2.26806640625,-0.294921875,1.9921875,-0.015625,0.052980132450331126,1.9609375,-0.046875,0.15894039735099338,1.95703125,-0.05078125,0.17218543046357615,1.9765625,-0.03125,0.10596026490066225,2.22265625,0.21484375,-0.7284768211920529,2.00390625,-0.00390625,0.013245033112582781,1.98046875,-0.02734375,0.09271523178807947
375,LDL,1,5.025390625,5.314453125,0.53515625,-0.2890625,5.3125,-0.001953125,0.006756756756756757,5.314453125,0.0,-0.0,5.345703125,0.03125,-0.10810810810810811,5.341796875,0.02734375,-0.0945945945945946,5.302734375,-0.01171875,0.04054054054054054,5.314453125,0.0,-0.0,5.314453125,0.0,-0.0
376,LDL,2,5.091796875,5.30078125,-0.62890625,-0.208984375,5.32421875,0.0234375,-0.11214953271028037,5.234375,-0.06640625,0.3177570093457944,5.28515625,-0.015625,0.07476635514018691,5.279296875,-0.021484375,0.102803738317757,5.466796875,0.166015625,-0.794392523364486,5.29296875,-0.0078125,0.037383177570093455,5.279296875,-0.021484375,0.102803738317757
377,LDL,3,4.5859375,4.263671875,-1.033203125,0.322265625,4.234375,-0.029296875,-0.09090909090909091,4.294921875,0.03125,0.09696969696969697,4.265625,0.001953125,0.006060606060606061,4.234375,-0.029296875,-0.09090909090909091,4.3125,0.048828125,0.15151515151515152,4.265625,0.001953125,0.006060606060606061,4.234375,-0.029296875,-0.09090909090909091
378,LDL,4,5.8046875,5.931640625,2.740234375,-0.126953125,5.931640625,0.0,-0.0,5.888671875,-0.04296875,0.3384615384615385,5.8984375,-0.033203125,0.26153846153846155,5.9140625,-0.017578125,0.13846153846153847,5.76171875,-0.169921875,1.3384615384615384,5.8984375,-0.033203125,0.26153846153846155,5.9296875,-0.001953125,0.015384615384615385
379,LDL,5,5.1796875,5.38671875,0.8203125,-0.20703125,5.37109375,-0.015625,0.07547169811320754,5.361328125,-0.025390625,0.12264150943396226,5.423828125,0.037109375,-0.1792452830188679,5.4375,0.05078125,-0.24528301886792453,5.3828125,-0.00390625,0.018867924528301886,5.384765625,-0.001953125,0.009433962264150943,5.416015625,0.029296875,-0.14150943396226415
380,LMP,1,3.845703125,3.91796875,1.271484375,-0.072265625,3.888671875,-0.029296875,0.40540540540540543,3.890625,-0.02734375,0.3783783783783784,3.89453125,-0.0234375,0.32432432432432434,3.96484375,0.046875,-0.6486486486486487,4.0546875,0.13671875,-1.8918918918918919,3.89453125,-0.0234375,0.32432432432432434,3.89453125,-0.0234375,0.32432432432432434
381,LMP,2,4.017578125,3.654296875,0.26171875,0.36328125,3.65625,0.001953125,0.005376344086021506,3.685546875,0.03125,0.08602150537634409,3.623046875,-0.03125,-0.08602150537634409,3.69140625,0.037109375,0.10215053763440861,3.62890625,-0.025390625,-0.06989247311827956,3.7109375,0.056640625,0.15591397849462366,3.654296875,0.0,0.0
382,LMP,3,3.46875,3.09765625,1.046875,0.37109375,3.125,0.02734375,0.07368421052631578,3.125,0.02734375,0.07368421052631578,3.15625,0.05859375,0.15789473684210525,3.16796875,0.0703125,0.18947368421052632,3.3125,0.21484375,0.5789473684210527,3.125,0.02734375,0.07368421052631578,3.109375,0.01171875,0.031578947368421054
383,LMP,4,3.5390625,3.5,0.6171875,0.0390625,3.546875,0.046875,1.2,3.52734375,0.02734375,0.7,3.515625,0.015625,0.4,3.53125,0.03125,0.8,3.421875,-0.078125,-2.0,3.5390625,0.0390625,1.0,3.51171875,0.01171875,0.3
384,LMP,5,3.42578125,2.64453125,-0.3828125,0.78125,2.69921875,0.0546875,0.07,2.6796875,0.03515625,0.045,2.69140625,0.046875,0.06,2.74609375,0.1015625,0.13,2.65625,0.01171875,0.015,2.6953125,0.05078125,0.065,2.6953125,0.05078125,0.065
385,MAI,1,4.055419921875,5.2275390625,0.435546875,-1.172119140625,5.22216796875,-0.00537109375,0.0045823786711101855,5.22900390625,0.00146484375,-0.0012497396375755051,5.22119140625,-0.00634765625,0.0054155384294938555,5.25830078125,0.03076171875,-0.02624453238908561,5.57177734375,0.34423828125,-0.29368881483024367,5.18896484375,-0.03857421875,0.032909810456154966,5.22607421875,-0.00146484375,0.0012497396375755051
386,MAI,2,4.252685546875,3.013671875,-0.984375,1.239013671875,2.94921875,-0.064453125,-0.052019704433497536,2.9638671875,-0.0498046875,-0.04019704433497537,2.9140625,-0.099609375,-0.08039408866995074,2.958984375,-0.0546875,-0.044137931034482755,3.0205078125,0.0068359375,0.005517241379310344,2.9013671875,-0.1123046875,-0.09064039408866995,2.9384765625,-0.0751953125,-0.060689655172413794
387,MAI,3,3.8302001953125,4.71630859375,-0.41015625,-0.8861083984375,4.68505859375,-0.03125,0.0352665656426505,4.65478515625,-0.0615234375,0.06943105110896818,4.716796875,0.00048828125,-0.0005510400881664141,4.7197265625,0.00341796875,-0.003857280617164899,4.55224609375,-0.1640625,0.18514946962391515,4.68603515625,-0.0302734375,0.03416448546631767,4.71826171875,0.001953125,-0.0022041603526656564
388,MAI,4,4.08447265625,2.41796875,-0.716796875,1.66650390625,2.44140625,0.0234375,0.014063873425139173,2.44140625,0.0234375,0.014063873425139173,2.4375,0.01953125,0.011719894520949311,2.41796875,0.0,0.0,2.056640625,-0.361328125,-0.21681804863756227,2.41796875,0.0,0.0,2.42578125,0.0078125,0.004687957808379725
389,MAI,5,4.47705078125,5.35693359375,-0.74609375,-0.8798828125,5.3310546875,-0.02587890625,0.029411764705882353,5.26806640625,-0.0888671875,0.10099889012208657,5.36181640625,0.0048828125,-0.005549389567147614,5.263671875,-0.09326171875,0.10599334073251943,4.94580078125,-0.4111328125,0.4672586015538291,5.36328125,0.00634765625,-0.007214206437291898,5.2978515625,-0.05908203125,0.06714761376248612
390,MCA,1,3.1796875,3.36328125,1.431640625,-0.18359375,3.32421875,-0.0390625,0.2127659574468085,3.337890625,-0.025390625,0.13829787234042554,3.32421875,-0.0390625,0.2127659574468085,3.349609375,-0.013671875,0.07446808510638298,3.259765625,-0.103515625,0.5638297872340425,3.353515625,-0.009765625,0.05319148936170213,3.35546875,-0.0078125,0.0425531914893617
391,MCA,2,3.810546875,3.796875,1.740234375,0.013671875,3.755859375,-0.041015625,-3.0,3.7568359375,-0.0400390625,-2.9285714285714284,3.7578125,-0.0390625,-2.857142857142857,3.712890625,-0.083984375,-6.142857142857143,3.662109375,-0.134765625,-9.857142857142858,3.7578125,-0.0390625,-2.857142857142857,3.755859375,-0.041015625,-3.0
392,MCA,3,3.19140625,2.9765625,1.619140625,0.21484375,2.95703125,-0.01953125,-0.09090909090909091,2.95703125,-0.01953125,-0.09090909090909091,2.9765625,0.0,0.0,2.92578125,-0.05078125,-0.23636363636363636,2.94921875,-0.02734375,-0.12727272727272726,2.96875,-0.0078125,-0.03636363636363636,2.9921875,0.015625,0.07272727272727272
393,MCA,4,3.0234375,2.599609375,1.60546875,0.423828125,2.623046875,0.0234375,0.055299539170506916,2.59375,-0.005859375,-0.013824884792626729,2.65625,0.056640625,0.1336405529953917,2.595703125,-0.00390625,-0.009216589861751152,2.69921875,0.099609375,0.2350230414746544,2.595703125,-0.00390625,-0.009216589861751152,2.599609375,0.0,0.0
394,MCA,5,3.283203125,3.3671875,-1.15234375,-0.083984375,3.3359375,-0.03125,0.37209302325581395,3.33203125,-0.03515625,0.4186046511627907,3.333984375,-0.033203125,0.3953488372093023,3.359375,-0.0078125,0.09302325581395349,3.25390625,-0.11328125,1.3488372093023255,3.3359375,-0.03125,0.37209302325581395,3.349609375,-0.017578125,0.20930232558139536
395,MCH,1,2.8505859375,3.517578125,-0.0390625,-0.6669921875,3.537109375,0.01953125,-0.029282576866764276,3.494140625,-0.0234375,0.03513909224011713,3.5546875,0.037109375,-0.055636896046852125,3.4931640625,-0.0244140625,0.036603221083455345,3.6416015625,0.1240234375,-0.18594436310395315,3.52734375,0.009765625,-0.014641288433382138,3.51953125,0.001953125,-0.0029282576866764276
396,MCH,2,3.05859375,3.4736328125,-0.30859375,-0.4150390625,3.412109375,-0.0615234375,0.14823529411764705,3.4453125,-0.0283203125,0.06823529411764706,3.4326171875,-0.041015625,0.0988235294117647,3.400390625,-0.0732421875,0.17647058823529413,3.2587890625,-0.21484375,0.5176470588235295,3.466796875,-0.0068359375,0.01647058823529412,3.439453125,-0.0341796875,0.08235294117647059
397,MCH,3,3.046875,3.1982421875,0.51171875,-0.1513671875,3.201171875,0.0029296875,-0.01935483870967742,3.16796875,-0.0302734375,0.2,3.1806640625,-0.017578125,0.11612903225806452,3.18359375,-0.0146484375,0.0967741935483871,2.9462890625,-0.251953125,1.664516129032258,3.2001953125,0.001953125,-0.012903225806451613,3.201171875,0.0029296875,-0.01935483870967742
398,MCH,4,2.78955078125,3.251953125,-0.9541015625,-0.46240234375,3.224609375,-0.02734375,0.059134107708553325,3.2548828125,0.0029296875,-0.006335797254487857,3.2236328125,-0.0283203125,0.061246040126715945,3.25390625,0.001953125,-0.004223864836325237,3.0078125,-0.244140625,0.5279831045406547,3.26953125,0.017578125,-0.03801478352692714,3.2275390625,-0.0244140625,0.05279831045406547
399,MCH,5,2.587890625,3.03125,0.14453125,-0.443359375,3.03125,0.0,-0.0,3.02734375,-0.00390625,0.00881057268722467,3.044921875,0.013671875,-0.030837004405286344,3.009765625,-0.021484375,0.048458149779735685,3.015625,-0.015625,0.03524229074889868,3.029296875,-0.001953125,0.004405286343612335,3.03125,0.0,-0.0
400,MCV,1,2.064453125,1.83984375,-2.6357421875,0.224609375,1.828125,-0.01171875,-0.05217391304347826,1.82421875,-0.015625,-0.06956521739130435,1.82421875,-0.015625,-0.06956521739130435,1.8203125,-0.01953125,-0.08695652173913043,1.890625,0.05078125,0.22608695652173913,1.83984375,0.0,0.0,1.8203125,-0.01953125,-0.08695652173913043
401,MCV,2,1.90234375,1.7890625,1.015625,0.11328125,1.80078125,0.01171875,0.10344827586206896,1.79296875,0.00390625,0.034482758620689655,1.79296875,0.00390625,0.034482758620689655,1.7890625,0.0,0.0,1.8125,0.0234375,0.20689655172413793,1.80078125,0.01171875,0.10344827586206896,1.79296875,0.00390625,0.034482758620689655
402,MCV,3,1.8203125,1.796875,0.58203125,0.0234375,1.78125,-0.015625,-0.6666666666666666,1.796875,0.0,0.0,1.8046875,0.0078125,0.3333333333333333,1.81640625,0.01953125,0.8333333333333334,1.8671875,0.0703125,3.0,1.78125,-0.015625,-0.6666666666666666,1.78515625,-0.01171875,-0.5
403,MCV,4,1.953125,2.23046875,-2.46484375,-0.27734375,2.22265625,-0.0078125,0.028169014084507043,2.22265625,-0.0078125,0.028169014084507043,2.28125,0.05078125,-0.18309859154929578,2.27734375,0.046875,-0.16901408450704225,2.1015625,-0.12890625,0.4647887323943662,2.22265625,-0.0078125,0.028169014084507043,2.22265625,-0.0078125,0.028169014084507043
404,MCV,5,1.7734375,1.8046875,0.25390625,-0.03125,1.7890625,-0.015625,0.5,1.7734375,-0.03125,1.0,1.7578125,-0.046875,1.5,1.77734375,-0.02734375,0.875,1.8046875,0.0,-0.0,1.7734375,-0.03125,1.0,1.78515625,-0.01953125,0.625
405,MDI,1,4.625,4.54296875,1.3125,0.08203125,4.53125,-0.01171875,-0.14285714285714285,4.51171875,-0.03125,-0.38095238095238093,4.5234375,-0.01953125,-0.23809523809523808,4.59765625,0.0546875,0.6666666666666666,4.63671875,0.09375,1.1428571428571428,4.5,-0.04296875,-0.5238095238095238,4.55078125,0.0078125,0.09523809523809523
406,MDI,2,5.134765625,5.265625,-0.705078125,-0.130859375,5.234375,-0.03125,0.23880597014925373,5.25,-0.015625,0.11940298507462686,5.23046875,-0.03515625,0.26865671641791045,5.29296875,0.02734375,-0.208955223880597,5.02734375,-0.23828125,1.8208955223880596,5.234375,-0.03125,0.23880597014925373,5.21875,-0.046875,0.3582089552238806
407,MDI,3,4.90625,4.54296875,0.0625,0.36328125,4.53515625,-0.0078125,-0.021505376344086023,4.53125,-0.01171875,-0.03225806451612903,4.5234375,-0.01953125,-0.053763440860215055,4.53515625,-0.0078125,-0.021505376344086023,4.55859375,0.015625,0.043010752688172046,4.546875,0.00390625,0.010752688172043012,4.56640625,0.0234375,0.06451612903225806
408,MDI,4,4.9609375,4.59765625,0.484375,0.36328125,4.5703125,-0.02734375,-0.07526881720430108,4.58203125,-0.015625,-0.043010752688172046,4.5703125,-0.02734375,-0.07526881720430108,4.60546875,0.0078125,0.021505376344086023,4.77734375,0.1796875,0.4946236559139785,4.5703125,-0.02734375,-0.07526881720430108,4.5859375,-0.01171875,-0.03225806451612903
409,MDI,5,4.607421875,4.484375,-3.3125,0.123046875,4.5390625,0.0546875,0.4444444444444444,4.53515625,0.05078125,0.4126984126984127,4.4765625,-0.0078125,-0.06349206349206349,4.55078125,0.06640625,0.5396825396825397,3.96875,-0.515625,-4.190476190476191,4.5,0.015625,0.12698412698412698,4.48046875,-0.00390625,-0.031746031746031744
410,MDS,1,4.88671875,5.060546875,1.1875,-0.173828125,5.109375,0.048828125,-0.2808988764044944,5.02734375,-0.033203125,0.19101123595505617,5.05859375,-0.001953125,0.011235955056179775,5.05859375,-0.001953125,0.011235955056179775,5.037109375,-0.0234375,0.1348314606741573,5.091796875,0.03125,-0.1797752808988764,5.080078125,0.01953125,-0.11235955056179775
411,MDS,2,4.29296875,4.669921875,0.3984375,-0.376953125,4.66796875,-0.001953125,0.0051813471502590676,4.6875,0.017578125,-0.046632124352331605,4.701171875,0.03125,-0.08290155440414508,4.6875,0.017578125,-0.046632124352331605,4.59375,-0.076171875,0.20207253886010362,4.716796875,0.046875,-0.12435233160621761,4.69921875,0.029296875,-0.07772020725388601
412,MDS,3,5.0205078125,4.919921875,0.857421875,0.1005859375,4.93359375,0.013671875,0.13592233009708737,4.93359375,0.013671875,0.13592233009708737,4.9609375,0.041015625,0.4077669902912621,4.99609375,0.076171875,0.7572815533980582,5.09765625,0.177734375,1.766990291262136,4.93359375,0.013671875,0.13592233009708737,4.93359375,0.013671875,0.13592233009708737
413,MDS,4,4.69921875,4.59765625,0.9296875,0.1015625,4.578125,-0.01953125,-0.19230769230769232,4.5625,-0.03515625,-0.34615384615384615,4.5859375,-0.01171875,-0.11538461538461539,4.53515625,-0.0625,-0.6153846153846154,4.5390625,-0.05859375,-0.5769230769230769,4.55078125,-0.046875,-0.46153846153846156,4.5625,-0.03515625,-0.34615384615384615
414,MDS,5,5.23095703125,5.041015625,0.171875,0.18994140625,5.037109375,-0.00390625,-0.02056555269922879,5.029296875,-0.01171875,-0.061696658097686374,5.072265625,0.03125,0.16452442159383032,5.037109375,-0.00390625,-0.02056555269922879,5.1796875,0.138671875,0.7300771208226221,4.990234375,-0.05078125,-0.26735218508997427,5.041015625,0.0,0.0
415,MMF,1,2.59716796875,2.14208984375,-1.1640625,0.455078125,2.142578125,0.00048828125,0.001072961373390558,2.14404296875,0.001953125,0.004291845493562232,2.14306640625,0.0009765625,0.002145922746781116,2.12646484375,-0.015625,-0.034334763948497854,2.17431640625,0.0322265625,0.07081545064377683,2.1474609375,0.00537109375,0.011802575107296138,2.1591796875,0.01708984375,0.03755364806866953
416,MMF,2,2.486328125,2.4072265625,0.6748046875,0.0791015625,2.4150390625,0.0078125,0.09876543209876543,2.3994140625,-0.0078125,-0.09876543209876543,2.400390625,-0.0068359375,-0.08641975308641975,2.4013671875,-0.005859375,-0.07407407407407407,2.2783203125,-0.12890625,-1.6296296296296295,2.38671875,-0.0205078125,-0.25925925925925924,2.3994140625,-0.0078125,-0.09876543209876543
417,MMF,3,2.45947265625,2.53173828125,0.35546875,-0.072265625,2.54296875,0.01123046875,-0.1554054054054054,2.544921875,0.01318359375,-0.18243243243243243,2.54931640625,0.017578125,-0.24324324324324326,2.5361328125,0.00439453125,-0.060810810810810814,2.4306640625,-0.10107421875,1.3986486486486487,2.53125,-0.00048828125,0.006756756756756757,2.5458984375,0.01416015625,-0.19594594594594594
418,MMF,4,2.4541015625,2.6103515625,0.55078125,-0.15625,2.61279296875,0.00244140625,-0.015625,2.6064453125,-0.00390625,0.025,2.6220703125,0.01171875,-0.075,2.5927734375,-0.017578125,0.1125,2.50390625,-0.1064453125,0.68125,2.576171875,-0.0341796875,0.21875,2.61279296875,0.00244140625,-0.015625
419,MMF,5,2.46728515625,2.47314453125,0.3125,-0.005859375,2.47412109375,0.0009765625,-0.16666666666666666,2.47021484375,-0.0029296875,0.5,2.4912109375,0.01806640625,-3.0833333333333335,2.47314453125,0.0,-0.0,2.447265625,-0.02587890625,4.416666666666667,2.4453125,-0.02783203125,4.75,2.4580078125,-0.01513671875,2.5833333333333335
420,MRA,1,1.19921875,1.08984375,0.140625,0.109375,1.109375,0.01953125,0.17857142857142858,1.111328125,0.021484375,0.19642857142857142,1.0859375,-0.00390625,-0.03571428571428571,1.05859375,-0.03125,-0.2857142857142857,1.0,-0.08984375,-0.8214285714285714,1.107421875,0.017578125,0.16071428571428573,1.134765625,0.044921875,0.4107142857142857
421,MRA,2,0.92578125,0.984375,0.12109375,-0.05859375,0.98046875,-0.00390625,0.06666666666666667,1.01953125,0.03515625,-0.6,0.9921875,0.0078125,-0.13333333333333333,1.01171875,0.02734375,-0.4666666666666667,0.921875,-0.0625,1.0666666666666667,0.95703125,-0.02734375,0.4666666666666667,1.01953125,0.03515625,-0.6
422,MRA,3,1.078125,0.86328125,0.17578125,0.21484375,0.87109375,0.0078125,0.03636363636363636,0.84765625,-0.015625,-0.07272727272727272,0.85546875,-0.0078125,-0.03636363636363636,0.88671875,0.0234375,0.10909090909090909,0.69921875,-0.1640625,-0.7636363636363637,0.86328125,0.0,0.0,0.85546875,-0.0078125,-0.03636363636363636
423,MRA,4,1.09765625,0.998046875,0.234375,0.099609375,0.97265625,-0.025390625,-0.2549019607843137,0.974609375,-0.0234375,-0.23529411764705882,0.982421875,-0.015625,-0.1568627450980392,0.990234375,-0.0078125,-0.0784313725490196,0.8359375,-0.162109375,-1.6274509803921569,1.0234375,0.025390625,0.2549019607843137,0.966796875,-0.03125,-0.3137254901960784
424,MRA,5,0.97265625,0.89453125,0.30859375,0.078125,0.94140625,0.046875,0.6,0.90234375,0.0078125,0.1,0.90234375,0.0078125,0.1,0.9140625,0.01953125,0.25,0.84765625,-0.046875,-0.6,0.87890625,-0.015625,-0.2,0.89453125,0.0,0.0
425,MRCP,1,0.41796875,0.2646484375,-0.0224609375,0.1533203125,0.2763671875,0.01171875,0.07643312101910828,0.2939453125,0.029296875,0.1910828025477707,0.2861328125,0.021484375,0.14012738853503184,0.279296875,0.0146484375,0.09554140127388536,0.294921875,0.0302734375,0.19745222929936307,0.2822265625,0.017578125,0.11464968152866242,0.2900390625,0.025390625,0.16560509554140126
426,MRCP,2,0.34912109375,0.2958984375,0.005859375,0.05322265625,0.283203125,-0.0126953125,-0.23853211009174313,0.28515625,-0.0107421875,-0.2018348623853211,0.2958984375,0.0,0.0,0.2900390625,-0.005859375,-0.11009174311926606,0.3173828125,0.021484375,0.4036697247706422,0.2841796875,-0.01171875,-0.22018348623853212,0.287109375,-0.0087890625,-0.1651376146788991
427,MRCP,3,0.42919921875,0.2666015625,-0.0283203125,0.16259765625,0.26953125,0.0029296875,0.018018018018018018,0.2724609375,0.005859375,0.036036036036036036,0.265625,-0.0009765625,-0.006006006006006006,0.2607421875,-0.005859375,-0.036036036036036036,0.2548828125,-0.01171875,-0.07207207207207207,0.25390625,-0.0126953125,-0.07807807807807808,0.2666015625,0.0,0.0
428,MRCP,4,0.5673828125,0.4248046875,0.072265625,0.142578125,0.4345703125,0.009765625,0.0684931506849315,0.412109375,-0.0126953125,-0.08904109589041095,0.4189453125,-0.005859375,-0.0410958904109589,0.3857421875,-0.0390625,-0.273972602739726,0.3662109375,-0.05859375,-0.410958904109589,0.4150390625,-0.009765625,-0.0684931506849315,0.43359375,0.0087890625,0.06164383561643835
429,MRCP,5,0.517822265625,0.349609375,0.0361328125,0.168212890625,0.3642578125,0.0146484375,0.08708272859216255,0.3603515625,0.0107421875,0.06386066763425254,0.3583984375,0.0087890625,0.05224963715529753,0.3525390625,0.0029296875,0.01741654571843251,0.365234375,0.015625,0.09288824383164006,0.3642578125,0.0146484375,0.08708272859216255,0.34765625,-0.001953125,-0.011611030478955007
430,MRSA,1,0.775634765625,0.46728515625,0.40185546875,0.308349609375,0.46875,0.00146484375,0.004750593824228029,0.43505859375,-0.0322265625,-0.10451306413301663,0.43603515625,-0.03125,-0.10134600158353127,0.4638671875,-0.00341796875,-0.011084718923198733,0.4619140625,-0.00537109375,-0.01741884402216944,0.44091796875,-0.0263671875,-0.0855106888361045,0.46728515625,0.0,0.0
431,MRSA,2,0.673828125,0.43505859375,0.39111328125,0.23876953125,0.4345703125,-0.00048828125,-0.002044989775051125,0.46337890625,0.0283203125,0.11860940695296524,0.43603515625,0.0009765625,0.00408997955010225,0.43310546875,-0.001953125,-0.0081799591002045,0.44580078125,0.0107421875,0.044989775051124746,0.435546875,0.00048828125,0.002044989775051125,0.43603515625,0.0009765625,0.00408997955010225
432,MRSA,3,0.65380859375,0.32080078125,0.30908203125,0.3330078125,0.3203125,-0.00048828125,-0.001466275659824047,0.318359375,-0.00244140625,-0.007331378299120235,0.31884765625,-0.001953125,-0.005865102639296188,0.29443359375,-0.0263671875,-0.07917888563049853,0.32470703125,0.00390625,0.011730205278592375,0.298828125,-0.02197265625,-0.06598240469208211,0.31591796875,-0.0048828125,-0.01466275659824047
433,MRSA,4,0.6865234375,0.47412109375,0.431640625,0.21240234375,0.48046875,0.00634765625,0.029885057471264367,0.45166015625,-0.0224609375,-0.10574712643678161,0.45166015625,-0.0224609375,-0.10574712643678161,0.4443359375,-0.02978515625,-0.14022988505747128,0.49365234375,0.01953125,0.09195402298850575,0.4765625,0.00244140625,0.011494252873563218,0.48095703125,0.0068359375,0.03218390804597701
434,MRSA,5,0.632080078125,0.6513671875,0.67822265625,-0.019287109375,0.6494140625,-0.001953125,0.10126582278481013,0.65625,0.0048828125,-0.25316455696202533,0.59521484375,-0.05615234375,2.911392405063291,0.65283203125,0.00146484375,-0.0759493670886076,0.5908203125,-0.060546875,3.1392405063291138,0.62744140625,-0.02392578125,1.240506329113924,0.623046875,-0.0283203125,1.4683544303797469
435,MTP,1,2.75341796875,2.7451171875,0.4111328125,0.00830078125,2.724609375,-0.0205078125,-2.4705882352941178,2.712890625,-0.0322265625,-3.8823529411764706,2.7216796875,-0.0234375,-2.823529411764706,2.7060546875,-0.0390625,-4.705882352941177,2.556640625,-0.1884765625,-22.705882352941178,2.7138671875,-0.03125,-3.764705882352941,2.712890625,-0.0322265625,-3.8823529411764706
436,MTP,2,2.45947265625,2.50390625,0.37109375,-0.04443359375,2.5009765625,-0.0029296875,0.06593406593406594,2.50390625,0.0,-0.0,2.5009765625,-0.0029296875,0.06593406593406594,2.4853515625,-0.0185546875,0.4175824175824176,2.330078125,-0.173828125,3.912087912087912,2.5009765625,-0.0029296875,0.06593406593406594,2.5029296875,-0.0009765625,0.02197802197802198
437,MTP,3,2.3232421875,1.0859375,-1.421875,1.2373046875,1.09765625,0.01171875,0.009471191791633781,1.078125,-0.0078125,-0.006314127861089187,1.05859375,-0.02734375,-0.022099447513812154,1.0078125,-0.078125,-0.06314127861089187,1.29296875,0.20703125,0.16732438831886345,1.03125,-0.0546875,-0.04419889502762431,1.06640625,-0.01953125,-0.01578531965272297
438,MTP,4,2.2587890625,0.125,-1.7958984375,2.1337890625,0.1328125,0.0078125,0.0036613272311212816,0.125,0.0,0.0,0.1328125,0.0078125,0.0036613272311212816,0.109375,-0.015625,-0.007322654462242563,0.4921875,0.3671875,0.17208237986270022,0.140625,0.015625,0.007322654462242563,0.15625,0.03125,0.014645308924485127
439,MTP,5,2.7177734375,2.724609375,-0.384765625,-0.0068359375,2.763671875,0.0390625,-5.714285714285714,2.734375,0.009765625,-1.4285714285714286,2.75390625,0.029296875,-4.285714285714286,2.80078125,0.076171875,-11.142857142857142,2.423828125,-0.30078125,44.0,2.787109375,0.0625,-9.142857142857142,2.75390625,0.029296875,-4.285714285714286
440,MVA,1,3.09765625,1.2578125,-3.296875,1.83984375,1.2734375,0.015625,0.008492569002123142,1.2578125,0.0,0.0,1.265625,0.0078125,0.004246284501061571,1.2890625,0.03125,0.016985138004246284,1.40625,0.1484375,0.08067940552016985,1.2578125,0.0,0.0,1.25,-0.0078125,-0.004246284501061571
441,MVA,2,3.33984375,1.0546875,-3.88330078125,2.28515625,1.0625,0.0078125,0.003418803418803419,1.0703125,0.015625,0.006837606837606838,1.0546875,0.0,0.0,1.078125,0.0234375,0.010256410256410256,1.21875,0.1640625,0.07179487179487179,1.0546875,0.0,0.0,1.046875,-0.0078125,-0.003418803418803419
442,MVA,3,3.47265625,3.1640625,-3.40869140625,0.30859375,3.1640625,0.0,0.0,3.14453125,-0.01953125,-0.06329113924050633,3.13671875,-0.02734375,-0.08860759493670886,3.1328125,-0.03125,-0.10126582278481013,3.21875,0.0546875,0.17721518987341772,3.1796875,0.015625,0.05063291139240506,3.1640625,0.0,0.0
443,MVA,4,4.220703125,2.58984375,-3.54150390625,1.630859375,2.6171875,0.02734375,0.016766467065868262,2.61328125,0.0234375,0.01437125748502994,2.6328125,0.04296875,0.026347305389221556,2.6484375,0.05859375,0.03592814371257485,2.84375,0.25390625,0.15568862275449102,2.63671875,0.046875,0.02874251497005988,2.6640625,0.07421875,0.045508982035928146
444,MVA,5,3.177734375,2.94140625,-3.26171875,0.236328125,2.8671875,-0.07421875,-0.3140495867768595,2.84765625,-0.09375,-0.39669421487603307,2.875,-0.06640625,-0.2809917355371901,2.859375,-0.08203125,-0.34710743801652894,2.7734375,-0.16796875,-0.7107438016528925,2.875,-0.06640625,-0.2809917355371901,2.86328125,-0.078125,-0.3305785123966942
445,NOS,1,3.0625,2.79296875,1.4453125,0.26953125,2.810546875,0.017578125,0.06521739130434782,2.826171875,0.033203125,0.12318840579710146,2.80859375,0.015625,0.057971014492753624,2.845703125,0.052734375,0.1956521739130435,2.798828125,0.005859375,0.021739130434782608,2.775390625,-0.017578125,-0.06521739130434782,2.78515625,-0.0078125,-0.028985507246376812
446,NOS,2,2.83203125,2.5234375,1.0625,0.30859375,2.51953125,-0.00390625,-0.012658227848101266,2.5078125,-0.015625,-0.05063291139240506,2.494140625,-0.029296875,-0.0949367088607595,2.482421875,-0.041015625,-0.13291139240506328,2.53125,0.0078125,0.02531645569620253,2.498046875,-0.025390625,-0.08227848101265822,2.51953125,-0.00390625,-0.012658227848101266
447,NOS,3,2.701171875,2.587890625,1.01953125,0.11328125,2.5546875,-0.033203125,-0.29310344827586204,2.58984375,0.001953125,0.017241379310344827,2.619140625,0.03125,0.27586206896551724,2.572265625,-0.015625,-0.13793103448275862,2.521484375,-0.06640625,-0.5862068965517241,2.6171875,0.029296875,0.25862068965517243,2.587890625,0.0,0.0
448,NOS,4,3.6123046875,3.0234375,0.943359375,0.5888671875,2.990234375,-0.033203125,-0.05638474295190713,2.9453125,-0.078125,-0.13266998341625208,3.021484375,-0.001953125,-0.003316749585406302,2.9921875,-0.03125,-0.05306799336650083,3.234375,0.2109375,0.3582089552238806,2.9765625,-0.046875,-0.07960199004975124,2.990234375,-0.033203125,-0.05638474295190713
449,NOS,5,2.994140625,3.01171875,1.16015625,-0.017578125,2.978515625,-0.033203125,1.8888888888888888,3.0078125,-0.00390625,0.2222222222222222,2.970703125,-0.041015625,2.3333333333333335,2.99609375,-0.015625,0.8888888888888888,3.013671875,0.001953125,-0.1111111111111111,2.962890625,-0.048828125,2.7777777777777777,2.974609375,-0.037109375,2.111111111111111
450,NPH,1,2.31640625,2.171875,-0.12109375,0.14453125,2.19140625,0.01953125,0.13513513513513514,2.1640625,-0.0078125,-0.05405405405405406,2.1953125,0.0234375,0.16216216216216217,2.18359375,0.01171875,0.08108108108108109,2.1171875,-0.0546875,-0.3783783783783784,2.15234375,-0.01953125,-0.13513513513513514,2.171875,0.0,0.0
451,NPH,2,2.25,2.07421875,0.01953125,0.17578125,2.06640625,-0.0078125,-0.044444444444444446,2.05078125,-0.0234375,-0.13333333333333333,2.05078125,-0.0234375,-0.13333333333333333,2.09375,0.01953125,0.1111111111111111,2.015625,-0.05859375,-0.3333333333333333,2.05078125,-0.0234375,-0.13333333333333333,2.05078125,-0.0234375,-0.13333333333333333
452,NPH,3,2.421875,2.033203125,0.46484375,0.388671875,2.029296875,-0.00390625,-0.010050251256281407,2.046875,0.013671875,0.035175879396984924,2.009765625,-0.0234375,-0.06030150753768844,2.009765625,-0.0234375,-0.06030150753768844,2.146484375,0.11328125,0.2914572864321608,2.013671875,-0.01953125,-0.05025125628140704,2.015625,-0.017578125,-0.04522613065326633
453,NPH,4,2.646484375,2.296875,-0.05859375,0.349609375,2.28125,-0.015625,-0.0446927374301676,2.296875,0.0,0.0,2.296875,0.0,0.0,2.30078125,0.00390625,0.0111731843575419,2.1328125,-0.1640625,-0.4692737430167598,2.31640625,0.01953125,0.055865921787709494,2.29296875,-0.00390625,-0.0111731843575419
454,NPH,5,2.435546875,2.3125,0.046875,0.123046875,2.30078125,-0.01171875,-0.09523809523809523,2.32421875,0.01171875,0.09523809523809523,2.3125,0.0,0.0,2.30078125,-0.01171875,-0.09523809523809523,2.3125,0.0,0.0,2.28515625,-0.02734375,-0.2222222222222222,2.28515625,-0.02734375,-0.2222222222222222
455,NST,1,5.607421875,6.2109375,-1.2421875,-0.603515625,6.37109375,0.16015625,-0.26537216828478966,6.171875,-0.0390625,0.06472491909385113,6.234375,0.0234375,-0.038834951456310676,6.1640625,-0.046875,0.07766990291262135,6.16796875,-0.04296875,0.07119741100323625,6.25,0.0390625,-0.06472491909385113,6.203125,-0.0078125,0.012944983818770227
456,NST,2,5.3984375,5.71484375,-1.97265625,-0.31640625,5.80859375,0.09375,-0.2962962962962963,5.89453125,0.1796875,-0.5679012345679012,5.68359375,-0.03125,0.09876543209876543,5.77734375,0.0625,-0.19753086419753085,3.7734375,-1.94140625,6.135802469135802,5.73828125,0.0234375,-0.07407407407407407,5.77734375,0.0625,-0.19753086419753085
457,NST,3,6.298828125,6.69921875,-2.03515625,-0.400390625,6.9609375,0.26171875,-0.6536585365853659,6.6796875,-0.01953125,0.04878048780487805,6.8125,0.11328125,-0.28292682926829266,6.5625,-0.13671875,0.34146341463414637,4.71875,-1.98046875,4.946341463414634,6.81640625,0.1171875,-0.2926829268292683,6.7265625,0.02734375,-0.06829268292682927
458,NST,4,4.82421875,5.63671875,-1.625,-0.8125,5.51953125,-0.1171875,0.14423076923076922,5.5546875,-0.08203125,0.10096153846153846,5.6015625,-0.03515625,0.04326923076923077,5.640625,0.00390625,-0.004807692307692308,4.01171875,-1.625,2.0,5.5078125,-0.12890625,0.15865384615384615,5.640625,0.00390625,-0.004807692307692308
459,NST,5,5.818359375,6.20703125,-1.5234375,-0.388671875,6.3203125,0.11328125,-0.2914572864321608,6.1484375,-0.05859375,0.1507537688442211,6.19921875,-0.0078125,0.020100502512562814,6.0390625,-0.16796875,0.4321608040201005,4.17578125,-2.03125,5.226130653266332,6.375,0.16796875,-0.4321608040201005,6.2421875,0.03515625,-0.09045226130653267
460,NTD,1,3.1484375,3.25390625,0.453125,-0.10546875,3.23046875,-0.0234375,0.2222222222222222,3.265625,0.01171875,-0.1111111111111111,3.234375,-0.01953125,0.18518518518518517,3.3203125,0.06640625,-0.6296296296296297,3.203125,-0.05078125,0.48148148148148145,3.234375,-0.01953125,0.18518518518518517,3.265625,0.01171875,-0.1111111111111111
461,NTD,2,2.86328125,2.35546875,0.0,0.5078125,2.35546875,0.0,0.0,2.33984375,-0.015625,-0.03076923076923077,2.2890625,-0.06640625,-0.13076923076923078,2.30078125,-0.0546875,-0.1076923076923077,2.796875,0.44140625,0.8692307692307693,2.37890625,0.0234375,0.046153846153846156,2.3671875,0.01171875,0.023076923076923078
462,NTD,3,2.8828125,2.8984375,-0.0078125,-0.015625,2.9296875,0.03125,-2.0,2.85546875,-0.04296875,2.75,2.828125,-0.0703125,4.5,2.83203125,-0.06640625,4.25,3.4296875,0.53125,-34.0,2.859375,-0.0390625,2.5,2.9375,0.0390625,-2.5
463,NTD,4,2.66796875,3.078125,-1.728515625,-0.41015625,3.01171875,-0.06640625,0.1619047619047619,3.0234375,-0.0546875,0.13333333333333333,3.05859375,-0.01953125,0.047619047619047616,2.96484375,-0.11328125,0.2761904761904762,3.1015625,0.0234375,-0.05714285714285714,3.07421875,-0.00390625,0.009523809523809525,3.05859375,-0.01953125,0.047619047619047616
464,NTD,5,2.765625,2.296875,-0.21875,0.46875,2.3125,0.015625,0.03333333333333333,2.3359375,0.0390625,0.08333333333333333,2.375,0.078125,0.16666666666666666,2.3046875,0.0078125,0.016666666666666666,3.14453125,0.84765625,1.8083333333333333,2.3671875,0.0703125,0.15,2.35546875,0.05859375,0.125
465,OCD,1,1.3984375,1.376953125,-1.68310546875,0.021484375,1.3515625,-0.025390625,-1.1818181818181819,1.369140625,-0.0078125,-0.36363636363636365,1.357421875,-0.01953125,-0.9090909090909091,1.375,-0.001953125,-0.09090909090909091,1.20703125,-0.169921875,-7.909090909090909,1.302734375,-0.07421875,-3.4545454545454546,1.34765625,-0.029296875,-1.3636363636363635
466,OCD,2,1.6279296875,1.5625,-0.4833984375,0.0654296875,1.587890625,0.025390625,0.3880597014925373,1.568359375,0.005859375,0.08955223880597014,1.5703125,0.0078125,0.11940298507462686,1.560546875,-0.001953125,-0.029850746268656716,1.294921875,-0.267578125,-4.08955223880597,1.5234375,-0.0390625,-0.5970149253731343,1.560546875,-0.001953125,-0.029850746268656716
467,OCD,3,1.212890625,1.02734375,-0.71484375,0.185546875,0.99609375,-0.03125,-0.16842105263157894,1.015625,-0.01171875,-0.06315789473684211,1.015625,-0.01171875,-0.06315789473684211,1.015625,-0.01171875,-0.06315789473684211,0.7890625,-0.23828125,-1.2842105263157895,1.0,-0.02734375,-0.14736842105263157,1.0078125,-0.01953125,-0.10526315789473684
468,OCD,4,1.00390625,1.046875,-1.1181640625,-0.04296875,1.0390625,-0.0078125,0.18181818181818182,1.04296875,-0.00390625,0.09090909090909091,1.02734375,-0.01953125,0.45454545454545453,1.02734375,-0.01953125,0.45454545454545453,0.78515625,-0.26171875,6.090909090909091,0.984375,-0.0625,1.4545454545454546,1.03125,-0.015625,0.36363636363636365
469,OCD,5,1.71484375,1.42578125,-1.0361328125,0.2890625,1.453125,0.02734375,0.0945945945945946,1.453125,0.02734375,0.0945945945945946,1.453125,0.02734375,0.0945945945945946,1.45703125,0.03125,0.10810810810810811,1.39453125,-0.03125,-0.10810810810810811,1.41015625,-0.015625,-0.05405405405405406,1.46875,0.04296875,0.14864864864864866
470,OTC,1,1.455078125,1.171875,-0.201171875,0.283203125,1.1640625,-0.0078125,-0.027586206896551724,1.15625,-0.015625,-0.05517241379310345,1.12109375,-0.05078125,-0.1793103448275862,1.171875,0.0,0.0,1.171875,0.0,0.0,1.14453125,-0.02734375,-0.09655172413793103,1.12109375,-0.05078125,-0.1793103448275862
471,OTC,2,1.3046875,1.23828125,-0.3359375,0.06640625,1.22265625,-0.015625,-0.23529411764705882,1.23828125,0.0,0.0,1.23828125,0.0,0.0,1.25,0.01171875,0.17647058823529413,1.25390625,0.015625,0.23529411764705882,1.25,0.01171875,0.17647058823529413,1.203125,-0.03515625,-0.5294117647058824
472,OTC,3,1.25,1.15234375,-0.2578125,0.09765625,1.1484375,-0.00390625,-0.04,1.1484375,-0.00390625,-0.04,1.140625,-0.01171875,-0.12,1.140625,-0.01171875,-0.12,1.1328125,-0.01953125,-0.2,1.109375,-0.04296875,-0.44,1.11328125,-0.0390625,-0.4
473,OTC,4,1.1640625,1.07421875,0.03515625,0.08984375,1.09375,0.01953125,0.21739130434782608,1.09375,0.01953125,0.21739130434782608,1.109375,0.03515625,0.391304347826087,1.11328125,0.0390625,0.43478260869565216,1.0625,-0.01171875,-0.13043478260869565,1.09375,0.01953125,0.21739130434782608,1.11328125,0.0390625,0.43478260869565216
474,OTC,5,1.30859375,1.16796875,0.03125,0.140625,1.1953125,0.02734375,0.19444444444444445,1.20703125,0.0390625,0.2777777777777778,1.1796875,0.01171875,0.08333333333333333,1.20703125,0.0390625,0.2777777777777778,1.21484375,0.046875,0.3333333333333333,1.1953125,0.02734375,0.19444444444444445,1.15625,-0.01171875,-0.08333333333333333
475,PAC,1,5.376953125,5.09375,-0.39453125,0.283203125,5.126953125,0.033203125,0.11724137931034483,5.130859375,0.037109375,0.1310344827586207,5.09375,0.0,0.0,5.158203125,0.064453125,0.22758620689655173,5.072265625,-0.021484375,-0.07586206896551724,5.103515625,0.009765625,0.034482758620689655,5.103515625,0.009765625,0.034482758620689655
476,PAC,2,5.49609375,5.55859375,2.5234375,-0.0625,5.56640625,0.0078125,-0.125,5.52734375,-0.03125,0.5,5.51171875,-0.046875,0.75,5.5625,0.00390625,-0.0625,5.4921875,-0.06640625,1.0625,5.48046875,-0.078125,1.25,5.578125,0.01953125,-0.3125
477,PAC,3,5.037109375,5.796875,-0.2421875,-0.759765625,5.796875,0.0,-0.0,5.765625,-0.03125,0.04113110539845758,5.765625,-0.03125,0.04113110539845758,5.59375,-0.203125,0.26735218508997427,5.29296875,-0.50390625,0.6632390745501285,5.734375,-0.0625,0.08226221079691516,5.796875,0.0,-0.0
478,PAC,4,5.466796875,4.99609375,-0.1484375,0.470703125,4.9140625,-0.08203125,-0.17427385892116182,4.98046875,-0.015625,-0.03319502074688797,4.98046875,-0.015625,-0.03319502074688797,5.09375,0.09765625,0.2074688796680498,4.8984375,-0.09765625,-0.2074688796680498,4.9765625,-0.01953125,-0.04149377593360996,4.96875,-0.02734375,-0.058091286307053944
479,PAC,5,5.47265625,5.759765625,-0.60546875,-0.287109375,5.783203125,0.0234375,-0.08163265306122448,5.787109375,0.02734375,-0.09523809523809523,5.81640625,0.056640625,-0.19727891156462585,5.646484375,-0.11328125,0.3945578231292517,5.32421875,-0.435546875,1.5170068027210883,5.783203125,0.0234375,-0.08163265306122448,5.759765625,0.0,-0.0
480,PCA,1,2.748046875,2.0546875,-0.361328125,0.693359375,2.0703125,0.015625,0.022535211267605635,2.0625,0.0078125,0.011267605633802818,2.0546875,0.0,0.0,2.046875,-0.0078125,-0.011267605633802818,2.24609375,0.19140625,0.27605633802816903,2.10546875,0.05078125,0.07323943661971831,2.0546875,0.0,0.0
481,PCA,2,1.9375,1.7890625,-0.01953125,0.1484375,1.80078125,0.01171875,0.07894736842105263,1.828125,0.0390625,0.2631578947368421,1.796875,0.0078125,0.05263157894736842,1.7890625,0.0,0.0,2.03125,0.2421875,1.631578947368421,1.7890625,0.0,0.0,1.79296875,0.00390625,0.02631578947368421
482,PCA,3,2.21875,2.08984375,0.8125,0.12890625,2.10546875,0.015625,0.12121212121212122,2.0546875,-0.03515625,-0.2727272727272727,2.06640625,-0.0234375,-0.18181818181818182,2.0703125,-0.01953125,-0.15151515151515152,1.984375,-0.10546875,-0.8181818181818182,2.03125,-0.05859375,-0.45454545454545453,2.0703125,-0.01953125,-0.15151515151515152
483,PCA,4,2.08203125,2.0390625,0.015625,0.04296875,2.09765625,0.05859375,1.3636363636363635,2.02734375,-0.01171875,-0.2727272727272727,2.04296875,0.00390625,0.09090909090909091,1.9921875,-0.046875,-1.0909090909090908,2.24609375,0.20703125,4.818181818181818,2.015625,-0.0234375,-0.5454545454545454,1.99609375,-0.04296875,-1.0
484,PCA,5,1.6015625,1.3046875,-1.05859375,0.296875,1.296875,-0.0078125,-0.02631578947368421,1.296875,-0.0078125,-0.02631578947368421,1.34375,0.0390625,0.13157894736842105,1.3203125,0.015625,0.05263157894736842,1.4765625,0.171875,0.5789473684210527,1.328125,0.0234375,0.07894736842105263,1.328125,0.0234375,0.07894736842105263
485,PCI,1,2.005859375,1.359375,-1.474609375,0.646484375,1.50390625,0.14453125,0.22356495468277945,1.41796875,0.05859375,0.09063444108761329,1.359375,0.0,0.0,1.41796875,0.05859375,0.09063444108761329,1.4453125,0.0859375,0.13293051359516617,1.3828125,0.0234375,0.03625377643504532,1.3671875,0.0078125,0.012084592145015106
486,PCI,2,1.767578125,1.8203125,0.44921875,-0.052734375,1.8203125,0.0,-0.0,1.8203125,0.0,-0.0,1.82421875,0.00390625,-0.07407407407407407,1.84375,0.0234375,-0.4444444444444444,1.76953125,-0.05078125,0.9629629629629629,1.85546875,0.03515625,-0.6666666666666666,1.83984375,0.01953125,-0.37037037037037035
487,PCI,3,1.91015625,2.18359375,0.08203125,-0.2734375,2.201171875,0.017578125,-0.06428571428571428,2.18359375,0.0,-0.0,2.18359375,0.0,-0.0,2.18359375,0.0,-0.0,2.091796875,-0.091796875,0.3357142857142857,2.216796875,0.033203125,-0.12142857142857143,2.205078125,0.021484375,-0.07857142857142857
488,PCI,4,1.69140625,2.1953125,0.97265625,-0.50390625,2.16015625,-0.03515625,0.06976744186046512,2.203125,0.0078125,-0.015503875968992248,2.1953125,0.0,-0.0,2.16015625,-0.03515625,0.06976744186046512,2.109375,-0.0859375,0.17054263565891473,2.1796875,-0.015625,0.031007751937984496,2.1953125,0.0,-0.0
489,PCI,5,1.837890625,1.822265625,1.0859375,0.015625,1.8203125,-0.001953125,-0.125,1.8203125,-0.001953125,-0.125,1.82421875,0.001953125,0.125,1.8203125,-0.001953125,-0.125,1.796875,-0.025390625,-1.625,1.84375,0.021484375,1.375,1.8046875,-0.017578125,-1.125
490,PCR,1,2.54296875,2.548828125,0.501953125,-0.005859375,2.55078125,0.001953125,-0.3333333333333333,2.55859375,0.009765625,-1.6666666666666667,2.60546875,0.056640625,-9.666666666666666,2.564453125,0.015625,-2.6666666666666665,2.583984375,0.03515625,-6.0,2.521484375,-0.02734375,4.666666666666667,2.56640625,0.017578125,-3.0
491,PCR,2,2.529296875,2.3671875,1.17578125,0.162109375,2.37890625,0.01171875,0.07228915662650602,2.36328125,-0.00390625,-0.024096385542168676,2.3671875,0.0,0.0,2.35546875,-0.01171875,-0.07228915662650602,2.46484375,0.09765625,0.6024096385542169,2.3671875,0.0,0.0,2.3828125,0.015625,0.0963855421686747
492,PCR,3,2.759765625,2.69921875,0.568359375,0.060546875,2.708984375,0.009765625,0.16129032258064516,2.681640625,-0.017578125,-0.2903225806451613,2.7109375,0.01171875,0.1935483870967742,2.70703125,0.0078125,0.12903225806451613,2.724609375,0.025390625,0.41935483870967744,2.681640625,-0.017578125,-0.2903225806451613,2.697265625,-0.001953125,-0.03225806451612903
493,PCR,4,3.0341796875,2.662109375,0.4296875,0.3720703125,2.677734375,0.015625,0.04199475065616798,2.6953125,0.033203125,0.08923884514435695,2.67578125,0.013671875,0.03674540682414698,2.681640625,0.01953125,0.05249343832020997,2.783203125,0.12109375,0.32545931758530183,2.677734375,0.015625,0.04199475065616798,2.677734375,0.015625,0.04199475065616798
494,PCR,5,2.4765625,2.4375,0.3046875,0.0390625,2.41015625,-0.02734375,-0.7,2.41015625,-0.02734375,-0.7,2.41796875,-0.01953125,-0.5,2.4296875,-0.0078125,-0.2,2.5703125,0.1328125,3.4,2.42578125,-0.01171875,-0.3,2.421875,-0.015625,-0.4
495,PDA,1,3.947265625,4.037109375,-1.8828125,-0.08984375,4.005859375,-0.03125,0.34782608695652173,4.0078125,-0.029296875,0.32608695652173914,4.0390625,0.001953125,-0.021739130434782608,4.0390625,0.001953125,-0.021739130434782608,4.115234375,0.078125,-0.8695652173913043,3.98828125,-0.048828125,0.5434782608695652,4.00390625,-0.033203125,0.3695652173913043
496,PDA,2,3.984375,4.03515625,1.12890625,-0.05078125,4.033203125,-0.001953125,0.038461538461538464,4.03515625,0.0,-0.0,4.03515625,0.0,-0.0,4.0234375,-0.01171875,0.23076923076923078,4.12890625,0.09375,-1.8461538461538463,4.015625,-0.01953125,0.38461538461538464,4.0390625,0.00390625,-0.07692307692307693
497,PDA,3,3.732421875,3.859375,1.49609375,-0.126953125,3.8359375,-0.0234375,0.18461538461538463,3.85546875,-0.00390625,0.03076923076923077,3.87109375,0.01171875,-0.09230769230769231,3.8359375,-0.0234375,0.18461538461538463,3.80859375,-0.05078125,0.4,3.85546875,-0.00390625,0.03076923076923077,3.87109375,0.01171875,-0.09230769230769231
498,PDA,4,3.916015625,3.78125,-1.306640625,0.134765625,3.7421875,-0.0390625,-0.2898550724637681,3.7109375,-0.0703125,-0.5217391304347826,3.7109375,-0.0703125,-0.5217391304347826,3.74609375,-0.03515625,-0.2608695652173913,3.828125,0.046875,0.34782608695652173,3.7265625,-0.0546875,-0.4057971014492754,3.7421875,-0.0390625,-0.2898550724637681
499,PDA,5,3.673828125,3.287109375,0.62890625,0.38671875,3.337890625,0.05078125,0.13131313131313133,3.3359375,0.048828125,0.12626262626262627,3.34765625,0.060546875,0.15656565656565657,3.3359375,0.048828125,0.12626262626262627,3.396484375,0.109375,0.2828282828282828,3.302734375,0.015625,0.04040404040404041,3.3046875,0.017578125,0.045454545454545456
500,PEG,1,1.08203125,0.9609375,-1.625,0.12109375,0.9609375,0.0,0.0,0.9453125,-0.015625,-0.12903225806451613,0.953125,-0.0078125,-0.06451612903225806,0.953125,-0.0078125,-0.06451612903225806,0.982421875,0.021484375,0.1774193548387097,0.9609375,0.0,0.0,0.95703125,-0.00390625,-0.03225806451612903
501,PEG,2,1.421875,1.619140625,0.271484375,-0.197265625,1.60546875,-0.013671875,0.06930693069306931,1.607421875,-0.01171875,0.0594059405940594,1.603515625,-0.015625,0.07920792079207921,1.62890625,0.009765625,-0.04950495049504951,1.6796875,0.060546875,-0.3069306930693069,1.60546875,-0.013671875,0.06930693069306931,1.60546875,-0.013671875,0.06930693069306931
502,PEG,3,1.322265625,1.5625,-1.03515625,-0.240234375,1.576171875,0.013671875,-0.056910569105691054,1.548828125,-0.013671875,0.056910569105691054,1.537109375,-0.025390625,0.10569105691056911,1.5625,0.0,-0.0,1.55078125,-0.01171875,0.04878048780487805,1.568359375,0.005859375,-0.024390243902439025,1.546875,-0.015625,0.06504065040650407
503,PEG,4,1.283203125,1.623046875,0.138671875,-0.33984375,1.666015625,0.04296875,-0.12643678160919541,1.66015625,0.037109375,-0.10919540229885058,1.65234375,0.029296875,-0.08620689655172414,1.6640625,0.041015625,-0.1206896551724138,1.654296875,0.03125,-0.09195402298850575,1.6328125,0.009765625,-0.028735632183908046,1.673828125,0.05078125,-0.14942528735632185
504,PEG,5,1.224609375,1.513671875,0.5390625,-0.2890625,1.53125,0.017578125,-0.060810810810810814,1.541015625,0.02734375,-0.0945945945945946,1.55078125,0.037109375,-0.12837837837837837,1.52734375,0.013671875,-0.0472972972972973,1.515625,0.001953125,-0.006756756756756757,1.52734375,0.013671875,-0.0472972972972973,1.548828125,0.03515625,-0.12162162162162163
505,PET,1,1.658203125,1.861328125,-0.279296875,-0.203125,1.876953125,0.015625,-0.07692307692307693,1.88671875,0.025390625,-0.125,1.8388671875,-0.0224609375,0.11057692307692307,1.849609375,-0.01171875,0.057692307692307696,1.8076171875,-0.0537109375,0.2644230769230769,1.8466796875,-0.0146484375,0.07211538461538461,1.865234375,0.00390625,-0.019230769230769232
506,PET,2,2.05908203125,2.1025390625,-0.2353515625,-0.04345703125,2.103515625,0.0009765625,-0.02247191011235955,2.0732421875,-0.029296875,0.6741573033707865,2.1025390625,0.0,-0.0,2.1005859375,-0.001953125,0.0449438202247191,1.888671875,-0.2138671875,4.921348314606742,2.0859375,-0.0166015625,0.38202247191011235,2.1005859375,-0.001953125,0.0449438202247191
507,PET,3,1.4638671875,1.505859375,-0.923583984375,-0.0419921875,1.501953125,-0.00390625,0.09302325581395349,1.501953125,-0.00390625,0.09302325581395349,1.484375,-0.021484375,0.5116279069767442,1.48828125,-0.017578125,0.4186046511627907,1.505859375,0.0,-0.0,1.51953125,0.013671875,-0.32558139534883723,1.458984375,-0.046875,1.1162790697674418
508,PET,4,2.0654296875,2.0,-0.84375,0.0654296875,1.9892578125,-0.0107421875,-0.16417910447761194,2.005859375,0.005859375,0.08955223880597014,1.982421875,-0.017578125,-0.26865671641791045,1.966796875,-0.033203125,-0.5074626865671642,1.8046875,-0.1953125,-2.985074626865672,1.96875,-0.03125,-0.47761194029850745,1.9951171875,-0.0048828125,-0.07462686567164178
509,PET,5,1.3486328125,1.3046875,-0.234375,0.0439453125,1.3046875,0.0,0.0,1.30078125,-0.00390625,-0.08888888888888889,1.296875,-0.0078125,-0.17777777777777778,1.30859375,0.00390625,0.08888888888888889,1.3828125,0.078125,1.7777777777777777,1.3359375,0.03125,0.7111111111111111,1.30078125,-0.00390625,-0.08888888888888889
510,PFO,1,2.083984375,2.515625,0.3046875,-0.431640625,2.54296875,0.02734375,-0.06334841628959276,2.53125,0.015625,-0.03619909502262444,2.5,-0.015625,0.03619909502262444,2.583984375,0.068359375,-0.1583710407239819,2.537109375,0.021484375,-0.049773755656108594,2.53125,0.015625,-0.03619909502262444,2.5,-0.015625,0.03619909502262444
511,PFO,2,2.234375,2.921875,0.375,-0.6875,2.921875,0.0,-0.0,2.921875,0.0,-0.0,2.9765625,0.0546875,-0.07954545454545454,2.984375,0.0625,-0.09090909090909091,2.93359375,0.01171875,-0.017045454545454544,2.953125,0.03125,-0.045454545454545456,2.921875,0.0,-0.0
512,PFO,3,1.953125,2.1875,0.1171875,-0.234375,2.19921875,0.01171875,-0.05,2.21484375,0.02734375,-0.11666666666666667,2.1484375,-0.0390625,0.16666666666666666,2.21484375,0.02734375,-0.11666666666666667,2.171875,-0.015625,0.06666666666666667,2.1875,0.0,-0.0,2.19921875,0.01171875,-0.05
513,PFO,4,2.126953125,2.5546875,0.6171875,-0.427734375,2.5390625,-0.015625,0.0365296803652968,2.5546875,0.0,-0.0,2.5390625,-0.015625,0.0365296803652968,2.56640625,0.01171875,-0.0273972602739726,2.4140625,-0.140625,0.3287671232876712,2.54296875,-0.01171875,0.0273972602739726,2.55859375,0.00390625,-0.0091324200913242
514,PFO,5,2.15625,2.30859375,0.65625,-0.15234375,2.26171875,-0.046875,0.3076923076923077,2.28125,-0.02734375,0.1794871794871795,2.24609375,-0.0625,0.41025641025641024,2.30078125,-0.0078125,0.05128205128205128,2.2265625,-0.08203125,0.5384615384615384,2.28515625,-0.0234375,0.15384615384615385,2.30078125,-0.0078125,0.05128205128205128
515,PIC,1,3.26171875,2.7109375,-0.53125,0.55078125,2.703125,-0.0078125,-0.014184397163120567,2.7265625,0.015625,0.028368794326241134,2.71875,0.0078125,0.014184397163120567,2.671875,-0.0390625,-0.07092198581560284,3.046875,0.3359375,0.6099290780141844,2.71875,0.0078125,0.014184397163120567,2.703125,-0.0078125,-0.014184397163120567
516,PIC,2,3.2421875,-0.078125,-2.7421875,3.3203125,-0.046875,0.03125,0.009411764705882352,-0.046875,0.03125,0.009411764705882352,-0.046875,0.03125,0.009411764705882352,-0.1875,-0.109375,-0.03294117647058824,-0.234375,-0.15625,-0.047058823529411764,-0.046875,0.03125,0.009411764705882352,-0.0625,0.015625,0.004705882352941176
517,PIC,3,3.26171875,3.26953125,-1.541015625,-0.0078125,3.28515625,0.015625,-2.0,3.24609375,-0.0234375,3.0,3.25,-0.01953125,2.5,3.33984375,0.0703125,-9.0,3.1875,-0.08203125,10.5,3.28515625,0.015625,-2.0,3.28515625,0.015625,-2.0
518,PIC,4,3.1953125,2.3984375,-0.6171875,0.796875,2.3828125,-0.015625,-0.0196078431372549,2.3828125,-0.015625,-0.0196078431372549,2.34375,-0.0546875,-0.06862745098039216,2.4296875,0.03125,0.0392156862745098,2.99609375,0.59765625,0.75,2.3984375,0.0,0.0,2.34375,-0.0546875,-0.06862745098039216
519,PIC,5,3.171875,2.78125,0.54296875,0.390625,2.73828125,-0.04296875,-0.11,2.72265625,-0.05859375,-0.15,2.72265625,-0.05859375,-0.15,2.6875,-0.09375,-0.24,2.77734375,-0.00390625,-0.01,2.71484375,-0.06640625,-0.17,2.69140625,-0.08984375,-0.23
520,PID,1,3.8515625,3.8984375,0.4921875,-0.046875,3.89453125,-0.00390625,0.08333333333333333,3.9140625,0.015625,-0.3333333333333333,3.8671875,-0.03125,0.6666666666666666,3.73046875,-0.16796875,3.5833333333333335,4.09765625,0.19921875,-4.25,3.8125,-0.0859375,1.8333333333333333,3.8828125,-0.015625,0.3333333333333333
521,PID,2,3.3515625,3.80859375,0.3671875,-0.45703125,3.8203125,0.01171875,-0.02564102564102564,3.91015625,0.1015625,-0.2222222222222222,3.82421875,0.015625,-0.03418803418803419,3.67578125,-0.1328125,0.2905982905982906,3.81640625,0.0078125,-0.017094017094017096,3.8046875,-0.00390625,0.008547008547008548,3.80859375,0.0,-0.0
522,PID,3,4.21875,3.8671875,-0.0625,0.3515625,3.84375,-0.0234375,-0.06666666666666667,3.86328125,-0.00390625,-0.011111111111111112,3.8359375,-0.03125,-0.08888888888888889,3.921875,0.0546875,0.15555555555555556,3.99609375,0.12890625,0.36666666666666664,3.82421875,-0.04296875,-0.12222222222222222,3.8359375,-0.03125,-0.08888888888888889
523,PID,4,4.08203125,3.94140625,-0.17578125,0.140625,3.9453125,0.00390625,0.027777777777777776,3.96484375,0.0234375,0.16666666666666666,4.0078125,0.06640625,0.4722222222222222,4.01953125,0.078125,0.5555555555555556,3.8203125,-0.12109375,-0.8611111111111112,3.92578125,-0.015625,-0.1111111111111111,3.9921875,0.05078125,0.3611111111111111
524,PID,5,3.72265625,3.85546875,-0.95703125,-0.1328125,3.82421875,-0.03125,0.23529411764705882,3.828125,-0.02734375,0.20588235294117646,3.7890625,-0.06640625,0.5,3.75,-0.10546875,0.7941176470588235,3.5546875,-0.30078125,2.264705882352941,3.828125,-0.02734375,0.20588235294117646,3.88671875,0.03125,-0.23529411764705882
525,PIH,1,0.703125,0.46875,-4.1298828125,0.234375,0.4453125,-0.0234375,-0.1,0.453125,-0.015625,-0.06666666666666667,0.4765625,0.0078125,0.03333333333333333,0.5078125,0.0390625,0.16666666666666666,0.6015625,0.1328125,0.5666666666666667,0.4375,-0.03125,-0.13333333333333333,0.4609375,-0.0078125,-0.03333333333333333
526,PIH,2,1.1484375,0.828125,-1.7705078125,0.3203125,0.7890625,-0.0390625,-0.12195121951219512,0.8125,-0.015625,-0.04878048780487805,0.7890625,-0.0390625,-0.12195121951219512,0.8046875,-0.0234375,-0.07317073170731707,0.734375,-0.09375,-0.2926829268292683,0.859375,0.03125,0.0975609756097561,0.8046875,-0.0234375,-0.07317073170731707
527,PIH,3,0.625,0.3203125,-2.83984375,0.3046875,0.3125,-0.0078125,-0.02564102564102564,0.328125,0.0078125,0.02564102564102564,0.3203125,0.0,0.0,0.2890625,-0.03125,-0.10256410256410256,0.3828125,0.0625,0.20512820512820512,0.3125,-0.0078125,-0.02564102564102564,0.3203125,0.0,0.0
528,PIH,4,0.453125,0.2109375,-2.07421875,0.2421875,0.1953125,-0.015625,-0.06451612903225806,0.203125,-0.0078125,-0.03225806451612903,0.2578125,0.046875,0.1935483870967742,0.1796875,-0.03125,-0.12903225806451613,0.1953125,-0.015625,-0.06451612903225806,0.2578125,0.046875,0.1935483870967742,0.2578125,0.046875,0.1935483870967742
529,PIH,5,0.890625,0.4765625,-2.830078125,0.4140625,0.5,0.0234375,0.05660377358490566,0.484375,0.0078125,0.018867924528301886,0.484375,0.0078125,0.018867924528301886,0.5546875,0.078125,0.18867924528301888,0.609375,0.1328125,0.32075471698113206,0.484375,0.0078125,0.018867924528301886,0.46875,-0.0078125,-0.018867924528301886
530,PIP,1,4.068359375,3.8359375,0.01953125,0.232421875,3.845703125,0.009765625,0.04201680672268908,3.845703125,0.009765625,0.04201680672268908,3.86328125,0.02734375,0.11764705882352941,3.876953125,0.041015625,0.17647058823529413,3.900390625,0.064453125,0.2773109243697479,3.87890625,0.04296875,0.18487394957983194,3.86328125,0.02734375,0.11764705882352941
531,PIP,2,3.06640625,2.943359375,0.3515625,0.123046875,2.98828125,0.044921875,0.36507936507936506,2.962890625,0.01953125,0.15873015873015872,2.978515625,0.03515625,0.2857142857142857,2.9765625,0.033203125,0.2698412698412698,2.982421875,0.0390625,0.31746031746031744,2.9609375,0.017578125,0.14285714285714285,2.9765625,0.033203125,0.2698412698412698
532,PIP,3,3.142578125,3.333984375,0.37890625,-0.19140625,3.3203125,-0.013671875,0.07142857142857142,3.333984375,0.0,-0.0,3.3125,-0.021484375,0.11224489795918367,3.333984375,0.0,-0.0,3.27734375,-0.056640625,0.29591836734693877,3.333984375,0.0,-0.0,3.333984375,0.0,-0.0
533,PIP,4,2.984375,3.19921875,-0.6875,-0.21484375,3.23046875,0.03125,-0.14545454545454545,3.2109375,0.01171875,-0.05454545454545454,3.1953125,-0.00390625,0.01818181818181818,3.251953125,0.052734375,-0.24545454545454545,3.2568359375,0.0576171875,-0.2681818181818182,3.2265625,0.02734375,-0.12727272727272726,3.2421875,0.04296875,-0.2
534,PIP,5,3.587890625,3.86328125,0.171875,-0.275390625,3.86328125,0.0,-0.0,3.83984375,-0.0234375,0.0851063829787234,3.86328125,0.0,-0.0,3.90234375,0.0390625,-0.14184397163120568,3.79296875,-0.0703125,0.2553191489361702,3.87109375,0.0078125,-0.028368794326241134,3.89453125,0.03125,-0.11347517730496454
535,PMD,1,3.57763671875,3.5869140625,-0.255859375,-0.00927734375,3.587890625,0.0009765625,-0.10526315789473684,3.58544921875,-0.00146484375,0.15789473684210525,3.5908203125,0.00390625,-0.42105263157894735,3.5908203125,0.00390625,-0.42105263157894735,3.34423828125,-0.24267578125,26.157894736842106,3.576171875,-0.0107421875,1.1578947368421053,3.6220703125,0.03515625,-3.789473684210526
536,PMD,2,2.29443359375,0.814453125,-0.51953125,1.47998046875,0.77734375,-0.037109375,-0.025074232926426923,0.82421875,0.009765625,0.006598482349059716,0.818359375,0.00390625,0.0026393929396238865,0.751953125,-0.0625,-0.04223028703398218,0.724609375,-0.08984375,-0.06070603761134939,0.8359375,0.021484375,0.014516661167931376,0.833984375,0.01953125,0.013196964698119432
537,PMD,3,3.16455078125,3.16552734375,0.255859375,-0.0009765625,3.19482421875,0.029296875,-30.0,3.1826171875,0.01708984375,-17.5,3.08251953125,-0.0830078125,85.0,3.07177734375,-0.09375,96.0,2.40576171875,-0.759765625,778.0,3.07080078125,-0.0947265625,97.0,3.1513671875,-0.01416015625,14.5
538,PMD,4,2.482421875,2.0419921875,0.0234375,0.4404296875,1.9990234375,-0.04296875,-0.0975609756097561,1.99462890625,-0.04736328125,-0.10753880266075388,1.96337890625,-0.07861328125,-0.17849223946784923,1.76904296875,-0.27294921875,-0.6197339246119734,1.63671875,-0.4052734375,-0.9201773835920177,1.94775390625,-0.09423828125,-0.2139689578713969,1.9638671875,-0.078125,-0.17738359201773837
539,PMD,5,3.5029296875,3.73046875,-0.146484375,-0.2275390625,3.69873046875,-0.03173828125,0.13948497854077252,3.71484375,-0.015625,0.06866952789699571,3.71240234375,-0.01806640625,0.07939914163090128,3.69677734375,-0.03369140625,0.148068669527897,2.4111328125,-1.3193359375,5.798283261802575,3.69677734375,-0.03369140625,0.148068669527897,3.71240234375,-0.01806640625,0.07939914163090128
540,PMI,1,2.568359375,2.462890625,-0.681640625,0.10546875,2.431640625,-0.03125,-0.2962962962962963,2.45703125,-0.005859375,-0.05555555555555555,2.462890625,0.0,0.0,2.427734375,-0.03515625,-0.3333333333333333,1.908203125,-0.5546875,-5.2592592592592595,2.46484375,0.001953125,0.018518518518518517,2.4609375,-0.001953125,-0.018518518518518517
541,PMI,2,2.83984375,2.580078125,-0.181640625,0.259765625,2.580078125,0.0,0.0,2.564453125,-0.015625,-0.06015037593984962,2.5546875,-0.025390625,-0.09774436090225563,2.591796875,0.01171875,0.045112781954887216,2.5546875,-0.025390625,-0.09774436090225563,2.548828125,-0.03125,-0.12030075187969924,2.5703125,-0.009765625,-0.03759398496240601
542,PMI,3,1.796875,1.57421875,-0.755859375,0.22265625,1.578125,0.00390625,0.017543859649122806,1.6015625,0.02734375,0.12280701754385964,1.58984375,0.015625,0.07017543859649122,1.64453125,0.0703125,0.3157894736842105,1.484375,-0.08984375,-0.40350877192982454,1.59375,0.01953125,0.08771929824561403,1.609375,0.03515625,0.15789473684210525
543,PMI,4,2.513671875,1.892578125,-1.06640625,0.62109375,1.90234375,0.009765625,0.015723270440251572,1.875,-0.017578125,-0.02830188679245283,1.861328125,-0.03125,-0.050314465408805034,1.833984375,-0.05859375,-0.09433962264150944,1.505859375,-0.38671875,-0.6226415094339622,1.861328125,-0.03125,-0.050314465408805034,1.87890625,-0.013671875,-0.0220125786163522
544,PMI,5,2.42578125,2.36328125,-0.224609375,0.0625,2.38671875,0.0234375,0.375,2.37109375,0.0078125,0.125,2.37109375,0.0078125,0.125,2.345703125,-0.017578125,-0.28125,2.3515625,-0.01171875,-0.1875,2.37109375,0.0078125,0.125,2.33984375,-0.0234375,-0.375
545,PND,1,6.48046875,7.2265625,2.96484375,-0.74609375,7.18359375,-0.04296875,0.05759162303664921,7.1875,-0.0390625,0.05235602094240838,7.1875,-0.0390625,0.05235602094240838,7.21875,-0.0078125,0.010471204188481676,7.31640625,0.08984375,-0.12041884816753927,7.1640625,-0.0625,0.08376963350785341,7.1953125,-0.03125,0.041884816753926704
546,PND,2,5.90625,6.8671875,1.1328125,-0.9609375,6.8828125,0.015625,-0.016260162601626018,6.94140625,0.07421875,-0.07723577235772358,6.8671875,0.0,-0.0,6.8671875,0.0,-0.0,6.671875,-0.1953125,0.2032520325203252,6.875,0.0078125,-0.008130081300813009,6.875,0.0078125,-0.008130081300813009
547,PND,3,5.36328125,6.140625,1.3671875,-0.77734375,6.22265625,0.08203125,-0.10552763819095477,6.15625,0.015625,-0.020100502512562814,6.19140625,0.05078125,-0.06532663316582915,6.22265625,0.08203125,-0.10552763819095477,5.6171875,-0.5234375,0.6733668341708543,6.265625,0.125,-0.16080402010050251,6.16015625,0.01953125,-0.02512562814070352
548,PND,4,7.95703125,8.00390625,5.703125,-0.046875,8.10546875,0.1015625,-2.1666666666666665,8.04296875,0.0390625,-0.8333333333333334,8.0078125,0.00390625,-0.08333333333333333,8.04296875,0.0390625,-0.8333333333333334,8.36328125,0.359375,-7.666666666666667,7.92578125,-0.078125,1.6666666666666667,8.0078125,0.00390625,-0.08333333333333333
549,PND,5,6.11328125,6.3203125,-1.05078125,-0.20703125,6.390625,0.0703125,-0.33962264150943394,6.390625,0.0703125,-0.33962264150943394,6.3828125,0.0625,-0.3018867924528302,6.3828125,0.0625,-0.3018867924528302,6.23828125,-0.08203125,0.39622641509433965,6.38671875,0.06640625,-0.32075471698113206,6.3515625,0.03125,-0.1509433962264151
550,PPI,1,5.1953125,4.84765625,0.98828125,0.34765625,4.8515625,0.00390625,0.011235955056179775,4.85546875,0.0078125,0.02247191011235955,4.8828125,0.03515625,0.10112359550561797,4.8515625,0.00390625,0.011235955056179775,4.8046875,-0.04296875,-0.12359550561797752,4.8984375,0.05078125,0.14606741573033707,4.87890625,0.03125,0.0898876404494382
551,PPI,2,5.015625,4.80859375,0.34375,0.20703125,4.77734375,-0.03125,-0.1509433962264151,4.8046875,-0.00390625,-0.018867924528301886,4.80859375,0.0,0.0,4.69921875,-0.109375,-0.5283018867924528,4.6171875,-0.19140625,-0.9245283018867925,4.77734375,-0.03125,-0.1509433962264151,4.77734375,-0.03125,-0.1509433962264151
552,PPI,3,4.755859375,4.677734375,-2.41015625,0.078125,4.6640625,-0.013671875,-0.175,4.69921875,0.021484375,0.275,4.6328125,-0.044921875,-0.575,4.634765625,-0.04296875,-0.55,4.65234375,-0.025390625,-0.325,4.705078125,0.02734375,0.35,4.6328125,-0.044921875,-0.575
553,PPI,4,4.65625,4.734375,-0.4765625,-0.078125,4.734375,0.0,-0.0,4.73046875,-0.00390625,0.05,4.69140625,-0.04296875,0.55,4.73046875,-0.00390625,0.05,4.71875,-0.015625,0.2,4.73046875,-0.00390625,0.05,4.72265625,-0.01171875,0.15
554,PPI,5,4.919921875,4.70703125,1.224609375,0.212890625,4.73828125,0.03125,0.14678899082568808,4.66796875,-0.0390625,-0.1834862385321101,4.7109375,0.00390625,0.01834862385321101,4.68359375,-0.0234375,-0.11009174311926606,4.599609375,-0.107421875,-0.5045871559633027,4.69921875,-0.0078125,-0.03669724770642202,4.74609375,0.0390625,0.1834862385321101
555,PRN,1,3.23828125,2.6484375,-2.1171875,0.58984375,2.640625,-0.0078125,-0.013245033112582781,2.671875,0.0234375,0.039735099337748346,2.6875,0.0390625,0.06622516556291391,2.671875,0.0234375,0.039735099337748346,1.5625,-1.0859375,-1.8410596026490067,2.6484375,0.0,0.0,2.65625,0.0078125,0.013245033112582781
556,PRN,2,2.9609375,2.90625,-2.494140625,0.0546875,2.875,-0.03125,-0.5714285714285714,2.8828125,-0.0234375,-0.42857142857142855,2.8984375,-0.0078125,-0.14285714285714285,2.90625,0.0,0.0,1.84375,-1.0625,-19.428571428571427,2.8984375,-0.0078125,-0.14285714285714285,2.8984375,-0.0078125,-0.14285714285714285
557,PRN,3,3.5078125,1.359375,-1.3828125,2.1484375,1.375,0.015625,0.007272727272727273,1.328125,-0.03125,-0.014545454545454545,1.34375,-0.015625,-0.007272727272727273,1.359375,0.0,0.0,1.125,-0.234375,-0.10909090909090909,1.34375,-0.015625,-0.007272727272727273,1.34375,-0.015625,-0.007272727272727273
558,PRN,4,3.12109375,2.296875,-1.66015625,0.82421875,2.3125,0.015625,0.018957345971563982,2.2890625,-0.0078125,-0.009478672985781991,2.3046875,0.0078125,0.009478672985781991,2.3203125,0.0234375,0.02843601895734597,1.296875,-1.0,-1.2132701421800949,2.2890625,-0.0078125,-0.009478672985781991,2.3125,0.015625,0.018957345971563982
559,PRN,5,3.5,3.66015625,-2.345703125,-0.16015625,3.66015625,0.0,-0.0,3.62890625,-0.03125,0.1951219512195122,3.66015625,0.0,-0.0,3.640625,-0.01953125,0.12195121951219512,3.53125,-0.12890625,0.8048780487804879,3.6640625,0.00390625,-0.024390243902439025,3.69140625,0.03125,-0.1951219512195122
560,PSA,1,3.90625,3.67578125,0.9765625,0.23046875,3.67578125,0.0,0.0,3.70703125,0.03125,0.13559322033898305,3.71484375,0.0390625,0.1694915254237288,3.73828125,0.0625,0.2711864406779661,3.69921875,0.0234375,0.1016949152542373,3.75,0.07421875,0.3220338983050847,3.71484375,0.0390625,0.1694915254237288
561,PSA,2,3.69140625,3.421875,1.40625,0.26953125,3.4140625,-0.0078125,-0.028985507246376812,3.35546875,-0.06640625,-0.2463768115942029,3.40234375,-0.01953125,-0.07246376811594203,3.45703125,0.03515625,0.13043478260869565,3.4375,0.015625,0.057971014492753624,3.41015625,-0.01171875,-0.043478260869565216,3.38671875,-0.03515625,-0.13043478260869565
562,PSA,3,3.71875,3.6953125,-0.986328125,0.0234375,3.6953125,0.0,0.0,3.6328125,-0.0625,-2.6666666666666665,3.7109375,0.015625,0.6666666666666666,3.6953125,0.0,0.0,3.53515625,-0.16015625,-6.833333333333333,3.7109375,0.015625,0.6666666666666666,3.6953125,0.0,0.0
563,PSA,4,3.3046875,3.234375,1.5234375,0.0703125,3.203125,-0.03125,-0.4444444444444444,3.171875,-0.0625,-0.8888888888888888,3.2265625,-0.0078125,-0.1111111111111111,3.1953125,-0.0390625,-0.5555555555555556,3.1640625,-0.0703125,-1.0,3.203125,-0.03125,-0.4444444444444444,3.25,0.015625,0.2222222222222222
564,PSA,5,3.736328125,3.19140625,0.34765625,0.544921875,3.17578125,-0.015625,-0.02867383512544803,3.17578125,-0.015625,-0.02867383512544803,3.171875,-0.01953125,-0.035842293906810034,3.19140625,0.0,0.0,3.3828125,0.19140625,0.35125448028673834,3.19140625,0.0,0.0,3.19140625,0.0,0.0
565,PTH,1,4.568359375,4.36328125,2.10546875,0.205078125,4.384765625,0.021484375,0.10476190476190476,4.380859375,0.017578125,0.08571428571428572,4.376953125,0.013671875,0.06666666666666667,4.3828125,0.01953125,0.09523809523809523,4.359375,-0.00390625,-0.01904761904761905,4.3828125,0.01953125,0.09523809523809523,4.375,0.01171875,0.05714285714285714
566,PTH,2,4.79296875,4.626953125,1.912109375,0.166015625,4.62890625,0.001953125,0.011764705882352941,4.625,-0.001953125,-0.011764705882352941,4.595703125,-0.03125,-0.18823529411764706,4.625,-0.001953125,-0.011764705882352941,4.62890625,0.001953125,0.011764705882352941,4.59765625,-0.029296875,-0.17647058823529413,4.568359375,-0.05859375,-0.35294117647058826
567,PTH,3,4.501953125,4.298828125,2.119140625,0.203125,4.30859375,0.009765625,0.04807692307692308,4.33984375,0.041015625,0.20192307692307693,4.306640625,0.0078125,0.038461538461538464,4.337890625,0.0390625,0.19230769230769232,4.43359375,0.134765625,0.6634615384615384,4.30859375,0.009765625,0.04807692307692308,4.306640625,0.0078125,0.038461538461538464
568,PTH,4,4.33203125,4.1640625,0.05078125,0.16796875,4.18359375,0.01953125,0.11627906976744186,4.1484375,-0.015625,-0.09302325581395349,4.162109375,-0.001953125,-0.011627906976744186,4.203125,0.0390625,0.23255813953488372,4.28515625,0.12109375,0.7209302325581395,4.166015625,0.001953125,0.011627906976744186,4.16015625,-0.00390625,-0.023255813953488372
569,PTH,5,4.484375,4.615234375,1.6015625,-0.130859375,4.591796875,-0.0234375,0.1791044776119403,4.583984375,-0.03125,0.23880597014925373,4.623046875,0.0078125,-0.05970149253731343,4.61328125,-0.001953125,0.014925373134328358,4.693359375,0.078125,-0.5970149253731343,4.58984375,-0.025390625,0.19402985074626866,4.560546875,-0.0546875,0.417910447761194
570,PTSD,1,0.42578125,-0.125,-0.70703125,0.55078125,-0.125,0.0,0.0,-0.12890625,-0.00390625,-0.0070921985815602835,-0.125,0.0,0.0,-0.125,0.0,0.0,-0.05078125,0.07421875,0.1347517730496454,-0.125,0.0,0.0,-0.126953125,-0.001953125,-0.0035460992907801418
571,PTSD,2,0.427734375,-0.2265625,-0.8115234375,0.654296875,-0.2265625,0.0,0.0,-0.2265625,0.0,0.0,-0.2265625,0.0,0.0,-0.2265625,0.0,0.0,-0.12890625,0.09765625,0.14925373134328357,-0.2265625,0.0,0.0,-0.2265625,0.0,0.0
572,PTSD,3,0.40234375,0.05078125,-0.47265625,0.3515625,0.07421875,0.0234375,0.06666666666666667,0.07421875,0.0234375,0.06666666666666667,0.05078125,0.0,0.0,0.046875,-0.00390625,-0.011111111111111112,0.1015625,0.05078125,0.14444444444444443,0.078125,0.02734375,0.07777777777777778,0.05078125,0.0,0.0
573,PTSD,4,0.404296875,-0.076171875,-0.552734375,0.48046875,-0.07421875,0.001953125,0.0040650406504065045,-0.07421875,0.001953125,0.0040650406504065045,-0.048828125,0.02734375,0.056910569105691054,-0.07421875,0.001953125,0.0040650406504065045,-0.05078125,0.025390625,0.052845528455284556,-0.076171875,0.0,0.0,-0.076171875,0.0,0.0
574,PTSD,5,0.50390625,0.0,-0.732421875,0.50390625,-0.02734375,-0.02734375,-0.05426356589147287,-0.025390625,-0.025390625,-0.050387596899224806,-0.025390625,-0.025390625,-0.050387596899224806,-0.048828125,-0.048828125,-0.09689922480620156,0.0,0.0,0.0,-0.025390625,-0.025390625,-0.050387596899224806,-0.025390625,-0.025390625,-0.050387596899224806
575,PVC,1,3.12890625,2.833984375,-2.09375,0.294921875,2.873046875,0.0390625,0.13245033112582782,2.923828125,0.08984375,0.304635761589404,2.8359375,0.001953125,0.006622516556291391,2.853515625,0.01953125,0.06622516556291391,2.984375,0.150390625,0.5099337748344371,2.822265625,-0.01171875,-0.039735099337748346,2.8515625,0.017578125,0.059602649006622516
576,PVC,2,2.62109375,2.6953125,1.26953125,-0.07421875,2.66796875,-0.02734375,0.3684210526315789,2.70703125,0.01171875,-0.15789473684210525,2.7109375,0.015625,-0.21052631578947367,2.69140625,-0.00390625,0.05263157894736842,2.68359375,-0.01171875,0.15789473684210525,2.67578125,-0.01953125,0.2631578947368421,2.6953125,0.0,-0.0
577,PVC,3,2.73046875,2.72265625,-0.44921875,0.0078125,2.72265625,0.0,0.0,2.75390625,0.03125,4.0,2.73828125,0.015625,2.0,2.7265625,0.00390625,0.5,2.5625,-0.16015625,-20.5,2.72265625,0.0,0.0,2.73828125,0.015625,2.0
578,PVC,4,3.01171875,2.9140625,-0.2578125,0.09765625,2.90625,-0.0078125,-0.08,2.955078125,0.041015625,0.42,2.9140625,0.0,0.0,2.912109375,-0.001953125,-0.02,2.71875,-0.1953125,-2.0,2.931640625,0.017578125,0.18,2.9140625,0.0,0.0
579,PVC,5,3.150390625,3.142578125,2.48046875,0.0078125,3.109375,-0.033203125,-4.25,3.150390625,0.0078125,1.0,3.140625,-0.001953125,-0.25,3.109375,-0.033203125,-4.25,3.09375,-0.048828125,-6.25,3.125,-0.017578125,-2.25,3.125,-0.017578125,-2.25
580,RAP,1,5.0791015625,5.05859375,1.44140625,0.0205078125,5.15625,0.09765625,4.761904761904762,5.125,0.06640625,3.238095238095238,5.15625,0.09765625,4.761904761904762,5.15625,0.09765625,4.761904761904762,5.181640625,0.123046875,6.0,5.12109375,0.0625,3.0476190476190474,5.12109375,0.0625,3.0476190476190474
581,RAP,2,4.6953125,4.0390625,-1.1875,0.65625,4.06640625,0.02734375,0.041666666666666664,4.04296875,0.00390625,0.005952380952380952,4.09765625,0.05859375,0.08928571428571429,4.0703125,0.03125,0.047619047619047616,3.890625,-0.1484375,-0.2261904761904762,4.06640625,0.02734375,0.041666666666666664,4.03515625,-0.00390625,-0.005952380952380952
582,RAP,3,4.966796875,4.509765625,-1.0390625,0.45703125,4.541015625,0.03125,0.06837606837606838,4.478515625,-0.03125,-0.06837606837606838,4.466796875,-0.04296875,-0.09401709401709402,4.541015625,0.03125,0.06837606837606838,4.607421875,0.09765625,0.21367521367521367,4.51171875,0.001953125,0.004273504273504274,4.466796875,-0.04296875,-0.09401709401709402
583,RAP,4,5.51171875,4.78125,1.59765625,0.73046875,4.84375,0.0625,0.0855614973262032,4.875,0.09375,0.12834224598930483,4.8125,0.03125,0.0427807486631016,4.84375,0.0625,0.0855614973262032,4.9453125,0.1640625,0.22459893048128343,4.77734375,-0.00390625,-0.0053475935828877,4.8125,0.03125,0.0427807486631016
584,RAP,5,5.1953125,3.83984375,-0.1484375,1.35546875,3.87890625,0.0390625,0.02881844380403458,3.90625,0.06640625,0.04899135446685879,3.875,0.03515625,0.025936599423631124,3.91796875,0.078125,0.05763688760806916,3.9453125,0.10546875,0.07780979827089338,3.90625,0.06640625,0.04899135446685879,3.90625,0.06640625,0.04899135446685879
585,RBC,1,1.453125,1.4296875,-0.37109375,0.0234375,1.4296875,0.0,0.0,1.42578125,-0.00390625,-0.16666666666666666,1.43359375,0.00390625,0.16666666666666666,1.42578125,-0.00390625,-0.16666666666666666,1.44921875,0.01953125,0.8333333333333334,1.41796875,-0.01171875,-0.5,1.4140625,-0.015625,-0.6666666666666666
586,RBC,2,1.3671875,1.3671875,0.01171875,0.0,1.36328125,-0.00390625,nan,1.33984375,-0.02734375,nan,1.3828125,0.015625,nan,1.38671875,0.01953125,nan,1.33984375,-0.02734375,nan,1.3671875,0.0,nan,1.3828125,0.015625,nan
587,RBC,3,1.765625,1.828125,-0.416015625,-0.0625,1.83984375,0.01171875,-0.1875,1.83984375,0.01171875,-0.1875,1.828125,0.0,-0.0,1.83984375,0.01171875,-0.1875,1.953125,0.125,-2.0,1.82421875,-0.00390625,0.0625,1.85546875,0.02734375,-0.4375
588,RBC,4,1.56640625,1.41796875,-0.37890625,0.1484375,1.40234375,-0.015625,-0.10526315789473684,1.421875,0.00390625,0.02631578947368421,1.41796875,0.0,0.0,1.42578125,0.0078125,0.05263157894736842,1.4453125,0.02734375,0.18421052631578946,1.39453125,-0.0234375,-0.15789473684210525,1.39453125,-0.0234375,-0.15789473684210525
589,RBC,5,1.6015625,1.5625,-0.171875,0.0390625,1.5625,0.0,0.0,1.58203125,0.01953125,0.5,1.546875,-0.015625,-0.4,1.5625,0.0,0.0,1.58984375,0.02734375,0.7,1.5625,0.0,0.0,1.546875,-0.015625,-0.4
590,RCA,1,0.9609375,1.015625,-0.041015625,-0.0546875,1.0390625,0.0234375,-0.42857142857142855,1.03125,0.015625,-0.2857142857142857,1.0078125,-0.0078125,0.14285714285714285,1.0390625,0.0234375,-0.42857142857142855,1.0546875,0.0390625,-0.7142857142857143,0.96875,-0.046875,0.8571428571428571,1.015625,0.0,-0.0
591,RCA,2,1.390625,1.23828125,0.34765625,0.15234375,1.25390625,0.015625,0.10256410256410256,1.19140625,-0.046875,-0.3076923076923077,1.23828125,0.0,0.0,1.2421875,0.00390625,0.02564102564102564,1.37890625,0.140625,0.9230769230769231,1.1640625,-0.07421875,-0.48717948717948717,1.23828125,0.0,0.0
592,RCA,3,1.68359375,1.4609375,-1.28125,0.22265625,1.4375,-0.0234375,-0.10526315789473684,1.46875,0.0078125,0.03508771929824561,1.48046875,0.01953125,0.08771929824561403,1.52734375,0.06640625,0.2982456140350877,1.73046875,0.26953125,1.2105263157894737,1.44140625,-0.01953125,-0.08771929824561403,1.4765625,0.015625,0.07017543859649122
593,RCA,4,1.990234375,1.3984375,-3.2294921875,0.591796875,1.41015625,0.01171875,0.019801980198019802,1.38671875,-0.01171875,-0.019801980198019802,1.40234375,0.00390625,0.006600660066006601,1.47265625,0.07421875,0.1254125412541254,1.671875,0.2734375,0.46204620462046203,1.3984375,0.0,0.0,1.3984375,0.0,0.0
594,RCA,5,1.7421875,1.50390625,-0.388671875,0.23828125,1.48046875,-0.0234375,-0.09836065573770492,1.51953125,0.015625,0.06557377049180328,1.46484375,-0.0390625,-0.16393442622950818,1.56640625,0.0625,0.26229508196721313,1.6484375,0.14453125,0.6065573770491803,1.4921875,-0.01171875,-0.04918032786885246,1.48046875,-0.0234375,-0.09836065573770492
595,ROS,1,5.125,5.3046875,1.583984375,-0.1796875,5.337890625,0.033203125,-0.18478260869565216,5.37109375,0.06640625,-0.3695652173913043,5.33203125,0.02734375,-0.15217391304347827,5.3671875,0.0625,-0.34782608695652173,5.384765625,0.080078125,-0.44565217391304346,5.3984375,0.09375,-0.5217391304347826,5.3671875,0.0625,-0.34782608695652173
596,ROS,2,5.447265625,5.3046875,3.18359375,0.142578125,5.27734375,-0.02734375,-0.1917808219178082,5.31640625,0.01171875,0.0821917808219178,5.28125,-0.0234375,-0.1643835616438356,5.31640625,0.01171875,0.0821917808219178,5.37890625,0.07421875,0.5205479452054794,5.3203125,0.015625,0.1095890410958904,5.34765625,0.04296875,0.3013698630136986
597,ROS,3,5.39453125,5.10546875,-1.6796875,0.2890625,5.12890625,0.0234375,0.08108108108108109,5.1640625,0.05859375,0.20270270270270271,5.16015625,0.0546875,0.1891891891891892,5.1640625,0.05859375,0.20270270270270271,5.16015625,0.0546875,0.1891891891891892,5.10546875,0.0,0.0,5.1640625,0.05859375,0.20270270270270271
598,ROS,4,5.3125,4.69921875,-1.28125,0.61328125,4.59765625,-0.1015625,-0.16560509554140126,4.65234375,-0.046875,-0.07643312101910828,4.68359375,-0.015625,-0.025477707006369428,4.74609375,0.046875,0.07643312101910828,5.1328125,0.43359375,0.7070063694267515,4.609375,-0.08984375,-0.1464968152866242,4.63671875,-0.0625,-0.10191082802547771
599,ROS,5,5.87890625,5.81640625,2.98046875,0.0625,5.87890625,0.0625,1.0,5.85546875,0.0390625,0.625,5.75390625,-0.0625,-1.0,5.8359375,0.01953125,0.3125,5.80859375,-0.0078125,-0.125,5.84765625,0.03125,0.5,5.81640625,0.0,0.0
600,RSV,1,1.388671875,1.3125,-0.87744140625,0.076171875,1.3525390625,0.0400390625,0.5256410256410257,1.33203125,0.01953125,0.2564102564102564,1.33203125,0.01953125,0.2564102564102564,1.34375,0.03125,0.41025641025641024,1.1962890625,-0.1162109375,-1.5256410256410255,1.3056640625,-0.0068359375,-0.08974358974358974,1.2978515625,-0.0146484375,-0.19230769230769232
601,RSV,2,2.1015625,1.677734375,-0.373046875,0.423828125,1.7060546875,0.0283203125,0.06682027649769585,1.7080078125,0.0302734375,0.07142857142857142,1.6982421875,0.0205078125,0.04838709677419355,1.67578125,-0.001953125,-0.004608294930875576,1.8857421875,0.2080078125,0.49078341013824883,1.6904296875,0.0126953125,0.029953917050691243,1.6982421875,0.0205078125,0.04838709677419355
602,RSV,3,1.595703125,0.76953125,-1.79443359375,0.826171875,0.740234375,-0.029296875,-0.03546099290780142,0.78125,0.01171875,0.014184397163120567,0.751953125,-0.017578125,-0.02127659574468085,0.748046875,-0.021484375,-0.026004728132387706,0.841796875,0.072265625,0.08747044917257683,0.771484375,0.001953125,0.002364066193853428,0.736328125,-0.033203125,-0.04018912529550828
603,RSV,4,2.0390625,1.634765625,-0.341796875,0.404296875,1.634765625,0.0,0.0,1.619140625,-0.015625,-0.03864734299516908,1.640625,0.005859375,0.014492753623188406,1.634765625,0.0,0.0,1.8017578125,0.1669921875,0.41304347826086957,1.62109375,-0.013671875,-0.033816425120772944,1.634765625,0.0,0.0
604,RSV,5,1.65625,1.7421875,-0.83642578125,-0.0859375,1.763671875,0.021484375,-0.25,1.75390625,0.01171875,-0.13636363636363635,1.7421875,0.0,-0.0,1.779296875,0.037109375,-0.4318181818181818,1.80078125,0.05859375,-0.6818181818181818,1.779296875,0.037109375,-0.4318181818181818,1.779296875,0.037109375,-0.4318181818181818
605,SAB,1,0.3203125,-0.2734375,-5.2802734375,0.59375,-0.296875,-0.0234375,-0.039473684210526314,-0.359375,-0.0859375,-0.14473684210526316,-0.34375,-0.0703125,-0.11842105263157894,-0.2734375,0.0,0.0,-0.21875,0.0546875,0.09210526315789473,-0.34375,-0.0703125,-0.11842105263157894,-0.296875,-0.0234375,-0.039473684210526314
606,SAB,2,0.03125,-3.6015625,-6.025390625,3.6328125,-3.59375,0.0078125,0.002150537634408602,-3.59375,0.0078125,0.002150537634408602,-3.6328125,-0.03125,-0.008602150537634409,-3.5703125,0.03125,0.008602150537634409,-0.9453125,2.65625,0.7311827956989247,-3.625,-0.0234375,-0.0064516129032258064,-3.59375,0.0078125,0.002150537634408602
607,SAB,3,0.1015625,-0.359375,-4.185546875,0.4609375,-0.3828125,-0.0234375,-0.05084745762711865,-0.3046875,0.0546875,0.11864406779661017,-0.3671875,-0.0078125,-0.01694915254237288,-0.3828125,-0.0234375,-0.05084745762711865,-0.2421875,0.1171875,0.2542372881355932,-0.34375,0.015625,0.03389830508474576,-0.3515625,0.0078125,0.01694915254237288
608,SAB,4,0.28125,0.171875,-4.9755859375,0.109375,0.1953125,0.0234375,0.21428571428571427,0.21875,0.046875,0.42857142857142855,0.1796875,0.0078125,0.07142857142857142,0.1484375,-0.0234375,-0.21428571428571427,0.234375,0.0625,0.5714285714285714,0.1484375,-0.0234375,-0.21428571428571427,0.15625,-0.015625,-0.14285714285714285
609,SAB,5,0.125,-0.171875,-4.24365234375,0.296875,-0.1640625,0.0078125,0.02631578947368421,-0.1328125,0.0390625,0.13157894736842105,-0.1484375,0.0234375,0.07894736842105263,-0.1171875,0.0546875,0.18421052631578946,0.0390625,0.2109375,0.7105263157894737,-0.1484375,0.0234375,0.07894736842105263,-0.1640625,0.0078125,0.02631578947368421
610,SBP,1,2.078125,2.201171875,-0.01171875,-0.123046875,2.201171875,0.0,-0.0,2.208984375,0.0078125,-0.06349206349206349,2.21875,0.017578125,-0.14285714285714285,2.201171875,0.0,-0.0,2.130859375,-0.0703125,0.5714285714285714,2.205078125,0.00390625,-0.031746031746031744,2.216796875,0.015625,-0.12698412698412698
611,SBP,2,2.4580078125,2.4453125,-1.853515625,0.0126953125,2.40234375,-0.04296875,-3.3846153846153846,2.3984375,-0.046875,-3.6923076923076925,2.4140625,-0.03125,-2.4615384615384617,2.3984375,-0.046875,-3.6923076923076925,2.689453125,0.244140625,19.23076923076923,2.427734375,-0.017578125,-1.3846153846153846,2.3984375,-0.046875,-3.6923076923076925
612,SBP,3,1.9921875,2.005859375,-1.064453125,-0.013671875,2.021484375,0.015625,-1.1428571428571428,2.037109375,0.03125,-2.2857142857142856,2.00390625,-0.001953125,0.14285714285714285,1.984375,-0.021484375,1.5714285714285714,2.103515625,0.09765625,-7.142857142857143,2.021484375,0.015625,-1.1428571428571428,2.0234375,0.017578125,-1.2857142857142858
613,SBP,4,2.296875,2.3515625,-1.75390625,-0.0546875,2.35546875,0.00390625,-0.07142857142857142,2.322265625,-0.029296875,0.5357142857142857,2.353515625,0.001953125,-0.03571428571428571,2.337890625,-0.013671875,0.25,2.470703125,0.119140625,-2.1785714285714284,2.37109375,0.01953125,-0.35714285714285715,2.353515625,0.001953125,-0.03571428571428571
614,SBP,5,2.29296875,2.650390625,-0.14453125,-0.357421875,2.5859375,-0.064453125,0.18032786885245902,2.646484375,-0.00390625,0.01092896174863388,2.615234375,-0.03515625,0.09836065573770492,2.599609375,-0.05078125,0.14207650273224043,2.52734375,-0.123046875,0.3442622950819672,2.6328125,-0.017578125,0.04918032786885246,2.615234375,-0.03515625,0.09836065573770492
615,SLE,1,3.228515625,3.103515625,1.84375,0.125,3.072265625,-0.03125,-0.25,3.0859375,-0.017578125,-0.140625,3.087890625,-0.015625,-0.125,3.0859375,-0.017578125,-0.140625,3.10546875,0.001953125,0.015625,3.1015625,-0.001953125,-0.015625,3.103515625,0.0,0.0
616,SLE,2,3.111328125,2.84375,1.90234375,0.267578125,2.810546875,-0.033203125,-0.12408759124087591,2.82421875,-0.01953125,-0.072992700729927,2.859375,0.015625,0.058394160583941604,2.810546875,-0.033203125,-0.12408759124087591,2.767578125,-0.076171875,-0.2846715328467153,2.80859375,-0.03515625,-0.13138686131386862,2.810546875,-0.033203125,-0.12408759124087591
617,SLE,3,2.939453125,2.67578125,1.537109375,0.263671875,2.69140625,0.015625,0.05925925925925926,2.68359375,0.0078125,0.02962962962962963,2.70703125,0.03125,0.11851851851851852,2.70703125,0.03125,0.11851851851851852,2.763671875,0.087890625,0.3333333333333333,2.69140625,0.015625,0.05925925925925926,2.70703125,0.03125,0.11851851851851852
618,SLE,4,3.208984375,3.068359375,1.0703125,0.140625,3.00390625,-0.064453125,-0.4583333333333333,3.076171875,0.0078125,0.05555555555555555,3.04296875,-0.025390625,-0.18055555555555555,3.08203125,0.013671875,0.09722222222222222,3.123046875,0.0546875,0.3888888888888889,3.013671875,-0.0546875,-0.3888888888888889,3.044921875,-0.0234375,-0.16666666666666666
619,SLE,5,3.216796875,2.85546875,1.21875,0.361328125,2.83203125,-0.0234375,-0.06486486486486487,2.8671875,0.01171875,0.032432432432432434,2.876953125,0.021484375,0.05945945945945946,2.841796875,-0.013671875,-0.03783783783783784,2.92578125,0.0703125,0.1945945945945946,2.861328125,0.005859375,0.016216216216216217,2.865234375,0.009765625,0.02702702702702703
620,SMA,1,2.1015625,2.31640625,1.087890625,-0.21484375,2.306640625,-0.009765625,0.045454545454545456,2.306640625,-0.009765625,0.045454545454545456,2.306640625,-0.009765625,0.045454545454545456,2.291015625,-0.025390625,0.11818181818181818,2.2578125,-0.05859375,0.2727272727272727,2.30078125,-0.015625,0.07272727272727272,2.30859375,-0.0078125,0.03636363636363636
621,SMA,2,2.0185546875,2.169921875,0.568359375,-0.1513671875,2.169921875,0.0,-0.0,2.16015625,-0.009765625,0.06451612903225806,2.173828125,0.00390625,-0.025806451612903226,2.142578125,-0.02734375,0.18064516129032257,2.037109375,-0.1328125,0.8774193548387097,2.162109375,-0.0078125,0.05161290322580645,2.169921875,0.0,-0.0
622,SMA,3,2.0703125,2.318359375,0.66796875,-0.248046875,2.33984375,0.021484375,-0.08661417322834646,2.3046875,-0.013671875,0.05511811023622047,2.32421875,0.005859375,-0.023622047244094488,2.2734375,-0.044921875,0.18110236220472442,2.091796875,-0.2265625,0.9133858267716536,2.279296875,-0.0390625,0.15748031496062992,2.306640625,-0.01171875,0.047244094488188976
623,SMA,4,1.82421875,2.17578125,-0.689453125,-0.3515625,2.1748046875,-0.0009765625,0.002777777777777778,2.1904296875,0.0146484375,-0.041666666666666664,2.17578125,0.0,-0.0,2.1279296875,-0.0478515625,0.1361111111111111,1.9541015625,-0.2216796875,0.6305555555555555,2.12890625,-0.046875,0.13333333333333333,2.17578125,0.0,-0.0
624,SMA,5,2.046875,2.26171875,0.53125,-0.21484375,2.27734375,0.015625,-0.07272727272727272,2.224609375,-0.037109375,0.17272727272727273,2.27734375,0.015625,-0.07272727272727272,2.2578125,-0.00390625,0.01818181818181818,2.201171875,-0.060546875,0.2818181818181818,2.236328125,-0.025390625,0.11818181818181818,2.259765625,-0.001953125,0.00909090909090909
625,STD,1,4.17578125,4.5234375,1.32421875,-0.34765625,4.48828125,-0.03515625,0.10112359550561797,4.4921875,-0.03125,0.0898876404494382,4.47265625,-0.05078125,0.14606741573033707,4.4921875,-0.03125,0.0898876404494382,3.83984375,-0.68359375,1.9662921348314606,4.470703125,-0.052734375,0.15168539325842698,4.5234375,0.0,-0.0
626,STD,2,4.669921875,4.845703125,0.0,-0.17578125,4.861328125,0.015625,-0.08888888888888889,4.87890625,0.033203125,-0.18888888888888888,4.845703125,0.0,-0.0,4.822265625,-0.0234375,0.13333333333333333,4.251953125,-0.59375,3.3777777777777778,4.880859375,0.03515625,-0.2,4.849609375,0.00390625,-0.022222222222222223
627,STD,3,4.5341796875,4.5625,-0.87890625,-0.0283203125,4.564453125,0.001953125,-0.06896551724137931,4.5078125,-0.0546875,1.9310344827586208,4.537109375,-0.025390625,0.896551724137931,4.427734375,-0.134765625,4.758620689655173,4.02734375,-0.53515625,18.896551724137932,4.59765625,0.03515625,-1.2413793103448276,4.5390625,-0.0234375,0.8275862068965517
628,STD,4,4.767578125,5.017578125,0.64453125,-0.25,4.939453125,-0.078125,0.3125,4.953125,-0.064453125,0.2578125,4.970703125,-0.046875,0.1875,4.91796875,-0.099609375,0.3984375,4.416015625,-0.6015625,2.40625,4.931640625,-0.0859375,0.34375,4.9609375,-0.056640625,0.2265625
629,STD,5,4.23046875,4.15234375,-1.462890625,0.078125,4.14453125,-0.0078125,-0.1,4.16015625,0.0078125,0.1,4.19921875,0.046875,0.6,4.13671875,-0.015625,-0.2,3.8671875,-0.28515625,-3.65,4.109375,-0.04296875,-0.55,4.1640625,0.01171875,0.15
630,TBI,1,3.123046875,2.9677734375,-1.5078125,0.1552734375,3.0107421875,0.04296875,0.27672955974842767,2.99609375,0.0283203125,0.18238993710691823,2.974609375,0.0068359375,0.0440251572327044,2.9482421875,-0.01953125,-0.12578616352201258,3.1435546875,0.17578125,1.1320754716981132,2.994140625,0.0263671875,0.16981132075471697,2.96875,0.0009765625,0.006289308176100629
631,TBI,2,2.78125,2.802734375,-0.21875,-0.021484375,2.822265625,0.01953125,-0.9090909090909091,2.806640625,0.00390625,-0.18181818181818182,2.82421875,0.021484375,-1.0,2.818359375,0.015625,-0.7272727272727273,2.80078125,-0.001953125,0.09090909090909091,2.822265625,0.01953125,-0.9090909090909091,2.80859375,0.005859375,-0.2727272727272727
632,TBI,3,2.9794921875,2.75,-1.291015625,0.2294921875,2.7490234375,-0.0009765625,-0.00425531914893617,2.7412109375,-0.0087890625,-0.03829787234042553,2.7421875,-0.0078125,-0.03404255319148936,2.75390625,0.00390625,0.01702127659574468,2.98828125,0.23828125,1.0382978723404255,2.7509765625,0.0009765625,0.00425531914893617,2.78515625,0.03515625,0.15319148936170213
633,TBI,4,2.9228515625,2.6494140625,-1.115234375,0.2734375,2.6298828125,-0.01953125,-0.07142857142857142,2.6181640625,-0.03125,-0.11428571428571428,2.64453125,-0.0048828125,-0.017857142857142856,2.6142578125,-0.03515625,-0.12857142857142856,2.75390625,0.1044921875,0.3821428571428571,2.62890625,-0.0205078125,-0.075,2.62890625,-0.0205078125,-0.075
634,TBI,5,3.015625,2.4765625,-1.55859375,0.5390625,2.5048828125,0.0283203125,0.05253623188405797,2.47265625,-0.00390625,-0.007246376811594203,2.4853515625,0.0087890625,0.016304347826086956,2.4853515625,0.0087890625,0.016304347826086956,2.595703125,0.119140625,0.2210144927536232,2.4736328125,-0.0029296875,-0.005434782608695652,2.4853515625,0.0087890625,0.016304347826086956
635,TEE,1,4.0048828125,4.388671875,2.521484375,-0.3837890625,4.3125,-0.076171875,0.1984732824427481,4.3515625,-0.037109375,0.09669211195928754,4.34375,-0.044921875,0.11704834605597965,4.322265625,-0.06640625,0.17302798982188294,4.474609375,0.0859375,-0.22391857506361323,4.376953125,-0.01171875,0.030534351145038167,4.373046875,-0.015625,0.04071246819338423
636,TEE,2,3.8994140625,4.31640625,0.53515625,-0.4169921875,4.33984375,0.0234375,-0.05620608899297424,4.26953125,-0.046875,0.11241217798594848,4.322265625,0.005859375,-0.01405152224824356,4.42578125,0.109375,-0.26229508196721313,4.44921875,0.1328125,-0.3185011709601874,4.30078125,-0.015625,0.03747072599531616,4.345703125,0.029296875,-0.0702576112412178
637,TEE,3,3.97314453125,4.30859375,1.765625,-0.33544921875,4.28125,-0.02734375,0.08151382823871907,4.30859375,0.0,-0.0,4.3134765625,0.0048828125,-0.01455604075691412,4.3154296875,0.0068359375,-0.020378457059679767,4.712890625,0.404296875,-1.205240174672489,4.306640625,-0.001953125,0.005822416302765648,4.283203125,-0.025390625,0.07569141193595343
638,TEE,4,3.896484375,4.4765625,1.67578125,-0.580078125,4.498046875,0.021484375,-0.037037037037037035,4.4765625,0.0,-0.0,4.47265625,-0.00390625,0.006734006734006734,4.466796875,-0.009765625,0.016835016835016835,4.55078125,0.07421875,-0.12794612794612795,4.49609375,0.01953125,-0.03367003367003367,4.529296875,0.052734375,-0.09090909090909091
639,TEE,5,4.0478515625,4.224609375,2.3359375,-0.1767578125,4.212890625,-0.01171875,0.06629834254143646,4.259765625,0.03515625,-0.19889502762430938,4.255859375,0.03125,-0.17679558011049723,4.26171875,0.037109375,-0.20994475138121546,4.373046875,0.1484375,-0.8397790055248618,4.26171875,0.037109375,-0.20994475138121546,4.255859375,0.03125,-0.17679558011049723
640,TIPS,1,0.58544921875,0.40283203125,0.048828125,0.1826171875,0.4013671875,-0.00146484375,-0.008021390374331552,0.3896484375,-0.01318359375,-0.07219251336898395,0.384765625,-0.01806640625,-0.09893048128342247,0.4033203125,0.00048828125,0.00267379679144385,0.4013671875,-0.00146484375,-0.008021390374331552,0.40234375,-0.00048828125,-0.00267379679144385,0.392578125,-0.01025390625,-0.05614973262032086
641,TIPS,2,0.631103515625,0.41552734375,-0.0986328125,0.215576171875,0.40625,-0.00927734375,-0.04303510758776897,0.42724609375,0.01171875,0.05436013590033975,0.41845703125,0.0029296875,0.013590033975084938,0.41943359375,0.00390625,0.01812004530011325,0.4189453125,0.00341796875,0.015855039637599093,0.41845703125,0.0029296875,0.013590033975084938,0.4189453125,0.00341796875,0.015855039637599093
642,TIPS,3,0.656494140625,0.35595703125,0.0390625,0.300537109375,0.35400390625,-0.001953125,-0.006498781478472786,0.345703125,-0.01025390625,-0.03411860276198213,0.34326171875,-0.0126953125,-0.04224207961007311,0.3369140625,-0.01904296875,-0.06336311941510966,0.35205078125,-0.00390625,-0.012997562956945572,0.34619140625,-0.009765625,-0.03249390739236393,0.34619140625,-0.009765625,-0.03249390739236393
643,TIPS,4,0.577880859375,0.36865234375,-0.021484375,0.209228515625,0.37841796875,0.009765625,0.046674445740956826,0.3798828125,0.01123046875,0.05367561260210035,0.38623046875,0.017578125,0.08401400233372229,0.37744140625,0.0087890625,0.042007001166861145,0.37841796875,0.009765625,0.046674445740956826,0.37841796875,0.009765625,0.046674445740956826,0.38623046875,0.017578125,0.08401400233372229
644,TIPS,5,0.66845703125,0.36279296875,-0.0205078125,0.3056640625,0.3642578125,0.00146484375,0.004792332268370607,0.3740234375,0.01123046875,0.036741214057507986,0.36083984375,-0.001953125,-0.006389776357827476,0.36669921875,0.00390625,0.012779552715654952,0.38916015625,0.0263671875,0.08626198083067092,0.37255859375,0.009765625,0.03194888178913738,0.3583984375,-0.00439453125,-0.01437699680511182
645,TPA,1,0.166015625,0.35546875,-0.3486328125,-0.189453125,0.359375,0.00390625,-0.020618556701030927,0.35546875,0.0,-0.0,0.36328125,0.0078125,-0.041237113402061855,0.34375,-0.01171875,0.061855670103092786,0.35546875,0.0,-0.0,0.359375,0.00390625,-0.020618556701030927,0.3515625,-0.00390625,0.020618556701030927
646,TPA,2,0.23828125,0.033203125,-0.287109375,0.205078125,0.04296875,0.009765625,0.047619047619047616,0.04296875,0.009765625,0.047619047619047616,0.037109375,0.00390625,0.01904761904761905,0.041015625,0.0078125,0.0380952380952381,0.03125,-0.001953125,-0.009523809523809525,0.0390625,0.005859375,0.02857142857142857,0.0390625,0.005859375,0.02857142857142857
647,TPA,3,0.2587890625,0.109375,-0.2890625,0.1494140625,0.111328125,0.001953125,0.013071895424836602,0.107421875,-0.001953125,-0.013071895424836602,0.103515625,-0.005859375,-0.0392156862745098,0.109375,0.0,0.0,0.115234375,0.005859375,0.0392156862745098,0.103515625,-0.005859375,-0.0392156862745098,0.1171875,0.0078125,0.05228758169934641
648,TPA,4,0.16796875,0.13671875,-0.328125,0.03125,0.134765625,-0.001953125,-0.0625,0.134765625,-0.001953125,-0.0625,0.134765625,-0.001953125,-0.0625,0.1328125,-0.00390625,-0.125,0.197265625,0.060546875,1.9375,0.1328125,-0.00390625,-0.125,0.13671875,0.0,0.0
649,TPA,5,0.3232421875,0.09765625,-0.20703125,0.2255859375,0.10546875,0.0078125,0.03463203463203463,0.095703125,-0.001953125,-0.008658008658008658,0.09765625,0.0,0.0,0.095703125,-0.001953125,-0.008658008658008658,0.080078125,-0.017578125,-0.07792207792207792,0.087890625,-0.009765625,-0.04329004329004329,0.099609375,0.001953125,0.008658008658008658
650,TSH,1,1.10546875,0.830078125,0.39453125,0.275390625,0.81640625,-0.013671875,-0.04964539007092199,0.8046875,-0.025390625,-0.09219858156028368,0.81640625,-0.013671875,-0.04964539007092199,0.81640625,-0.013671875,-0.04964539007092199,0.841796875,0.01171875,0.0425531914893617,0.791015625,-0.0390625,-0.14184397163120568,0.86328125,0.033203125,0.12056737588652482
651,TSH,2,0.875,0.421875,-0.03125,0.453125,0.4375,0.015625,0.034482758620689655,0.421875,0.0,0.0,0.4375,0.015625,0.034482758620689655,0.421875,0.0,0.0,0.5078125,0.0859375,0.1896551724137931,0.4296875,0.0078125,0.017241379310344827,0.4375,0.015625,0.034482758620689655
652,TSH,3,0.9609375,0.671875,0.30078125,0.2890625,0.6875,0.015625,0.05405405405405406,0.640625,-0.03125,-0.10810810810810811,0.673828125,0.001953125,0.006756756756756757,0.65625,-0.015625,-0.05405405405405406,0.71875,0.046875,0.16216216216216217,0.669921875,-0.001953125,-0.006756756756756757,0.666015625,-0.005859375,-0.02027027027027027
653,TSH,4,1.0859375,0.609375,0.15625,0.4765625,0.609375,0.0,0.0,0.6171875,0.0078125,0.01639344262295082,0.625,0.015625,0.03278688524590164,0.59765625,-0.01171875,-0.02459016393442623,0.66796875,0.05859375,0.12295081967213115,0.59375,-0.015625,-0.03278688524590164,0.62109375,0.01171875,0.02459016393442623
654,TSH,5,0.80859375,0.6015625,0.3984375,0.20703125,0.56640625,-0.03515625,-0.16981132075471697,0.578125,-0.0234375,-0.11320754716981132,0.59375,-0.0078125,-0.03773584905660377,0.57421875,-0.02734375,-0.1320754716981132,0.5625,-0.0390625,-0.18867924528301888,0.59375,-0.0078125,-0.03773584905660377,0.58203125,-0.01953125,-0.09433962264150944
655,TTP,1,6.1904296875,6.24609375,1.7880859375,-0.0556640625,6.25390625,0.0078125,-0.14035087719298245,6.27734375,0.03125,-0.5614035087719298,6.27734375,0.03125,-0.5614035087719298,6.2158203125,-0.0302734375,0.543859649122807,6.2763671875,0.0302734375,-0.543859649122807,6.2470703125,0.0009765625,-0.017543859649122806,6.2783203125,0.0322265625,-0.5789473684210527
656,TTP,2,5.6806640625,6.369140625,0.232421875,-0.6884765625,6.375,0.005859375,-0.00851063829787234,6.4052734375,0.0361328125,-0.0524822695035461,6.3740234375,0.0048828125,-0.0070921985815602835,6.3720703125,0.0029296875,-0.00425531914893617,6.4189453125,0.0498046875,-0.07234042553191489,6.4306640625,0.0615234375,-0.08936170212765958,6.4365234375,0.0673828125,-0.09787234042553192
657,TTP,3,5.697265625,6.28125,0.169921875,-0.583984375,6.2822265625,0.0009765625,-0.0016722408026755853,6.259765625,-0.021484375,0.03678929765886288,6.2822265625,0.0009765625,-0.0016722408026755853,6.3837890625,0.1025390625,-0.17558528428093645,6.20703125,-0.07421875,0.12709030100334448,6.283203125,0.001953125,-0.0033444816053511705,6.2822265625,0.0009765625,-0.0016722408026755853
658,TTP,4,5.6103515625,6.2578125,1.2548828125,-0.6474609375,6.2578125,0.0,-0.0,6.2578125,0.0,-0.0,6.2578125,0.0,-0.0,6.3203125,0.0625,-0.09653092006033183,6.125,-0.1328125,0.20512820512820512,6.2578125,0.0,-0.0,6.2578125,0.0,-0.0
659,TTP,5,6.2431640625,6.51953125,1.73828125,-0.2763671875,6.4501953125,-0.0693359375,0.2508833922261484,6.51953125,0.0,-0.0,6.4501953125,-0.0693359375,0.2508833922261484,6.517578125,-0.001953125,0.007067137809187279,6.42578125,-0.09375,0.3392226148409894,6.5126953125,-0.0068359375,0.024734982332155476,6.4560546875,-0.0634765625,0.22968197879858657
660,VAC,1,3.765625,3.765625,-1.5859375,0.0,3.73828125,-0.02734375,nan,3.75,-0.015625,nan,3.765625,0.0,nan,3.71875,-0.046875,nan,3.5078125,-0.2578125,nan,3.75,-0.015625,nan,3.75,-0.015625,nan
661,VAC,2,3.44140625,2.625,-1.8828125,0.81640625,2.62109375,-0.00390625,-0.004784688995215311,2.625,0.0,0.0,2.59765625,-0.02734375,-0.03349282296650718,2.59375,-0.03125,-0.03827751196172249,2.97265625,0.34765625,0.4258373205741627,2.59765625,-0.02734375,-0.03349282296650718,2.62890625,0.00390625,0.004784688995215311
662,VAC,3,4.09765625,3.56640625,0.84765625,0.53125,3.49609375,-0.0703125,-0.1323529411764706,3.5234375,-0.04296875,-0.08088235294117647,3.5546875,-0.01171875,-0.022058823529411766,3.5,-0.06640625,-0.125,3.375,-0.19140625,-0.3602941176470588,3.56640625,0.0,0.0,3.53125,-0.03515625,-0.0661764705882353
663,VAC,4,3.4453125,3.03125,-1.3515625,0.4140625,3.05859375,0.02734375,0.0660377358490566,3.0078125,-0.0234375,-0.05660377358490566,3.04296875,0.01171875,0.02830188679245283,3.02734375,-0.00390625,-0.009433962264150943,2.98828125,-0.04296875,-0.10377358490566038,3.015625,-0.015625,-0.03773584905660377,3.03515625,0.00390625,0.009433962264150943
664,VAC,5,3.6875,3.48046875,-1.01953125,0.20703125,3.484375,0.00390625,0.018867924528301886,3.515625,0.03515625,0.16981132075471697,3.515625,0.03515625,0.16981132075471697,3.515625,0.03515625,0.16981132075471697,3.74609375,0.265625,1.2830188679245282,3.50390625,0.0234375,0.11320754716981132,3.54296875,0.0625,0.3018867924528302
665,VAD,1,3.59375,3.38671875,-1.484375,0.20703125,3.388671875,0.001953125,0.009433962264150943,3.38671875,0.0,0.0,3.373046875,-0.013671875,-0.0660377358490566,3.443359375,0.056640625,0.27358490566037735,3.521484375,0.134765625,0.6509433962264151,3.373046875,-0.013671875,-0.0660377358490566,3.390625,0.00390625,0.018867924528301886
666,VAD,2,3.8046875,3.9375,-1.265625,-0.1328125,3.9140625,-0.0234375,0.17647058823529413,3.953125,0.015625,-0.11764705882352941,3.9375,0.0,-0.0,3.9296875,-0.0078125,0.058823529411764705,3.98828125,0.05078125,-0.38235294117647056,3.939453125,0.001953125,-0.014705882352941176,3.970703125,0.033203125,-0.25
667,VAD,3,3.6015625,3.595703125,-2.55078125,0.005859375,3.5390625,-0.056640625,-9.666666666666666,3.564453125,-0.03125,-5.333333333333333,3.59765625,0.001953125,0.3333333333333333,3.55859375,-0.037109375,-6.333333333333333,3.763671875,0.16796875,28.666666666666668,3.568359375,-0.02734375,-4.666666666666667,3.5625,-0.033203125,-5.666666666666667
668,VAD,4,3.5859375,3.1171875,-1.86328125,0.46875,3.171875,0.0546875,0.11666666666666667,3.158203125,0.041015625,0.0875,3.1171875,0.0,0.0,3.19921875,0.08203125,0.175,3.5625,0.4453125,0.95,3.16015625,0.04296875,0.09166666666666666,3.158203125,0.041015625,0.0875
669,VAD,5,3.98046875,3.68359375,-1.2734375,0.296875,3.66796875,-0.015625,-0.05263157894736842,3.63671875,-0.046875,-0.15789473684210525,3.640625,-0.04296875,-0.14473684210526316,3.6640625,-0.01953125,-0.06578947368421052,3.69921875,0.015625,0.05263157894736842,3.640625,-0.04296875,-0.14473684210526316,3.66796875,-0.015625,-0.05263157894736842
670,VATS,1,0.49267578125,0.0234375,-0.759765625,0.46923828125,0.04296875,0.01953125,0.04162330905306972,0.017578125,-0.005859375,-0.012486992715920915,0.041015625,0.017578125,0.037460978147762745,0.037109375,0.013671875,0.029136316337148804,-0.162109375,-0.185546875,-0.39542143600416235,0.04296875,0.01953125,0.04162330905306972,0.04296875,0.01953125,0.04162330905306972
671,VATS,2,0.50146484375,0.00390625,-0.640625,0.49755859375,0.0390625,0.03515625,0.07065750736015702,0.0234375,0.01953125,0.03925417075564279,0.052734375,0.048828125,0.09813542688910697,0.029296875,0.025390625,0.05103042198233562,-0.107421875,-0.111328125,-0.2237487733071639,0.025390625,0.021484375,0.04317958783120707,0.041015625,0.037109375,0.0745829244357213
672,VATS,3,0.603515625,0.04296875,-0.6904296875,0.560546875,0.01953125,-0.0234375,-0.041811846689895474,0.041015625,-0.001953125,-0.003484320557491289,0.04296875,0.0,0.0,0.041015625,-0.001953125,-0.003484320557491289,-0.095703125,-0.138671875,-0.24738675958188153,0.01953125,-0.0234375,-0.041811846689895474,0.025390625,-0.017578125,-0.0313588850174216
673,VATS,4,0.62109375,-0.1015625,-0.5078125,0.72265625,-0.0859375,0.015625,0.021621621621621623,-0.1015625,0.0,0.0,-0.08984375,0.01171875,0.016216216216216217,-0.10546875,-0.00390625,-0.005405405405405406,-0.091796875,0.009765625,0.013513513513513514,-0.08203125,0.01953125,0.02702702702702703,-0.08203125,0.01953125,0.02702702702702703
674,VATS,5,0.4833984375,0.12890625,-0.28125,0.3544921875,0.130859375,0.001953125,0.005509641873278237,0.091796875,-0.037109375,-0.1046831955922865,0.134765625,0.005859375,0.01652892561983471,0.126953125,-0.001953125,-0.005509641873278237,0.125,-0.00390625,-0.011019283746556474,0.1328125,0.00390625,0.011019283746556474,0.115234375,-0.013671875,-0.03856749311294766
675,VBAC,1,0.7373046875,0.55859375,0.0205078125,0.1787109375,0.5654296875,0.0068359375,0.03825136612021858,0.5546875,-0.00390625,-0.02185792349726776,0.564453125,0.005859375,0.03278688524590164,0.56640625,0.0078125,0.04371584699453552,0.462890625,-0.095703125,-0.5355191256830601,0.5703125,0.01171875,0.06557377049180328,0.556640625,-0.001953125,-0.01092896174863388
676,VBAC,2,0.8447265625,0.7607421875,0.412109375,0.083984375,0.744140625,-0.0166015625,-0.19767441860465115,0.7509765625,-0.009765625,-0.11627906976744186,0.75,-0.0107421875,-0.12790697674418605,0.7392578125,-0.021484375,-0.2558139534883721,0.7314453125,-0.029296875,-0.3488372093023256,0.7333984375,-0.02734375,-0.32558139534883723,0.7568359375,-0.00390625,-0.046511627906976744
677,VBAC,3,0.46240234375,0.458984375,0.234375,0.00341796875,0.4501953125,-0.0087890625,-2.5714285714285716,0.447265625,-0.01171875,-3.4285714285714284,0.4619140625,0.0029296875,0.8571428571428571,0.4609375,0.001953125,0.5714285714285714,0.39453125,-0.064453125,-18.857142857142858,0.4501953125,-0.0087890625,-2.5714285714285716,0.4619140625,0.0029296875,0.8571428571428571
678,VBAC,4,0.751953125,0.67578125,0.2578125,0.076171875,0.6796875,0.00390625,0.05128205128205128,0.6865234375,0.0107421875,0.14102564102564102,0.6826171875,0.0068359375,0.08974358974358974,0.677734375,0.001953125,0.02564102564102564,0.6591796875,-0.0166015625,-0.21794871794871795,0.6865234375,0.0107421875,0.14102564102564102,0.673828125,-0.001953125,-0.02564102564102564
679,VBAC,5,0.7900390625,0.5703125,0.23828125,0.2197265625,0.583984375,0.013671875,0.06222222222222222,0.578125,0.0078125,0.035555555555555556,0.625,0.0546875,0.24888888888888888,0.5908203125,0.0205078125,0.09333333333333334,0.5693359375,-0.0009765625,-0.0044444444444444444,0.583984375,0.013671875,0.06222222222222222,0.611328125,0.041015625,0.18666666666666668
