ABBR,layer,patched_logit_difference,indirect_effect,normalized_restoration,count
AAA,0,5.355859375,-0.0705078125,-0.3832748098880846,5
AAA,1,5.395703125,-0.0306640625,0.026295244386106087,5
AAA,2,5.42109375,-0.0052734375,-0.6008545344531384,5
AAA,3,5.4671875,0.0408203125,0.09597744805170319,5
AAA,4,5.334765625,-0.0916015625,-0.21102439284535582,5
AAA,5,5.3412109375,-0.08515625,0.09391130609165495,5
AAA,6,5.3859375,-0.0404296875,0.13930154835447345,5
AAA,7,5.40859375,-0.0177734375,0.078830866492997,5
AAA,8,5.4275390625,0.001171875,0.04913766066007435,5
AAA,9,5.425,-0.0013671875,0.005114469213564859,5
AAA,10,5.4208984375,-0.00546875,-0.16570428026771844,5
AAA,11,5.4529296875,0.0265625,-0.017481284902224038,5
AAA,12,5.4439453125,0.017578125,0.13900739534879406,5
AAA,13,5.4201171875,-0.00625,0.1612832768949462,5
AAA,14,5.4515625,0.0251953125,0.05974710343280722,5
AAA,15,5.46796875,0.0416015625,0.15017817070152545,5
AAA,16,5.393359375,-0.0330078125,0.05185407037004723,5
AAA,17,5.40234375,-0.0240234375,0.03804585790123497,5
AAA,18,5.40390625,-0.0224609375,0.01968493693002944,5
AAA,19,5.4150390625,-0.011328125,-0.09795602398120211,5
AAA,20,5.452734375,0.0263671875,-0.06634994343529795,5
AAA,21,5.413671875,-0.0126953125,-0.08652430160671773,5
AAA,22,5.441015625,0.0146484375,-0.04644749188864153,5
AAA,23,5.4197265625,-0.006640625,-0.16398923034790117,5
AAA,24,5.4283203125,0.001953125,-0.030756670403771426,5
AAA,25,5.445703125,0.0193359375,-0.012310153934591995,5
AAA,26,5.4392578125,0.012890625,-0.1370619171551252,5
AAA,27,5.43125,0.0048828125,-0.002066446608774799,5
AAA,28,5.43671875,0.0103515625,-0.05675799005064876,5
AAA,29,5.4408203125,0.014453125,-0.0565996465879558,5
AAA,30,5.430859375,0.0044921875,-0.09189645034186045,5
AAA,31,5.443359375,0.0169921875,-0.12573570679916035,5
ABG,0,2.84140625,0.071875,0.9099792134982216,5
ABG,1,2.73125,-0.03828125,0.41327037520977433,5
ABG,2,2.7390625,-0.03046875,0.4732910585015141,5
ABG,3,2.72578125,-0.04375,0.4707585731418581,5
ABG,4,2.771875,0.00234375,-0.12739887996466087,5
ABG,5,2.7578125,-0.01171875,0.1638056018280562,5
ABG,6,2.775,0.00546875,-0.030953598830836683,5
ABG,7,2.7484375,-0.02109375,0.2099037876019973,5
ABG,8,2.7625,-0.00703125,0.0831419612797219,5
ABG,9,2.7578125,-0.01171875,0.06358543417366946,5
ABG,10,2.7484375,-0.02109375,0.028402411812182487,5
ABG,11,2.778125,0.00859375,0.016473601968421854,5
ABG,12,2.765625,-0.00390625,0.1205222015114078,5
ABG,13,2.77265625,0.003125,-0.056510509878232806,5
ABG,14,2.7421875,-0.02734375,0.29037388868590913,5
ABG,15,2.76640625,-0.003125,0.13570278811598332,5
ABG,16,2.7703125,0.00078125,0.01771864530631707,5
ABG,17,2.7703125,0.00078125,-0.07875140623677622,5
ABG,18,2.77421875,0.0046875,0.018903372697642057,5
ABG,19,2.765625,-0.00390625,0.0972105216441772,5
ABG,20,2.746875,-0.02265625,0.1579743997820204,5
ABG,21,2.76171875,-0.0078125,0.11304950572712505,5
ABG,22,2.7671875,-0.00234375,0.09353252870787224,5
ABG,23,2.7609375,-0.00859375,0.0827655336268627,5
ABG,24,2.753125,-0.01640625,0.09697668898067699,5
ABG,25,2.759375,-0.01015625,0.03187621400807927,5
ABG,26,2.76015625,-0.009375,0.058060600806276806,5
ABG,27,2.7640625,-0.00546875,0.10220679576178296,5
ABG,28,2.76640625,-0.003125,0.15853912382934013,5
ABG,29,2.76015625,-0.009375,0.08975615596275358,5
ABG,30,2.75859375,-0.0109375,0.21509591308889067,5
ABG,31,2.75390625,-0.015625,0.1934453781512605,5
ABR,0,0.9564453125,-0.045703125,-0.15466063334698227,5
ABR,1,0.9892578125,-0.012890625,-0.04939662498428382,5
ABR,2,1.0259765625,0.023828125,0.048847946387830056,5
ABR,3,1.00859375,0.0064453125,0.017218506601160588,5
ABR,4,1.0099609375,0.0078125,0.00576266619624787,5
ABR,5,1.029296875,0.0271484375,0.06063459731380947,5
ABR,6,0.9919921875,-0.01015625,-0.02031850616603063,5
ABR,7,1.0150390625,0.012890625,0.03252263679861429,5
ABR,8,1.026171875,0.0240234375,0.05769450304004092,5
ABR,9,1.0181640625,0.016015625,0.018524352110905383,5
ABR,10,1.00234375,0.0001953125,0.010005108145049567,5
ABR,11,0.99765625,-0.0044921875,0.0001360133302810606,5
ABR,12,1.0095703125,0.007421875,0.012905772547176337,5
ABR,13,1.007421875,0.0052734375,0.012276444469439849,5
ABR,14,1.012890625,0.0107421875,0.01638494346416398,5
ABR,15,1.01171875,0.0095703125,0.02466978265304121,5
ABR,16,1.0056640625,0.003515625,0.015449148250996506,5
ABR,17,1.012890625,0.0107421875,0.031276028405473257,5
ABR,18,1.0091796875,0.00703125,0.016831591111775936,5
ABR,19,1.016796875,0.0146484375,0.011990512153847239,5
ABR,20,1.0228515625,0.020703125,0.05225424913016154,5
ABR,21,1.0197265625,0.017578125,0.038354897349696625,5
ABR,22,1.0037109375,0.0015625,0.01350191139579324,5
ABR,23,0.9982421875,-0.00390625,0.008055360074411625,5
ABR,24,1.0087890625,0.006640625,0.012976136471677701,5
ABR,25,1.014453125,0.0123046875,0.03827728223073547,5
ABR,26,1.0060546875,0.00390625,0.01937439028204447,5
ABR,27,1.00234375,0.0001953125,-0.0026967643545692172,5
ABR,28,1.026171875,0.0240234375,0.04539581652599246,5
ABR,29,1.0236328125,0.021484375,0.05578890533534057,5
ABR,30,1.0041015625,0.001953125,0.006281796062817961,5
ABR,31,1.0140625,0.0119140625,0.02884105567317246,5
ACE,0,2.299609375,-0.035546875,0.6936160058923199,5
ACE,1,2.351953125,0.016796875,-0.25506616190027315,5
ACE,2,2.291015625,-0.044140625,1.3648358185926792,5
ACE,3,2.3640625,0.02890625,-0.5650449272497834,5
ACE,4,2.33203125,-0.003125,-0.09690067578106742,5
ACE,5,2.341015625,0.005859375,-0.3372255642442497,5
ACE,6,2.31796875,-0.0171875,0.3233551310877874,5
ACE,7,2.339453125,0.004296875,-0.30042711435684233,5
ACE,8,2.31875,-0.01640625,0.20846818265515904,5
ACE,9,2.300390625,-0.034765625,0.4658100166059359,5
ACE,10,2.325390625,-0.009765625,0.24390620152026807,5
ACE,11,2.320703125,-0.014453125,0.2868499175897348,5
ACE,12,2.323828125,-0.011328125,0.0030526429003007506,5
ACE,13,2.3234375,-0.01171875,0.10873745897083745,5
ACE,14,2.336328125,0.001171875,0.09893542380049,5
ACE,15,2.31328125,-0.021875,0.27123020196849884,5
ACE,16,2.339453125,0.004296875,0.043803209805216715,5
ACE,17,2.321875,-0.01328125,0.2326617192352373,5
ACE,18,2.331640625,-0.003515625,0.09674247172232667,5
ACE,19,2.323046875,-0.012109375,0.3110373444918014,5
ACE,20,2.33046875,-0.0046875,0.10229205837586175,5
ACE,21,2.319140625,-0.016015625,0.10271979214706477,5
ACE,22,2.31640625,-0.01875,0.3627021332067476,5
ACE,23,2.3140625,-0.02109375,0.17388543424606853,5
ACE,24,2.307421875,-0.027734375,0.1553937757866422,5
ACE,25,2.330078125,-0.005078125,0.07909935462654664,5
ACE,26,2.312890625,-0.022265625,0.15255117066498639,5
ACE,27,2.32265625,-0.0125,0.1510649140618885,5
ACE,28,2.314453125,-0.020703125,0.3665579594463787,5
ACE,29,2.315234375,-0.019921875,0.25295193175630437,5
ACE,30,2.3125,-0.02265625,0.2471496521988365,5
ACE,31,2.31484375,-0.0203125,0.24908357645346987,5
ACL,0,2.4587890625,-0.0451171875,-0.010438497261252677,5
ACL,1,2.47109375,-0.0328125,0.10704121729663525,5
ACL,2,2.48671875,-0.0171875,0.044969607276108825,5
ACL,3,2.504296875,0.000390625,0.013111199945565272,5
ACL,4,2.5259765625,0.0220703125,-0.1328810998083444,5
ACL,5,2.509765625,0.005859375,-0.05863771419498973,5
ACL,6,2.490625,-0.01328125,0.01337415938035133,5
ACL,7,2.50390625,0.0,0.008405147484094846,5
ACL,8,2.561328125,0.057421875,-0.2504356479433879,5
ACL,9,2.5138671875,0.0099609375,-0.11397801630773767,5
ACL,10,2.53203125,0.028125,-0.17285595209743818,5
ACL,11,2.5080078125,0.0041015625,-0.03545518207282913,5
ACL,12,2.5126953125,0.0087890625,-0.05411220358588779,5
ACL,13,2.52421875,0.0203125,-0.129156346749226,5
ACL,14,2.526953125,0.023046875,-0.12240437065514465,5
ACL,15,2.51171875,0.0078125,-0.055924426450742235,5
ACL,16,2.50703125,0.003125,-0.009446693657219975,5
ACL,17,2.52421875,0.0203125,-0.10169881717869333,5
ACL,18,2.50078125,-0.003125,-0.012199730094466937,5
ACL,19,2.507421875,0.003515625,-0.03154038943512628,5
ACL,20,2.521875,0.01796875,-0.09867360709465971,5
ACL,21,2.5150390625,0.0111328125,-0.0746498032411345,5
ACL,22,2.511328125,0.007421875,-0.0581392395014686,5
ACL,23,2.5109375,0.00703125,-0.06843103233196113,5
ACL,24,2.5140625,0.01015625,-0.06191632928475034,5
ACL,25,2.501953125,-0.001953125,-0.029743589743589743,5
ACL,26,2.5171875,0.01328125,-0.08464849907574365,5
ACL,27,2.511328125,0.007421875,-0.054011952959321374,5
ACL,28,2.51484375,0.0109375,-0.05813379602853286,5
ACL,29,2.510546875,0.006640625,-0.06645845382687487,5
ACL,30,2.517578125,0.013671875,-0.0866782340466551,5
ACL,31,2.51171875,0.0078125,-0.06455638530715929,5
ADA,0,2.4123046875,-0.41015625,-1.13159290190567,5
ADA,1,2.987890625,0.1654296875,0.26870697302596247,5
ADA,2,2.644921875,-0.1775390625,-0.7603817151577215,5
ADA,3,2.8267578125,0.004296875,-0.0177988534282174,5
ADA,4,2.669140625,-0.1533203125,-0.6094651815831172,5
ADA,5,2.7078125,-0.1146484375,-0.5889344651881184,5
ADA,6,2.655078125,-0.1673828125,-0.4330988593553012,5
ADA,7,2.7529296875,-0.06953125,-0.213837796629746,5
ADA,8,2.655859375,-0.1666015625,-0.554988290124122,5
ADA,9,2.77578125,-0.0466796875,-0.21581396677837858,5
ADA,10,2.8302734375,0.0078125,0.06094362344481038,5
ADA,11,2.811328125,-0.0111328125,-0.034722877766760384,5
ADA,12,2.85390625,0.0314453125,0.025697802332590326,5
ADA,13,2.8490234375,0.0265625,0.043586971261265636,5
ADA,14,2.8328125,0.0103515625,-0.07536172460064641,5
ADA,15,2.86796875,0.0455078125,0.15060200331607093,5
ADA,16,2.8482421875,0.02578125,0.0051416863570928565,5
ADA,17,2.8236328125,0.001171875,0.017549395068803094,5
ADA,18,2.8572265625,0.034765625,0.03296893383618926,5
ADA,19,2.835546875,0.0130859375,0.06698655326136259,5
ADA,20,2.8279296875,0.00546875,-0.00011023165037601367,5
ADA,21,2.837109375,0.0146484375,0.038550202313798215,5
ADA,22,2.841015625,0.0185546875,0.014625700955051257,5
ADA,23,2.8208984375,-0.0015625,-0.008124144989884109,5
ADA,24,2.83359375,0.0111328125,0.02862399090839813,5
ADA,25,2.84609375,0.0236328125,0.04747781546144759,5
ADA,26,2.8275390625,0.005078125,-0.009420732666938637,5
ADA,27,2.83828125,0.0158203125,-0.0062296480533856795,5
ADA,28,2.825390625,0.0029296875,0.003670837693320751,5
ADA,29,2.8384765625,0.016015625,0.02296429919893853,5
ADA,30,2.830078125,0.0076171875,0.017554709698102803,5
ADA,31,2.826171875,0.0037109375,0.004870017410792944,5
ADL,0,1.39609375,0.046484375,0.0995565961072611,5
ADL,1,1.36875,0.019140625,0.053513455409366494,5
ADL,2,1.369140625,0.01953125,0.06496107818461629,5
ADL,3,1.35390625,0.004296875,-0.005123697684387222,5
ADL,4,1.35234375,0.002734375,-0.018758646170938195,5
ADL,5,1.3578125,0.008203125,0.01705333478411269,5
ADL,6,1.341015625,-0.00859375,-0.050933992223537936,5
ADL,7,1.359375,0.009765625,0.015738341167197613,5
ADL,8,1.34296875,-0.006640625,-0.024160549573097108,5
ADL,9,1.376171875,0.0265625,0.10521903576019265,5
ADL,10,1.3546875,0.005078125,0.036787880135338805,5
ADL,11,1.353125,0.003515625,0.010811701906220208,5
ADL,12,1.35546875,0.005859375,0.05044198113970361,5
ADL,13,1.355859375,0.00625,0.010883536731260416,5
ADL,14,1.3453125,-0.004296875,0.004404650359904143,5
ADL,15,1.3546875,0.005078125,0.0037168968437774653,5
ADL,16,1.344140625,-0.00546875,0.010685974594351121,5
ADL,17,1.341796875,-0.0078125,-0.0399626874806069,5
ADL,18,1.34765625,-0.001953125,0.0050478162553009584,5
ADL,19,1.352734375,0.003125,0.018176780413221592,5
ADL,20,1.346875,-0.002734375,0.004871883808379622,5
ADL,21,1.34609375,-0.003515625,0.021216917578399185,5
ADL,22,1.3515625,0.001953125,0.05387503384252473,5
ADL,23,1.3390625,-0.010546875,-0.028686780742926892,5
ADL,24,1.35078125,0.001171875,0.05172316195836365,5
ADL,25,1.35,0.000390625,-0.00732090082669185,5
ADL,26,1.37421875,0.024609375,0.08523084331150176,5
ADL,27,1.344140625,-0.00546875,-0.016842832384682413,5
ADL,28,1.352734375,0.003125,0.016891764613545437,5
ADL,29,1.35390625,0.004296875,0.019500327866800005,5
ADL,30,1.356640625,0.00703125,0.0610331481942286,5
ADL,31,1.356640625,0.00703125,0.06538386424957938,5
AFB,0,2.08125,-0.04375,0.11026655666080316,5
AFB,1,2.14609375,0.02109375,0.2299265762750562,5
AFB,2,2.15546875,0.03046875,0.07161651540860432,5
AFB,3,2.121875,-0.003125,-0.09025918834352963,5
AFB,4,2.1109375,-0.0140625,0.0679553957357161,5
AFB,5,2.1109375,-0.0140625,-0.21402823829760736,5
AFB,6,2.109375,-0.015625,-0.09622607242744542,5
AFB,7,2.1140625,-0.0109375,-0.11510930535448352,5
AFB,8,2.11953125,-0.00546875,-0.17655380687744207,5
AFB,9,2.13125,0.00625,0.05535951680443344,5
AFB,10,2.11015625,-0.01484375,-0.19362381108049626,5
AFB,11,2.13515625,0.01015625,0.17456000249069878,5
AFB,12,2.13125,0.00625,0.09593964206582709,5
AFB,13,2.1203125,-0.0046875,0.04765786100862922,5
AFB,14,2.11875,-0.00625,-0.12743037718519903,5
AFB,15,2.11640625,-0.00859375,-0.07024953688569249,5
AFB,16,2.12890625,0.00390625,-0.11874510292293883,5
AFB,17,2.13046875,0.00546875,-0.05967112397972155,5
AFB,18,2.125,0.0,-0.04366610107048159,5
AFB,19,2.1234375,-0.0015625,-0.19423382472745007,5
AFB,20,2.11796875,-0.00703125,-0.14061841975539263,5
AFB,21,2.1265625,0.0015625,-0.009846562576212785,5
AFB,22,2.12578125,0.00078125,-0.15906204434481647,5
AFB,23,2.11953125,-0.00546875,0.0028379437205851067,5
AFB,24,2.12109375,-0.00390625,-0.21252240331678057,5
AFB,25,2.12734375,0.00234375,-0.04254258835494533,5
AFB,26,2.13125,0.00625,-0.0776828198861543,5
AFB,27,2.1328125,0.0078125,-0.017752040556878738,5
AFB,28,2.13046875,0.00546875,0.01079780195831193,5
AFB,29,2.12734375,0.00234375,0.0007158683458127729,5
AFB,30,2.1296875,0.0046875,-0.11663983976504408,5
AFB,31,2.1328125,0.0078125,-0.00380537264486267,5
AFP,0,2.042578125,-0.073828125,0.8016947336813887,5
AFP,1,2.069921875,-0.046484375,0.18689184961465424,5
AFP,2,2.076953125,-0.039453125,0.46095707896264704,5
AFP,3,2.059375,-0.05703125,0.03081997527202369,5
AFP,4,2.088671875,-0.027734375,-0.09575312088843682,5
AFP,5,2.123046875,0.006640625,-0.9221594357019125,5
AFP,6,2.066015625,-0.050390625,0.3370255562870737,5
AFP,7,2.11328125,-0.003125,0.32970099790953994,5
AFP,8,2.0640625,-0.05234375,-0.04263248344811166,5
AFP,9,2.041015625,-0.075390625,-0.34263491298906734,5
AFP,10,2.158984375,0.042578125,-0.3917849787651014,5
AFP,11,2.141796875,0.025390625,-0.010115822258479427,5
AFP,12,2.10234375,-0.0140625,-0.10682295636179359,5
AFP,13,2.102734375,-0.013671875,-0.12391073972014648,5
AFP,14,2.11015625,-0.00625,0.0006226219582053716,5
AFP,15,2.11875,0.00234375,0.20995052070580114,5
AFP,16,2.123046875,0.006640625,0.07301628411140963,5
AFP,17,2.1296875,0.01328125,0.14227459018263755,5
AFP,18,2.1125,-0.00390625,-0.044405699344729446,5
AFP,19,2.128125,0.01171875,0.10987761016301782,5
AFP,20,2.125390625,0.008984375,-0.13400389075179878,5
AFP,21,2.135546875,0.019140625,-0.08058216828708632,5
AFP,22,2.130078125,0.013671875,-0.04829401636568713,5
AFP,23,2.119921875,0.003515625,0.0463828485525689,5
AFP,24,2.11953125,0.003125,0.10788069956654893,5
AFP,25,2.126953125,0.010546875,-0.01957471123100886,5
AFP,26,2.1109375,-0.00546875,-0.05932403504805282,5
AFP,27,2.123046875,0.006640625,0.09971996052345697,5
AFP,28,2.112109375,-0.004296875,0.09871132958201737,5
AFP,29,2.106640625,-0.009765625,0.07956462566223974,5
AFP,30,2.112890625,-0.003515625,0.024984670513024644,5
AFP,31,2.1171875,0.00078125,0.05604598392727923,5
AGA,0,4.477734375,0.056640625,0.2280555310521822,5
AGA,1,4.436328125,0.015234375,0.04845367825295287,5
AGA,2,4.4015625,-0.01953125,-0.1645857488745835,5
AGA,3,4.461328125,0.040234375,0.06037638505650307,5
AGA,4,4.440625,0.01953125,0.019815137781041305,5
AGA,5,4.408203125,-0.012890625,0.12726898100636094,5
AGA,6,4.4234375,0.00234375,-0.13213301842663308,5
AGA,7,4.425,0.00390625,0.013436316169767376,5
AGA,8,4.42734375,0.00625,-0.008824408001339651,5
AGA,9,4.400390625,-0.020703125,0.16445828174415325,5
AGA,10,4.394921875,-0.026171875,-0.013028215631888093,5
AGA,11,4.41796875,-0.003125,0.09474251972470513,5
AGA,12,4.394921875,-0.026171875,0.04268772620213438,5
AGA,13,4.3984375,-0.02265625,0.02327333902530485,5
AGA,14,4.383203125,-0.037890625,0.03857800432194216,5
AGA,15,4.396484375,-0.024609375,0.04560225569981856,5
AGA,16,4.36953125,-0.0515625,0.023737634852681516,5
AGA,17,4.388671875,-0.032421875,0.03053096956015914,5
AGA,18,4.407421875,-0.013671875,0.07670210611443441,5
AGA,19,4.394140625,-0.026953125,0.10958023131302333,5
AGA,20,4.402734375,-0.018359375,0.05617981413441159,5
AGA,21,4.376953125,-0.044140625,0.024682243539819147,5
AGA,22,4.38984375,-0.03125,0.08031378186708993,5
AGA,23,4.378515625,-0.042578125,0.04007994101005351,5
AGA,24,4.3828125,-0.03828125,0.027580221064524263,5
AGA,25,4.378125,-0.04296875,0.010281966100527246,5
AGA,26,4.39609375,-0.025,0.09008733131659608,5
AGA,27,4.393359375,-0.027734375,0.09689636951967498,5
AGA,28,4.391796875,-0.029296875,0.05138671250264737,5
AGA,29,4.38828125,-0.0328125,0.03169718107657609,5
AGA,30,4.393359375,-0.027734375,0.07079752913863734,5
AGA,31,4.394140625,-0.026953125,0.049586968924752194,5
AICD,0,1.781640625,0.01484375,-0.06079710144927537,5
AICD,1,1.778125,0.011328125,-0.0009109730848861297,5
AICD,2,1.79140625,0.024609375,0.1303726708074534,5
AICD,3,1.779296875,0.0125,0.0210248447204969,5
AICD,4,1.793359375,0.0265625,0.15474120082815734,5
AICD,5,1.78046875,0.013671875,0.060196687370600424,5
AICD,6,1.777734375,0.0109375,0.04315734989648033,5
AICD,7,1.768359375,0.0015625,0.04194616977225673,5
AICD,8,1.7796875,0.012890625,0.08095238095238096,5
AICD,9,1.773046875,0.00625,0.08322981366459628,5
AICD,10,1.773046875,0.00625,-0.00942028985507246,5
AICD,11,1.772265625,0.00546875,-0.012732919254658387,5
AICD,12,1.764453125,-0.00234375,-0.004523809523809525,5
AICD,13,1.76953125,0.002734375,-0.02839544513457557,5
AICD,14,1.76171875,-0.005078125,-0.06203933747412007,5
AICD,15,1.75703125,-0.009765625,-0.029223602484472054,5
AICD,16,1.76640625,-0.000390625,-0.026407867494824024,5
AICD,17,1.769921875,0.003125,-0.011169772256728782,5
AICD,18,1.771484375,0.0046875,0.028095238095238097,5
AICD,19,1.769140625,0.00234375,-0.049865424430641826,5
AICD,20,1.772265625,0.00546875,0.06161490683229813,5
AICD,21,1.775,0.008203125,0.08607660455486543,5
AICD,22,1.770703125,0.00390625,0.033581780538302276,5
AICD,23,1.775,0.008203125,0.030838509316770187,5
AICD,24,1.7703125,0.003515625,0.05089026915113872,5
AICD,25,1.769140625,0.00234375,0.03572463768115942,5
AICD,26,1.7625,-0.004296875,-0.019347826086956524,5
AICD,27,1.771484375,0.0046875,0.03334368530020704,5
AICD,28,1.75859375,-0.008203125,-0.020134575569358173,5
AICD,29,1.76328125,-0.003515625,-0.01363354037267081,5
AICD,30,1.77265625,0.005859375,0.03476190476190476,5
AICD,31,1.771875,0.005078125,0.03643892339544513,5
ALD,0,2.321875,-0.059375,-0.2539518455812189,5
ALD,1,2.40390625,0.02265625,0.05137599325230785,5
ALD,2,2.4125,0.03125,0.09374311389115664,5
ALD,3,2.39609375,0.01484375,0.02841279203909568,5
ALD,4,2.40234375,0.02109375,0.10161318300095894,5
ALD,5,2.3796875,-0.0015625,-0.06451069809581231,5
ALD,6,2.37578125,-0.00546875,-0.0352633462668747,5
ALD,7,2.36484375,-0.01640625,-0.05125180641024414,5
ALD,8,2.38046875,-0.00078125,0.023258262216179715,5
ALD,9,2.37890625,-0.00234375,0.0030587897155413143,5
ALD,10,2.359375,-0.021875,-0.06781790057983647,5
ALD,11,2.3734375,-0.0078125,-0.07486034103487386,5
ALD,12,2.38046875,-0.00078125,-0.03317325015168427,5
ALD,13,2.384375,0.003125,-0.05524740164564573,5
ALD,14,2.36875,-0.0125,-0.07811609530303863,5
ALD,15,2.38046875,-0.00078125,-0.016446293754170012,5
ALD,16,2.39296875,0.01171875,0.008778947801406766,5
ALD,17,2.3828125,0.0015625,0.016564122522313315,5
ALD,18,2.38125,0.0,-0.0023901129087872315,5
ALD,19,2.3765625,-0.0046875,0.0012698417275859742,5
ALD,20,2.38125,0.0,0.012845222868184503,5
ALD,21,2.3765625,-0.0046875,-0.017017566009303726,5
ALD,22,2.37421875,-0.00703125,-0.007280253440706719,5
ALD,23,2.36875,-0.0125,-0.04583590312969983,5
ALD,24,2.36484375,-0.01640625,-0.0914549831570724,5
ALD,25,2.3703125,-0.0109375,-0.05437596418199815,5
ALD,26,2.3625,-0.01875,-0.07373015827241403,5
ALD,27,2.384375,0.003125,0.023658011193210093,5
ALD,28,2.3671875,-0.0140625,-0.04378665544755527,5
ALD,29,2.37109375,-0.01015625,-0.061502790929311255,5
ALD,30,2.359375,-0.021875,-0.09978329943240855,5
ALD,31,2.3609375,-0.0203125,-0.0951590413194946,5
ALS,0,3.112890625,0.0853515625,0.0979973693035339,5
ALS,1,3.0837890625,0.05625,0.45655007610663156,5
ALS,2,2.997265625,-0.0302734375,-0.34164683468717116,5
ALS,3,2.925390625,-0.1021484375,-0.9278643827820746,5
ALS,4,3.0328125,0.0052734375,0.02705041487775567,5
ALS,5,3.0349609375,0.007421875,0.21422294942181397,5
ALS,6,2.9869140625,-0.040625,-0.3579406857575259,5
ALS,7,2.983984375,-0.0435546875,-0.05292967959170447,5
ALS,8,2.9734375,-0.0541015625,-0.2806628239362524,5
ALS,9,3.0025390625,-0.025,-0.3546926875302307,5
ALS,10,3.0568359375,0.029296875,0.1986344329214475,5
ALS,11,3.0228515625,-0.0046875,-0.029369542886492038,5
ALS,12,3.0224609375,-0.005078125,-0.085801139791863,5
ALS,13,3.033203125,0.0056640625,-0.18338087535715888,5
ALS,14,3.0396484375,0.012109375,-0.00012660098184411606,5
ALS,15,3.0580078125,0.03046875,0.3399173834776928,5
ALS,16,3.0857421875,0.058203125,0.35935682260734714,5
ALS,17,3.0466796875,0.019140625,0.15333910272712314,5
ALS,18,3.0216796875,-0.005859375,0.011335426421529765,5
ALS,19,3.0728515625,0.0453125,0.3601010572650979,5
ALS,20,3.0431640625,0.015625,0.16271248990231424,5
ALS,21,3.0544921875,0.026953125,0.22534278651248374,5
ALS,22,3.0470703125,0.01953125,0.169402604080961,5
ALS,23,3.0498046875,0.022265625,0.27823713417705104,5
ALS,24,3.0544921875,0.026953125,0.2636479778449295,5
ALS,25,3.0552734375,0.027734375,0.07175573885140693,5
ALS,26,3.0212890625,-0.00625,-0.0816226899985539,5
ALS,27,3.0162109375,-0.011328125,-0.08457843470911186,5
ALS,28,3.0478515625,0.0203125,0.2172840796894401,5
ALS,29,3.04296875,0.0154296875,0.14200988981056242,5
ALS,30,3.0498046875,0.022265625,0.2475572382954109,5
ALS,31,3.0384765625,0.0109375,0.16649564989204202,5
AMA,0,1.6765625,-0.51640625,14.941989208975997,5
AMA,1,1.83984375,-0.353125,4.725913982301849,5
AMA,2,1.9859375,-0.20703125,2.4940796770863694,5
AMA,3,1.8953125,-0.29765625,5.992555152155618,5
AMA,4,1.89765625,-0.2953125,6.6539715707449405,5
AMA,5,2.165625,-0.02734375,1.7311914521580687,5
AMA,6,2.221875,0.02890625,-0.8952284717436955,5
AMA,7,2.09609375,-0.096875,2.135718899544337,5
AMA,8,2.1453125,-0.04765625,0.18993883270644435,5
AMA,9,2.0921875,-0.10078125,2.852314426798345,5
AMA,10,2.18671875,-0.00625,-2.502873985788096,5
AMA,11,2.14765625,-0.0453125,0.8816035864766298,5
AMA,12,2.1671875,-0.02578125,0.03794904087352276,5
AMA,13,2.14453125,-0.0484375,-0.510556421367426,5
AMA,14,2.24296875,0.05,-1.187756376699886,5
AMA,15,2.1703125,-0.02265625,1.0820507957086478,5
AMA,16,2.1859375,-0.00703125,-0.3255276516585548,5
AMA,17,2.1703125,-0.02265625,0.368703764329701,5
AMA,18,2.18046875,-0.0125,-0.4705718262214802,5
AMA,19,2.19296875,0.0,-0.3623836560381527,5
AMA,20,2.1890625,-0.00390625,-0.5667925274473863,5
AMA,21,2.18515625,-0.0078125,-0.13152868119088018,5
AMA,22,2.16953125,-0.0234375,0.028474532693098593,5
AMA,23,2.1703125,-0.02265625,-0.088828147086941,5
AMA,24,2.1703125,-0.02265625,0.5576792053535681,5
AMA,25,2.165625,-0.02734375,0.1149152106592003,5
AMA,26,2.17578125,-0.0171875,0.23603376212356025,5
AMA,27,2.1703125,-0.02265625,-0.1166596850938427,5
AMA,28,2.17578125,-0.0171875,-0.05772610627061449,5
AMA,29,2.1703125,-0.02265625,0.3782295421304782,5
AMA,30,2.184375,-0.00859375,-0.08203083694441342,5
AMA,31,2.1796875,-0.01328125,0.12717869467285112,5
AML,0,2.7078125,0.104296875,-2.0212734591274097,5
AML,1,2.606640625,0.003125,-2.9725484252859715,5
AML,2,2.645703125,0.0421875,-0.7622883010269506,5
AML,3,2.6203125,0.016796875,-0.48786779588171336,5
AML,4,2.61015625,0.006640625,0.01848820443980411,5
AML,5,2.604296875,0.00078125,0.16184092773510328,5
AML,6,2.61484375,0.011328125,-1.993914108060101,5
AML,7,2.616015625,0.0125,-0.4690806381345546,5
AML,8,2.609375,0.005859375,0.143240356995272,5
AML,9,2.59765625,-0.005859375,0.20302546806818253,5
AML,10,2.60625,0.002734375,-1.9918266753943255,5
AML,11,2.598828125,-0.0046875,-1.2199205302349485,5
AML,12,2.59296875,-0.010546875,0.08287641375248514,5
AML,13,2.596484375,-0.00703125,-0.833711640683155,5
AML,14,2.60078125,-0.002734375,-0.6712194090974041,5
AML,15,2.58828125,-0.015234375,0.3121954987673072,5
AML,16,2.5890625,-0.014453125,0.7601691979580865,5
AML,17,2.60625,0.002734375,-0.9303316180674672,5
AML,18,2.607421875,0.00390625,0.42635902493402983,5
AML,19,2.59296875,-0.010546875,-0.45504525577295796,5
AML,20,2.59140625,-0.012109375,-1.1599292433872785,5
AML,21,2.598046875,-0.00546875,0.3941482418838081,5
AML,22,2.600390625,-0.003125,-0.53832126026972,5
AML,23,2.58515625,-0.018359375,0.15715427844858412,5
AML,24,2.594921875,-0.00859375,-0.05313655845253253,5
AML,25,2.599609375,-0.00390625,-0.02344039254947008,5
AML,26,2.6015625,-0.001953125,-1.085498997433596,5
AML,27,2.596875,-0.006640625,-0.7088508341818007,5
AML,28,2.60390625,0.000390625,0.2851146451447716,5
AML,29,2.60703125,0.003515625,-0.6600847814646575,5
AML,30,2.6015625,-0.001953125,0.523371603550382,5
AML,31,2.598828125,-0.0046875,0.35442443707556437,5
ANA,0,2.696875,0.070703125,0.7470382196666472,5
ANA,1,2.746484375,0.1203125,-0.2905023173586593,5
ANA,2,2.633203125,0.00703125,0.30935793241204673,5
ANA,3,2.64921875,0.023046875,0.12641685649891737,5
ANA,4,2.68828125,0.062109375,-0.29251309415361143,5
ANA,5,2.65625,0.030078125,-0.17574751740760788,5
ANA,6,2.684375,0.058203125,-0.11367645721729827,5
ANA,7,2.633984375,0.0078125,-0.013621198289553682,5
ANA,8,2.65859375,0.032421875,0.04621351809945119,5
ANA,9,2.641796875,0.015625,-0.15154954737425147,5
ANA,10,2.628125,0.001953125,0.032075595291643375,5
ANA,11,2.633203125,0.00703125,-0.17270138659321085,5
ANA,12,2.6109375,-0.015234375,-0.05592936155007681,5
ANA,13,2.62578125,-0.000390625,0.14475338773972615,5
ANA,14,2.64296875,0.016796875,0.03413670590230418,5
ANA,15,2.587109375,-0.0390625,0.03355544973652445,5
ANA,16,2.62890625,0.002734375,0.18191478528568744,5
ANA,17,2.63359375,0.007421875,-0.06715689609732296,5
ANA,18,2.64375,0.017578125,0.06222747571512327,5
ANA,19,2.6421875,0.016015625,0.21691704512427828,5
ANA,20,2.628125,0.001953125,0.012025692350624142,5
ANA,21,2.6265625,0.000390625,0.042193619501031884,5
ANA,22,2.622265625,-0.00390625,0.11539528726451602,5
ANA,23,2.635546875,0.009375,0.17399706804897516,5
ANA,24,2.628515625,0.00234375,0.022688309716652918,5
ANA,25,2.622265625,-0.00390625,0.2843862244133599,5
ANA,26,2.625,-0.001171875,0.14401346211979488,5
ANA,27,2.63515625,0.008984375,-0.017687947449393105,5
ANA,28,2.63515625,0.008984375,-0.009172771075316,5
ANA,29,2.641015625,0.01484375,0.11899883291250438,5
ANA,30,2.6265625,0.000390625,0.2468649647737406,5
ANA,31,2.62421875,-0.001953125,0.28321990051341794,5
ANCA,0,-0.003515625,0.037109375,0.11612833130055655,5
ANCA,1,-0.051953125,-0.011328125,-0.03886312180699705,5
ANCA,2,-0.047265625,-0.006640625,-0.01898134590981716,5
ANCA,3,-0.04453125,-0.00390625,-0.016882927296077748,5
ANCA,4,-0.045703125,-0.005078125,-0.017103162920549468,5
ANCA,5,-0.045703125,-0.005078125,-0.01724385945984824,5
ANCA,6,-0.0453125,-0.0046875,-0.018215817589435863,5
ANCA,7,-0.04609375,-0.00546875,-0.02161545714924848,5
ANCA,8,-0.044140625,-0.003515625,-0.011299104141474645,5
ANCA,9,-0.041796875,-0.001171875,-0.003863294651798704,5
ANCA,10,-0.044140625,-0.003515625,-0.011504763332799562,5
ANCA,11,-0.044140625,-0.003515625,-0.010988170710756109,5
ANCA,12,-0.044140625,-0.003515625,-0.009951502447996138,5
ANCA,13,-0.046484375,-0.005859375,-0.021309543619192513,5
ANCA,14,-0.042578125,-0.001953125,-0.009518950712760588,5
ANCA,15,-0.04375,-0.003125,-0.009179717755323337,5
ANCA,16,-0.04375,-0.003125,-0.012383851123243046,5
ANCA,17,-0.0453125,-0.0046875,-0.01369208164439581,5
ANCA,18,-0.047265625,-0.006640625,-0.020606274257592393,5
ANCA,19,-0.04296875,-0.00234375,-0.0074539995546960645,5
ANCA,20,-0.042578125,-0.001953125,-0.006357153436812077,5
ANCA,21,-0.051171875,-0.010546875,-0.03673661264765931,5
ANCA,22,-0.041796875,-0.001171875,-0.003487816531294792,5
ANCA,23,-0.04609375,-0.00546875,-0.01977594437479858,5
ANCA,24,-0.04140625,-0.00078125,-0.002340296845490941,5
ANCA,25,-0.04609375,-0.00546875,-0.01755584214994204,5
ANCA,26,-0.043359375,-0.002734375,-0.009827197865327517,5
ANCA,27,-0.044140625,-0.003515625,-0.010112818457839495,5
ANCA,28,-0.044140625,-0.003515625,-0.009080843562741487,5
ANCA,29,-0.04296875,-0.00234375,-0.008544563177648495,5
ANCA,30,-0.04609375,-0.00546875,-0.017291215452482002,5
ANCA,31,-0.044140625,-0.003515625,-0.008816639181295563,5
ANC,0,2.282421875,-0.14921875,1.228273248599032,5
ANC,1,2.471484375,0.03984375,0.37122364007218317,5
ANC,2,2.494140625,0.0625,-0.26091145485689227,5
ANC,3,2.498046875,0.06640625,-0.40575961529112714,5
ANC,4,2.509375,0.077734375,-0.22928011539090135,5
ANC,5,2.48828125,0.056640625,-0.32659858796656044,5
ANC,6,2.43046875,-0.001171875,-0.02917683108919696,5
ANC,7,2.36640625,-0.065234375,0.3330459220492167,5
ANC,8,2.455859375,0.02421875,0.08996892355840852,5
ANC,9,2.449609375,0.01796875,-0.008488162204398499,5
ANC,10,2.47421875,0.042578125,-0.294722372522369,5
ANC,11,2.430078125,-0.0015625,-0.23061623705346004,5
ANC,12,2.49765625,0.066015625,-0.2538742311092907,5
ANC,13,2.4515625,0.019921875,-0.12821962051210664,5
ANC,14,2.48671875,0.055078125,-0.23951189840865839,5
ANC,15,2.409375,-0.022265625,0.0785936829388482,5
ANC,16,2.431640625,0.0,-0.14709680645969284,5
ANC,17,2.45234375,0.020703125,-0.01704593316096744,5
ANC,18,2.45703125,0.025390625,-0.10204657150789698,5
ANC,19,2.423828125,-0.0078125,0.09928605381143081,5
ANC,20,2.44140625,0.009765625,0.024154279636775383,5
ANC,21,2.425,-0.006640625,0.05224199267180039,5
ANC,22,2.430859375,-0.00078125,-0.047853365054809485,5
ANC,23,2.4296875,-0.001953125,-0.012233317403918472,5
ANC,24,2.425,-0.006640625,-0.005468946939384006,5
ANC,25,2.421484375,-0.01015625,0.054555968267926545,5
ANC,26,2.4375,0.005859375,-0.1349915691520515,5
ANC,27,2.43046875,-0.001171875,-0.042702707462945015,5
ANC,28,2.4296875,-0.001953125,-0.04975697135035705,5
ANC,29,2.430078125,-0.0015625,-0.006408435431545676,5
ANC,30,2.4328125,0.001171875,-0.006334076791765944,5
ANC,31,2.425390625,-0.00625,-0.01623525570993515,5
ASA,0,0.70859375,-0.187890625,3.369938497575757,5
ASA,1,0.9015625,0.005078125,-1.0017696518172174,5
ASA,2,0.90390625,0.007421875,-0.12208690258837256,5
ASA,3,0.904296875,0.0078125,-0.3969367563860477,5
ASA,4,0.88671875,-0.009765625,-0.038248121678577975,5
ASA,5,0.93046875,0.033984375,-0.946994777656632,5
ASA,6,0.8484375,-0.048046875,0.7616605593257839,5
ASA,7,0.8625,-0.033984375,0.33449983850633996,5
ASA,8,0.892578125,-0.00390625,-0.13837497540822347,5
ASA,9,0.85703125,-0.039453125,0.9021098365267403,5
ASA,10,0.90390625,0.007421875,-0.21320553576977316,5
ASA,11,0.8875,-0.008984375,-0.11609632744417744,5
ASA,12,0.878515625,-0.01796875,0.4280740333516584,5
ASA,13,0.90546875,0.008984375,-0.2421768732498469,5
ASA,14,0.8984375,0.001953125,-0.030007740663858445,5
ASA,15,0.904296875,0.0078125,0.2197019078315538,5
ASA,16,0.898046875,0.0015625,0.20991692422913588,5
ASA,17,0.919140625,0.02265625,-0.1543515340059069,5
ASA,18,0.90078125,0.004296875,-0.20138647976303642,5
ASA,19,0.889453125,-0.00703125,0.1470159097302535,5
ASA,20,0.90703125,0.010546875,-0.020542778046423144,5
ASA,21,0.9046875,0.008203125,-0.18983535001222693,5
ASA,22,0.90546875,0.008984375,-0.02132824398474422,5
ASA,23,0.89765625,0.001171875,0.03372659337857607,5
ASA,24,0.90546875,0.008984375,-0.04565398190658127,5
ASA,25,0.900390625,0.00390625,-0.09894272215184327,5
ASA,26,0.89453125,-0.001953125,0.033892168813888825,5
ASA,27,0.89609375,-0.000390625,-0.09570353318710036,5
ASA,28,0.8953125,-0.001171875,-0.052248144967986264,5
ASA,29,0.901171875,0.0046875,-0.01716608351214083,5
ASA,30,0.9015625,0.005078125,-0.02899825513301623,5
ASA,31,0.900390625,0.00390625,-0.0927123886781606,5
ASD,0,2.785546875,-0.169140625,-7.339794375295456,5
ASD,1,2.937890625,-0.016796875,0.13141435429106654,5
ASD,2,3.105859375,0.151171875,1.1863778607037436,5
ASD,3,3.013671875,0.058984375,-1.5254460439824533,5
ASD,4,3.0861328125,0.1314453125,1.144969954742846,5
ASD,5,2.93671875,-0.01796875,0.1947611476883287,5
ASD,6,2.882421875,-0.072265625,-0.5554198105027233,5
ASD,7,3.0134765625,0.0587890625,0.8060663161239946,5
ASD,8,2.971484375,0.016796875,0.4102047972055183,5
ASD,9,2.945703125,-0.008984375,0.11945418516435105,5
ASD,10,2.94453125,-0.01015625,1.053492336390678,5
ASD,11,2.92890625,-0.02578125,0.17954338779861495,5
ASD,12,2.970703125,0.016015625,0.46373758421343136,5
ASD,13,2.939453125,-0.015234375,0.2593888831668211,5
ASD,14,2.963671875,0.008984375,0.26679116125403074,5
ASD,15,2.990625,0.0359375,0.6719822034890528,5
ASD,16,2.96796875,0.01328125,-0.08171480686260787,5
ASD,17,2.937890625,-0.016796875,-0.21207609821885237,5
ASD,18,2.9859375,0.03125,0.981364563498666,5
ASD,19,2.982421875,0.027734375,1.070813827684772,5
ASD,20,2.983203125,0.028515625,1.0734454066321404,5
ASD,21,2.96875,0.0140625,0.318895412046097,5
ASD,22,2.98359375,0.02890625,1.288779218858527,5
ASD,23,2.9671875,0.0125,0.8261753611284973,5
ASD,24,2.962890625,0.008203125,0.7200215149746513,5
ASD,25,2.96484375,0.01015625,0.09119450364583746,5
ASD,26,2.9515625,-0.003125,0.43188869609922237,5
ASD,27,2.96875,0.0140625,0.7512720156555773,5
ASD,28,2.965234375,0.010546875,0.08271497148209477,5
ASD,29,2.957421875,0.002734375,0.2839400397727723,5
ASD,30,2.9546875,0.0,0.07066524759387052,5
ASD,31,2.963671875,0.008984375,0.3058069479987289,5
AVF,0,4.9384765625,0.40234375,0.607416178224425,5
AVF,1,4.432421875,-0.1037109375,-0.15151569446314408,5
AVF,2,4.582421875,0.0462890625,0.032952811929774735,5
AVF,3,4.596875,0.0607421875,0.13987628866396903,5
AVF,4,4.6103515625,0.07421875,0.1387164121500971,5
AVF,5,4.5015625,-0.0345703125,-0.025095370967467123,5
AVF,6,4.4412109375,-0.094921875,-0.17327669149936353,5
AVF,7,4.4693359375,-0.066796875,-0.07997377260728855,5
AVF,8,4.4763671875,-0.059765625,-0.07283247150706858,5
AVF,9,4.51796875,-0.0181640625,-0.023562737613243817,5
AVF,10,4.4880859375,-0.048046875,-0.08831622975384128,5
AVF,11,4.5326171875,-0.003515625,0.011068395003770153,5
AVF,12,4.53671875,0.0005859375,0.014591490525525417,5
AVF,13,4.502734375,-0.0333984375,-0.039221669405546646,5
AVF,14,4.5599609375,0.023828125,0.05391685243090984,5
AVF,15,4.5833984375,0.047265625,0.054240357102220436,5
AVF,16,4.5765625,0.0404296875,0.07930015783170188,5
AVF,17,4.5017578125,-0.034375,-0.05025703342851514,5
AVF,18,4.5271484375,-0.008984375,-0.00609232692264724,5
AVF,19,4.53515625,-0.0009765625,0.007863249063827113,5
AVF,20,4.5419921875,0.005859375,0.012065389856960233,5
AVF,21,4.5294921875,-0.006640625,-0.004078890641967728,5
AVF,22,4.517578125,-0.0185546875,-0.03278962356427089,5
AVF,23,4.5494140625,0.01328125,0.019323291253023723,5
AVF,24,4.5181640625,-0.01796875,-0.040690595154305974,5
AVF,25,4.5658203125,0.0296875,0.04692194991158837,5
AVF,26,4.558203125,0.0220703125,0.045582586234416106,5
AVF,27,4.521484375,-0.0146484375,-0.04502091913351457,5
AVF,28,4.53046875,-0.0056640625,-0.016993797481203603,5
AVF,29,4.5384765625,0.00234375,0.011059687733406348,5
AVF,30,4.5314453125,-0.0046875,-0.011412146010573668,5
AVF,31,4.5361328125,0.0,-0.00400688276406371,5
AVR,0,3.991796875,-0.59453125,-0.3064104307562935,5
AVR,1,4.29765625,-0.288671875,-0.32661344659655944,5
AVR,2,4.3734375,-0.212890625,0.15643339152917515,5
AVR,3,4.478515625,-0.1078125,-0.04342083215154222,5
AVR,4,4.326953125,-0.259375,0.20465901174496254,5
AVR,5,4.465234375,-0.12109375,0.31963582867739376,5
AVR,6,4.39609375,-0.190234375,-0.22597794510065228,5
AVR,7,4.44765625,-0.138671875,0.06300687770689146,5
AVR,8,4.576953125,-0.009375,-0.4583379888192124,5
AVR,9,4.55390625,-0.032421875,-0.08224975651926805,5
AVR,10,4.56875,-0.017578125,0.07706976950127781,5
AVR,11,4.601171875,0.01484375,-0.01593519556397795,5
AVR,12,4.594921875,0.00859375,-0.18448670342059809,5
AVR,13,4.63515625,0.048828125,0.1605219860333609,5
AVR,14,4.635546875,0.04921875,0.03585682080852478,5
AVR,15,4.55546875,-0.030859375,-0.1592336113922307,5
AVR,16,4.602734375,0.01640625,-0.05336375594910486,5
AVR,17,4.6046875,0.018359375,-0.23118030675940987,5
AVR,18,4.5875,0.001171875,-0.1333616654717193,5
AVR,19,4.584765625,-0.0015625,-0.10261568260891576,5
AVR,20,4.633984375,0.04765625,-0.11908285385730277,5
AVR,21,4.6,0.013671875,-0.08234774764671585,5
AVR,22,4.5890625,0.002734375,-0.13310256241354326,5
AVR,23,4.6203125,0.033984375,-0.013703518407724028,5
AVR,24,4.608984375,0.02265625,-0.10235278148722586,5
AVR,25,4.58828125,0.001953125,0.04311199133758433,5
AVR,26,4.58828125,0.001953125,0.06950334104378333,5
AVR,27,4.609375,0.023046875,-0.09444518966091985,5
AVR,28,4.59765625,0.011328125,-0.26276428796834084,5
AVR,29,4.61484375,0.028515625,-0.09274809221255438,5
AVR,30,4.59453125,0.008203125,-0.1923122204190645,5
AVR,31,4.601953125,0.015625,-0.03514285200998856,5
BAL,0,4.783203125,0.105078125,0.9920384521683225,5
BAL,1,4.6859375,0.0078125,1.078085421072434,5
BAL,2,4.8267578125,0.1486328125,-2.832227483915795,5
BAL,3,4.625390625,-0.052734375,-0.5392287942937293,5
BAL,4,4.7732421875,0.0951171875,-2.738367865900334,5
BAL,5,4.681640625,0.003515625,3.4599745708836616,5
BAL,6,4.6828125,0.0046875,0.7319752397674475,5
BAL,7,4.6744140625,-0.0037109375,1.0414963968210722,5
BAL,8,4.65703125,-0.02109375,0.3129136520045611,5
BAL,9,4.6029296875,-0.0751953125,2.7273773989358405,5
BAL,10,4.6833984375,0.0052734375,1.1050255660645272,5
BAL,11,4.665234375,-0.012890625,0.410301603158746,5
BAL,12,4.659375,-0.01875,-0.0569817772415175,5
BAL,13,4.6943359375,0.0162109375,-0.750700713427986,5
BAL,14,4.7166015625,0.0384765625,-0.2178278863993149,5
BAL,15,4.63984375,-0.03828125,0.3068969991047913,5
BAL,16,4.6810546875,0.0029296875,-0.07400448036811673,5
BAL,17,4.667578125,-0.010546875,0.3921906232295843,5
BAL,18,4.6736328125,-0.0044921875,0.6438181443376249,5
BAL,19,4.680859375,0.002734375,-0.8084135056862329,5
BAL,20,4.680078125,0.001953125,-0.07064640986718909,5
BAL,21,4.6765625,-0.0015625,-0.09799111422488045,5
BAL,22,4.6732421875,-0.0048828125,-0.10064695765994466,5
BAL,23,4.6630859375,-0.0150390625,-0.3048885025508402,5
BAL,24,4.6701171875,-0.0080078125,-0.5152255969139086,5
BAL,25,4.6556640625,-0.0224609375,0.288380450718113,5
BAL,26,4.6755859375,-0.0025390625,-0.18481421897006314,5
BAL,27,4.687890625,0.009765625,-0.8833721689565845,5
BAL,28,4.673828125,-0.004296875,-1.0369399575893081,5
BAL,29,4.684375,0.00625,-1.009391748222917,5
BAL,30,4.683984375,0.005859375,-0.8680404444040807,5
BAL,31,4.684375,0.00625,-0.8688096751733114,5
BMI,0,2.353125,0.05625,0.04623440285204988,5
BMI,1,2.3171875,0.0203125,0.09675802139037434,5
BMI,2,2.3125,0.015625,0.002116755793226382,5
BMI,3,2.2953125,-0.0015625,-0.11319073083778966,5
BMI,4,2.3140625,0.0171875,0.09659090909090909,5
BMI,5,2.3125,0.015625,-0.005570409982174694,5
BMI,6,2.27578125,-0.02109375,-0.227774064171123,5
BMI,7,2.28671875,-0.01015625,-0.09764928698752232,5
BMI,8,2.29375,-0.003125,-0.004679144385026736,5
BMI,9,2.28203125,-0.01484375,-0.08712121212121213,5
BMI,10,2.29921875,0.00234375,0.03336675579322637,5
BMI,11,2.303125,0.00625,0.11207664884135471,5
BMI,12,2.303125,0.00625,0.03308823529411765,5
BMI,13,2.2921875,-0.0046875,0.08149509803921569,5
BMI,14,2.30859375,0.01171875,0.13541666666666666,5
BMI,15,2.3,0.003125,0.03799019607843137,5
BMI,16,2.30234375,0.00546875,0.08416889483065954,5
BMI,17,2.30546875,0.00859375,0.13909313725490197,5
BMI,18,2.3046875,0.0078125,0.13669786096256684,5
BMI,19,2.3046875,0.0078125,0.1286764705882353,5
BMI,20,2.309375,0.0125,0.2198083778966132,5
BMI,21,2.31484375,0.01796875,0.1579211229946524,5
BMI,22,2.2984375,0.0015625,0.11274509803921569,5
BMI,23,2.28984375,-0.00703125,-0.0511920677361854,5
BMI,24,2.315625,0.01875,0.19674688057040998,5
BMI,25,2.2984375,0.0015625,0.07965686274509803,5
BMI,26,2.3171875,0.0203125,0.1930704099821747,5
BMI,27,2.30234375,0.00546875,0.09865196078431372,5
BMI,28,2.309375,0.0125,0.1323529411764706,5
BMI,29,2.30234375,0.00546875,0.13174019607843138,5
BMI,30,2.2890625,-0.0078125,-0.011029411764705885,5
BMI,31,2.290625,-0.00625,-0.03308823529411764,5
BMT,0,-0.744140625,-0.034765625,-0.1525591974782551,5
BMT,1,-0.703515625,0.005859375,-0.010832593454336023,5
BMT,2,-0.705078125,0.004296875,-0.007252629357130544,5
BMT,3,-0.704296875,0.005078125,-0.0005348348530764934,5
BMT,4,-0.716015625,-0.006640625,-0.0387843956809474,5
BMT,5,-0.69609375,0.01328125,0.034698759314447644,5
BMT,6,-0.6984375,0.0109375,0.02831329064021878,5
BMT,7,-0.69140625,0.01796875,0.05105673128310665,5
BMT,8,-0.689453125,0.019921875,0.05050667240980481,5
BMT,9,-0.672265625,0.037109375,0.12889636028619972,5
BMT,10,-0.708984375,0.000390625,-0.02153408260015262,5
BMT,11,-0.69296875,0.01640625,0.04160379484806964,5
BMT,12,-0.69453125,0.01484375,0.03666193594069351,5
BMT,13,-0.71484375,-0.00546875,-0.03231778165971375,5
BMT,14,-0.68359375,0.02578125,0.07780194374956155,5
BMT,15,-0.679296875,0.030078125,0.09399727732710098,5
BMT,16,-0.6890625,0.0203125,0.05839250831354017,5
BMT,17,-0.685546875,0.023828125,0.07328391023442353,5
BMT,18,-0.6953125,0.0140625,0.044997997673701814,5
BMT,19,-0.6859375,0.0234375,0.07175719267717162,5
BMT,20,-0.68671875,0.02265625,0.060650678326382455,5
BMT,21,-0.692578125,0.016796875,0.053190581171628816,5
BMT,22,-0.686328125,0.023046875,0.0725115062177447,5
BMT,23,-0.68515625,0.02421875,0.07736387607011457,5
BMT,24,-0.6890625,0.0203125,0.059543452219156356,5
BMT,25,-0.68671875,0.02265625,0.06977655245225658,5
BMT,26,-0.68671875,0.02265625,0.06729341218285678,5
BMT,27,-0.69765625,0.01171875,0.03655414267812267,5
BMT,28,-0.68984375,0.01953125,0.0556972983730025,5
BMT,29,-0.686328125,0.023046875,0.07221227194904478,5
BMT,30,-0.694140625,0.015234375,0.04861194711813296,5
BMT,31,-0.691796875,0.017578125,0.0474938667252434,5
CAD,0,2.528125,-0.116015625,1.410827615948959,5
CAD,1,2.6171875,-0.026953125,0.23863258493734615,5
CAD,2,2.535546875,-0.10859375,0.21554406226786896,5
CAD,3,2.61796875,-0.026171875,-0.15104681782113494,5
CAD,4,2.600390625,-0.04375,-0.0666345981809108,5
CAD,5,2.58125,-0.062890625,-0.22600183767323007,5
CAD,6,2.5546875,-0.089453125,0.16877896662896782,5
CAD,7,2.600390625,-0.04375,0.38580780084687394,5
CAD,8,2.6203125,-0.023828125,0.25436335654924314,5
CAD,9,2.579296875,-0.06484375,0.3278145813947132,5
CAD,10,2.57265625,-0.071484375,0.3875536291839878,5
CAD,11,2.622265625,-0.021875,-0.06798353629821574,5
CAD,12,2.6359375,-0.008203125,0.11217915687908422,5
CAD,13,2.64609375,0.001953125,0.14153007286281932,5
CAD,14,2.665234375,0.02109375,0.06731290858458214,5
CAD,15,2.6734375,0.029296875,-0.010134295399521057,5
CAD,16,2.636328125,-0.0078125,0.11134622352736923,5
CAD,17,2.653515625,0.009375,0.042446573323507736,5
CAD,18,2.6171875,-0.026953125,0.14920667337852922,5
CAD,19,2.632421875,-0.01171875,0.1938864815144175,5
CAD,20,2.639453125,-0.0046875,0.21115626700128579,5
CAD,21,2.620703125,-0.0234375,0.20099330561609768,5
CAD,22,2.629296875,-0.01484375,0.07454254680253083,5
CAD,23,2.626953125,-0.0171875,0.0933693930248416,5
CAD,24,2.62265625,-0.021484375,0.21882928232370985,5
CAD,25,2.616015625,-0.028125,0.09276364790681085,5
CAD,26,2.62109375,-0.023046875,0.19240478285319024,5
CAD,27,2.6203125,-0.023828125,0.1618896528537485,5
CAD,28,2.630078125,-0.0140625,0.13296121938768923,5
CAD,29,2.61796875,-0.026171875,0.19006304104950755,5
CAD,30,2.61875,-0.025390625,0.1855859064156732,5
CAD,31,2.6296875,-0.014453125,0.13345488402484573,5
CDI,0,2.72421875,0.06171875,-0.06880328409472604,5
CDI,1,2.744921875,0.082421875,0.08576664330616686,5
CDI,2,2.6984375,0.0359375,0.025163005175664405,5
CDI,3,2.74140625,0.07890625,0.08873530911795084,5
CDI,4,2.65,-0.0125,-0.007102274742654434,5
CDI,5,2.767578125,0.105078125,0.12921825818603794,5
CDI,6,2.664453125,0.001953125,0.015862028761490368,5
CDI,7,2.664453125,0.001953125,0.005656419753846746,5
CDI,8,2.64375,-0.01875,-0.007277121735639191,5
CDI,9,2.685546875,0.023046875,0.03247975006293234,5
CDI,10,2.699609375,0.037109375,0.04511618356349897,5
CDI,11,2.6796875,0.0171875,0.016757167226927983,5
CDI,12,2.684765625,0.022265625,0.02306255057542008,5
CDI,13,2.68203125,0.01953125,0.02618620024495565,5
CDI,14,2.6625,0.0,0.012821808116056285,5
CDI,15,2.6671875,0.0046875,0.012565058748296923,5
CDI,16,2.671875,0.009375,0.009875106122871796,5
CDI,17,2.651953125,-0.010546875,0.002871683227327515,5
CDI,18,2.68984375,0.02734375,0.028329242999058573,5
CDI,19,2.66640625,0.00390625,0.00924770748912371,5
CDI,20,2.671875,0.009375,0.010309321825186152,5
CDI,21,2.65859375,-0.00390625,0.0078072495716154326,5
CDI,22,2.674609375,0.012109375,0.023858466137022118,5
CDI,23,2.675,0.0125,0.021835981898448133,5
CDI,24,2.68125,0.01875,0.02173045595611315,5
CDI,25,2.690234375,0.027734375,0.029821152800182004,5
CDI,26,2.680859375,0.018359375,0.022538851352798015,5
CDI,27,2.683984375,0.021484375,0.024916840877754205,5
CDI,28,2.671484375,0.008984375,0.012802401285869593,5
CDI,29,2.683984375,0.021484375,0.02305981841067007,5
CDI,30,2.6828125,0.0203125,0.025453399719675935,5
CDI,31,2.675,0.0125,0.018614821175395823,5
CEA,0,1.760546875,0.03671875,1.1295141895141896,5
CEA,1,1.73125,0.007421875,0.2882209853638425,5
CEA,2,1.728515625,0.0046875,0.22525183810898097,5
CEA,3,1.723828125,0.0,0.5312684669827527,5
CEA,4,1.73515625,0.011328125,0.5107166907166907,5
CEA,5,1.71875,-0.005078125,0.2254868412011269,5
CEA,6,1.712890625,-0.0109375,0.6853514739229024,5
CEA,7,1.7328125,0.008984375,0.4826599326599327,5
CEA,8,1.7234375,-0.000390625,0.5471483542912114,5
CEA,9,1.726171875,0.00234375,0.5682457225314368,5
CEA,10,1.719140625,-0.0046875,0.19629423486566344,5
CEA,11,1.730859375,0.00703125,0.37382395382395384,5
CEA,12,1.7109375,-0.012890625,0.33191506905792617,5
CEA,13,1.71328125,-0.010546875,0.059324537895966464,5
CEA,14,1.71796875,-0.005859375,0.41304679447536596,5
CEA,15,1.70625,-0.017578125,0.15789940218511647,5
CEA,16,1.715234375,-0.00859375,0.3333092833092833,5
CEA,17,1.72421875,0.000390625,0.5595279323850753,5
CEA,18,1.719140625,-0.0046875,0.04574933003504432,5
CEA,19,1.719140625,-0.0046875,0.39281247852676426,5
CEA,20,1.705859375,-0.01796875,0.11285576857005428,5
CEA,21,1.71328125,-0.010546875,0.29034769463340887,5
CEA,22,1.71796875,-0.005859375,0.40191232048374903,5
CEA,23,1.730859375,0.00703125,0.3796048924620353,5
CEA,24,1.713671875,-0.01015625,0.13293066721638153,5
CEA,25,1.716015625,-0.0078125,0.43030096887239744,5
CEA,26,1.7109375,-0.012890625,0.3410561396275682,5
CEA,27,1.706640625,-0.0171875,0.20826702398130972,5
CEA,28,1.71015625,-0.013671875,0.29021438878581735,5
CEA,29,1.719140625,-0.0046875,0.08036006321720608,5
CEA,30,1.71640625,-0.007421875,0.2732474403902975,5
CEA,31,1.709375,-0.014453125,0.06503882361025218,5
CHF,0,1.89140625,0.018359375,0.08458732988144754,5
CHF,1,1.9,0.026953125,0.18200322553263729,5
CHF,2,1.87890625,0.005859375,0.034847918965566035,5
CHF,3,1.913671875,0.040625,0.21573918456271396,5
CHF,4,1.875390625,0.00234375,0.01761565232153467,5
CHF,5,1.886328125,0.01328125,0.07712418300653595,5
CHF,6,1.881640625,0.00859375,0.06603287779758368,5
CHF,7,1.875,0.001953125,0.03091729621141386,5
CHF,8,1.867578125,-0.00546875,-0.035094926859632745,5
CHF,9,1.89375,0.020703125,0.0872404719463543,5
CHF,10,1.8609375,-0.012109375,-0.07971875618934442,5
CHF,11,1.884765625,0.01171875,0.05908553320318026,5
CHF,12,1.86953125,-0.003515625,-0.03132841015193956,5
CHF,13,1.892578125,0.01953125,0.11474011826953004,5
CHF,14,1.88671875,0.013671875,0.06902724726254136,5
CHF,15,1.8703125,-0.002734375,-0.03759188523894406,5
CHF,16,1.88515625,0.012109375,0.06404606286959227,5
CHF,17,1.85390625,-0.019140625,-0.13743315508021392,5
CHF,18,1.8828125,0.009765625,0.03207650737062502,5
CHF,19,1.8765625,0.003515625,-0.005819539937186996,5
CHF,20,1.870703125,-0.00234375,-0.02924992219109866,5
CHF,21,1.873828125,0.00078125,-0.018697054579407523,5
CHF,22,1.875390625,0.00234375,-0.004674192909487024,5
CHF,23,1.87421875,0.001171875,-0.018518518518518517,5
CHF,24,1.873046875,0.0,-0.020372916843505076,5
CHF,25,1.88359375,0.010546875,0.05186911128087599,5
CHF,26,1.850390625,-0.02265625,-0.14882635882635883,5
CHF,27,1.869921875,-0.003125,-0.03030953795659678,5
CHF,28,1.878125,0.005078125,0.008547095605919142,5
CHF,29,1.875390625,0.00234375,-0.005178394590159297,5
CHF,30,1.87734375,0.004296875,0.007065048241518834,5
CHF,31,1.88125,0.008203125,0.04067226890756302,5
CIC,0,1.4875,0.0921875,0.08267617675836944,5
CIC,1,1.415625,0.0203125,0.01677635651544592,5
CIC,2,1.46953125,0.07421875,0.052905777795296996,5
CIC,3,1.4421875,0.046875,0.09253049762112957,5
CIC,4,1.3625,-0.0328125,-0.04751892946489925,5
CIC,5,1.390625,-0.0046875,-0.006494771609747027,5
CIC,6,1.41875,0.0234375,0.02490105198634066,5
CIC,7,1.371875,-0.0234375,-0.017150010318764695,5
CIC,8,1.384375,-0.0109375,0.001381496485612263,5
CIC,9,1.4015625,0.00625,0.002746301297809224,5
CIC,10,1.4234375,0.028125,0.04628523320910684,5
CIC,11,1.3828125,-0.0125,-0.021486888362075057,5
CIC,12,1.3890625,-0.00625,0.0030447158620533236,5
CIC,13,1.3953125,0.0,0.016618844913936857,5
CIC,14,1.39375,-0.0015625,0.002502758984458114,5
CIC,15,1.3953125,0.0,0.0006099827750437597,5
CIC,16,1.4078125,0.0125,0.023630761140748382,5
CIC,17,1.409375,0.0140625,0.02731723088421869,5
CIC,18,1.3875,-0.0078125,0.006712631416392093,5
CIC,19,1.4109375,0.015625,0.030237797035709973,5
CIC,20,1.396875,0.0015625,0.016442152923852052,5
CIC,21,1.39375,-0.0015625,0.01629143973246685,5
CIC,22,1.40625,0.0109375,0.039925405608767464,5
CIC,23,1.4,0.0046875,0.01837182284113807,5
CIC,24,1.3984375,0.003125,0.011474145826238333,5
CIC,25,1.403125,0.0078125,0.027312989256837374,5
CIC,26,1.3953125,0.0,0.011323432634853126,5
CIC,27,1.40625,0.0109375,0.02101223853545835,5
CIC,28,1.3984375,0.003125,0.020115700350145795,5
CIC,29,1.4,0.0046875,0.02149006682625512,5
CIC,30,1.396875,0.0015625,0.024427506840245843,5
CIC,31,1.4046875,0.009375,0.028034359860985254,5
CML,0,2.56171875,0.075,-2.471760556114146,5
CML,1,2.48515625,-0.0015625,0.054413040377804346,5
CML,2,2.506640625,0.019921875,-0.10355724423698831,5
CML,3,2.48828125,0.0015625,-0.1626303378552221,5
CML,4,2.49609375,0.009375,-0.36586236351764984,5
CML,5,2.528125,0.04140625,-0.5302335558647879,5
CML,6,2.4765625,-0.01015625,0.15314965009060957,5
CML,7,2.4640625,-0.02265625,0.5740286447619922,5
CML,8,2.4859375,-0.00078125,0.10300156517144358,5
CML,9,2.4578125,-0.02890625,0.52004363409693,5
CML,10,2.50546875,0.01875,-0.17956688553856606,5
CML,11,2.51171875,0.025,-0.5017869994503551,5
CML,12,2.48359375,-0.003125,-0.07191097603286119,5
CML,13,2.4890625,0.00234375,-0.3073244717203295,5
CML,14,2.48984375,0.003125,-0.16137096697952813,5
CML,15,2.49921875,0.0125,-0.32873034069137735,5
CML,16,2.52109375,0.034375,-0.7117443442844507,5
CML,17,2.49375,0.00703125,-0.46608152004912745,5
CML,18,2.49921875,0.0125,-0.427846999281609,5
CML,19,2.50078125,0.0140625,-0.5647646839907978,5
CML,20,2.4890625,0.00234375,-0.2066944894518911,5
CML,21,2.50859375,0.021875,-0.3190567659026227,5
CML,22,2.51015625,0.0234375,-0.5536597392302592,5
CML,23,2.509375,0.02265625,-0.32692350441855716,5
CML,24,2.5078125,0.02109375,-0.36181630638853635,5
CML,25,2.49375,0.00703125,-0.19687848883952552,5
CML,26,2.496875,0.01015625,-0.5104746656615089,5
CML,27,2.50546875,0.01875,-0.49457675668054346,5
CML,28,2.503125,0.01640625,-0.5039734820495259,5
CML,29,2.50703125,0.0203125,-0.4410651216837695,5
CML,30,2.50234375,0.015625,-0.38679455998981827,5
CML,31,2.51171875,0.025,-0.3902168540613083,5
CMS,0,5.8876953125,-0.1203125,0.1386860291667658,5
CMS,1,6.0263671875,0.018359375,0.15657026928781465,5
CMS,2,5.88203125,-0.1259765625,0.06703682895768463,5
CMS,3,6.0013671875,-0.006640625,0.32203008990372717,5
CMS,4,6.041796875,0.0337890625,0.13469508307218622,5
CMS,5,6.2169921875,0.208984375,0.10448745542143693,5
CMS,6,6.08515625,0.0771484375,0.14750679172119022,5
CMS,7,6.108203125,0.1001953125,0.13952519434125876,5
CMS,8,6.0439453125,0.0359375,0.13739379556369305,5
CMS,9,6.009765625,0.0017578125,-0.11733964972871307,5
CMS,10,6.01015625,0.0021484375,-0.046579779852867056,5
CMS,11,5.9919921875,-0.016015625,-0.023872873629303792,5
CMS,12,6.0068359375,-0.001171875,0.057304894409240026,5
CMS,13,6.042578125,0.0345703125,-0.028032505708789547,5
CMS,14,6.0455078125,0.0375,0.07549472105733765,5
CMS,15,5.9984375,-0.0095703125,-0.038723254169497554,5
CMS,16,5.9771484375,-0.030859375,0.09054706251965661,5
CMS,17,5.9984375,-0.0095703125,0.036781287959454914,5
CMS,18,6.0666015625,0.05859375,0.1259348012326093,5
CMS,19,5.9935546875,-0.014453125,-0.01622996902724017,5
CMS,20,6.001171875,-0.0068359375,0.03720076602846044,5
CMS,21,5.9953125,-0.0126953125,-0.01067949438475255,5
CMS,22,5.997265625,-0.0107421875,-0.009947295663629355,5
CMS,23,5.9966796875,-0.011328125,0.06914511756011607,5
CMS,24,6.010546875,0.0025390625,0.09973802305762872,5
CMS,25,6.0013671875,-0.006640625,-0.0015686087459030468,5
CMS,26,6.01328125,0.0052734375,0.06300115122334743,5
CMS,27,6.01484375,0.0068359375,0.0093290920112447,5
CMS,28,6.023046875,0.0150390625,0.047582740443985076,5
CMS,29,6.00859375,0.0005859375,0.03936486146892719,5
CMS,30,6.001953125,-0.0060546875,0.025571871151945265,5
CMS,31,6.00546875,-0.0025390625,0.033872644920427596,5
CMV,0,4.151171875,-0.277734375,-0.6576438144347687,5
CMV,1,4.376953125,-0.051953125,-0.09656902437088197,5
CMV,2,4.325,-0.10390625,0.750211886197887,5
CMV,3,4.378125,-0.05078125,-0.5273052590161218,5
CMV,4,4.41640625,-0.0125,-0.31199574777983724,5
CMV,5,4.43359375,0.0046875,-0.5961638899530944,5
CMV,6,4.382421875,-0.046484375,-0.08821824381926684,5
CMV,7,4.431640625,0.002734375,-0.1115281416210209,5
CMV,8,4.396484375,-0.032421875,-0.08942225719719327,5
CMV,9,4.43125,0.00234375,-0.2983120204603581,5
CMV,10,4.416796875,-0.012109375,-0.21975998426126306,5
CMV,11,4.423046875,-0.005859375,-0.25740704308479245,5
CMV,12,4.426953125,-0.001953125,-0.501617569400582,5
CMV,13,4.43203125,0.003125,-0.6513008273191339,5
CMV,14,4.44453125,0.015625,-0.6858421087146354,5
CMV,15,4.417578125,-0.011328125,-0.3520676765689553,5
CMV,16,4.44453125,0.015625,-0.6018182382969031,5
CMV,17,4.4234375,-0.00546875,-0.5181357880240636,5
CMV,18,4.428125,-0.00078125,-0.5055042090766952,5
CMV,19,4.4296875,0.00078125,-0.6950636279859592,5
CMV,20,4.4328125,0.00390625,-0.5746063762593578,5
CMV,21,4.4171875,-0.01171875,-0.34971473539248477,5
CMV,22,4.4140625,-0.01484375,-0.29738605810217067,5
CMV,23,4.43515625,0.00625,-0.41174855296809804,5
CMV,24,4.43046875,0.0015625,-0.5908483386313511,5
CMV,25,4.438671875,0.009765625,-0.6000292685283937,5
CMV,26,4.43125,0.00234375,-0.46363516503239205,5
CMV,27,4.430859375,0.001953125,-0.5932012798078217,5
CMV,28,4.433984375,0.005078125,-0.6120248092195865,5
CMV,29,4.44453125,0.015625,-0.6438301735057691,5
CMV,30,4.433984375,0.005078125,-0.5072931788452046,5
CMV,31,4.43984375,0.0109375,-0.673361290300313,5
CNS,0,0.9546875,-0.09609375,-2.4236666666666666,5
CNS,1,1.0609375,0.01015625,0.15622727272727274,5
CNS,2,1.058203125,0.007421875,1.008,5
CNS,3,1.03828125,-0.0125,0.021878787878787876,5
CNS,4,1.05546875,0.0046875,-1.0679242424242426,5
CNS,5,1.0421875,-0.00859375,-0.5941212121212122,5
CNS,6,1.05546875,0.0046875,-0.9587121212121212,5
CNS,7,1.0484375,-0.00234375,-0.6666060606060606,5
CNS,8,1.043359375,-0.007421875,-1.1791212121212122,5
CNS,9,1.051953125,0.001171875,-0.9553636363636364,5
CNS,10,1.071875,0.02109375,0.7527272727272727,5
CNS,11,1.0453125,-0.00546875,0.6856363636363636,5
CNS,12,1.0578125,0.00703125,0.4538333333333333,5
CNS,13,1.05078125,0.0,0.1877424242424243,5
CNS,14,1.076171875,0.025390625,1.5620454545454545,5
CNS,15,1.063671875,0.012890625,1.1193787878787878,5
CNS,16,1.056640625,0.005859375,0.2509393939393939,5
CNS,17,1.053125,0.00234375,1.5626818181818183,5
CNS,18,1.06171875,0.0109375,-0.05098484848484852,5
CNS,19,1.068359375,0.017578125,-0.021939393939393925,5
CNS,20,1.05703125,0.00625,-0.3194393939393939,5
CNS,21,1.062109375,0.011328125,0.8508636363636363,5
CNS,22,1.0625,0.01171875,-0.41566666666666663,5
CNS,23,1.04453125,-0.00625,0.023666666666666634,5
CNS,24,1.05703125,0.00625,-0.03353030303030309,5
CNS,25,1.066015625,0.015234375,-0.5380757575757575,5
CNS,26,1.053515625,0.002734375,-0.8078030303030304,5
CNS,27,1.04765625,-0.003125,-0.008863636363636384,5
CNS,28,1.055078125,0.004296875,-0.4447727272727272,5
CNS,29,1.053125,0.00234375,0.475,5
CNS,30,1.048046875,-0.002734375,0.3286212121212121,5
CNS,31,1.059375,0.00859375,0.21601515151515152,5
CPR,0,3.294140625,0.1052734375,-1.8240525179423095,5
CPR,1,3.1767578125,-0.012109375,0.0890578220079657,5
CPR,2,3.1859375,-0.0029296875,-0.1294962339820518,5
CPR,3,3.201953125,0.0130859375,0.5537898001973973,5
CPR,4,3.18515625,-0.0037109375,-0.16316600230132655,5
CPR,5,3.180078125,-0.0087890625,0.6669600284244794,5
CPR,6,3.188671875,-0.0001953125,0.1268071259074633,5
CPR,7,3.1734375,-0.0154296875,0.5695979458318582,5
CPR,8,3.17265625,-0.0162109375,0.30716938561496854,5
CPR,9,3.18125,-0.0076171875,0.5291449871232453,5
CPR,10,3.18046875,-0.0083984375,0.6259031818946851,5
CPR,11,3.1826171875,-0.00625,0.28152657864016106,5
CPR,12,3.175390625,-0.0134765625,0.20158481885334312,5
CPR,13,3.1763671875,-0.0125,0.1477945242533522,5
CPR,14,3.183984375,-0.0048828125,0.4282762096082101,5
CPR,15,3.1802734375,-0.00859375,0.17499256674565933,5
CPR,16,3.18671875,-0.0021484375,-0.00863854518733939,5
CPR,17,3.1984375,0.0095703125,0.8127548323224945,5
CPR,18,3.17734375,-0.0115234375,0.29229448404757663,5
CPR,19,3.194921875,0.0060546875,0.5028905105376429,5
CPR,20,3.1986328125,0.009765625,0.3680647229816292,5
CPR,21,3.18671875,-0.0021484375,0.2942651736104191,5
CPR,22,3.1828125,-0.0060546875,0.2047753806344335,5
CPR,23,3.17421875,-0.0146484375,0.3961500437072098,5
CPR,24,3.178515625,-0.0103515625,0.7357993235789063,5
CPR,25,3.18359375,-0.0052734375,0.5243882181280657,5
CPR,26,3.1837890625,-0.005078125,0.3833070427847386,5
CPR,27,3.178515625,-0.0103515625,0.47904945093499396,5
CPR,28,3.17578125,-0.0130859375,0.45768850524567134,5
CPR,29,3.1837890625,-0.005078125,0.5088824448314639,5
CPR,30,3.192578125,0.0037109375,0.4105828182299506,5
CPR,31,3.189453125,0.0005859375,0.5422850782340973,5
CRP,0,4.9513671875,-0.136328125,0.3336019717006393,5
CRP,1,5.0341796875,-0.053515625,0.10029976573586134,5
CRP,2,5.059375,-0.0283203125,0.059596826929997314,5
CRP,3,5.0875,-0.0001953125,0.0016875627314109187,5
CRP,4,5.0859375,-0.0017578125,0.011882854641015857,5
CRP,5,5.0666015625,-0.02109375,0.051203002866660706,5
CRP,6,5.0861328125,-0.0015625,0.026207533839801185,5
CRP,7,5.0921875,0.0044921875,-0.011862870564763353,5
CRP,8,5.0677734375,-0.019921875,0.05706415480428402,5
CRP,9,5.05703125,-0.0306640625,0.07464253130023021,5
CRP,10,5.07109375,-0.0166015625,0.06267786000449861,5
CRP,11,5.0611328125,-0.0265625,0.09022450868213847,5
CRP,12,5.0505859375,-0.037109375,0.10870084834091538,5
CRP,13,5.0599609375,-0.027734375,0.07262006614807089,5
CRP,14,5.0669921875,-0.020703125,0.06659834225720586,5
CRP,15,5.0455078125,-0.0421875,0.11888419394492278,5
CRP,16,5.0751953125,-0.0125,0.04903783211028019,5
CRP,17,5.0107421875,-0.076953125,0.2086805687127546,5
CRP,18,5.0775390625,-0.01015625,0.029220787437921503,5
CRP,19,5.055859375,-0.0318359375,0.08803249769920189,5
CRP,20,5.0482421875,-0.039453125,0.08066014868272879,5
CRP,21,5.0880859375,0.000390625,-0.003558768013704263,5
CRP,22,5.070703125,-0.0169921875,0.039825537868146965,5
CRP,23,5.087109375,-0.0005859375,0.022393970458372686,5
CRP,24,5.0884765625,0.00078125,-0.00585832614586498,5
CRP,25,5.0765625,-0.0111328125,0.028019574252293428,5
CRP,26,5.0859375,-0.0017578125,0.00523172599700146,5
CRP,27,5.07734375,-0.0103515625,0.033604719838257024,5
CRP,28,5.0794921875,-0.008203125,0.02210801284199932,5
CRP,29,5.06328125,-0.0244140625,0.05316083344080319,5
CRP,30,5.0798828125,-0.0078125,0.030011578475476402,5
CRP,31,5.0767578125,-0.0109375,0.03143632259344582,5
CSA,0,2.33125,-0.0984375,2.5519353369763205,5
CSA,1,2.390625,-0.0390625,0.31809540072859743,5
CSA,2,2.40546875,-0.02421875,-0.45938069216757743,5
CSA,3,2.39140625,-0.03828125,-3.4855475865209473,5
CSA,4,2.4359375,0.00625,1.3656136156648453,5
CSA,5,2.440625,0.0109375,-0.24035746812386155,5
CSA,6,2.4203125,-0.009375,0.1406762295081967,5
CSA,7,2.434375,0.0046875,0.8930441712204007,5
CSA,8,2.44921875,0.01953125,0.9964537795992714,5
CSA,9,2.40234375,-0.02734375,0.3871300091074681,5
CSA,10,2.4359375,0.00625,0.30457081056466306,5
CSA,11,2.4125,-0.0171875,0.22476662112932608,5
CSA,12,2.42890625,-0.00078125,0.08811475409836066,5
CSA,13,2.42890625,-0.00078125,-0.7506318306010928,5
CSA,14,2.42890625,-0.00078125,-0.005845856102003638,5
CSA,15,2.4515625,0.021875,1.629513888888889,5
CSA,16,2.43828125,0.00859375,0.5992315573770491,5
CSA,17,2.4515625,0.021875,0.3943021402550091,5
CSA,18,2.42421875,-0.00546875,0.25318192167577414,5
CSA,19,2.4265625,-0.003125,0.32130578324225867,5
CSA,20,2.44609375,0.01640625,0.9673497267759563,5
CSA,21,2.42421875,-0.00546875,-0.1525785519125683,5
CSA,22,2.421875,-0.0078125,-0.15633538251366122,5
CSA,23,2.41875,-0.0109375,-0.15633538251366122,5
CSA,24,2.4265625,-0.003125,-0.11674635701275043,5
CSA,25,2.43359375,0.00390625,0.36345628415300546,5
CSA,26,2.3984375,-0.03125,-1.3757172131147541,5
CSA,27,2.42109375,-0.00859375,0.2550489526411658,5
CSA,28,2.43359375,0.00390625,0.3392930327868853,5
CSA,29,2.4265625,-0.003125,0.5322802823315117,5
CSA,30,2.4171875,-0.0125,0.25873747723132967,5
CSA,31,2.42109375,-0.00859375,0.32818192167577415,5
CSF,0,2.7716796875,-0.0146484375,-0.5195971363549274,5
CSF,1,2.816796875,0.03046875,0.030798670984564937,5
CSF,2,2.821484375,0.03515625,0.2666091881510143,5
CSF,3,2.805859375,0.01953125,0.12994350282485878,5
CSF,4,2.805078125,0.01875,0.4175687989794058,5
CSF,5,2.8083984375,0.0220703125,0.5012437322716163,5
CSF,6,2.792578125,0.00625,0.15195403587967832,5
CSF,7,2.79296875,0.006640625,-0.23236227353231179,5
CSF,8,2.8005859375,0.0142578125,0.012552980704976329,5
CSF,9,2.790625,0.004296875,-0.25116429042071464,5
CSF,10,2.79140625,0.005078125,-0.16067768571869173,5
CSF,11,2.8013671875,0.0150390625,0.2010469968643834,5
CSF,12,2.79453125,0.008203125,-0.04250139023239078,5
CSF,13,2.7912109375,0.0048828125,-0.16258686031786085,5
CSF,14,2.7916015625,0.0052734375,-0.3389309463393662,5
CSF,15,2.7916015625,0.0052734375,-0.3939752702191193,5
CSF,16,2.8021484375,0.0158203125,0.4955940147574921,5
CSF,17,2.79453125,0.008203125,0.1369857892547887,5
CSF,18,2.790625,0.004296875,-0.32405639436804007,5
CSF,19,2.79765625,0.011328125,-0.10855962578215173,5
CSF,20,2.8056640625,0.0193359375,0.04791067932128622,5
CSF,21,2.7880859375,0.0017578125,-0.14670596701761274,5
CSF,22,2.79453125,0.008203125,-0.06814241587341642,5
CSF,23,2.790625,0.004296875,-0.09841536872701442,5
CSF,24,2.794140625,0.0078125,-0.10880215707990448,5
CSF,25,2.782421875,-0.00390625,-0.401979036697462,5
CSF,26,2.7810546875,-0.0052734375,-0.2525089605734767,5
CSF,27,2.791796875,0.00546875,-0.12589617417392157,5
CSF,28,2.79453125,0.008203125,-0.06814241587341642,5
CSF,29,2.791015625,0.0046875,-0.21244152846121134,5
CSF,30,2.790234375,0.00390625,-0.1721402101937914,5
CSF,31,2.794921875,0.00859375,-0.12042403256181275,5
CTA,0,5.430078125,0.2185546875,-0.03018839809447978,5
CTA,1,5.276171875,0.0646484375,0.003852908128487045,5
CTA,2,5.2951171875,0.08359375,0.040001971257043446,5
CTA,3,5.248828125,0.0373046875,-0.02514695269017021,5
CTA,4,5.2904296875,0.07890625,0.03750799375922454,5
CTA,5,5.2392578125,0.027734375,-0.003928277764658023,5
CTA,6,5.2193359375,0.0078125,0.027741763735893522,5
CTA,7,5.1716796875,-0.03984375,0.0012852464931108168,5
CTA,8,5.25625,0.0447265625,0.00043803822043730347,5
CTA,9,5.2072265625,-0.004296875,-0.060519402148218625,5
CTA,10,5.22265625,0.0111328125,-0.02280149860337355,5
CTA,11,5.2158203125,0.004296875,0.007332394021997599,5
CTA,12,5.223046875,0.0115234375,-0.07738099617455738,5
CTA,13,5.2345703125,0.023046875,-0.027625863884157213,5
CTA,14,5.230859375,0.0193359375,0.04849126429658046,5
CTA,15,5.2732421875,0.06171875,0.0334684123144713,5
CTA,16,5.2455078125,0.033984375,0.02420936004440364,5
CTA,17,5.2443359375,0.0328125,0.0606430561786333,5
CTA,18,5.2267578125,0.015234375,0.005747442274064099,5
CTA,19,5.25703125,0.0455078125,0.049400511926640904,5
CTA,20,5.2353515625,0.023828125,0.005995278998382814,5
CTA,21,5.2361328125,0.024609375,0.024368434974296287,5
CTA,22,5.2162109375,0.0046875,0.012423745280483204,5
CTA,23,5.2107421875,-0.00078125,0.007071141527143708,5
CTA,24,5.21640625,0.0048828125,-0.0227847650609167,5
CTA,25,5.2384765625,0.026953125,0.03374891494329828,5
CTA,26,5.1361328125,-0.075390625,-0.06023846490557555,5
CTA,27,5.2099609375,-0.0015625,-0.009915578188269743,5
CTA,28,5.2203125,0.0087890625,0.018465055301147285,5
CTA,29,5.225390625,0.0138671875,0.003640791024523654,5
CTA,30,5.2134765625,0.001953125,-0.005868457052519332,5
CTA,31,5.2212890625,0.009765625,-0.018139568387061784,5
CVA,0,2.94921875,-0.04375,-0.36148325358851674,5
CVA,1,2.987890625,-0.005078125,-0.5205342902711323,5
CVA,2,2.97265625,-0.0203125,0.3130781499202552,5
CVA,3,2.99375,0.00078125,0.7544657097288676,5
CVA,4,2.984375,-0.00859375,0.5000797448165868,5
CVA,5,2.978125,-0.01484375,0.32886762360446575,5
CVA,6,2.99375,0.00078125,0.2833333333333333,5
CVA,7,2.98125,-0.01171875,0.5226475279106858,5
CVA,8,2.98515625,-0.0078125,0.31850079744816584,5
CVA,9,2.99296875,0.0,0.541786283891547,5
CVA,10,3.00078125,0.0078125,0.37982456140350884,5
CVA,11,2.99453125,0.0015625,0.27862838915470495,5
CVA,12,3.003125,0.01015625,-0.06044657097288678,5
CVA,13,2.99296875,0.0,0.0712121212121212,5
CVA,14,2.98984375,-0.003125,0.16499202551834127,5
CVA,15,2.98984375,-0.003125,0.2760765550239234,5
CVA,16,2.996875,0.00390625,0.023604465709728878,5
CVA,17,2.98671875,-0.00625,-0.17559808612440192,5
CVA,18,3.003125,0.01015625,0.2604465709728868,5
CVA,19,2.9875,-0.00546875,0.2683413078149921,5
CVA,20,2.99765625,0.0046875,0.006778309409888333,5
CVA,21,2.984375,-0.00859375,-0.04832535885167464,5
CVA,22,2.990625,-0.00234375,0.2892344497607655,5
CVA,23,3.003125,0.01015625,0.13349282296650716,5
CVA,24,2.99765625,0.0046875,0.4107655502392345,5
CVA,25,2.99375,0.00078125,-0.039393939393939384,5
CVA,26,2.9875,-0.00546875,0.04712918660287082,5
CVA,27,2.9859375,-0.00703125,0.20318979266347686,5
CVA,28,2.98515625,-0.0078125,-0.16212121212121214,5
CVA,29,2.9875,-0.00546875,0.02727272727272727,5
CVA,30,2.98828125,-0.0046875,-0.11044657097288675,5
CVA,31,2.9875,-0.00546875,0.13955342902711326,5
CVI,0,2.5326171875,0.219140625,-0.23152667264552856,5
CVI,1,2.316796875,0.0033203125,-0.04620807342458156,5
CVI,2,2.345703125,0.0322265625,-0.2235167055221167,5
CVI,3,2.3375,0.0240234375,-0.13055771995798676,5
CVI,4,2.3021484375,-0.011328125,0.004103430003286851,5
CVI,5,2.2859375,-0.0275390625,0.06781903834671588,5
CVI,6,2.2705078125,-0.04296875,0.10965618485295407,5
CVI,7,2.2958984375,-0.017578125,0.043093624714547966,5
CVI,8,2.30625,-0.0072265625,-0.019305238880490204,5
CVI,9,2.30078125,-0.0126953125,-0.002568850438481129,5
CVI,10,2.2912109375,-0.022265625,0.007528829158464462,5
CVI,11,2.296484375,-0.0169921875,0.027592918465978555,5
CVI,12,2.2880859375,-0.025390625,0.054752715733016544,5
CVI,13,2.2775390625,-0.0359375,0.10758896637252917,5
CVI,14,2.296484375,-0.0169921875,0.021605219476323323,5
CVI,15,2.3142578125,0.00078125,-0.0378939418537619,5
CVI,16,2.3201171875,0.006640625,-0.03245188538830641,5
CVI,17,2.3001953125,-0.01328125,0.00021775169907049772,5
CVI,18,2.3201171875,0.006640625,-0.04916725085344235,5
CVI,19,2.311328125,-0.0021484375,-0.019001149108779942,5
CVI,20,2.3044921875,-0.008984375,0.006107471659045035,5
CVI,21,2.3009765625,-0.0125,-0.013916296967721198,5
CVI,22,2.3123046875,-0.001171875,-0.03418769153022157,5
CVI,23,2.3005859375,-0.012890625,0.015781064189506748,5
CVI,24,2.289453125,-0.0240234375,0.029275225571131276,5
CVI,25,2.30625,-0.0072265625,-0.022297377240656044,5
CVI,26,2.2916015625,-0.021875,0.018226852078615963,5
CVI,27,2.288671875,-0.0248046875,0.04415853627569573,5
CVI,28,2.3,-0.0134765625,0.00841887767916794,5
CVI,29,2.30625,-0.0072265625,-0.013367311528154397,5
CVI,30,2.295703125,-0.0177734375,0.002814683947852348,5
CVI,31,2.2953125,-0.0181640625,0.03398691762923037,5
CVS,0,4.9109375,-0.425390625,0.3416148179804068,5
CVS,1,5.316796875,-0.01953125,0.11682671714455484,5
CVS,2,5.4703125,0.133984375,-0.8979743421489095,5
CVS,3,5.005859375,-0.33046875,-4.028808980347889,5
CVS,4,5.069140625,-0.2671875,-4.510313318855081,5
CVS,5,5.212109375,-0.12421875,-1.0870833160708522,5
CVS,6,5.0359375,-0.300390625,-2.8953828491590725,5
CVS,7,5.251953125,-0.084375,-0.5939073939649543,5
CVS,8,5.16484375,-0.171484375,-2.0268038768528656,5
CVS,9,5.244140625,-0.0921875,-0.4222446017961567,5
CVS,10,5.34140625,0.005078125,0.7246544378004024,5
CVS,11,5.363671875,0.02734375,-0.49823869755150446,5
CVS,12,5.3390625,0.002734375,0.35073766469499235,5
CVS,13,5.419140625,0.0828125,0.170729965281567,5
CVS,14,5.227734375,-0.10859375,-1.0528113065173028,5
CVS,15,5.1796875,-0.156640625,-1.608056221836795,5
CVS,16,5.346484375,0.01015625,0.2797386681670665,5
CVS,17,5.23828125,-0.098046875,-0.32428458114275216,5
CVS,18,5.27265625,-0.063671875,-0.17750820624132696,5
CVS,19,5.305859375,-0.03046875,0.05219771709683687,5
CVS,20,5.312109375,-0.02421875,-0.018376530512466804,5
CVS,21,5.325390625,-0.0109375,0.14274243027932848,5
CVS,22,5.316015625,-0.0203125,-0.18110274783310282,5
CVS,23,5.29765625,-0.038671875,-0.33682896362203973,5
CVS,24,5.2984375,-0.037890625,0.21267040083286431,5
CVS,25,5.309765625,-0.0265625,-0.27439348244298406,5
CVS,26,5.281640625,-0.0546875,-0.0841584234328819,5
CVS,27,5.30546875,-0.030859375,0.053692482985791636,5
CVS,28,5.31328125,-0.023046875,0.044961356266693356,5
CVS,29,5.30625,-0.030078125,0.11192903576637445,5
CVS,30,5.29609375,-0.040234375,-0.06609248576507384,5
CVS,31,5.30546875,-0.030859375,-0.11561933944720364,5
DIC,0,3.9908203125,0.1837890625,0.12046519997274899,5
DIC,1,3.6908203125,-0.1162109375,0.9922622450919917,5
DIC,2,3.6994140625,-0.1076171875,0.5633481299391174,5
DIC,3,3.878515625,0.071484375,0.9115653700026165,5
DIC,4,3.9283203125,0.1212890625,-0.251583406898615,5
DIC,5,4.0111328125,0.2041015625,-0.18444182083050317,5
DIC,6,3.93134765625,0.12431640625,-0.11165794422646269,5
DIC,7,3.59365234375,-0.21337890625,0.5802765700442155,5
DIC,8,3.7583984375,-0.0486328125,0.2755940359909316,5
DIC,9,3.87822265625,0.07119140625,0.263364707599233,5
DIC,10,3.9865234375,0.1794921875,-0.08887436614902619,5
DIC,11,3.87900390625,0.07197265625,0.08953756785374649,5
DIC,12,3.7884765625,-0.0185546875,0.2547155161363741,5
DIC,13,3.7564453125,-0.0505859375,0.19678281790712124,5
DIC,14,3.8650390625,0.0580078125,-0.08388825846718317,5
DIC,15,3.82265625,0.015625,-0.12441925334057014,5
DIC,16,3.84697265625,0.03994140625,-0.11663416562280153,5
DIC,17,3.83291015625,0.02587890625,-0.017878482258426663,5
DIC,18,3.8462890625,0.0392578125,0.07880268510930355,5
DIC,19,3.8375,0.03046875,-0.11251428537029373,5
DIC,20,3.84267578125,0.03564453125,-0.0334960154339198,5
DIC,21,3.8203125,0.01328125,0.003125247204382424,5
DIC,22,3.8294921875,0.0224609375,-0.08014982913664859,5
DIC,23,3.8166015625,0.0095703125,-0.016532806092841617,5
DIC,24,3.82822265625,0.02119140625,-0.036380042669267004,5
DIC,25,3.83291015625,0.02587890625,-0.03231281954140679,5
DIC,26,3.82265625,0.015625,-0.024107240834199885,5
DIC,27,3.8271484375,0.0201171875,-0.07092940506982962,5
DIC,28,3.8498046875,0.0427734375,-0.109509352482327,5
DIC,29,3.8265625,0.01953125,-0.037076265248407264,5
DIC,30,3.81337890625,0.00634765625,-0.027511044895615712,5
DIC,31,3.8212890625,0.0142578125,-0.015643365553279543,5
DIP,0,2.5638671875,0.0515625,0.9352578517963048,5
DIP,1,2.5125,0.0001953125,0.6802721220131813,5
DIP,2,2.5787109375,0.06640625,0.005086386048325423,5
DIP,3,2.54453125,0.0322265625,0.6675746599804876,5
DIP,4,2.508984375,-0.0033203125,0.7178174058413924,5
DIP,5,2.5232421875,0.0109375,-0.08243462467999574,5
DIP,6,2.547265625,0.0349609375,0.7776370698459295,5
DIP,7,2.52578125,0.0134765625,0.768631251586492,5
DIP,8,2.50390625,-0.0083984375,2.196993446179027,5
DIP,9,2.5291015625,0.016796875,-0.006568606082889274,5
DIP,10,2.5080078125,-0.004296875,-0.06642385489600204,5
DIP,11,2.5193359375,0.00703125,-0.008589477937623304,5
DIP,12,2.5203125,0.0080078125,0.7387290532698402,5
DIP,13,2.5162109375,0.00390625,-0.07797015967931671,5
DIP,14,2.5271484375,0.01484375,-0.8965852386046388,5
DIP,15,2.5125,0.0001953125,0.42884425556057054,5
DIP,16,2.5138671875,0.0015625,0.7028567305980568,5
DIP,17,2.5193359375,0.00703125,-0.07801804936619475,5
DIP,18,2.525390625,0.0130859375,0.7539039690491214,5
DIP,19,2.5181640625,0.005859375,0.7431749435647681,5
DIP,20,2.501953125,-0.0103515625,0.7144388961062949,5
DIP,21,2.52265625,0.0103515625,-0.030207317426465118,5
DIP,22,2.5095703125,-0.002734375,-0.08928066518886647,5
DIP,23,2.5220703125,0.009765625,1.4455185231733654,5
DIP,24,2.5154296875,0.003125,-0.059936190952205405,5
DIP,25,2.51171875,-0.0005859375,0.7249276443302582,5
DIP,26,2.5265625,0.0142578125,0.7644183161068698,5
DIP,27,2.516796875,0.0044921875,0.7285592445276861,5
DIP,28,2.5197265625,0.007421875,0.6929888738509813,5
DIP,29,2.5251953125,0.012890625,-0.05437206490215901,5
DIP,30,2.528125,0.0158203125,0.7094097304990844,5
DIP,31,2.5236328125,0.011328125,-0.06086171992379884,5
DLCO,0,0.53671875,-0.0015625,-0.02795130988926381,5
DLCO,1,0.53203125,-0.00625,-0.01745895253938842,5
DLCO,2,0.528125,-0.01015625,-0.03110401181222283,5
DLCO,3,0.54921875,0.0109375,0.01980985390962216,5
DLCO,4,0.54375,0.00546875,0.005921290319826694,5
DLCO,5,0.5375,-0.00078125,-0.016275817000719728,5
DLCO,6,0.5484375,0.01015625,0.024366404336425167,5
DLCO,7,0.53125,-0.00703125,-0.019602849304081182,5
DLCO,8,0.53203125,-0.00625,-0.016130261477799043,5
DLCO,9,0.52421875,-0.0140625,-0.030216044307554514,5
DLCO,10,0.5390625,0.00078125,-0.001880937467508493,5
DLCO,11,0.53515625,-0.003125,-0.008273386974075946,5
DLCO,12,0.5328125,-0.00546875,-0.016365095137290238,5
DLCO,13,0.5453125,0.00703125,0.009972272266942549,5
DLCO,14,0.53828125,0.0,-0.007342519615627355,5
DLCO,15,0.540625,0.00234375,0.004448793215916504,5
DLCO,16,0.5359375,-0.00234375,-0.006382396417335562,5
DLCO,17,0.53671875,-0.0015625,-0.0007046073547710526,5
DLCO,18,0.53671875,-0.0015625,-0.0054613050498266815,5
DLCO,19,0.54609375,0.0078125,0.013688799796132495,5
DLCO,20,0.54609375,0.0078125,0.014628517908686921,5
DLCO,21,0.54609375,0.0078125,0.014239812683302882,5
DLCO,22,0.54921875,0.0109375,0.023995771659502316,5
DLCO,23,0.54765625,0.009375,0.021328871894393503,5
DLCO,24,0.5453125,0.00703125,0.015380038993550038,5
DLCO,25,0.54296875,0.0046875,0.012884497226420072,5
DLCO,26,0.5421875,0.00390625,0.010561167297295046,5
DLCO,27,0.54609375,0.0078125,0.015895225176522323,5
DLCO,28,0.54765625,0.009375,0.018064054886663496,5
DLCO,29,0.54921875,0.0109375,0.020686364084315158,5
DLCO,30,0.53984375,0.0015625,0.0022875776814335726,5
DLCO,31,0.5375,-0.00078125,0.0034639077941710124,5
DNR,0,2.15546875,-0.4203125,-4.104523563811489,5
DNR,1,2.59140625,0.015625,-0.8065921339295953,5
DNR,2,2.653125,0.07734375,-1.154383671597294,5
DNR,3,2.5921875,0.01640625,-0.8078121775025799,5
DNR,4,2.59140625,0.015625,-0.1496238963421626,5
DNR,5,2.6109375,0.03515625,-0.4257550739594083,5
DNR,6,2.5515625,-0.02421875,-0.6251129457631006,5
DNR,7,2.5515625,-0.02421875,-0.18222336887971563,5
DNR,8,2.5578125,-0.01796875,-0.5952643045522302,5
DNR,9,2.5640625,-0.01171875,0.06932920536635707,5
DNR,10,2.56328125,-0.0125,-0.479495470702901,5
DNR,11,2.53984375,-0.0359375,-0.5070897832817337,5
DNR,12,2.56796875,-0.0078125,-0.06752780644421512,5
DNR,13,2.5421875,-0.03359375,-0.5405653021442495,5
DNR,14,2.55703125,-0.01875,-0.3967285861713106,5
DNR,15,2.56640625,-0.009375,-0.04976493521385162,5
DNR,16,2.57265625,-0.003125,-0.1697958949661736,5
DNR,17,2.55625,-0.01953125,-0.3700802660245385,5
DNR,18,2.56796875,-0.0078125,-0.3512590299277606,5
DNR,19,2.57109375,-0.0046875,-0.4575518862515766,5
DNR,20,2.55859375,-0.0171875,-0.1529537897030157,5
DNR,21,2.5640625,-0.01171875,-0.1937564499484004,5
DNR,22,2.56484375,-0.0109375,0.00495356037151703,5
DNR,23,2.5625,-0.01328125,0.08847723884875588,5
DNR,24,2.56875,-0.00703125,0.03464854947827084,5
DNR,25,2.57421875,-0.0015625,0.14594656576080725,5
DNR,26,2.56171875,-0.0140625,-0.18650957459006995,5
DNR,27,2.5609375,-0.01484375,-0.15224744868707715,5
DNR,28,2.5640625,-0.01171875,0.025007453273707143,5
DNR,29,2.559375,-0.01640625,-0.14052402247448686,5
DNR,30,2.55859375,-0.0171875,-0.20645797500286664,5
DNR,31,2.5578125,-0.01796875,-0.4159832588005963,5
DWI,0,4.404296875,0.171875,0.8626789222064053,5
DWI,1,4.25703125,0.024609375,0.16355831585821945,5
DWI,2,4.2453125,0.012890625,0.030982203446041447,5
DWI,3,4.269140625,0.03671875,0.1930780436035981,5
DWI,4,4.233984375,0.0015625,-0.030834392044613846,5
DWI,5,4.215625,-0.016796875,-0.08397797370314249,5
DWI,6,4.222265625,-0.01015625,-0.027414627053006995,5
DWI,7,4.20859375,-0.023828125,-0.08958307184440262,5
DWI,8,4.209375,-0.023046875,-0.09961174633787942,5
DWI,9,4.221875,-0.010546875,-0.025949855351976865,5
DWI,10,4.235546875,0.003125,-0.007859387835279837,5
DWI,11,4.2171875,-0.015234375,-0.11620897174899106,5
DWI,12,4.225,-0.007421875,-0.01058530151587046,5
DWI,13,4.2421875,0.009765625,0.02703234299184154,5
DWI,14,4.228515625,-0.00390625,-0.034767032496058545,5
DWI,15,4.225390625,-0.00703125,-0.09873911313159142,5
DWI,16,4.2453125,0.012890625,0.08057392355849444,5
DWI,17,4.2234375,-0.008984375,-0.06532603205216513,5
DWI,18,4.246484375,0.0140625,0.04166480435525758,5
DWI,19,4.23125,-0.001171875,0.02498209119713459,5
DWI,20,4.242578125,0.01015625,0.05860635328812763,5
DWI,21,4.269921875,0.0375,0.21836389564933442,5
DWI,22,4.2515625,0.019140625,0.09770428025490706,5
DWI,23,4.237890625,0.00546875,-0.04077847168011102,5
DWI,24,4.251953125,0.01953125,0.1300850795691683,5
DWI,25,4.25078125,0.018359375,0.11113894373778654,5
DWI,26,4.20390625,-0.028515625,-0.21609202879694686,5
DWI,27,4.237890625,0.00546875,0.013158046460842987,5
DWI,28,4.2390625,0.006640625,0.010174853183532067,5
DWI,29,4.236328125,0.00390625,0.0004914461230758227,5
DWI,30,4.241796875,0.009375,0.028071028046920042,5
DWI,31,4.236328125,0.00390625,0.005763088477649702,5
EBL,0,1.85,-0.265234375,-5.909655247972351,5
EBL,1,2.144140625,0.02890625,-0.3466342436823265,5
EBL,2,2.105859375,-0.009375,-1.0463483988225317,5
EBL,3,2.09375,-0.021484375,-0.4082687868354332,5
EBL,4,2.11171875,-0.003515625,0.057924844644260384,5
EBL,5,2.1,-0.015234375,-0.5710903288231346,5
EBL,6,2.085546875,-0.0296875,-0.7515779895725118,5
EBL,7,2.1,-0.015234375,-0.2871281869912424,5
EBL,8,2.093359375,-0.021875,-0.6974930837012395,5
EBL,9,2.098828125,-0.01640625,-0.04875605532026713,5
EBL,10,2.108984375,-0.00625,-0.10484948429866263,5
EBL,11,2.096484375,-0.01875,-0.5720433987993332,5
EBL,12,2.095703125,-0.01953125,-0.597370501031487,5
EBL,13,2.1140625,-0.001171875,0.040680201480566655,5
EBL,14,2.1125,-0.002734375,-0.1231750714617422,5
EBL,15,2.107421875,-0.0078125,-0.15490198026107946,5
EBL,16,2.112890625,-0.00234375,-0.25088636813225984,5
EBL,17,2.105078125,-0.01015625,-0.0961589919897893,5
EBL,18,2.10546875,-0.009765625,-0.11091895561463427,5
EBL,19,2.1015625,-0.013671875,-0.2965851874159848,5
EBL,20,2.112890625,-0.00234375,-0.02956328935330762,5
EBL,21,2.10546875,-0.009765625,-0.006639349448235643,5
EBL,22,2.09921875,-0.016015625,-0.043299971866618256,5
EBL,23,2.109765625,-0.00546875,0.013679953889935615,5
EBL,24,2.109375,-0.005859375,-0.00170466149467976,5
EBL,25,2.110546875,-0.0046875,0.017981029158752816,5
EBL,26,2.108984375,-0.00625,-0.017494682284700545,5
EBL,27,2.11796875,0.002734375,0.06395571586381084,5
EBL,28,2.1171875,0.001953125,-0.06555248984646427,5
EBL,29,2.10625,-0.008984375,0.03210483037932824,5
EBL,30,2.1203125,0.005078125,0.01326415347413521,5
EBL,31,2.117578125,0.00234375,-0.0944281542181725,5
ECG,0,1.19453125,-0.004296875,-0.03415938826335543,5
ECG,1,1.194921875,-0.00390625,-0.007038128310358131,5
ECG,2,1.188671875,-0.01015625,-0.050115254918416494,5
ECG,3,1.1890625,-0.009765625,-0.05683994528043775,5
ECG,4,1.18828125,-0.010546875,-0.034912280245917575,5
ECG,5,1.18828125,-0.010546875,-0.03636696490473661,5
ECG,6,1.183984375,-0.01484375,-0.06871990608120719,5
ECG,7,1.186328125,-0.0125,-0.044782349433512225,5
ECG,8,1.196484375,-0.00234375,0.003145118998592171,5
ECG,9,1.19453125,-0.004296875,-0.013488224857733901,5
ECG,10,1.187890625,-0.0109375,-0.03772668280192219,5
ECG,11,1.18671875,-0.012109375,-0.04376863446630889,5
ECG,12,1.189453125,-0.009375,-0.028206882037251396,5
ECG,13,1.19453125,-0.004296875,-0.009315858236666868,5
ECG,14,1.189453125,-0.009375,-0.04755115235431393,5
ECG,15,1.187109375,-0.01171875,-0.03321582658107966,5
ECG,16,1.199609375,0.00078125,-0.005161333068309815,5
ECG,17,1.1890625,-0.009765625,-0.031021284593256017,5
ECG,18,1.19296875,-0.005859375,-0.018962432915921288,5
ECG,19,1.1890625,-0.009765625,-0.048374197621803644,5
ECG,20,1.19375,-0.005078125,-0.010961948771646293,5
ECG,21,1.194140625,-0.0046875,-0.01013890350415658,5
ECG,22,1.19375,-0.005078125,-0.014470868848433826,5
ECG,23,1.1875,-0.011328125,-0.03576815032203389,5
ECG,24,1.19375,-0.005078125,-0.01658900005153235,5
ECG,25,1.182421875,-0.01640625,-0.07545812909849998,5
ECG,26,1.1875,-0.011328125,-0.036495492651443404,5
ECG,27,1.18671875,-0.012109375,-0.0444959767957184,5
ECG,28,1.19375,-0.005078125,-0.011152618471359923,5
ECG,29,1.191796875,-0.00703125,-0.020958791873824552,5
ECG,30,1.18671875,-0.012109375,-0.03905959521554597,5
ECG,31,1.19453125,-0.004296875,-0.008588515907257356,5
ECT,0,3.338671875,-0.03046875,-0.1525271600626626,5
ECT,1,3.39453125,0.025390625,0.11179473368427426,5
ECT,2,3.4015625,0.032421875,0.1182239398836979,5
ECT,3,3.3859375,0.016796875,0.06516930231158094,5
ECT,4,3.391796875,0.02265625,0.08202086174894482,5
ECT,5,3.38515625,0.016015625,0.058961708528488796,5
ECT,6,3.372265625,0.003125,0.0057330214661187985,5
ECT,7,3.379296875,0.01015625,0.0334428675982006,5
ECT,8,3.36484375,-0.004296875,-0.04867084942831282,5
ECT,9,3.36796875,-0.001171875,-0.001151517872816668,5
ECT,10,3.3578125,-0.011328125,-0.07742692515630957,5
ECT,11,3.366796875,-0.00234375,-0.05942778033894778,5
ECT,12,3.3578125,-0.011328125,-0.06870956106362638,5
ECT,13,3.36796875,-0.001171875,-0.025939125827556163,5
ECT,14,3.373046875,0.00390625,0.01565591138759817,5
ECT,15,3.362890625,-0.00625,-0.05490371317788698,5
ECT,16,3.369140625,0.0,0.019863793071056925,5
ECT,17,3.371484375,0.00234375,0.022711652759611338,5
ECT,18,3.355859375,-0.01328125,-0.08525744866173399,5
ECT,19,3.369921875,0.00078125,-0.009199616571040719,5
ECT,20,3.36484375,-0.004296875,-0.038714140623155834,5
ECT,21,3.3703125,0.001171875,0.015309571873981515,5
ECT,22,3.36796875,-0.001171875,-0.015406976255533628,5
ECT,23,3.35703125,-0.012109375,-0.08889000258203936,5
ECT,24,3.3703125,0.001171875,0.015663892013398094,5
ECT,25,3.37734375,0.008203125,0.02237932666088081,5
ECT,26,3.373046875,0.00390625,0.013556389418301482,5
ECT,27,3.373046875,0.00390625,0.012298682875368816,5
ECT,28,3.36328125,-0.005859375,-0.018493578423142108,5
ECT,29,3.371484375,0.00234375,0.003610551606620277,5
ECT,30,3.359375,-0.009765625,-0.061873432269522785,5
ECT,31,3.3671875,-0.001953125,-0.011198290500206569,5
EDD,0,0.255859375,0.11171875,0.14543952020742695,5
EDD,1,0.1453125,0.001171875,0.005809563998648828,5
EDD,2,0.16171875,0.017578125,0.025305797455566426,5
EDD,3,0.148046875,0.00390625,0.012222718100660314,5
EDD,4,0.15859375,0.014453125,0.006233377851411166,5
EDD,5,0.15234375,0.008203125,0.012830325580740567,5
EDD,6,0.1515625,0.007421875,0.005394949024936736,5
EDD,7,0.14375,-0.000390625,-0.00530122386988108,5
EDD,8,0.14453125,0.000390625,-0.010979212405542631,5
EDD,9,0.152734375,0.00859375,0.008526116906151404,5
EDD,10,0.147265625,0.003125,-0.0013645245873085924,5
EDD,11,0.151171875,0.00703125,0.008499385549414557,5
EDD,12,0.148046875,0.00390625,0.0005379760256440644,5
EDD,13,0.161328125,0.0171875,0.02159713740306536,5
EDD,14,0.1484375,0.004296875,0.003869688140341073,5
EDD,15,0.14140625,-0.002734375,-0.010476937673485053,5
EDD,16,0.13671875,-0.007421875,-0.012226493405960392,5
EDD,17,0.14609375,0.001953125,-0.0031766220400762783,5
EDD,18,0.153125,0.008984375,0.00287317843477919,5
EDD,19,0.14296875,-0.001171875,0.00043556945552963996,5
EDD,20,0.147265625,0.003125,0.0012176930444707398,5
EDD,21,0.142578125,-0.0015625,-0.0019511711908260167,5
EDD,22,0.146875,0.002734375,-0.003810847963764211,5
EDD,23,0.146484375,0.00234375,-0.0050063117158581204,5
EDD,24,0.14375,-0.000390625,-0.007410817022462543,5
EDD,25,0.1515625,0.007421875,0.005680073152204902,5
EDD,26,0.15,0.005859375,0.0035153515628173772,5
EDD,27,0.158984375,0.01484375,0.017798038307596818,5
EDD,28,0.146875,0.002734375,-0.003825420674470767,5
EDD,29,0.15546875,0.011328125,0.01243442678565127,5
EDD,30,0.15078125,0.006640625,0.002386478115083261,5
EDD,31,0.154296875,0.01015625,0.005968252504700009,5
EHL,0,2.146484375,0.087890625,-1.0011009330088867,5
EHL,1,2.0421875,-0.01640625,0.4426588581039573,5
EHL,2,2.076953125,0.018359375,0.14469402509855528,5
EHL,3,2.05,-0.00859375,0.15700123672454536,5
EHL,4,2.058984375,0.000390625,0.11654700544579133,5
EHL,5,2.071875,0.01328125,0.09058770457877843,5
EHL,6,2.06484375,0.00625,0.31045857574356284,5
EHL,7,2.06953125,0.0109375,0.2841780376887437,5
EHL,8,2.044140625,-0.014453125,0.15293321131095056,5
EHL,9,2.07109375,0.0125,-0.15542226031093453,5
EHL,10,2.06484375,0.00625,0.1283509197048632,5
EHL,11,2.05234375,-0.00625,0.16558612262901887,5
EHL,12,2.064453125,0.005859375,-0.013032401605317717,5
EHL,13,2.058203125,-0.000390625,0.0937546797965379,5
EHL,14,2.0515625,-0.00703125,0.21746769890033413,5
EHL,15,2.05625,-0.00234375,0.0723932038529688,5
EHL,16,2.055859375,-0.002734375,0.13550029029157992,5
EHL,17,2.05390625,-0.0046875,0.16946303748263356,5
EHL,18,2.058203125,-0.000390625,0.13248597945294396,5
EHL,19,2.053515625,-0.005078125,0.17440116194879568,5
EHL,20,2.0625,0.00390625,0.08170032007266473,5
EHL,21,2.0609375,0.00234375,0.0738109585750558,5
EHL,22,2.06796875,0.009375,0.02077562308180269,5
EHL,23,2.06015625,0.0015625,0.09450106608013888,5
EHL,24,2.058203125,-0.000390625,0.042459962785581666,5
EHL,25,2.060546875,0.001953125,0.05049211893763532,5
EHL,26,2.059765625,0.001171875,0.09152177177136482,5
EHL,27,2.065625,0.00703125,0.01836801142563612,5
EHL,28,2.059765625,0.001171875,0.09865979395020696,5
EHL,29,2.065625,0.00703125,0.04173278173290719,5
EHL,30,2.058984375,0.000390625,0.1385120194400113,5
EHL,31,2.064453125,0.005859375,0.060911757102938224,5
EKG,0,1.15625,0.0265625,0.14891544625587178,5
EKG,1,1.12578125,-0.00390625,0.0005975407571152281,5
EKG,2,1.130078125,0.000390625,0.014123376623376625,5
EKG,3,1.133203125,0.003515625,0.027486874827300355,5
EKG,4,1.140625,0.0109375,0.07006769825918761,5
EKG,5,1.11875,-0.0109375,-0.043610113290964356,5
EKG,6,1.11796875,-0.01171875,-0.04649765128488533,5
EKG,7,1.112890625,-0.016796875,-0.06707999447361149,5
EKG,8,1.119140625,-0.010546875,-0.02360458690245924,5
EKG,9,1.130859375,0.001171875,0.021183337938657093,5
EKG,10,1.112890625,-0.016796875,-0.06311826471400939,5
EKG,11,1.11953125,-0.01015625,-0.037714147554573085,5
EKG,12,1.119921875,-0.009765625,-0.034218706825089804,5
EKG,13,1.12421875,-0.00546875,-0.014302984249792755,5
EKG,14,1.119140625,-0.010546875,-0.03977272727272727,5
EKG,15,1.11875,-0.0109375,-0.03800428295109146,5
EKG,16,1.1171875,-0.0125,-0.0491123238463664,5
EKG,17,1.123828125,-0.005859375,-0.015131942525559544,5
EKG,18,1.123828125,-0.005859375,-0.016430643824260845,5
EKG,19,1.13203125,0.00234375,0.02011260016579166,5
EKG,20,1.118359375,-0.011328125,-0.031348438795247305,5
EKG,21,1.12421875,-0.00546875,-0.006545316385741917,5
EKG,22,1.124609375,-0.005078125,-0.013166620613429126,5
EKG,23,1.132421875,0.002734375,0.02254766510085659,5
EKG,24,1.1177734375,-0.0119140625,-0.03665895274937828,5
EKG,25,1.126953125,-0.002734375,0.0056472782536612365,5
EKG,26,1.1234375,-0.00625,-0.018865708759325778,5
EKG,27,1.1314453125,0.0017578125,0.017434028737220227,5
EKG,28,1.125,-0.0046875,-0.01172285161646864,5
EKG,29,1.126171875,-0.003515625,0.002725200331583316,5
EKG,30,1.13203125,0.00234375,0.020420005526388507,5
EKG,31,1.12421875,-0.00546875,-0.006545316385741917,5
EMS,0,2.0380859375,0.1404296875,0.6716405605133929,5
EMS,1,1.88828125,-0.009375,-0.01584743097003693,5
EMS,2,1.88671875,-0.0109375,-0.03640462026329074,5
EMS,3,1.893359375,-0.004296875,-0.01750926484800053,5
EMS,4,1.87265625,-0.025,-0.1100329192371956,5
EMS,5,1.892578125,-0.005078125,-0.010397293143205788,5
EMS,6,1.878515625,-0.019140625,-0.09879793432054997,5
EMS,7,1.8703125,-0.02734375,-0.1305074207188628,5
EMS,8,1.88359375,-0.0140625,-0.05674537528106962,5
EMS,9,1.89921875,0.0015625,0.0068685358280067,5
EMS,10,1.89375,-0.00390625,-0.02122619076842067,5
EMS,11,1.891796875,-0.005859375,-0.021378438608691826,5
EMS,12,1.90234375,0.0046875,0.007107344214733208,5
EMS,13,1.914453125,0.016796875,0.07021800498866984,5
EMS,14,1.88671875,-0.0109375,-0.057343688805202006,5
EMS,15,1.878515625,-0.019140625,-0.09106475454291442,5
EMS,16,1.9015625,0.00390625,0.014573580513333729,5
EMS,17,1.911328125,0.013671875,0.05549574858158564,5
EMS,18,1.887109375,-0.010546875,-0.045601121948578724,5
EMS,19,1.898046875,0.000390625,-0.0027258648630028247,5
EMS,20,1.90234375,0.0046875,0.01899243215857636,5
EMS,21,1.90625,0.00859375,0.03960647237825997,5
EMS,22,1.894140625,-0.003515625,-0.014016321148863151,5
EMS,23,1.896875,-0.00078125,0.0038328569156454466,5
EMS,24,1.898828125,0.001171875,0.010729212895103899,5
EMS,25,1.8890625,-0.00859375,-0.03481707445207918,5
EMS,26,1.889453125,-0.008203125,-0.03745553627331246,5
EMS,27,1.903515625,0.005859375,0.02970484662341193,5
EMS,28,1.8984375,0.00078125,-0.0012897539784795576,5
EMS,29,1.898046875,0.000390625,-0.00047940929326731747,5
EMS,30,1.9,0.00234375,0.011712502663283645,5
EMS,31,1.905078125,0.007421875,0.04068613073458823,5
EPO,0,1.8080078125,-0.017578125,0.4015884507649214,5
EPO,1,1.8291015625,0.003515625,0.03664856711915535,5
EPO,2,1.8345703125,0.008984375,-0.05812928248222364,5
EPO,3,1.8265625,0.0009765625,0.3409502262443439,5
EPO,4,1.81875,-0.0068359375,-0.023214824391294984,5
EPO,5,1.8259765625,0.000390625,-0.1406817496229261,5
EPO,6,1.81015625,-0.0154296875,0.12164533505709976,5
EPO,7,1.83046875,0.0048828125,0.11114285714285714,5
EPO,8,1.804296875,-0.0212890625,0.08203361344537816,5
EPO,9,1.83125,0.0056640625,0.12144624003447535,5
EPO,10,1.8111328125,-0.014453125,-0.37256496444731735,5
EPO,11,1.817578125,-0.0080078125,0.10116440422322777,5
EPO,12,1.80625,-0.0193359375,-0.12736608489549667,5
EPO,13,1.811328125,-0.0142578125,-0.003462615815556991,5
EPO,14,1.8015625,-0.0240234375,0.06601896143072614,5
EPO,15,1.8107421875,-0.01484375,-0.005035552682611505,5
EPO,16,1.8109375,-0.0146484375,-0.07540960999784528,5
EPO,17,1.81171875,-0.0138671875,0.024544279250161605,5
EPO,18,1.80703125,-0.0185546875,0.06469553975436329,5
EPO,19,1.8078125,-0.0177734375,-0.060586511527688,5
EPO,20,1.80625,-0.0193359375,-0.05103555268261149,5
EPO,21,1.8015625,-0.0240234375,-0.0868653307476837,5
EPO,22,1.809765625,-0.0158203125,0.08879810385692738,5
EPO,23,1.8060546875,-0.01953125,-0.0538758888170653,5
EPO,24,1.8046875,-0.0208984375,-0.08658177117000647,5
EPO,25,1.8126953125,-0.012890625,-0.06553415212238742,5
EPO,26,1.8130859375,-0.0125,-0.010764921353156657,5
EPO,27,1.81328125,-0.0123046875,-0.030686489980607634,5
EPO,28,1.814453125,-0.0111328125,-0.05511872441284206,5
EPO,29,1.807421875,-0.0181640625,-0.10383667313079079,5
EPO,30,1.8125,-0.0130859375,-0.07086748545572076,5
EPO,31,1.8068359375,-0.01875,-0.07458177117000646,5
ERCP,0,0.1912109375,0.027734375,0.10940500423802453,5
ERCP,1,0.149609375,-0.0138671875,-0.06151988458502465,5
ERCP,2,0.1576171875,-0.005859375,-0.031111148826270956,5
ERCP,3,0.1609375,-0.0025390625,-0.021788679520520635,5
ERCP,4,0.1630859375,-0.000390625,-0.008208004173156152,5
ERCP,5,0.1626953125,-0.00078125,0.0006473609646013457,5
ERCP,6,0.15546875,-0.0080078125,-0.04360675129504983,5
ERCP,7,0.1673828125,0.00390625,0.0028622910288810164,5
ERCP,8,0.162109375,-0.0013671875,-0.011605378255197547,5
ERCP,9,0.1611328125,-0.00234375,-0.009041085756617866,5
ERCP,10,0.1583984375,-0.005078125,-0.024985326769253434,5
ERCP,11,0.1615234375,-0.001953125,-0.014069137658639524,5
ERCP,12,0.1552734375,-0.008203125,-0.04044597970220015,5
ERCP,13,0.1609375,-0.0025390625,-0.014562147721447654,5
ERCP,14,0.1626953125,-0.00078125,-0.003161888671322115,5
ERCP,15,0.1623046875,-0.001171875,-0.009485991072219419,5
ERCP,16,0.156640625,-0.0068359375,-0.032808936314908915,5
ERCP,17,0.16328125,-0.0001953125,0.0016356335784487239,5
ERCP,18,0.1638671875,0.000390625,-0.004641424539376146,5
ERCP,19,0.1603515625,-0.003125,-0.013597971327280984,5
ERCP,20,0.165625,0.0021484375,0.007228644298985271,5
ERCP,21,0.1595703125,-0.00390625,-0.02221937979046242,5
ERCP,22,0.163671875,0.0001953125,0.0006519653304727175,5
ERCP,23,0.157421875,-0.0060546875,-0.028218996659812028,5
ERCP,24,0.1650390625,0.0015625,0.0025941222416956096,5
ERCP,25,0.1626953125,-0.00078125,-0.0061439727591550445,5
ERCP,26,0.161328125,-0.0021484375,-0.008122716834726087,5
ERCP,27,0.1603515625,-0.003125,-0.01601552041097041,5
ERCP,28,0.1587890625,-0.0046875,-0.026556966022937757,5
ERCP,29,0.161328125,-0.0021484375,-0.015143390285188314,5
ERCP,30,0.1580078125,-0.00546875,-0.02569054610369146,5
ERCP,31,0.1591796875,-0.004296875,-0.02479105012730281,5
ESR,0,0.7078125,-0.003125,-0.10945033559712458,5
ESR,1,0.7140625,0.003125,-0.043329758926089194,5
ESR,2,0.71796875,0.00703125,-0.04204098653639938,5
ESR,3,0.709375,-0.0015625,-0.08162516382699869,5
ESR,4,0.7,-0.0109375,-0.09948727113864728,5
ESR,5,0.71171875,0.00078125,-0.0555677350172763,5
ESR,6,0.71484375,0.00390625,-0.015567735017276301,5
ESR,7,0.7140625,0.003125,-0.018554748004289284,5
ESR,8,0.709375,-0.0015625,-0.04155168990031376,5
ESR,9,0.71484375,0.00390625,0.005451368203661783,5
ESR,10,0.71015625,-0.00078125,-0.021541760991302276,5
ESR,11,0.7,-0.0109375,-0.03751578696532824,5
ESR,12,0.7109375,0.0,-0.034944993844076414,5
ESR,13,0.71015625,-0.00078125,-0.010252988601612454,5
ESR,14,0.70078125,-0.01015625,-0.08901425791334047,5
ESR,15,0.7078125,-0.003125,-0.0018781524286111454,5
ESR,16,0.709375,-0.0015625,-0.03460542515588387,5
ESR,17,0.7109375,0.0,-0.048158385956551086,5
ESR,18,0.70859375,-0.00234375,-0.04237420072282457,5
ESR,19,0.7125,0.0015625,-0.030868978116684532,5
ESR,20,0.7078125,-0.003125,-0.04283053338099209,5
ESR,21,0.70703125,-0.00390625,-0.06644346479208865,5
ESR,22,0.71484375,0.00390625,-0.02060923785694428,5
ESR,23,0.70703125,-0.00390625,-0.11467532467532468,5
ESR,24,0.71640625,0.00546875,-0.014548631796338213,5
ESR,25,0.71328125,0.00234375,-0.042427419675126095,5
ESR,26,0.71328125,0.00234375,0.0077755272250685115,5
ESR,27,0.70703125,-0.00390625,-0.04616386671432542,5
ESR,28,0.70859375,-0.00234375,-0.06855474800428928,5
ESR,29,0.7109375,0.0,-0.018554748004289284,5
ESR,30,0.7109375,0.0,-0.021551689900313753,5
ESR,31,0.71328125,0.00234375,-0.011551689900313751,5
FFP,0,6.7828125,0.03203125,-0.23498155602154552,5
FFP,1,6.759375,0.00859375,0.07100518276357058,5
FFP,2,6.80546875,0.0546875,-0.32955345772565886,5
FFP,3,6.75390625,0.003125,-0.11612547830221649,5
FFP,4,6.78359375,0.0328125,-0.09411457653660446,5
FFP,5,6.75390625,0.003125,-0.0034228476587753374,5
FFP,6,6.7625,0.01171875,0.025711204084112194,5
FFP,7,6.728125,-0.02265625,0.14871894691764126,5
FFP,8,6.78359375,0.0328125,-0.10857599624108083,5
FFP,9,6.76953125,0.01875,0.029472513840952418,5
FFP,10,6.753125,0.00234375,0.08304225896643222,5
FFP,11,6.7640625,0.01328125,-0.004765103175281723,5
FFP,12,6.75390625,0.003125,0.07397052900862632,5
FFP,13,6.76796875,0.0171875,0.011607269818698904,5
FFP,14,6.74609375,-0.0046875,0.13797369356558833,5
FFP,15,6.7671875,0.01640625,-0.03514762495106355,5
FFP,16,6.79375,0.04296875,-0.14610219880272574,5
FFP,17,6.74375,-0.00703125,0.11342200580187525,5
FFP,18,6.7859375,0.03515625,-0.0972052807114647,5
FFP,19,6.75859375,0.0078125,0.023263959824863765,5
FFP,20,6.7578125,0.00703125,0.03293313631256928,5
FFP,21,6.753125,0.00234375,0.08026963420286463,5
FFP,22,6.75078125,0.0,0.029513959824863767,5
FFP,23,6.76015625,0.009375,-0.04232512063490636,5
FFP,24,6.759375,0.00859375,-0.006716411222158725,5
FFP,25,6.75078125,0.0,0.05571794643915155,5
FFP,26,6.75078125,0.0,0.012675471852355171,5
FFP,27,6.76953125,0.01875,-0.019621768131985164,5
FFP,28,6.77265625,0.021875,-0.08373405534281013,5
FFP,29,6.74609375,-0.0046875,0.07184739965590739,5
FFP,30,6.7515625,0.00078125,-0.0029363424936363867,5
FFP,31,6.75078125,0.0,-0.022243777383786252,5
GCT,0,-3.86875,-0.278125,-0.3052345179036872,5
GCT,1,-3.30625,0.284375,0.1747670526070343,5
GCT,2,-3.5171875,0.0734375,-0.5336058021868053,5
GCT,3,-3.496875,0.09375,-0.46598555189522955,5
GCT,4,-3.540625,0.05,-0.006163589180093529,5
GCT,5,-3.54375,0.046875,0.1527392643930775,5
GCT,6,-3.5703125,0.0203125,-0.37129713495977923,5
GCT,7,-3.5953125,-0.0046875,-0.20882854989815974,5
GCT,8,-3.60625,-0.015625,-0.17559115367860417,5
GCT,9,-3.628125,-0.0375,-0.5011632023561223,5
GCT,10,-3.6390625,-0.0484375,-0.455461023179367,5
GCT,11,-3.61875,-0.028125,-0.24010643435921136,5
GCT,12,-3.621875,-0.03125,-0.12716973425544104,5
GCT,13,-3.6046875,-0.0140625,-0.009510086225843544,5
GCT,14,-3.6015625,-0.0109375,0.05819794179414086,5
GCT,15,-3.5765625,0.0140625,0.11782003421003176,5
GCT,16,-3.6359375,-0.0453125,0.19298078480942,5
GCT,17,-3.54375,0.046875,0.19482415354789925,5
GCT,18,-3.615625,-0.025,-0.10751521773060715,5
GCT,19,-3.6125,-0.021875,-0.024864675045999117,5
GCT,20,-3.603125,-0.0125,-0.1256112642060631,5
GCT,21,-3.590625,0.0,0.005963154706319624,5
GCT,22,-3.6109375,-0.0203125,0.1041907950255679,5
GCT,23,-3.61875,-0.028125,-0.12317610877975962,5
GCT,24,-3.60625,-0.015625,-0.11278791054427076,5
GCT,25,-3.5890625,0.0015625,-0.03277776539053267,5
GCT,26,-3.5921875,-0.0015625,-0.09320728603600018,5
GCT,27,-3.6140625,-0.0234375,-0.14902165118282024,5
GCT,28,-3.6328125,-0.0421875,-0.09389941345824572,5
GCT,29,-3.6125,-0.021875,-0.13035607456972784,5
GCT,30,-3.5734375,0.0171875,0.22075234077091718,5
GCT,31,-3.5890625,0.0015625,-0.1259981043735835,5
GGT,0,0.173828125,0.00234375,0.0052293246654428905,5
GGT,1,0.174609375,0.003125,0.00932773408648259,5
GGT,2,0.17109375,-0.000390625,-0.003767973554895525,5
GGT,3,0.17734375,0.005859375,0.02005437482486464,5
GGT,4,0.17421875,0.002734375,0.008037411505837427,5
GGT,5,0.175390625,0.00390625,0.012296589507885109,5
GGT,6,0.171875,0.000390625,0.0009791706912709002,5
GGT,7,0.174609375,0.003125,0.00993046511865133,5
GGT,8,0.174609375,0.003125,0.00993046511865133,5
GGT,9,0.176953125,0.00546875,0.016242260206666508,5
GGT,10,0.175390625,0.00390625,0.012461097776815871,5
GGT,11,0.1765625,0.005078125,0.014951937626021348,5
GGT,12,0.171484375,0.0,-0.002477650974250363,5
GGT,13,0.174609375,0.003125,0.009719849612992552,5
GGT,14,0.171875,0.000390625,-0.0006261139886020326,5
GGT,15,0.17265625,0.001171875,0.0030367241857897805,5
GGT,16,0.166796875,-0.0046875,-0.019276190231706236,5
GGT,17,0.173828125,0.00234375,0.006747088925192266,5
GGT,18,0.171484375,0.0,-0.0029964894432225123,5
GGT,19,0.17421875,0.002734375,0.008248027011496207,5
GGT,20,0.171484375,0.0,-0.0018664240661214124,5
GGT,21,0.17421875,0.002734375,0.005954804984157918,5
GGT,22,0.1765625,0.005078125,0.014951937626021348,5
GGT,23,0.175,0.003515625,0.01083716804874674,5
GGT,24,0.1734375,0.001953125,0.005629770489438078,5
GGT,25,0.17421875,0.002734375,0.008640142538006167,5
GGT,26,0.174609375,0.003125,0.00971135373703234,5
GGT,27,0.171875,0.000390625,0.0008982070541352003,5
GGT,28,0.173828125,0.00234375,0.007130708575742018,5
GGT,29,0.173828125,0.00234375,0.007130708575742018,5
GGT,30,0.175390625,0.00390625,0.01317694030075883,5
GGT,31,0.176953125,0.00546875,0.018717945007491466,5
GTT,0,1.293359375,-0.01015625,-0.13574828066364442,5
GTT,1,1.312890625,0.009375,-0.014073862563331482,5
GTT,2,1.291796875,-0.01171875,-0.15910282916033014,5
GTT,3,1.284765625,-0.01875,-0.0217625076392359,5
GTT,4,1.3140625,0.010546875,-0.05986352085266676,5
GTT,5,1.324609375,0.02109375,-0.05849295383085279,5
GTT,6,1.328515625,0.025,-0.08686338169733958,5
GTT,7,1.326171875,0.02265625,-0.0914739952729357,5
GTT,8,1.284765625,-0.01875,0.010098327395135767,5
GTT,9,1.244921875,-0.05859375,0.12588558962250654,5
GTT,10,1.317578125,0.0140625,-0.10457550697568788,5
GTT,11,1.29921875,-0.004296875,-0.06128008142092649,5
GTT,12,1.278515625,-0.025,0.026360693620029452,5
GTT,13,1.2625,-0.041015625,0.008282973863798254,5
GTT,14,1.298828125,-0.0046875,-0.014131530699562744,5
GTT,15,1.305859375,0.00234375,-0.07729185661218224,5
GTT,16,1.301953125,-0.0015625,-0.05929953666095287,5
GTT,17,1.299609375,-0.00390625,-0.06140828654913162,5
GTT,18,1.28125,-0.022265625,-0.0029346759111586627,5
GTT,19,1.302734375,-0.00078125,-0.0738297383367806,5
GTT,20,1.3,-0.003515625,-0.041858399816146294,5
GTT,21,1.299609375,-0.00390625,-0.056408286549131624,5
GTT,22,1.2921875,-0.011328125,-0.01619905205704405,5
GTT,23,1.291015625,-0.0125,-0.04612249253094324,5
GTT,24,1.2921875,-0.011328125,-0.05680958250088628,5
GTT,25,1.290625,-0.012890625,-0.044495816454725876,5
GTT,26,1.291015625,-0.0125,-0.013789886299254437,5
GTT,27,1.301953125,-0.0015625,-0.07568789719132142,5
GTT,28,1.301953125,-0.0015625,-0.07634697989265762,5
GTT,29,1.291796875,-0.01171875,-0.04234808650883079,5
GTT,30,1.289453125,-0.0140625,-0.020828919970927985,5
GTT,31,1.29453125,-0.008984375,-0.05816655175810106,5
GVHD,0,0.80703125,-0.041796875,-0.07201292591962484,5
GVHD,1,0.81875,-0.030078125,-0.05593559439666594,5
GVHD,2,0.83359375,-0.015234375,-0.0278806747465362,5
GVHD,3,0.829296875,-0.01953125,-0.04044255523460437,5
GVHD,4,0.825390625,-0.0234375,-0.04285867131974287,5
GVHD,5,0.8359375,-0.012890625,-0.02903479709433122,5
GVHD,6,0.826171875,-0.02265625,-0.045778308611598706,5
GVHD,7,0.840625,-0.008203125,-0.016839578016082102,5
GVHD,8,0.840625,-0.008203125,-0.017840756547378645,5
GVHD,9,0.8328125,-0.016015625,-0.03164176810889642,5
GVHD,10,0.8578125,0.008984375,0.0085022506348305,5
GVHD,11,0.841015625,-0.0078125,-0.017775350536390476,5
GVHD,12,0.845703125,-0.003125,-0.008228228698877274,5
GVHD,13,0.852734375,0.00390625,0.009350557702960113,5
GVHD,14,0.85546875,0.006640625,0.01344032065336046,5
GVHD,15,0.854296875,0.00546875,0.005270281755403223,5
GVHD,16,0.863671875,0.01484375,0.021112237800151597,5
GVHD,17,0.85078125,0.001953125,-0.0029952198521439183,5
GVHD,18,0.84921875,0.000390625,-0.00676179962821459,5
GVHD,19,0.841015625,-0.0078125,-0.018270079541033362,5
GVHD,20,0.8546875,0.005859375,0.008790800624709749,5
GVHD,21,0.847265625,-0.0015625,-0.008657757736208962,5
GVHD,22,0.859375,0.010546875,0.017360802033503698,5
GVHD,23,0.85625,0.007421875,0.01196860818078119,5
GVHD,24,0.8578125,0.008984375,0.007338633689192291,5
GVHD,25,0.848046875,-0.00078125,-0.007690851578961386,5
GVHD,26,0.840234375,-0.00859375,-0.019521148012985073,5
GVHD,27,0.839453125,-0.009375,-0.02190260354312919,5
GVHD,28,0.8453125,-0.003515625,-0.01218604282201569,5
GVHD,29,0.856640625,0.0078125,0.005558218258925228,5
GVHD,30,0.85390625,0.005078125,-0.0007027953085329081,5
GVHD,31,0.855078125,0.00625,0.00560159154884934,5
GVH,0,0.749609375,-0.12421875,-0.28059477144834916,5
GVH,1,0.88125,0.007421875,0.02561702622357411,5
GVH,2,0.8859375,0.012109375,0.032918660417654816,5
GVH,3,0.88984375,0.016015625,0.03471174335663754,5
GVH,4,0.8953125,0.021484375,0.05503940556352599,5
GVH,5,0.874609375,0.00078125,0.00913021102033515,5
GVH,6,0.885546875,0.01171875,0.029825745038062217,5
GVH,7,0.88828125,0.014453125,0.04517854562841893,5
GVH,8,0.880078125,0.00625,0.02386443497710034,5
GVH,9,0.885546875,0.01171875,0.03515657549934315,5
GVH,10,0.880078125,0.00625,0.02458577632992502,5
GVH,11,0.88515625,0.011328125,0.030855441970772494,5
GVH,12,0.893359375,0.01953125,0.052060498697825974,5
GVH,13,0.88828125,0.014453125,0.03508397007382782,5
GVH,14,0.88046875,0.006640625,0.020352432954231,5
GVH,15,0.872265625,-0.0015625,-0.001632449650608498,5
GVH,16,0.875390625,0.0015625,0.0023118383165376295,5
GVH,17,0.876953125,0.003125,0.015297559370229885,5
GVH,18,0.883203125,0.009375,0.03580892013013785,5
GVH,19,0.891796875,0.01796875,0.04650067979121133,5
GVH,20,0.88125,0.007421875,0.024803426279726128,5
GVH,21,0.871484375,-0.00234375,-0.006908032289377783,5
GVH,22,0.890625,0.016796875,0.04302080717367598,5
GVH,23,0.8828125,0.008984375,0.029274013015812055,5
GVH,24,0.878125,0.004296875,0.017315131062563917,5
GVH,25,0.88203125,0.008203125,0.025770830912083764,5
GVH,26,0.88125,0.007421875,0.026437572343089095,5
GVH,27,0.876953125,0.003125,0.015909052978723567,5
GVH,28,0.88515625,0.011328125,0.033280494981136825,5
GVH,29,0.88984375,0.016015625,0.04100771069781699,5
GVH,30,0.883203125,0.009375,0.02823702351564933,5
GVH,31,0.879296875,0.00546875,0.020965269981308866,5
HCT,0,2.00703125,0.0068359375,0.04598980422493619,5
HCT,1,1.982421875,-0.0177734375,-0.10662573070796862,5
HCT,2,1.976953125,-0.0232421875,-0.15918036694738474,5
HCT,3,1.9984375,-0.0017578125,0.01789637558498654,5
HCT,4,1.9876953125,-0.0125,-0.09123376883515993,5
HCT,5,1.9880859375,-0.012109375,-0.07052049481764032,5
HCT,6,2.020703125,0.0205078125,0.12164421817921582,5
HCT,7,2.0046875,0.0044921875,-8.413735246461385e-05,5
HCT,8,2.0052734375,0.005078125,0.03822051614460927,5
HCT,9,1.98671875,-0.0134765625,-0.06096093720392317,5
HCT,10,1.9994140625,-0.00078125,0.02691785446553081,5
HCT,11,1.9982421875,-0.001953125,-0.008591638524016287,5
HCT,12,1.9955078125,-0.0046875,-0.041637943116697475,5
HCT,13,2.0046875,0.0044921875,0.04572361335847382,5
HCT,14,2.0,-0.0001953125,0.012476972991526905,5
HCT,15,1.99296875,-0.0072265625,-0.010029934444873878,5
HCT,16,1.9939453125,-0.00625,-0.05597455873764694,5
HCT,17,1.9884765625,-0.01171875,-0.07108738728201185,5
HCT,18,2.00078125,0.0005859375,-0.037435558364891965,5
HCT,19,1.99375,-0.0064453125,0.006416927742154082,5
HCT,20,1.9953125,-0.0048828125,-0.01250005681920453,5
HCT,21,2.0033203125,0.003125,0.030257869979677228,5
HCT,22,1.984375,-0.0158203125,-0.08861059137696217,5
HCT,23,2.001953125,0.0017578125,0.008200738244060368,5
HCT,24,1.9986328125,-0.0015625,-0.021446239394638716,5
HCT,25,2.0015625,0.0013671875,-0.001722103982354295,5
HCT,26,2.0013671875,0.001171875,0.031182976718840783,5
HCT,27,2.0111328125,0.0109375,0.05870021739795626,5
HCT,28,2.00078125,0.0005859375,0.01577154742851702,5
HCT,29,2.0009765625,0.00078125,0.0015204503268689163,5
HCT,30,1.9990234375,-0.001171875,0.019703043237166734,5
HCT,31,2.0001953125,0.0,0.0029078307704102414,5
HIV,0,-0.15,0.0140625,0.007998356656554333,5
HIV,1,-0.159375,0.0046875,0.0035328450514546276,5
HIV,2,-0.1671875,-0.003125,-0.005864411289855311,5
HIV,3,-0.1578125,0.00625,0.0050856400825105294,5
HIV,4,-0.1484375,0.015625,0.014422494252947563,5
HIV,5,-0.1671875,-0.003125,-0.005428069269358344,5
HIV,6,-0.1625,0.0015625,4.0418332483287306e-05,5
HIV,7,-0.16875,-0.0046875,-0.005348052845461575,5
HIV,8,-0.1640625,0.0,-0.0019694226528169916,5
HIV,9,-0.171875,-0.0078125,-0.00809186890735544,5
HIV,10,-0.1609375,0.003125,0.0034663244544621947,5
HIV,11,-0.16875,-0.0046875,-0.004988458206690735,5
HIV,12,-0.1796875,-0.015625,-0.014738351444208464,5
HIV,13,-0.178125,-0.0140625,-0.014300249720486167,5
HIV,14,-0.1859375,-0.021875,-0.022337164860586435,5
HIV,15,-0.1828125,-0.01875,-0.015852105289386534,5
HIV,16,-0.1640625,0.0,-0.0015227036290183169,5
HIV,17,-0.16875,-0.0046875,-0.005966421619647062,5
HIV,18,-0.1828125,-0.01875,-0.020001979070023074,5
HIV,19,-0.178125,-0.0140625,-0.013180108009534824,5
HIV,20,-0.16875,-0.0046875,-0.004103117655235987,5
HIV,21,-0.171875,-0.0078125,-0.008088599865184795,5
HIV,22,-0.1796875,-0.015625,-0.015127367462515104,5
HIV,23,-0.1765625,-0.0125,-0.01382457904822946,5
HIV,24,-0.1734375,-0.009375,-0.009676734410471998,5
HIV,25,-0.1765625,-0.0125,-0.011338027782804934,5
HIV,26,-0.16875,-0.0046875,-0.0032336025107006887,5
HIV,27,-0.175,-0.0109375,-0.010297382691816594,5
HIV,28,-0.1765625,-0.0125,-0.012704437337278121,5
HIV,29,-0.165625,-0.0015625,-0.0015674306115397905,5
HIV,30,-0.1765625,-0.0125,-0.011283023942693763,5
HIV,31,-0.16875,-0.0046875,-0.00412818031187759,5
HPV,0,1.76171875,-0.0703125,0.7918085059594494,5
HPV,1,1.863671875,0.031640625,-0.08399305097418308,5
HPV,2,1.81328125,-0.01875,0.48327249270645495,5
HPV,3,1.809765625,-0.022265625,0.4761709988125082,5
HPV,4,1.784375,-0.04765625,0.4698091216959142,5
HPV,5,1.809765625,-0.022265625,0.46218498482649417,5
HPV,6,1.807421875,-0.024609375,0.5103978830393925,5
HPV,7,1.819140625,-0.012890625,0.24107695239770713,5
HPV,8,1.828125,-0.00390625,0.081605606133908,5
HPV,9,1.80703125,-0.025,0.3797122165046693,5
HPV,10,1.848046875,0.016015625,0.025745847443960655,5
HPV,11,1.826953125,-0.005078125,0.14869156001231473,5
HPV,12,1.821875,-0.01015625,0.2257700370907918,5
HPV,13,1.820703125,-0.011328125,0.22938309070384544,5
HPV,14,1.83125,-0.00078125,0.16765257802993652,5
HPV,15,1.827734375,-0.004296875,0.1758294116784683,5
HPV,16,1.83515625,0.003125,0.2053107270088402,5
HPV,17,1.81796875,-0.0140625,0.2584817698025245,5
HPV,18,1.80859375,-0.0234375,0.3139185761827271,5
HPV,19,1.823828125,-0.008203125,0.1971764084971632,5
HPV,20,1.821484375,-0.010546875,0.21698992831068303,5
HPV,21,1.82890625,-0.003125,0.20814458078609027,5
HPV,22,1.825,-0.00703125,0.2812317661374265,5
HPV,23,1.83515625,0.003125,0.14758763249329285,5
HPV,24,1.825390625,-0.006640625,0.16120127252202726,5
HPV,25,1.8265625,-0.00546875,0.2601361950418554,5
HPV,26,1.832421875,0.000390625,0.2327777044758177,5
HPV,27,1.823046875,-0.008984375,0.2884864611279706,5
HPV,28,1.83125,-0.00078125,0.2313688408028031,5
HPV,29,1.825390625,-0.006640625,0.32893155062966384,5
HPV,30,1.838671875,0.006640625,0.1553884270865403,5
HPV,31,1.825,-0.00703125,0.24504185541921392,5
HSV,0,5.8140625,0.0671875,0.9169762831198719,5
HSV,1,5.8265625,0.0796875,-0.08832755055087584,5
HSV,2,5.81015625,0.06328125,0.30119316954789976,5
HSV,3,5.978125,0.23125,0.08992934857085036,5
HSV,4,5.875,0.128125,0.28449019261388114,5
HSV,5,5.803125,0.05625,0.025589503417169767,5
HSV,6,5.76640625,0.01953125,0.23773169588922846,5
HSV,7,5.715625,-0.03125,0.06745137867179338,5
HSV,8,5.75703125,0.01015625,-0.06650997333405222,5
HSV,9,5.728125,-0.01875,-0.019009365069923265,5
HSV,10,5.78984375,0.04296875,0.12548597398104405,5
HSV,11,5.7734375,0.0265625,0.023458005258957405,5
HSV,12,5.81796875,0.07109375,0.01791376196737089,5
HSV,13,5.765625,0.01875,-0.08133858350008707,5
HSV,14,5.8265625,0.0796875,-0.012364327308710326,5
HSV,15,5.7796875,0.0328125,0.01388348345321338,5
HSV,16,5.73359375,-0.01328125,-0.0035328937813087517,5
HSV,17,5.74921875,0.00234375,0.07484196609329165,5
HSV,18,5.75,0.003125,0.03429431251795369,5
HSV,19,5.7765625,0.0296875,-0.03378476250252609,5
HSV,20,5.76015625,0.01328125,0.039373496249469266,5
HSV,21,5.74453125,-0.00234375,0.09819870795029298,5
HSV,22,5.7671875,0.0203125,0.017348366907266752,5
HSV,23,5.73828125,-0.00859375,0.09182240523703937,5
HSV,24,5.73828125,-0.00859375,0.07184563404075599,5
HSV,25,5.7671875,0.0203125,-0.03872347165030092,5
HSV,26,5.728125,-0.01875,0.1385294375908306,5
HSV,27,5.75390625,0.00703125,0.03248994862451238,5
HSV,28,5.725,-0.021875,0.1369748209417892,5
HSV,29,5.740625,-0.00625,0.07046904270116743,5
HSV,30,5.753125,0.00625,0.09990627213839687,5
HSV,31,5.74453125,-0.00234375,0.12729154903067946,5
ICA,0,4.244140625,-0.0328125,-0.17204531902206313,5
ICA,1,4.2671875,-0.009765625,1.1812142895863826,5
ICA,2,4.30390625,0.026953125,-0.6349140781698921,5
ICA,3,4.28984375,0.012890625,-0.7492448636634683,5
ICA,4,4.25703125,-0.019921875,1.4079340814224537,5
ICA,5,4.273828125,-0.003125,-0.37994904320485723,5
ICA,6,4.283203125,0.00625,0.023267740011926018,5
ICA,7,4.2640625,-0.012890625,0.5112191684284707,5
ICA,8,4.284375,0.007421875,-2.065403588659403,5
ICA,9,4.262890625,-0.0140625,0.5763256898140618,5
ICA,10,4.2640625,-0.012890625,-0.9959581503767551,5
ICA,11,4.250390625,-0.0265625,-0.47108689759852557,5
ICA,12,4.259765625,-0.0171875,-0.36966444408304877,5
ICA,13,4.26015625,-0.016796875,-0.02607903724182803,5
ICA,14,4.2640625,-0.012890625,-1.1551580202742993,5
ICA,15,4.26953125,-0.007421875,-1.2315335826963734,5
ICA,16,4.24140625,-0.035546875,-0.5910120886865073,5
ICA,17,4.265234375,-0.01171875,-0.5715574348132486,5
ICA,18,4.275,-0.001953125,-0.7235854068412209,5
ICA,19,4.266015625,-0.0109375,-0.6826952892069171,5
ICA,20,4.26953125,-0.007421875,-0.7867783379411286,5
ICA,21,4.260546875,-0.01640625,-1.0630021141649049,5
ICA,22,4.278515625,0.0015625,-0.3891798124356264,5
ICA,23,4.2609375,-0.016015625,0.25937550821271754,5
ICA,24,4.27109375,-0.005859375,-0.4536553369111509,5
ICA,25,4.262890625,-0.0140625,-0.8373567517753564,5
ICA,26,4.274609375,-0.00234375,-0.08537973654252724,5
ICA,27,4.283203125,0.00625,-0.4638651271209411,5
ICA,28,4.26796875,-0.008984375,-1.0682658426844474,5
ICA,29,4.2609375,-0.016015625,-1.4335154767712908,5
ICA,30,4.265625,-0.011328125,-1.5059511031604056,5
ICA,31,4.25859375,-0.018359375,-1.3799251910879817,5
ICD,0,3.30625,0.068359375,0.19366676553157586,5
ICD,1,3.240234375,0.00234375,0.03301640693576323,5
ICD,2,3.326953125,0.0890625,0.22784123274093915,5
ICD,3,3.253515625,0.015625,0.029130293190593615,5
ICD,4,3.22265625,-0.015234375,-0.08279495304774473,5
ICD,5,3.26796875,0.030078125,0.015969436630633996,5
ICD,6,3.225390625,-0.0125,-0.07836552130733716,5
ICD,7,3.222265625,-0.015625,-0.08011473530012128,5
ICD,8,3.2328125,-0.005078125,0.0496226360721876,5
ICD,9,3.22265625,-0.015234375,-0.011987062809313448,5
ICD,10,3.21484375,-0.023046875,-0.14133674456254694,5
ICD,11,3.22578125,-0.012109375,-0.14719890395617136,5
ICD,12,3.225,-0.012890625,-0.1272225905225977,5
ICD,13,3.230078125,-0.0078125,0.017691823497756283,5
ICD,14,3.248828125,0.0109375,0.04961863410954763,5
ICD,15,3.23203125,-0.005859375,-0.02980008868213544,5
ICD,16,3.23671875,-0.001171875,0.026808242269239713,5
ICD,17,3.237890625,0.0,-0.009087076048478734,5
ICD,18,3.235546875,-0.00234375,-0.011778543149152996,5
ICD,19,3.2453125,0.007421875,0.04593367821436875,5
ICD,20,3.23359375,-0.004296875,-0.06689743139921449,5
ICD,21,3.23671875,-0.001171875,-0.011452487224361438,5
ICD,22,3.23359375,-0.004296875,0.0010924247336300207,5
ICD,23,3.2390625,0.001171875,0.04152912113461986,5
ICD,24,3.24296875,0.005078125,0.048743951619505455,5
ICD,25,3.22734375,-0.010546875,-0.06998920910567645,5
ICD,26,3.2375,-0.000390625,0.06336706579865148,5
ICD,27,3.239453125,0.0015625,0.04301179848992427,5
ICD,28,3.240234375,0.00234375,0.03622029760520809,5
ICD,29,3.24140625,0.003515625,0.04434823187750856,5
ICD,30,3.2390625,0.001171875,0.03535445245291792,5
ICD,31,3.240625,0.002734375,0.04247029760520809,5
INH,0,0.131640625,-0.019921875,-0.1421259743840389,5
INH,1,0.074609375,-0.076953125,0.8222021705892674,5
INH,2,0.135546875,-0.016015625,0.32371105596912053,5
INH,3,0.11328125,-0.03828125,0.30445772865127707,5
INH,4,0.141796875,-0.009765625,0.1470674486803519,5
INH,5,0.13125,-0.0203125,0.33653156878963325,5
INH,6,0.14296875,-0.00859375,0.1655600671729704,5
INH,7,0.150390625,-0.001171875,0.18664561245206407,5
INH,8,0.149609375,-0.001953125,0.13626463142592177,5
INH,9,0.149609375,-0.001953125,0.008282577637416345,5
INH,10,0.157421875,0.005859375,-0.17106173396495977,5
INH,11,0.15078125,-0.00078125,0.02234378524701106,5
INH,12,0.128515625,-0.023046875,0.18535353535353538,5
INH,13,0.141015625,-0.010546875,0.1265709201193072,5
INH,14,0.13984375,-0.01171875,0.10881645236483946,5
INH,15,0.148828125,-0.002734375,0.06072762363084944,5
INH,16,0.141796875,-0.009765625,0.00903702032734291,5
INH,17,0.13984375,-0.01171875,0.051704388801162994,5
INH,18,0.139453125,-0.012109375,0.10969747098779355,5
INH,19,0.150390625,-0.001171875,-0.017526380429606237,5
INH,20,0.142578125,-0.008984375,0.03631726696242825,5
INH,21,0.149609375,-0.001953125,0.02649071358748778,5
INH,22,0.139453125,-0.012109375,0.10414191543223801,5
INH,23,0.148828125,-0.002734375,0.028433215529989713,5
INH,24,0.14765625,-0.00390625,-0.0152780910845427,5
INH,25,0.15,-0.0015625,0.02567987567987568,5
INH,26,0.14453125,-0.00703125,0.03445998445998446,5
INH,27,0.146484375,-0.005078125,-0.0031907160939419004,5
INH,28,0.151171875,-0.000390625,0.017599067599067604,5
INH,29,0.152734375,0.001171875,-0.030771737223350127,5
INH,30,0.150390625,-0.001171875,0.0484071484071484,5
INH,31,0.14765625,-0.00390625,0.04509988219665639,5
ITP,0,0.353515625,0.01953125,0.03876669125464431,5
ITP,1,0.352734375,0.01875,0.03964562027053339,5
ITP,2,0.3453125,0.011328125,0.024995330770280256,5
ITP,3,0.345703125,0.01171875,0.02361458672854999,5
ITP,4,0.338671875,0.0046875,0.009643753877332743,5
ITP,5,0.3375,0.003515625,0.006750509681387391,5
ITP,6,0.337890625,0.00390625,0.007997085944839891,5
ITP,7,0.335546875,0.0015625,0.0028889867170938987,5
ITP,8,0.336328125,0.00234375,0.005667601907510649,5
ITP,9,0.33046875,-0.003515625,-0.008296486465574068,5
ITP,10,0.33828125,0.004296875,0.00881281100767697,5
ITP,11,0.33359375,-0.000390625,-0.0012743910126227624,5
ITP,12,0.340234375,0.00625,0.010971754252216148,5
ITP,13,0.33515625,0.001171875,0.0005491766779587824,5
ITP,14,0.3390625,0.005078125,0.01019579768031488,5
ITP,15,0.32890625,-0.005078125,-0.011342533172616246,5
ITP,16,0.332421875,-0.0015625,-0.005450547294728497,5
ITP,17,0.33515625,0.001171875,0.0020436225416049017,5
ITP,18,0.336328125,0.00234375,0.004360074776005279,5
ITP,19,0.3359375,0.001953125,0.005170957381572932,5
ITP,20,0.33046875,-0.003515625,-0.007467080382342939,5
ITP,21,0.335546875,0.0015625,0.0017495567099617526,5
ITP,22,0.3375,0.003515625,0.005924678261768401,5
ITP,23,0.338671875,0.0046875,0.009573638735156233,5
ITP,24,0.33984375,0.005859375,0.011068440222331364,5
ITP,25,0.338671875,0.0046875,0.008433311548155183,5
ITP,26,0.34140625,0.007421875,0.014412444162247642,5
ITP,27,0.337890625,0.00390625,0.0062882540777302025,5
ITP,28,0.335546875,0.0015625,0.002691918305048704,5
ITP,29,0.33828125,0.004296875,0.00797423621310987,5
ITP,30,0.341015625,0.00703125,0.012791157863555253,5
ITP,31,0.337890625,0.00390625,0.005844741596760449,5
IUGR,0,0.27109375,0.0171875,0.037786654993816116,5
IUGR,1,0.2625,0.00859375,0.029910263588012947,5
IUGR,2,0.26796875,0.0140625,0.039182057514538335,5
IUGR,3,0.2703125,0.01640625,0.03788995668279556,5
IUGR,4,0.26484375,0.0109375,0.026438068340881637,5
IUGR,5,0.27734375,0.0234375,0.05671859269813234,5
IUGR,6,0.2703125,0.01640625,0.04063352513480391,5
IUGR,7,0.26640625,0.0125,0.025324063953219966,5
IUGR,8,0.26328125,0.009375,0.021585756133070712,5
IUGR,9,0.26484375,0.0109375,0.025910500488505607,5
IUGR,10,0.2671875,0.01328125,0.030805556002486946,5
IUGR,11,0.26796875,0.0140625,0.03260174106209912,5
IUGR,12,0.2609375,0.00703125,0.017934171571000215,5
IUGR,13,0.2640625,0.01015625,0.019358265046244584,5
IUGR,14,0.2703125,0.01640625,0.03579799581845618,5
IUGR,15,0.2625,0.00859375,0.02093226469697058,5
IUGR,16,0.2703125,0.01640625,0.03769990804261904,5
IUGR,17,0.26484375,0.0109375,0.02394329807117531,5
IUGR,18,0.26875,0.01484375,0.03834992800721701,5
IUGR,19,0.265625,0.01171875,0.02569108312330819,5
IUGR,20,0.26796875,0.0140625,0.03519542531307237,5
IUGR,21,0.2625,0.00859375,0.019107579578167812,5
IUGR,22,0.2625,0.00859375,0.01748243581491663,5
IUGR,23,0.26796875,0.0140625,0.027586812302924833,5
IUGR,24,0.26640625,0.0125,0.02201034958068206,5
IUGR,25,0.27265625,0.01875,0.03953700706641883,5
IUGR,26,0.265625,0.01171875,0.02846020822491411,5
IUGR,27,0.2671875,0.01328125,0.029778097542803427,5
IUGR,28,0.26796875,0.0140625,0.027249999955882308,5
IUGR,29,0.265625,0.01171875,0.022168016295893538,5
IUGR,30,0.27265625,0.01875,0.03887119889165925,5
IUGR,31,0.2671875,0.01328125,0.03277076383981755,5
IVC,0,2.31875,-0.037890625,-0.16555066471032856,5
IVC,1,2.30546875,-0.051171875,0.642728202392068,5
IVC,2,2.33515625,-0.021484375,0.009062884413024474,5
IVC,3,2.322265625,-0.034375,0.4252293509996591,5
IVC,4,2.324609375,-0.03203125,0.4139159367450683,5
IVC,5,2.34921875,-0.007421875,0.17514857794969843,5
IVC,6,2.33984375,-0.016796875,0.28081751219006124,5
IVC,7,2.350390625,-0.00625,-0.008008388540601416,5
IVC,8,2.3359375,-0.020703125,0.25995287003690365,5
IVC,9,2.339453125,-0.0171875,0.3903205726735139,5
IVC,10,2.328125,-0.028515625,0.47755102040816333,5
IVC,11,2.328125,-0.028515625,0.42554058660501237,5
IVC,12,2.3421875,-0.014453125,0.17551020408163262,5
IVC,13,2.333203125,-0.0234375,0.4680323981444429,5
IVC,14,2.346484375,-0.01015625,0.19372193321773157,5
IVC,15,2.3484375,-0.008203125,0.21745587123738389,5
IVC,16,2.34296875,-0.013671875,0.19636743586323419,5
IVC,17,2.322265625,-0.034375,0.4239399463489099,5
IVC,18,2.34609375,-0.010546875,0.22200806248425295,5
IVC,19,2.34765625,-0.008984375,0.0822580884205534,5
IVC,20,2.328125,-0.028515625,0.6396499340476931,5
IVC,21,2.3375,-0.019140625,0.3522208883553421,5
IVC,22,2.343359375,-0.01328125,0.2724741748551272,5
IVC,23,2.328125,-0.028515625,0.5507143598180013,5
IVC,24,2.341015625,-0.015625,0.4047574585389711,5
IVC,25,2.3359375,-0.020703125,0.41931291034932483,5
IVC,26,2.33671875,-0.019921875,0.2822580884205534,5
IVC,27,2.33828125,-0.018359375,0.2050271960636106,5
IVC,28,2.328125,-0.028515625,0.4588739199383456,5
IVC,29,2.337109375,-0.01953125,0.2498243741941221,5
IVC,30,2.340234375,-0.01640625,0.4340136054421769,5
IVC,31,2.33515625,-0.021484375,0.4646599380492938,5
IVP,0,12.692578125,0.395703125,-0.981525586822942,5
IVP,1,12.2265625,-0.0703125,0.3750589718331654,5
IVP,2,12.34765625,0.05078125,0.13944619458684587,5
IVP,3,12.31484375,0.01796875,0.21105604623797564,5
IVP,4,12.31015625,0.01328125,0.20888406702884615,5
IVP,5,12.3078125,0.0109375,0.1250075260356563,5
IVP,6,12.2734375,-0.0234375,0.42211613602455983,5
IVP,7,12.33046875,0.03359375,0.16977842110849295,5
IVP,8,12.29609375,-0.00078125,0.32194246198221127,5
IVP,9,12.32109375,0.02421875,0.30653568667633796,5
IVP,10,12.30625,0.009375,0.410887909275006,5
IVP,11,12.346875,0.05,0.39644028738968345,5
IVP,12,12.29453125,-0.00234375,0.14875958639909106,5
IVP,13,12.28828125,-0.00859375,0.32955709249853876,5
IVP,14,12.321875,0.025,0.12129794718466176,5
IVP,15,12.27734375,-0.01953125,0.42960003030328664,5
IVP,16,12.3078125,0.0109375,0.22210076859213074,5
IVP,17,12.27734375,-0.01953125,0.4651819618338499,5
IVP,18,12.30390625,0.00703125,0.19776873230473596,5
IVP,19,12.2921875,-0.0046875,0.36181515701466777,5
IVP,20,12.28671875,-0.01015625,0.24521154180227717,5
IVP,21,12.31796875,0.02109375,0.15862011360023895,5
IVP,22,12.294921875,-0.001953125,-0.03853357881793901,5
IVP,23,12.27421875,-0.02265625,0.3916181795596258,5
IVP,24,12.328125,0.03125,0.11332254330266867,5
IVP,25,12.3265625,0.0296875,0.3113324468163178,5
IVP,26,12.31953125,0.02265625,0.1614294646552711,5
IVP,27,12.31015625,0.01328125,0.30842161809903745,5
IVP,28,12.3078125,0.0109375,0.13556439850584476,5
IVP,29,12.3015625,0.0046875,0.32153346266249494,5
IVP,30,12.3046875,0.0078125,0.38353682547230933,5
IVP,31,12.2953125,-0.0015625,0.2428224630219738,5
LAD,0,1.74921875,0.08359375,0.3729248992088227,5
LAD,1,1.690625,0.025,0.11044751782877724,5
LAD,2,1.703125,0.0375,0.1940861800974974,5
LAD,3,1.70546875,0.03984375,0.24636662479967542,5
LAD,4,1.7375,0.071875,0.2267251863051689,5
LAD,5,1.73359375,0.06796875,0.29367294141945866,5
LAD,6,1.70078125,0.03515625,0.18639602290062635,5
LAD,7,1.66171875,-0.00390625,0.10299249542272863,5
LAD,8,1.671875,0.00625,-0.04180956020829343,5
LAD,9,1.703125,0.0375,0.053830273630062334,5
LAD,10,1.6640625,-0.0015625,-0.06695099737882625,5
LAD,11,1.67109375,0.00546875,0.02924083346793733,5
LAD,12,1.6640625,-0.0015625,-0.0762595859375161,5
LAD,13,1.653125,-0.0125,-0.0460384970367997,5
LAD,14,1.6703125,0.0046875,0.019573480394450015,5
LAD,15,1.6671875,0.0015625,-0.07423999642232879,5
LAD,16,1.65859375,-0.00703125,0.008351567393645929,5
LAD,17,1.665625,0.0,-0.07956683993069438,5
LAD,18,1.66171875,-0.00390625,-0.06510216222561749,5
LAD,19,1.66171875,-0.00390625,-0.015794329803030954,5
LAD,20,1.66484375,-0.00078125,0.01176664580672514,5
LAD,21,1.67421875,0.00859375,-0.011354436886025577,5
LAD,22,1.66171875,-0.00390625,-0.01179592916328685,5
LAD,23,1.6671875,0.0015625,-0.06564327911219617,5
LAD,24,1.66328125,-0.00234375,-0.028624488394487675,5
LAD,25,1.6578125,-0.0078125,-0.12699829266233167,5
LAD,26,1.6703125,0.0046875,-0.006144232520384048,5
LAD,27,1.6703125,0.0046875,-0.07411171219518078,5
LAD,28,1.66796875,0.00234375,0.009207669397288913,5
LAD,29,1.67890625,0.01328125,0.030860965400447627,5
LAD,30,1.671875,0.00625,-0.04833935447160355,5
LAD,31,1.66640625,0.00078125,-0.06111691011601247,5
LDL,0,5.249609375,0.01015625,0.11596224186596253,5
LDL,1,5.234375,-0.005078125,-0.04829681234900775,5
LDL,2,5.2703125,0.030859375,0.02060554269688461,5
LDL,3,5.216015625,-0.0234375,0.23108582869295263,5
LDL,4,5.194140625,-0.0453125,0.22293708926577907,5
LDL,5,5.18359375,-0.055859375,0.2111185662852036,5
LDL,6,5.203515625,-0.0359375,0.17287661042730695,5
LDL,7,5.2140625,-0.025390625,0.10136253261275303,5
LDL,8,5.196484375,-0.04296875,0.0394599851450495,5
LDL,9,5.2609375,0.021484375,-0.09292056360827301,5
LDL,10,5.225390625,-0.0140625,0.03328535819101858,5
LDL,11,5.23203125,-0.007421875,0.0645954028972897,5
LDL,12,5.21328125,-0.026171875,0.1087083745080571,5
LDL,13,5.21953125,-0.019921875,0.14196009848628435,5
LDL,14,5.2421875,0.002734375,-0.008989037178069096,5
LDL,15,5.247265625,0.0078125,-0.003922302714402864,5
LDL,16,5.22421875,-0.015234375,0.03929764939110734,5
LDL,17,5.221875,-0.017578125,0.011257849304049277,5
LDL,18,5.241796875,0.00234375,0.015675846090235084,5
LDL,19,5.221484375,-0.01796875,0.017940431401902053,5
LDL,20,5.226171875,-0.01328125,0.05759623853963478,5
LDL,21,5.24140625,0.001953125,-0.04019909908465718,5
LDL,22,5.222265625,-0.0171875,0.038864162410274204,5
LDL,23,5.218359375,-0.02109375,0.1320779080486363,5
LDL,24,5.23046875,-0.008984375,0.033359297557851615,5
LDL,25,5.22578125,-0.013671875,0.04664489803971377,5
LDL,26,5.245703125,0.00625,-0.004305103361707136,5
LDL,27,5.223046875,-0.01640625,0.07249660884469562,5
LDL,28,5.23125,-0.008203125,0.016448281852972386,5
LDL,29,5.23671875,-0.002734375,-0.015635801334972554,5
LDL,30,5.231640625,-0.0078125,0.006529872877959636,5
LDL,31,5.230078125,-0.009375,0.016457303937466167,5
LMP,0,3.41484375,0.051953125,-0.6735673993178237,5
LMP,1,3.375,0.012109375,0.1803678092353814,5
LMP,2,3.390625,0.027734375,0.40754407378516033,5
LMP,3,3.393359375,0.03046875,0.17807595711161078,5
LMP,4,3.4015625,0.038671875,0.3059888037443216,5
LMP,5,3.372265625,0.009375,0.18007539118065435,5
LMP,6,3.369921875,0.00703125,0.15641251778093884,5
LMP,7,3.391796875,0.02890625,0.37086717447498435,5
LMP,8,3.3625,-0.000390625,0.105149359886202,5
LMP,9,3.374609375,0.01171875,0.40182581562887165,5
LMP,10,3.384765625,0.021875,0.3299995564324936,5
LMP,11,3.40546875,0.042578125,0.13571906881414522,5
LMP,12,3.380078125,0.0171875,0.015775447773749982,5
LMP,13,3.35625,-0.006640625,-0.018061166429587484,5
LMP,14,3.39296875,0.030078125,0.32378450266905273,5
LMP,15,3.384375,0.021484375,0.06301636611144251,5
LMP,16,3.37421875,0.011328125,-0.0008997078572630341,5
LMP,17,3.387890625,0.025,0.17956418727726028,5
LMP,18,3.377734375,0.01484375,0.3110275011853959,5
LMP,19,3.37890625,0.016015625,0.0353634500374738,5
LMP,20,3.372265625,0.009375,0.17399146514935987,5
LMP,21,3.38359375,0.020703125,0.21291110295354776,5
LMP,22,3.3953125,0.032421875,0.20691939307728782,5
LMP,23,3.40078125,0.037890625,0.3880163661114425,5
LMP,24,3.38359375,0.020703125,0.16796260267058227,5
LMP,25,3.39609375,0.033203125,0.3630163661114425,5
LMP,26,3.365625,0.002734375,0.025089202955077328,5
LMP,27,3.378515625,0.015625,0.1718335704125178,5
LMP,28,3.373046875,0.01015625,0.14418065433854904,5
LMP,29,3.375,0.012109375,0.024180654338549067,5
LMP,30,3.378515625,0.015625,0.3149914651493599,5
LMP,31,3.373046875,0.01015625,0.14418065433854904,5
MAI,0,4.0310546875,-0.1154296875,0.03300850969304116,5
MAI,1,4.15517578125,0.00869140625,0.021885434516919388,5
MAI,2,4.13251953125,-0.01396484375,0.028713238931485842,5
MAI,3,4.11240234375,-0.03408203125,-0.016064485837350418,5
MAI,4,4.094921875,-0.0515625,0.029375742636429135,5
MAI,5,4.13173828125,-0.01474609375,-0.03800343773875124,5
MAI,6,4.12294921875,-0.02353515625,-0.011019316482818509,5
MAI,7,4.12841796875,-0.01806640625,-0.009999090412881237,5
MAI,8,4.12734375,-0.019140625,0.016412138262346453,5
MAI,9,4.14541015625,-0.00107421875,-0.002698007831043528,5
MAI,10,4.13525390625,-0.01123046875,-0.012018288756488905,5
MAI,11,4.12265625,-0.023828125,0.0021143767600448004,5
MAI,12,4.1171875,-0.029296875,0.00794266964670765,5
MAI,13,4.11552734375,-0.03095703125,0.0018186470823115196,5
MAI,14,4.10458984375,-0.04189453125,0.022179804537959702,5
MAI,15,4.10849609375,-0.03798828125,-0.006725874128669024,5
MAI,16,4.10419921875,-0.04228515625,-0.0004978358934800891,5
MAI,17,4.116015625,-0.03046875,0.0002106449712672015,5
MAI,18,4.13154296875,-0.01494140625,-0.014632207816187282,5
MAI,19,4.11123046875,-0.03525390625,-0.0034908407594027415,5
MAI,20,4.11484375,-0.031640625,0.005075138443292636,5
MAI,21,4.11962890625,-0.02685546875,-0.0003570278916806086,5
MAI,22,4.1171875,-0.029296875,-0.0008951644309916462,5
MAI,23,4.12470703125,-0.02177734375,-0.004105990964358192,5
MAI,24,4.12939453125,-0.01708984375,-0.0061116395565482175,5
MAI,25,4.13896484375,-0.00751953125,-0.022011831254484103,5
MAI,26,4.12119140625,-0.02529296875,-0.0025958546780346326,5
MAI,27,4.12109375,-0.025390625,0.0009324141303869062,5
MAI,28,4.1220703125,-0.0244140625,-0.01007618408675497,5
MAI,29,4.12001953125,-0.02646484375,-0.0004977841684230863,5
MAI,30,4.12060546875,-0.02587890625,-0.012961644321389234,5
MAI,31,4.1208984375,-0.0255859375,-0.012317520634502702,5
MCA,0,3.153515625,-0.0671875,-1.547807626125929,5
MCA,1,3.1697265625,-0.0509765625,-1.4248748592232334,5
MCA,2,3.226171875,0.00546875,-0.892776272266464,5
MCA,3,3.18203125,-0.038671875,-0.4314780809045864,5
MCA,4,3.1908203125,-0.0298828125,-1.1766390810192187,5
MCA,5,3.1869140625,-0.0337890625,-1.171847639997869,5
MCA,6,3.205078125,-0.015625,-0.12003437720441446,5
MCA,7,3.21875,-0.001953125,-0.1614483283711229,5
MCA,8,3.196875,-0.023828125,-0.41726646914560916,5
MCA,9,3.18515625,-0.035546875,-0.8961903407601,5
MCA,10,3.198828125,-0.021875,-0.9930513023392626,5
MCA,11,3.2109375,-0.009765625,-0.9713096400654461,5
MCA,12,3.200390625,-0.0203125,-1.0032481524636478,5
MCA,13,3.2001953125,-0.0205078125,-0.9998725365231884,5
MCA,14,3.201953125,-0.01875,-0.5085010738730552,5
MCA,15,3.2013671875,-0.0193359375,-0.6927099100002965,5
MCA,16,3.198046875,-0.02265625,-0.48429295082820173,5
MCA,17,3.213671875,-0.00703125,-0.2865602418841792,5
MCA,18,3.205078125,-0.015625,-0.7318279597531326,5
MCA,19,3.2,-0.020703125,-0.6321895049612085,5
MCA,20,3.1953125,-0.025390625,-0.42395629302462395,5
MCA,21,3.20078125,-0.019921875,-0.48023609245776494,5
MCA,22,3.2037109375,-0.0169921875,-0.32807901201606016,5
MCA,23,3.1873046875,-0.0333984375,-0.9568945427846322,5
MCA,24,3.2052734375,-0.0154296875,-0.21219519718282703,5
MCA,25,3.19765625,-0.023046875,-0.5051967330047489,5
MCA,26,3.2126953125,-0.0080078125,-0.4341777444913867,5
MCA,27,3.2,-0.020703125,-0.6819323371876403,5
MCA,28,3.191015625,-0.0296875,-0.7049235395336814,5
MCA,29,3.2068359375,-0.0138671875,-0.6325098945363585,5
MCA,30,3.2115234375,-0.0091796875,-0.24664955545324574,5
MCA,31,3.208984375,-0.01171875,-0.4600136107527849,5
MCH,0,3.17578125,-0.11875,0.5080873656555849,5
MCH,1,3.262890625,-0.031640625,0.12153033254755322,5
MCH,2,3.2755859375,-0.0189453125,0.06466121051342814,5
MCH,3,3.262890625,-0.031640625,0.10423301704477059,5
MCH,4,3.279296875,-0.015234375,0.07818991010363147,5
MCH,5,3.288671875,-0.005859375,2.9846859893856158e-05,5
MCH,6,3.30751953125,0.01298828125,-0.023765397293275797,5
MCH,7,3.3087890625,0.0142578125,-0.030256640044372913,5
MCH,8,3.2935546875,-0.0009765625,-0.028051474032405127,5
MCH,9,3.2822265625,-0.0123046875,0.03942950632596609,5
MCH,10,3.2912109375,-0.0033203125,0.012435549198113818,5
MCH,11,3.299609375,0.005078125,-0.02238794191099899,5
MCH,12,3.271484375,-0.023046875,0.06439647514336745,5
MCH,13,3.2728515625,-0.0216796875,0.06236249018818531,5
MCH,14,3.292578125,-0.001953125,0.004157296355037349,5
MCH,15,3.2986328125,0.0041015625,-0.008822868838997919,5
MCH,16,3.28046875,-0.0140625,0.043094020249895296,5
MCH,17,3.301171875,0.006640625,-0.01362673711833701,5
MCH,18,3.2763671875,-0.0181640625,0.07644846334915142,5
MCH,19,3.2912109375,-0.0033203125,0.024475850770533495,5
MCH,20,3.2908203125,-0.0037109375,0.020178848586375038,5
MCH,21,3.29375,-0.00078125,0.0013006097316309501,5
MCH,22,3.2810546875,-0.0134765625,0.030315776390807285,5
MCH,23,3.2884765625,-0.0060546875,0.010804450439165144,5
MCH,24,3.2921875,-0.00234375,0.0015036170020322733,5
MCH,25,3.2904296875,-0.0041015625,0.008332197056217275,5
MCH,26,3.2833984375,-0.0111328125,0.023955436087118927,5
MCH,27,3.2892578125,-0.0052734375,0.012482173583142048,5
MCH,28,3.28984375,-0.0046875,0.011060699205872677,5
MCH,29,3.2869140625,-0.0076171875,0.015444126949971753,5
MCH,30,3.2822265625,-0.0123046875,0.023672659264378105,5
MCH,31,3.2890625,-0.00546875,0.0111691959887583,5
MCV,0,1.89140625,-0.00078125,0.8158220537618515,5
MCV,1,1.86640625,-0.02578125,0.4167822074878054,5
MCV,2,1.86875,-0.0234375,0.22522076989674175,5
MCV,3,1.90234375,0.01015625,0.39354660697820104,5
MCV,4,1.89609375,0.00390625,0.19035848273046577,5
MCV,5,1.90078125,0.00859375,0.38221572312435337,5
MCV,6,1.88984375,-0.00234375,0.03718155007003541,5
MCV,7,1.88671875,-0.00546875,0.07272377895559264,5
MCV,8,1.89765625,0.00546875,-0.047893940353766776,5
MCV,9,1.8953125,0.003125,0.09472953664013065,5
MCV,10,1.8859375,-0.00625,0.25809197513919097,5
MCV,11,1.8796875,-0.0125,0.26666005025656186,5
MCV,12,1.88671875,-0.00546875,0.12062894609033512,5
MCV,13,1.88515625,-0.00703125,0.21720477789274378,5
MCV,14,1.88671875,-0.00546875,0.08172251902217906,5
MCV,15,1.89609375,0.00390625,0.3313678372081565,5
MCV,16,1.89609375,0.00390625,-0.052861597370328896,5
MCV,17,1.8796875,-0.0125,0.00484845605366333,5
MCV,18,1.8875,-0.0046875,0.1369975927529193,5
MCV,19,1.8796875,-0.0125,0.15887144455941044,5
MCV,20,1.87890625,-0.01328125,0.15401637209564234,5
MCV,21,1.8828125,-0.009375,0.2149359123255274,5
MCV,22,1.89296875,0.00078125,-0.0023961610743923776,5
MCV,23,1.8953125,0.003125,0.10510508830091995,5
MCV,24,1.8921875,0.0,0.007207276643368454,5
MCV,25,1.88125,-0.0109375,0.13734970542897568,5
MCV,26,1.884375,-0.0078125,-0.019606816310154773,5
MCV,27,1.87890625,-0.01328125,0.18387144455941046,5
MCV,28,1.8875,-0.0046875,-0.0308744219439576,5
MCV,29,1.88203125,-0.01015625,0.08387144455941045,5
MCV,30,1.8796875,-0.0125,0.20628523766285872,5
MCV,31,1.88359375,-0.00859375,0.03387144455941045,5
MDI,0,4.59609375,-0.090625,-0.09048612544038645,5
MDI,1,4.66171875,-0.025,0.3935636716570756,5
MDI,2,4.645703125,-0.041015625,0.17140717304414946,5
MDI,3,4.642578125,-0.044140625,-0.04943943875094574,5
MDI,4,4.652734375,-0.033984375,0.030581348251064223,5
MDI,5,4.721875,0.03515625,0.522155734384911,5
MDI,6,4.69375,0.00703125,0.24280288266807282,5
MDI,7,4.68359375,-0.003125,0.12002812359095458,5
MDI,8,4.702734375,0.016015625,-0.003384001650732499,5
MDI,9,4.67890625,-0.0078125,0.15967932992487638,5
MDI,10,4.685546875,-0.001171875,-0.13738221335717724,5
MDI,11,4.69140625,0.0046875,0.09484833895040924,5
MDI,12,4.66796875,-0.01875,-0.1086227846940413,5
MDI,13,4.6640625,-0.02265625,-0.21773620377375794,5
MDI,14,4.6796875,-0.00703125,-0.0472613889079946,5
MDI,15,4.676171875,-0.010546875,0.017837846099762335,5
MDI,16,4.67421875,-0.0125,-0.0785458269329237,5
MDI,17,4.698046875,0.011328125,0.0722837425774354,5
MDI,18,4.6671875,-0.01953125,-0.11655852840253418,5
MDI,19,4.693359375,0.006640625,-0.02770479400233854,5
MDI,20,4.692578125,0.005859375,0.0726215313600966,5
MDI,21,4.690625,0.00390625,0.08624618841277483,5
MDI,22,4.6796875,-0.00703125,0.06417681179356673,5
MDI,23,4.70625,0.01953125,0.16407516946756234,5
MDI,24,4.6859375,-0.00078125,0.049175015857731305,5
MDI,25,4.67890625,-0.0078125,0.09478567225317344,5
MDI,26,4.67265625,-0.0140625,0.22412362152371781,5
MDI,27,4.703515625,0.016796875,0.11672818702187984,5
MDI,28,4.67265625,-0.0140625,-0.04533553431001673,5
MDI,29,4.6828125,-0.00390625,0.05531940909889874,5
MDI,30,4.6765625,-0.01015625,-0.026185508708378234,5
MDI,31,4.671875,-0.01484375,0.08365392698565545,5
MDS,0,4.883203125,0.025390625,0.3892737446090913,5
MDS,1,4.8703125,0.0125,-0.03749597761732358,5
MDS,2,4.884375,0.0265625,-0.11768814526186817,5
MDS,3,4.903125,0.0453125,0.14102841928242257,5
MDS,4,4.86328125,0.00546875,-0.007225314481732204,5
MDS,5,4.8796875,0.021875,-0.07232560770046001,5
MDS,6,4.875390625,0.017578125,-0.04994085673622669,5
MDS,7,4.862109375,0.004296875,0.052708736603208274,5
MDS,8,4.8671875,0.009375,-0.0035915489112174404,5
MDS,9,4.875390625,0.017578125,-0.09574694739726304,5
MDS,10,4.8578125,0.0,-0.1749243805480326,5
MDS,11,4.870703125,0.012890625,0.06329474753940198,5
MDS,12,4.876171875,0.018359375,-0.04582774619638093,5
MDS,13,4.873046875,0.015234375,-0.023457902014600247,5
MDS,14,4.844140625,-0.013671875,-0.1268838187466842,5
MDS,15,4.86015625,0.00234375,-0.03027689770502518,5
MDS,16,4.86484375,0.00703125,-0.058837301848314386,5
MDS,17,4.844140625,-0.013671875,-0.003986740991111352,5
MDS,18,4.870703125,0.012890625,-0.04904128490765848,5
MDS,19,4.86171875,0.00390625,0.023539670842651638,5
MDS,20,4.8546875,-0.003125,-0.04561641578916316,5
MDS,21,4.8515625,-0.00625,-0.015526880583450342,5
MDS,22,4.848046875,-0.009765625,-0.09564146997724428,5
MDS,23,4.84921875,-0.00859375,-0.05138795416678858,5
MDS,24,4.855078125,-0.002734375,-0.09339152943020959,5
MDS,25,4.870703125,0.012890625,-0.05643785588879201,5
MDS,26,4.855078125,-0.002734375,0.012397698382908906,5
MDS,27,4.8546875,-0.003125,-0.0710086382511366,5
MDS,28,4.853515625,-0.004296875,-0.012815265200020725,5
MDS,29,4.84609375,-0.01171875,-0.1553208717157195,5
MDS,30,4.859375,0.0015625,-0.07636762916943966,5
MDS,31,4.859375,0.0015625,0.021125888548797156,5
MMF,0,2.36689453125,-0.066015625,0.9875502272658926,5
MMF,1,2.43896484375,0.0060546875,-1.100244244602256,5
MMF,2,2.4203125,-0.01259765625,0.1473715811662879,5
MMF,3,2.405078125,-0.02783203125,0.7996369688715899,5
MMF,4,2.42373046875,-0.0091796875,0.7203286619953287,5
MMF,5,2.4212890625,-0.01162109375,0.5661465739702506,5
MMF,6,2.428125,-0.00478515625,1.0374002024198732,5
MMF,7,2.43935546875,0.0064453125,-0.24239040274179757,5
MMF,8,2.4322265625,-0.00068359375,0.4818625814655858,5
MMF,9,2.43046875,-0.00244140625,-0.03816711471843805,5
MMF,10,2.43857421875,0.0056640625,-0.1564503228192427,5
MMF,11,2.43603515625,0.003125,-0.17404624134148455,5
MMF,12,2.4173828125,-0.01552734375,0.4033534840276614,5
MMF,13,2.4130859375,-0.01982421875,0.9505237793229568,5
MMF,14,2.4173828125,-0.01552734375,0.9456100145209587,5
MMF,15,2.42841796875,-0.0044921875,0.4142525859192526,5
MMF,16,2.43515625,0.00224609375,-0.35689856254681007,5
MMF,17,2.43896484375,0.0060546875,-0.5191868844882078,5
MMF,18,2.43564453125,0.002734375,-0.01029245089152099,5
MMF,19,2.435546875,0.00263671875,0.46409973546507877,5
MMF,20,2.441796875,0.00888671875,0.47849129351096453,5
MMF,21,2.42939453125,-0.003515625,0.0002670642745750074,5
MMF,22,2.433984375,0.00107421875,-0.102416818642677,5
MMF,23,2.426953125,-0.00595703125,0.4403040889602049,5
MMF,24,2.43359375,0.00068359375,0.49645273492376496,5
MMF,25,2.4357421875,0.00283203125,-0.04040247776388691,5
MMF,26,2.44189453125,0.008984375,-0.03837244522777426,5
MMF,27,2.428515625,-0.00439453125,-0.021457258402895023,5
MMF,28,2.43212890625,-0.00078125,0.5244200531003106,5
MMF,29,2.43828125,0.00537109375,0.4741243407212649,5
MMF,30,2.428515625,-0.00439453125,0.532492909576243,5
MMF,31,2.43505859375,0.0021484375,0.46211012067145835,5
MRA,0,0.86015625,-0.105859375,-0.5612197606315253,5
MRA,1,0.999609375,0.03359375,-0.09938375350140055,5
MRA,2,0.984375,0.018359375,0.06101731601731601,5
MRA,3,0.959765625,-0.00625,-0.02023427552839317,5
MRA,4,0.9859375,0.019921875,0.036242678889737714,5
MRA,5,0.9671875,0.001171875,-0.04685255920550039,5
MRA,6,0.975,0.008984375,0.03214285714285715,5
MRA,7,0.976171875,0.01015625,-0.08497835497835497,5
MRA,8,0.963671875,-0.00234375,0.05943086325439266,5
MRA,9,0.9765625,0.010546875,-0.04984848484848485,5
MRA,10,0.971484375,0.00546875,0.021424751718869366,5
MRA,11,0.9796875,0.013671875,-0.06149350649350649,5
MRA,12,0.971484375,0.00546875,-0.04518589253883371,5
MRA,13,0.964453125,-0.0015625,-0.15095238095238095,5
MRA,14,0.95078125,-0.015234375,0.038203463203463205,5
MRA,15,0.962109375,-0.00390625,-0.045625159154570924,5
MRA,16,0.972265625,0.00625,-0.003478482302011715,5
MRA,17,0.962890625,-0.003125,0.011335625159154572,5
MRA,18,0.959375,-0.006640625,-0.09909472880061117,5
MRA,19,0.973828125,0.0078125,-0.08411892029539089,5
MRA,20,0.967578125,0.0015625,-0.1153310415075121,5
MRA,21,0.9703125,0.004296875,0.03911255411255411,5
MRA,22,0.964453125,-0.0015625,-0.14098930481283423,5
MRA,23,0.965625,-0.000390625,-0.0545772854596384,5
MRA,24,0.965625,-0.000390625,-0.0668525592055004,5
MRA,25,0.960546875,-0.00546875,-0.06731601731601732,5
MRA,26,0.974609375,0.00859375,-0.0914043799337917,5
MRA,27,0.971875,0.005859375,-0.10171377641965877,5
MRA,28,0.97890625,0.012890625,-0.056558441558441565,5
MRA,29,0.970703125,0.0046875,0.023329513623631275,5
MRA,30,0.979296875,0.01328125,-0.06541507512095748,5
MRA,31,0.9796875,0.013671875,-0.05717978100331041,5
MRCP,0,0.3208984375,0.0005859375,0.04983915644590766,5
MRCP,1,0.337109375,0.016796875,0.08631166365658531,5
MRCP,2,0.36796875,0.04765625,0.2889769786529617,5
MRCP,3,0.3470703125,0.0267578125,0.17984018836636448,5
MRCP,4,0.330078125,0.009765625,0.03215320538316873,5
MRCP,5,0.3240234375,0.0037109375,0.005439726530861478,5
MRCP,6,0.33203125,0.01171875,0.041244416712991436,5
MRCP,7,0.325,0.0046875,0.02860026989108949,5
MRCP,8,0.329296875,0.008984375,0.03442733719680184,5
MRCP,9,0.316015625,-0.004296875,-0.06868386095380694,5
MRCP,10,0.3177734375,-0.0025390625,-0.03528352475982099,5
MRCP,11,0.309765625,-0.010546875,-0.1546610505983501,5
MRCP,12,0.324609375,0.004296875,0.02719057946350504,5
MRCP,13,0.3279296875,0.0076171875,0.0179097439973782,5
MRCP,14,0.3189453125,-0.0013671875,-0.039373887727735715,5
MRCP,15,0.3279296875,0.0076171875,0.08386356147707622,5
MRCP,16,0.327734375,0.007421875,0.015096189009663386,5
MRCP,17,0.336328125,0.016015625,0.12966806306669199,5
MRCP,18,0.3302734375,0.0099609375,0.10487059383280761,5
MRCP,19,0.3279296875,0.0076171875,0.042944116328867014,5
MRCP,20,0.3150390625,-0.0052734375,-0.10220981665029023,5
MRCP,21,0.320703125,0.000390625,-0.007148227663369766,5
MRCP,22,0.3146484375,-0.0056640625,-0.09246339537130245,5
MRCP,23,0.3216796875,0.0013671875,-0.009552517323670762,5
MRCP,24,0.3091796875,-0.0111328125,-0.127096779171261,5
MRCP,25,0.323828125,0.003515625,0.003152106980432696,5
MRCP,26,0.311328125,-0.008984375,-0.16691103810756092,5
MRCP,27,0.3208984375,0.0005859375,-0.013680628313937746,5
MRCP,28,0.321484375,0.001171875,-0.02831006055971389,5
MRCP,29,0.3216796875,0.0013671875,0.0008837081421535449,5
MRCP,30,0.32421875,0.00390625,0.013874151358996781,5
MRCP,31,0.3244140625,0.0041015625,0.00627840114904169,5
MRSA,0,0.46435546875,-0.00537109375,0.6538300185027457,5
MRSA,1,0.47060546875,0.00087890625,-0.37019773840637504,5
MRSA,2,0.45546875,-0.0142578125,-0.1216135963342269,5
MRSA,3,0.4685546875,-0.001171875,-0.007401092592622069,5
MRSA,4,0.45849609375,-0.01123046875,-0.09451779113150025,5
MRSA,5,0.46484375,-0.0048828125,0.2947825483839179,5
MRSA,6,0.46181640625,-0.00791015625,0.2852863890462313,5
MRSA,7,0.452734375,-0.0169921875,0.5869625347773514,5
MRSA,8,0.45537109375,-0.01435546875,0.23550411960180107,5
MRSA,9,0.45302734375,-0.01669921875,0.23415834538242447,5
MRSA,10,0.457421875,-0.0123046875,0.2668906241997844,5
MRSA,11,0.4625,-0.0072265625,0.20563704771415076,5
MRSA,12,0.4583984375,-0.011328125,0.25534210613058606,5
MRSA,13,0.46005859375,-0.00966796875,0.1867978355332276,5
MRSA,14,0.46142578125,-0.00830078125,0.23775549291603246,5
MRSA,15,0.45927734375,-0.01044921875,0.24169168241719158,5
MRSA,16,0.46064453125,-0.00908203125,0.18778288780946348,5
MRSA,17,0.46015625,-0.0095703125,0.2827286548177388,5
MRSA,18,0.46689453125,-0.00283203125,0.21898785051732844,5
MRSA,19,0.45947265625,-0.01025390625,0.29691932569604834,5
MRSA,20,0.459375,-0.0103515625,0.28518389704098224,5
MRSA,21,0.4615234375,-0.008203125,0.2401228291799399,5
MRSA,22,0.4603515625,-0.009375,0.25189076993194626,5
MRSA,23,0.46533203125,-0.00439453125,0.2506210415401068,5
MRSA,24,0.455078125,-0.0146484375,0.24750642702951892,5
MRSA,25,0.46142578125,-0.00830078125,0.24947692797611234,5
MRSA,26,0.4662109375,-0.003515625,0.2597889475550905,5
MRSA,27,0.46455078125,-0.00517578125,0.2968530837254829,5
MRSA,28,0.45966796875,-0.01005859375,0.23804965798536823,5
MRSA,29,0.46171875,-0.0080078125,0.24634814352109796,5
MRSA,30,0.46044921875,-0.00927734375,0.29008288056012765,5
MRSA,31,0.4650390625,-0.0046875,0.2989722967834501,5
MTP,0,1.817578125,-0.0193359375,5.107329079767448,5
MTP,1,1.8009765625,-0.0359375,-0.17057774732486858,5
MTP,2,1.8341796875,-0.002734375,0.5464223257118801,5
MTP,3,1.838671875,0.0017578125,-0.9039559823361396,5
MTP,4,1.8361328125,-0.00078125,-1.746049789095253,5
MTP,5,1.8283203125,-0.00859375,0.9823520008599982,5
MTP,6,1.823828125,-0.0130859375,0.17736013350238333,5
MTP,7,1.825390625,-0.0115234375,-1.6365770836114844,5
MTP,8,1.8203125,-0.0166015625,-0.2626631516297741,5
MTP,9,1.8484375,0.0115234375,-0.9157688259493414,5
MTP,10,1.8505859375,0.013671875,-1.768069802177796,5
MTP,11,1.8330078125,-0.00390625,0.44272321763384487,5
MTP,12,1.8150390625,-0.021875,-0.13964679062166963,5
MTP,13,1.830859375,-0.0060546875,0.2125141039502781,5
MTP,14,1.8314453125,-0.00546875,-2.5722394063391305,5
MTP,15,1.821484375,-0.0154296875,-1.0658864917719977,5
MTP,16,1.841796875,0.0048828125,-2.1183787607009728,5
MTP,17,1.8396484375,0.002734375,-1.257784561270244,5
MTP,18,1.8337890625,-0.003125,-0.8429594994025116,5
MTP,19,1.818359375,-0.0185546875,-0.6432470577578482,5
MTP,20,1.8271484375,-0.009765625,-1.4782401868524715,5
MTP,21,1.83203125,-0.0048828125,-2.4336677297353284,5
MTP,22,1.820703125,-0.0162109375,-1.2045776018070944,5
MTP,23,1.8162109375,-0.020703125,-0.9472051730906792,5
MTP,24,1.8203125,-0.0166015625,-0.6178636982261125,5
MTP,25,1.82109375,-0.0158203125,-1.545897348643433,5
MTP,26,1.8279296875,-0.008984375,-1.4822955179634731,5
MTP,27,1.82890625,-0.0080078125,-1.6025799355016126,5
MTP,28,1.826953125,-0.0099609375,-1.6498404643512548,5
MTP,29,1.825390625,-0.0115234375,-2.0566608672311792,5
MTP,30,1.8232421875,-0.013671875,-1.934775916316378,5
MTP,31,1.823046875,-0.0138671875,-1.6432863424900155,5
MVA,0,2.28984375,0.08828125,-0.05266807905084918,5
MVA,1,2.216015625,0.014453125,0.059193642594586336,5
MVA,2,2.242578125,0.041015625,0.05443164720795982,5
MVA,3,2.25859375,0.05703125,0.0209955418825856,5
MVA,4,2.2765625,0.075,0.05776770444532573,5
MVA,5,2.20625,0.0046875,-0.037496833661466424,5
MVA,6,2.2015625,0.0,-0.04732481323308406,5
MVA,7,2.190625,-0.0109375,-0.09178320271135323,5
MVA,8,2.18515625,-0.01640625,-0.0868784320019093,5
MVA,9,2.209375,0.0078125,-0.03437280934897431,5
MVA,10,2.2125,0.0109375,-0.03263115417872962,5
MVA,11,2.19765625,-0.00390625,-0.07615701673924283,5
MVA,12,2.196875,-0.0046875,-0.08900383822392041,5
MVA,13,2.18046875,-0.02109375,-0.07305025196614545,5
MVA,14,2.19453125,-0.00703125,-0.06057642639190706,5
MVA,15,2.21171875,0.01015625,-0.040324309151127745,5
MVA,16,2.1890625,-0.0125,-0.07680182741589689,5
MVA,17,2.2,-0.0015625,-0.07036172434517288,5
MVA,18,2.2046875,0.003125,-0.06359991940550773,5
MVA,19,2.20859375,0.00703125,-0.032649430181140485,5
MVA,20,2.2109375,0.009375,-0.04717763900687624,5
MVA,21,2.2125,0.0109375,-0.013237095566724932,5
MVA,22,2.20390625,0.00234375,-0.043790765576285445,5
MVA,23,2.19609375,-0.00546875,-0.06804190289864094,5
MVA,24,2.20234375,0.00078125,-0.056547799252638566,5
MVA,25,2.2,-0.0015625,-0.04331040205794724,5
MVA,26,2.20859375,0.00703125,-0.032649430181140485,5
MVA,27,2.19609375,-0.00546875,-0.06927271748893962,5
MVA,28,2.19765625,-0.00390625,-0.0711890263732108,5
MVA,29,2.2,-0.0015625,-0.055714667483442934,5
MVA,30,2.203125,0.0015625,-0.05457263937311897,5
MVA,31,2.19765625,-0.00390625,-0.05854692365612622,5
NOS,0,2.819140625,0.03125,-0.06602479665765706,5
NOS,1,2.782421875,-0.00546875,-0.401866517462347,5
NOS,2,2.775,-0.012890625,0.7190191572140121,5
NOS,3,2.7765625,-0.011328125,0.5088602087267973,5
NOS,4,2.78125,-0.006640625,0.1249504349154222,5
NOS,5,2.783203125,-0.0046875,0.8512768145179882,5
NOS,6,2.76171875,-0.026171875,1.1298064772009737,5
NOS,7,2.791796875,0.00390625,0.15231282589072617,5
NOS,8,2.801953125,0.0140625,0.347218553328034,5
NOS,9,2.79921875,0.011328125,0.9212571024142189,5
NOS,10,2.779296875,-0.00859375,0.4527736950216245,5
NOS,11,2.774609375,-0.01328125,0.8656111266742093,5
NOS,12,2.771484375,-0.01640625,0.7441682206947411,5
NOS,13,2.775390625,-0.0125,0.6703764655237718,5
NOS,14,2.778515625,-0.009375,0.5956621254836402,5
NOS,15,2.778125,-0.009765625,0.8164734088651876,5
NOS,16,2.771875,-0.016015625,0.6387780856092515,5
NOS,17,2.78046875,-0.007421875,0.6326605354039398,5
NOS,18,2.787890625,0.0,0.4795356210678589,5
NOS,19,2.768359375,-0.01953125,0.38867539591247263,5
NOS,20,2.77734375,-0.010546875,0.44973575306936875,5
NOS,21,2.779296875,-0.00859375,0.447170579959721,5
NOS,22,2.77890625,-0.008984375,0.44443713655484113,5
NOS,23,2.77109375,-0.016796875,0.4768370522214175,5
NOS,24,2.77109375,-0.016796875,0.3731064595544032,5
NOS,25,2.775390625,-0.0125,0.5498824836589828,5
NOS,26,2.762109375,-0.02578125,0.5757769613209643,5
NOS,27,2.7828125,-0.005078125,0.4242077588323415,5
NOS,28,2.780078125,-0.0078125,0.4145969303905261,5
NOS,29,2.77578125,-0.012109375,0.5818975706428542,5
NOS,30,2.77734375,-0.010546875,0.4430239191129292,5
NOS,31,2.777734375,-0.01015625,0.41951752884814597,5
NPH,0,2.141796875,-0.0359375,-0.20330245905608754,5
NPH,1,2.176171875,-0.0015625,-0.034933590803442854,5
NPH,2,2.201953125,0.02421875,0.13321837648948062,5
NPH,3,2.173828125,-0.00390625,-0.08065010793176762,5
NPH,4,2.179296875,0.0015625,-0.010372497407673287,5
NPH,5,2.144140625,-0.03359375,-0.17055958740807567,5
NPH,6,2.178515625,0.00078125,-0.039095161607162955,5
NPH,7,2.160546875,-0.0171875,-0.12315579946471836,5
NPH,8,2.151171875,-0.0265625,-0.13671085788993764,5
NPH,9,2.162109375,-0.015625,-0.1288418735924421,5
NPH,10,2.178515625,0.00078125,-0.017026379931407862,5
NPH,11,2.162890625,-0.01484375,-0.10019364285218697,5
NPH,12,2.175390625,-0.00234375,-0.002267450508656535,5
NPH,13,2.162109375,-0.015625,-0.11247090216462215,5
NPH,14,2.166796875,-0.0109375,-0.05516010172926038,5
NPH,15,2.15625,-0.021484375,-0.14779181191241492,5
NPH,16,2.16640625,-0.011328125,-0.06829643714065824,5
NPH,17,2.16796875,-0.009765625,-0.0670955509966206,5
NPH,18,2.16328125,-0.014453125,-0.10010412422472723,5
NPH,19,2.16484375,-0.012890625,-0.08644475056535358,5
NPH,20,2.1671875,-0.010546875,-0.05703193389782761,5
NPH,21,2.1671875,-0.010546875,-0.06744258598052708,5
NPH,22,2.16796875,-0.009765625,-0.08352553446177993,5
NPH,23,2.1640625,-0.013671875,-0.0754827869855522,5
NPH,24,2.16875,-0.008984375,-0.048080430528986154,5
NPH,25,2.16484375,-0.012890625,-0.07981532784654538,5
NPH,26,2.17109375,-0.006640625,-0.0347477817464623,5
NPH,27,2.165625,-0.012109375,-0.05551054019766296,5
NPH,28,2.173828125,-0.00390625,-0.030813365230703316,5
NPH,29,2.16796875,-0.009765625,-0.0525248749734306,5
NPH,30,2.16328125,-0.014453125,-0.07265339734052009,5
NPH,31,2.16640625,-0.011328125,-0.056994148716447354,5
NST,0,4.56171875,-1.53203125,3.700585757388692,5
NST,1,5.609375,-0.484375,1.0510148743221486,5
NST,2,6.07578125,-0.01796875,-0.10344209440309067,5
NST,3,5.696875,-0.396875,0.9350884343691899,5
NST,4,5.7453125,-0.3484375,0.7296712113410104,5
NST,5,6.009375,-0.084375,0.1497213799991482,5
NST,6,5.98671875,-0.10703125,0.2156562708507907,5
NST,7,6.13046875,0.03671875,-0.08397233968606599,5
NST,8,6.04609375,-0.04765625,0.08727065535879913,5
NST,9,6.053125,-0.040625,0.08261418162061464,5
NST,10,6.037890625,-0.055859375,0.09265446144857063,5
NST,11,6.01171875,-0.08203125,0.15930030845740997,5
NST,12,6.00390625,-0.08984375,0.21857499476552594,5
NST,13,6.059375,-0.034375,0.09409072122608528,5
NST,14,6.11640625,0.02265625,-0.07588485777684495,5
NST,15,6.1890625,0.0953125,-0.2270303770591786,5
NST,16,6.05390625,-0.03984375,0.07741621941199928,5
NST,17,6.2671875,0.1734375,-0.4316219663548303,5
NST,18,6.08515625,-0.00859375,0.03228226104918648,5
NST,19,6.0828125,-0.0109375,0.019831148242481292,5
NST,20,6.11796875,0.02421875,-0.05647596814790924,5
NST,21,6.10859375,0.01484375,-0.04243910936996699,5
NST,22,6.06953125,-0.02421875,0.04838550804123398,5
NST,23,6.10703125,0.01328125,-0.031129058368131825,5
NST,24,6.08515625,-0.00859375,0.02239464925297891,5
NST,25,6.11171875,0.01796875,-0.04355231161791888,5
NST,26,6.08359375,-0.01015625,0.022517094004663472,5
NST,27,6.10625,0.0125,-0.020603985530818967,5
NST,28,6.1015625,0.0078125,-0.021058564647998317,5
NST,29,6.1140625,0.0203125,-0.040383891121759365,5
NST,30,6.09453125,0.00078125,-0.004395509314449467,5
NST,31,6.10546875,0.01171875,-0.02701403280281272,5
NTD,0,3.13515625,0.35859375,-6.179619454619455,5
NTD,1,2.765625,-0.0109375,-0.5047863247863249,5
NTD,2,2.81328125,0.03671875,-1.355814000814001,5
NTD,3,2.7828125,0.00625,0.9210663410663409,5
NTD,4,2.7703125,-0.00625,0.8970899470899469,5
NTD,5,2.76328125,-0.01328125,0.8096194546194546,5
NTD,6,2.74296875,-0.03359375,1.0394546194546195,5
NTD,7,2.7734375,-0.003125,0.59987382987383,5
NTD,8,2.796875,0.0203125,-0.2221204721204721,5
NTD,9,2.81640625,0.03984375,-0.7204599104599104,5
NTD,10,2.74296875,-0.03359375,1.125030525030525,5
NTD,11,2.7828125,0.00625,-0.17255596255596253,5
NTD,12,2.7859375,0.009375,0.12913308913308913,5
NTD,13,2.75625,-0.0203125,0.38367724867724873,5
NTD,14,2.77578125,-0.00078125,0.3066341066341066,5
NTD,15,2.75390625,-0.02265625,1.1362413512413512,5
NTD,16,2.7796875,0.003125,0.2636833536833537,5
NTD,17,2.7984375,0.021875,0.1436935286935287,5
NTD,18,2.78671875,0.01015625,0.022724867724867724,5
NTD,19,2.7890625,0.0125,0.27206349206349206,5
NTD,20,2.81640625,0.03984375,-0.1536243386243386,5
NTD,21,2.775,-0.0015625,0.32063492063492066,5
NTD,22,2.7859375,0.009375,0.293968253968254,5
NTD,23,2.79140625,0.01484375,0.30818070818070814,5
NTD,24,2.7703125,-0.00625,1.1015873015873017,5
NTD,25,2.73984375,-0.03671875,1.634004884004884,5
NTD,26,2.7796875,0.003125,0.19346560846560848,5
NTD,27,2.7625,-0.0140625,0.8123015873015873,5
NTD,28,2.771875,-0.0046875,0.042374847374847376,5
NTD,29,2.77109375,-0.00546875,-0.20154456654456654,5
NTD,30,2.75625,-0.0203125,0.25373015873015875,5
NTD,31,2.7828125,0.00625,0.05614774114774115,5
OCD,0,1.0921875,-0.195703125,-1.4745062737521497,5
OCD,1,1.31875,0.030859375,0.2104751684484599,5
OCD,2,1.264453125,-0.0234375,-1.0410589236669363,5
OCD,3,1.28828125,0.000390625,-0.7657157636105003,5
OCD,4,1.246875,-0.041015625,-0.35542943500524016,5
OCD,5,1.255859375,-0.03203125,-0.01697605339396383,5
OCD,6,1.26015625,-0.027734375,-0.23744309617051176,5
OCD,7,1.27734375,-0.010546875,0.32447344294948377,5
OCD,8,1.258203125,-0.0296875,-0.028595995838729543,5
OCD,9,1.25390625,-0.033984375,-0.2405553250172261,5
OCD,10,1.27265625,-0.015234375,-0.11045389887495152,5
OCD,11,1.2984375,0.010546875,0.13369030960547065,5
OCD,12,1.2328125,-0.055078125,-0.7259905695883702,5
OCD,13,1.262109375,-0.02578125,-0.5267556952081697,5
OCD,14,1.24140625,-0.046484375,-0.5301936843649333,5
OCD,15,1.266015625,-0.021875,-0.22264603530903612,5
OCD,16,1.257421875,-0.03046875,-0.6683077950477793,5
OCD,17,1.2640625,-0.023828125,-0.2493363005224749,5
OCD,18,1.271875,-0.016015625,-0.04667328043604556,5
OCD,19,1.271875,-0.016015625,0.01599614754367306,5
OCD,20,1.295703125,0.0078125,-0.39689271217943645,5
OCD,21,1.26953125,-0.018359375,-0.3473168876939497,5
OCD,22,1.28671875,-0.001171875,-0.3409879736195526,5
OCD,23,1.269921875,-0.01796875,-0.32864058087938686,5
OCD,24,1.283984375,-0.00390625,-0.08225156385407757,5
OCD,25,1.279296875,-0.00859375,-0.217930018856963,5
OCD,26,1.2921875,0.004296875,-0.16390348786263947,5
OCD,27,1.280859375,-0.00703125,-0.31977093711579174,5
OCD,28,1.282421875,-0.00546875,-0.21009328116947917,5
OCD,29,1.2703125,-0.017578125,-0.17275483438876996,5
OCD,30,1.284765625,-0.003125,-0.2679294591313444,5
OCD,31,1.28125,-0.006640625,-0.21702608128374035,5
OTC,0,1.171875,0.0109375,0.0956385336743393,5
OTC,1,1.178125,0.0171875,0.1513798198939746,5
OTC,2,1.17109375,0.01015625,0.05324228082037412,5
OTC,3,1.184375,0.0234375,0.19667133100116607,5
OTC,4,1.17734375,0.01640625,0.1386776807674594,5
OTC,5,1.17578125,0.01484375,0.142536065300683,5
OTC,6,1.1671875,0.00625,0.03678000215578485,5
OTC,7,1.14375,-0.0171875,-0.12398336126054621,5
OTC,8,1.16015625,-0.00078125,0.019966702923048283,5
OTC,9,1.16640625,0.00546875,0.10739032444562033,5
OTC,10,1.1515625,-0.009375,-0.08976447070582355,5
OTC,11,1.1578125,-0.003125,0.017280379418134068,5
OTC,12,1.16796875,0.00703125,0.07092753623188405,5
OTC,13,1.1484375,-0.0125,-0.13432485717925352,5
OTC,14,1.1609375,0.0,0.03679536702237116,5
OTC,15,1.146875,-0.0140625,-0.10210929829203046,5
OTC,16,1.1578125,-0.003125,-0.030653359594712448,5
OTC,17,1.15546875,-0.00546875,-0.0028151806449716265,5
OTC,18,1.15859375,-0.00234375,0.035081145701658975,5
OTC,19,1.165625,0.0046875,0.03187804137147113,5
OTC,20,1.165625,0.0046875,0.02559784813475615,5
OTC,21,1.159375,-0.0015625,-0.062854886282349,5
OTC,22,1.15,-0.0109375,-0.05499808919069875,5
OTC,23,1.15546875,-0.00546875,-0.05074891965781816,5
OTC,24,1.15,-0.0109375,-0.06823547050004408,5
OTC,25,1.15625,-0.0046875,-0.04597938285759079,5
OTC,26,1.1734375,0.0125,0.14206673134021225,5
OTC,27,1.16953125,0.00859375,0.07820289855072464,5
OTC,28,1.15234375,-0.00859375,-0.045297939265661294,5
OTC,29,1.15859375,-0.00234375,0.02078901725607784,5
OTC,30,1.1578125,-0.003125,0.02842778610694651,5
OTC,31,1.1578125,-0.003125,-0.012787900167563293,5
PAC,0,5.208203125,-0.2328125,0.7168829857275301,5
PAC,1,5.4640625,0.023046875,0.07230690022817277,5
PAC,2,5.48515625,0.044140625,-1.0015103144476547,5
PAC,3,5.608203125,0.1671875,-0.4726986787382093,5
PAC,4,5.434375,-0.006640625,0.6708700210903744,5
PAC,5,5.437890625,-0.003125,-0.11164716495579438,5
PAC,6,5.43828125,-0.002734375,0.2999353796907308,5
PAC,7,5.455078125,0.0140625,0.17237732696422198,5
PAC,8,5.440625,-0.000390625,-0.012620405663090074,5
PAC,9,5.419921875,-0.02109375,0.153634111207359,5
PAC,10,5.437890625,-0.003125,0.12529877353018143,5
PAC,11,5.437890625,-0.003125,0.06063329090241705,5
PAC,12,5.424609375,-0.01640625,0.07924833757926493,5
PAC,13,5.41796875,-0.023046875,0.11339056294370434,5
PAC,14,5.421875,-0.019140625,0.1487237080845541,5
PAC,15,5.431640625,-0.009375,0.1694389993424454,5
PAC,16,5.437890625,-0.003125,0.13599775359055077,5
PAC,17,5.444140625,0.003125,0.1843530646827486,5
PAC,18,5.408203125,-0.0328125,0.1970991293482547,5
PAC,19,5.456640625,0.015625,0.12944627039349613,5
PAC,20,5.43203125,-0.008984375,0.08277829446272714,5
PAC,21,5.4390625,-0.001953125,0.014792012813137852,5
PAC,22,5.44765625,0.006640625,-0.008812714254064246,5
PAC,23,5.437109375,-0.00390625,0.1881481394961762,5
PAC,24,5.4265625,-0.014453125,0.13702119852090214,5
PAC,25,5.432421875,-0.00859375,0.18960952974693954,5
PAC,26,5.4390625,-0.001953125,0.17862811146238589,5
PAC,27,5.437109375,-0.00390625,0.14119998792224192,5
PAC,28,5.425390625,-0.015625,0.04494821278093634,5
PAC,29,5.42421875,-0.016796875,0.15848376865445185,5
PAC,30,5.426953125,-0.0140625,0.1400414937759336,5
PAC,31,5.42109375,-0.019921875,0.25777829446272715,5
PCA,0,1.99453125,0.1390625,1.183333108700047,5
PCA,1,1.8671875,0.01171875,-0.18210166902531613,5
PCA,2,1.8875,0.03203125,0.2384163353325696,5
PCA,3,1.83203125,-0.0234375,-0.5321400813172495,5
PCA,4,1.85625,0.00078125,-0.21169890154323068,5
PCA,5,1.8546875,-0.00078125,-0.13614214794348228,5
PCA,6,1.840625,-0.01484375,-0.4197915403104432,5
PCA,7,1.84375,-0.01171875,-0.1735040546308152,5
PCA,8,1.83828125,-0.0171875,-0.29541613316261206,5
PCA,9,1.834375,-0.02109375,-0.2681640721522115,5
PCA,10,1.8453125,-0.01015625,-0.15010041107891367,5
PCA,11,1.85703125,0.0015625,-0.09423770694341486,5
PCA,12,1.82421875,-0.03125,-0.3116840757463441,5
PCA,13,1.8484375,-0.00703125,-0.22950558213716107,5
PCA,14,1.846875,-0.00859375,-0.11975604825122987,5
PCA,15,1.8484375,-0.00703125,-0.22019318462609788,5
PCA,16,1.86171875,0.00625,0.05281173484286901,5
PCA,17,1.8578125,0.00234375,-0.19979917784217266,5
PCA,18,1.84375,-0.01171875,-0.2,5
PCA,19,1.84765625,-0.0078125,-0.14563470135004603,5
PCA,20,1.83125,-0.02421875,-0.2512168385111306,5
PCA,21,1.84140625,-0.0140625,-0.15319271289619696,5
PCA,22,1.85078125,-0.0046875,-0.06365702989869039,5
PCA,23,1.840625,-0.01484375,-0.12097580699508055,5
PCA,24,1.84921875,-0.00625,-0.0748833030078397,5
PCA,25,1.84921875,-0.00625,-0.14948311880854506,5
PCA,26,1.853125,-0.00234375,-0.09710852034054407,5
PCA,27,1.84765625,-0.0078125,-0.10843228429588696,5
PCA,28,1.8546875,-0.00078125,-0.10161556259406519,5
PCA,29,1.840625,-0.01484375,-0.09306512118965789,5
PCA,30,1.853125,-0.00234375,-0.09878608172158951,5
PCA,31,1.846875,-0.00859375,-0.07041759327897208,5
PCI,0,1.8421875,-0.033984375,0.0009242530864817411,5
PCI,1,1.88828125,0.012109375,0.5231647724548026,5
PCI,2,1.934765625,0.05859375,0.620955118832938,5
PCI,3,1.851171875,-0.025,0.5473756104469938,5
PCI,4,1.862890625,-0.01328125,0.42408759991033584,5
PCI,5,1.88203125,0.005859375,0.254313422083042,5
PCI,6,1.82109375,-0.055078125,0.2817838026019716,5
PCI,7,1.885546875,0.009375,0.026323124923560526,5
PCI,8,1.878515625,0.00234375,-0.472718997917129,5
PCI,9,1.85859375,-0.017578125,0.01593297601482805,5
PCI,10,1.894921875,0.01875,-0.2132023890377716,5
PCI,11,1.899609375,0.0234375,0.06800748279670503,5
PCI,12,1.8859375,0.009765625,-0.07744872840039004,5
PCI,13,1.8921875,0.016015625,-0.024507207521680924,5
PCI,14,1.89765625,0.021484375,0.12010306735557914,5
PCI,15,1.896875,0.020703125,-0.2872051964341011,5
PCI,16,1.89375,0.017578125,-0.12543885269979557,5
PCI,17,1.891015625,0.01484375,-0.08910191012242581,5
PCI,18,1.887109375,0.0109375,-0.006798518012949261,5
PCI,19,1.878125,0.001953125,0.04150334735172788,5
PCI,20,1.890625,0.014453125,-0.19580056891410785,5
PCI,21,1.903125,0.026953125,0.23129524798357792,5
PCI,22,1.87421875,-0.001953125,-0.18554864672865096,5
PCI,23,1.87734375,0.001171875,-0.21164868364264136,5
PCI,24,1.877734375,0.0015625,-0.24647561167374277,5
PCI,25,1.880859375,0.0046875,0.014858637632121785,5
PCI,26,1.875,-0.001171875,-0.21309808192229326,5
PCI,27,1.874609375,-0.0015625,0.03524760625969085,5
PCI,28,1.880859375,0.0046875,0.04297843486911147,5
PCI,29,1.877734375,0.0015625,0.023819034831119423,5
PCI,30,1.8765625,0.000390625,0.04030155533176681,5
PCI,31,1.872265625,-0.00390625,-0.16354393452580762,5
PCR,0,2.628515625,0.085546875,-0.19894233780435427,5
PCR,1,2.5671875,0.02421875,-1.0193225429021138,5
PCR,2,2.5640625,0.02109375,-0.04681353812506821,5
PCR,3,2.54140625,-0.0015625,-2.005158026059024,5
PCR,4,2.546484375,0.003515625,0.20638396104101447,5
PCR,5,2.54765625,0.0046875,-1.2237725501957029,5
PCR,6,2.53671875,-0.00625,0.03898924119133379,5
PCR,7,2.55078125,0.0078125,1.0048276621854448,5
PCR,8,2.551171875,0.008203125,-1.1746119657701162,5
PCR,9,2.531640625,-0.011328125,-0.2736348288760835,5
PCR,10,2.55078125,0.0078125,-0.6447971005178957,5
PCR,11,2.547265625,0.004296875,-0.6344086429538321,5
PCR,12,2.52578125,-0.0171875,0.7046177292354587,5
PCR,13,2.527734375,-0.015234375,0.3117549394938147,5
PCR,14,2.539453125,-0.003515625,0.9010871221742445,5
PCR,15,2.555078125,0.012109375,0.5015512596487041,5
PCR,16,2.54296875,0.0,-0.8584589819782049,5
PCR,17,2.5484375,0.00546875,-0.1989295255698945,5
PCR,18,2.54375,0.00078125,0.49489979220922287,5
PCR,19,2.536328125,-0.006640625,-0.26220137853930325,5
PCR,20,2.5421875,-0.00078125,1.0035615359584134,5
PCR,21,2.526953125,-0.016015625,0.7104495400958675,5
PCR,22,2.54609375,0.003125,-0.15777801579699546,5
PCR,23,2.538671875,-0.004296875,0.31662022231674986,5
PCR,24,2.5453125,0.00234375,-0.08937588300879414,5
PCR,25,2.552734375,0.009765625,-0.08852921464879074,5
PCR,26,2.55078125,0.0078125,0.011255731587768398,5
PCR,27,2.552734375,0.009765625,-0.5936142640156767,5
PCR,28,2.544921875,0.001953125,-0.12350673713395618,5
PCR,29,2.54609375,0.003125,-0.12544222100492392,5
PCR,30,2.544140625,0.001171875,-0.6844296464496542,5
PCR,31,2.54921875,0.00625,-0.6587755543382573,5
PDA,0,3.86640625,0.06640625,-0.46217627782845183,5
PDA,1,3.785546875,-0.014453125,0.08491807709199015,5
PDA,2,3.77265625,-0.02734375,0.22032498902064118,5
PDA,3,3.80703125,0.00703125,-0.18423026249113203,5
PDA,4,3.8140625,0.0140625,0.06802067497719672,5
PDA,5,3.851953125,0.051953125,-0.4059342589777373,5
PDA,6,3.8015625,0.0015625,-0.07658525049829397,5
PDA,7,3.8078125,0.0078125,-0.11709874666396407,5
PDA,8,3.833984375,0.033984375,-0.2295523799871626,5
PDA,9,3.808203125,0.008203125,0.0798182493834668,5
PDA,10,3.7921875,-0.0078125,0.11045707915273133,5
PDA,11,3.80546875,0.00546875,-0.04367555150163847,5
PDA,12,3.790625,-0.009375,0.05643187730144252,5
PDA,13,3.785546875,-0.014453125,0.14907807168676732,5
PDA,14,3.796484375,-0.003515625,0.22760920239181104,5
PDA,15,3.803515625,0.003515625,0.15409141583054625,5
PDA,16,3.808203125,0.008203125,0.04569507786899092,5
PDA,17,3.8015625,0.0015625,0.1063450559102733,5
PDA,18,3.805859375,0.005859375,0.06618898010202359,5
PDA,19,3.79609375,-0.00390625,0.14428431471909733,5
PDA,20,3.805078125,0.005078125,0.06039187865274822,5
PDA,21,3.79609375,-0.00390625,0.11752846187628796,5
PDA,22,3.7953125,-0.0046875,0.05376034593425898,5
PDA,23,3.79375,-0.00625,0.20920779703388398,5
PDA,24,3.79140625,-0.00859375,0.1057072396202831,5
PDA,25,3.80859375,0.00859375,0.06412486064659978,5
PDA,26,3.805859375,0.005859375,0.05851896895375157,5
PDA,27,3.8078125,0.0078125,-0.03626363974190062,5
PDA,28,3.8140625,0.0140625,-0.051425289686159247,5
PDA,29,3.812109375,0.012109375,-0.03186176142697882,5
PDA,30,3.8015625,0.0015625,-0.043309347657173744,5
PDA,31,3.80390625,0.00390625,0.06303570825309954,5
PEG,0,1.47421875,0.018359375,-0.04553951932032274,5
PEG,1,1.46875,0.012890625,-0.043852562352591495,5
PEG,2,1.476171875,0.0203125,-0.07343050525814976,5
PEG,3,1.479296875,0.0234375,-0.04940800832330475,5
PEG,4,1.480078125,0.02421875,-0.11040220608057258,5
PEG,5,1.476171875,0.0203125,-0.0801187226854991,5
PEG,6,1.46796875,0.012109375,-0.12995899541706027,5
PEG,7,1.469140625,0.01328125,-0.08373794448861356,5
PEG,8,1.47421875,0.018359375,-0.06704422073148601,5
PEG,9,1.47109375,0.015234375,-0.07918554164742812,5
PEG,10,1.475390625,0.01953125,-0.07494352567133265,5
PEG,11,1.46796875,0.012109375,-0.08252313746409659,5
PEG,12,1.4578125,0.001953125,-0.018356489860836503,5
PEG,13,1.471875,0.016015625,-0.04903722609354373,5
PEG,14,1.458984375,0.003125,0.0083322195972115,5
PEG,15,1.463671875,0.0078125,-0.05318537980872555,5
PEG,16,1.477734375,0.021875,-0.06285646256223186,5
PEG,17,1.463671875,0.0078125,-0.05539272167581978,5
PEG,18,1.463671875,0.0078125,-0.06355770576907374,5
PEG,19,1.459765625,0.00390625,-0.029037597270351524,5
PEG,20,1.453515625,-0.00234375,-0.04105204676869402,5
PEG,21,1.463671875,0.0078125,-0.008730677948776678,5
PEG,22,1.465234375,0.009375,-0.05562461050241753,5
PEG,23,1.462109375,0.00625,-0.021931544092205043,5
PEG,24,1.4640625,0.008203125,-0.011498281417258182,5
PEG,25,1.472265625,0.01640625,-0.03785462948652132,5
PEG,26,1.46640625,0.010546875,-0.04814893583877824,5
PEG,27,1.472265625,0.01640625,-0.05177860954326743,5
PEG,28,1.47265625,0.016796875,-0.09289419111901578,5
PEG,29,1.46640625,0.010546875,-0.03356921839686907,5
PEG,30,1.46875,0.012890625,-0.07663402851738976,5
PEG,31,1.4640625,0.008203125,-0.05314631718857725,5
PET,0,1.6689453125,-0.0859375,1.002122919985641,5
PET,1,1.6912109375,-0.063671875,0.4204825840313283,5
PET,2,1.75390625,-0.0009765625,-0.3416208119419785,5
PET,3,1.707421875,-0.0474609375,0.23146351833790652,5
PET,4,1.712890625,-0.0419921875,-0.31700822984032617,5
PET,5,1.722265625,-0.0326171875,0.09643419269421087,5
PET,6,1.7126953125,-0.0421875,-0.010924325279193913,5
PET,7,1.772265625,0.0173828125,0.29562224588233815,5
PET,8,1.7263671875,-0.028515625,-0.05268266856174262,5
PET,9,1.7373046875,-0.017578125,0.15868210462564597,5
PET,10,1.735546875,-0.0193359375,-0.08386298217861266,5
PET,11,1.75703125,0.0021484375,-0.2311437175208825,5
PET,12,1.7279296875,-0.026953125,0.13986262749354134,5
PET,13,1.76640625,0.0115234375,-0.059554607900912035,5
PET,14,1.757421875,0.0025390625,-0.06848252398103416,5
PET,15,1.7314453125,-0.0234375,-0.018377942135249792,5
PET,16,1.7486328125,-0.00625,-0.015714440750759683,5
PET,17,1.7265625,-0.0283203125,-0.011419318121325461,5
PET,18,1.7462890625,-0.00859375,0.12566388841971993,5
PET,19,1.7533203125,-0.0015625,0.14373537430333408,5
PET,20,1.7509765625,-0.00390625,0.01850942802953067,5
PET,21,1.744140625,-0.0107421875,-0.006366805614014167,5
PET,22,1.7494140625,-0.00546875,0.020532496192564677,5
PET,23,1.7408203125,-0.0140625,-0.038695583775027166,5
PET,24,1.7423828125,-0.0125,-0.1637384438183747,5
PET,25,1.7541015625,-0.00078125,0.08291057017846054,5
PET,26,1.737109375,-0.0177734375,0.2244759725989324,5
PET,27,1.733984375,-0.0208984375,0.13225458104744714,5
PET,28,1.7447265625,-0.01015625,0.1000217706900097,5
PET,29,1.7451171875,-0.009765625,-0.0336001085571986,5
PET,30,1.7392578125,-0.015625,0.1688249928257982,5
PET,31,1.741796875,-0.0130859375,0.24806004982757748,5
PFO,0,2.457421875,-0.040234375,0.1715887396245978,5
PFO,1,2.509375,0.01171875,0.04301011102783866,5
PFO,2,2.51953125,0.021875,0.007714664465268817,5
PFO,3,2.5046875,0.00703125,0.015103397140061125,5
PFO,4,2.5109375,0.01328125,-0.0041115941538987484,5
PFO,5,2.506640625,0.008984375,-0.0011374342820757027,5
PFO,6,2.485546875,-0.012109375,0.06990594753084681,5
PFO,7,2.51171875,0.0140625,-0.024003195971366798,5
PFO,8,2.4953125,-0.00234375,0.06651952331847577,5
PFO,9,2.490625,-0.00703125,0.05498906344796756,5
PFO,10,2.49453125,-0.003125,0.025967666499495667,5
PFO,11,2.49765625,0.0,0.03356818980106651,5
PFO,12,2.48046875,-0.0171875,0.05960403013585931,5
PFO,13,2.4984375,0.00078125,-0.0024379542026600866,5
PFO,14,2.509375,0.01171875,-0.008027250750860738,5
PFO,15,2.5140625,0.01640625,-0.04382695735636912,5
PFO,16,2.50234375,0.0046875,-0.0053592908568734525,5
PFO,17,2.49296875,-0.0046875,0.022047469049886456,5
PFO,18,2.49453125,-0.003125,0.03475143175384916,5
PFO,19,2.49453125,-0.003125,0.041503754773295466,5
PFO,20,2.484375,-0.01328125,0.07217773094485423,5
PFO,21,2.49765625,0.0,-0.002118319499463739,5
PFO,22,2.4890625,-0.00859375,0.052430948047386405,5
PFO,23,2.48828125,-0.009375,0.06153846153846154,5
PFO,24,2.496875,-0.00078125,-0.0018898681227448352,5
PFO,25,2.48984375,-0.0078125,0.024802165333994507,5
PFO,26,2.4953125,-0.00234375,0.007562346329469616,5
PFO,27,2.498046875,0.000390625,-0.00029587388169177167,5
PFO,28,2.48671875,-0.0109375,0.05493212669683258,5
PFO,29,2.484375,-0.01328125,0.0589047294365586,5
PFO,30,2.49765625,0.0,0.04538392979569451,5
PFO,31,2.4921875,-0.00546875,0.020829562594268478,5
PIC,0,2.33359375,0.1171875,3.3498681685440133,5
PIC,1,2.22265625,0.00625,1.6189036295369212,5
PIC,2,2.36640625,0.15,-2.8936904463913224,5
PIC,3,2.3,0.08359375,-5.175245723821444,5
PIC,4,2.4046875,0.18828125,-3.1630254484772626,5
PIC,5,2.36328125,0.146875,-0.8332373800584063,5
PIC,6,2.2640625,0.04765625,0.05154192740926158,5
PIC,7,2.115625,-0.10078125,-0.5669345014601584,5
PIC,8,2.22890625,0.0125,0.1970980392156863,5
PIC,9,2.26953125,0.053125,-1.3634952023362537,5
PIC,10,2.20234375,-0.0140625,-0.6612565707133917,5
PIC,11,2.2078125,-0.00859375,-0.7340408844388819,5
PIC,12,2.2265625,0.01015625,-0.6261835627868167,5
PIC,13,2.18828125,-0.028125,-0.565177304964539,5
PIC,14,2.228125,0.01171875,-0.6135944931163955,5
PIC,15,2.22109375,0.0046875,-1.5317505214851899,5
PIC,16,2.1890625,-0.02734375,-0.6706558197747184,5
PIC,17,2.225,0.00859375,-1.322785148101794,5
PIC,18,2.2015625,-0.01484375,0.16599999999999998,5
PIC,19,2.2015625,-0.01484375,-0.6503671255736336,5
PIC,20,2.2,-0.01640625,0.06552857738840216,5
PIC,21,2.1921875,-0.02421875,-0.26526908635794744,5
PIC,22,2.20234375,-0.0140625,-1.3550212765957448,5
PIC,23,2.20625,-0.01015625,-0.34488944513975806,5
PIC,24,2.2046875,-0.01171875,-0.44571297455152276,5
PIC,25,2.2078125,-0.00859375,-0.6407717980809344,5
PIC,26,2.21953125,0.003125,-1.4220392156862744,5
PIC,27,2.19921875,-0.0171875,0.05908302044221945,5
PIC,28,2.18046875,-0.0359375,0.022442219440967876,5
PIC,29,2.20859375,-0.0078125,0.07347601168126826,5
PIC,30,2.19921875,-0.0171875,0.05530663329161452,5
PIC,31,2.20078125,-0.015625,0.054065081351689616,5
PID,0,3.86015625,-0.0140625,-0.7634690799396683,5
PID,1,3.92109375,0.046875,0.4780040221216691,5
PID,2,3.88046875,0.00625,-0.2357767722473605,5
PID,3,3.96953125,0.0953125,0.05612368024132723,5
PID,4,3.68046875,-0.19375,2.370095525389643,5
PID,5,3.86796875,-0.00625,-0.07757164404223227,5
PID,6,3.778125,-0.09609375,0.2754198089492207,5
PID,7,3.7171875,-0.15703125,0.9646807440925089,5
PID,8,3.82265625,-0.0515625,0.25652589240824536,5
PID,9,3.7703125,-0.10390625,0.9413524384112618,5
PID,10,3.84609375,-0.028125,0.13832076420311715,5
PID,11,3.916796875,0.042578125,-0.2974509803921569,5
PID,12,3.84140625,-0.0328125,0.11694821518350931,5
PID,13,3.85078125,-0.0234375,0.27246857717445955,5
PID,14,3.85078125,-0.0234375,0.1287833081950729,5
PID,15,3.87109375,-0.003125,-0.19378079436902965,5
PID,16,3.865625,-0.00859375,-0.07487179487179486,5
PID,17,3.879296875,0.005078125,-0.15522373051784816,5
PID,18,3.8734375,-0.00078125,-0.0033031674208144806,5
PID,19,3.88515625,0.0109375,-0.09815485168426345,5
PID,20,3.85859375,-0.015625,-0.0331975867269985,5
PID,21,3.88046875,0.00625,-0.13600301659125189,5
PID,22,3.88515625,0.0109375,-0.03485671191553545,5
PID,23,3.87265625,-0.0015625,0.03165912518853696,5
PID,24,3.87109375,-0.003125,-0.07384615384615383,5
PID,25,3.88125,0.00703125,-0.016194067370537964,5
PID,26,3.859375,-0.01484375,0.021452991452991444,5
PID,27,3.87109375,-0.003125,0.043333333333333335,5
PID,28,3.86328125,-0.0109375,0.09341880341880343,5
PID,29,3.88203125,0.0078125,-0.046923076923076915,5
PID,30,3.88203125,0.0078125,-0.03572649572649572,5
PID,31,3.88515625,0.0109375,-0.11227249874308698,5
PIH,0,0.5125,0.0515625,0.17614205013251966,5
PIH,1,0.5203125,0.059375,0.20437110534315234,5
PIH,2,0.4234375,-0.0375,-0.1324866309855102,5
PIH,3,0.4921875,0.03125,0.08217848419413076,5
PIH,4,0.50625,0.0453125,0.1358426161816747,5
PIH,5,0.434375,-0.0265625,-0.09549003732932596,5
PIH,6,0.4609375,0.0,-0.004028758083357789,5
PIH,7,0.4296875,-0.03125,-0.10683811435707877,5
PIH,8,0.4625,0.0015625,0.01016577235391718,5
PIH,9,0.4453125,-0.015625,-0.0508953747339805,5
PIH,10,0.459375,-0.0015625,-0.0056933635865690545,5
PIH,11,0.4546875,-0.00625,-0.02477032015977728,5
PIH,12,0.4671875,0.00625,0.021953754571957446,5
PIH,13,0.459375,-0.0015625,0.0003331586197551209,5
PIH,14,0.471875,0.0109375,0.04044448809111903,5
PIH,15,0.4390625,-0.021875,-0.07980996187133087,5
PIH,16,0.4671875,0.00625,0.020624439270283425,5
PIH,17,0.4765625,0.015625,0.05219146019822949,5
PIH,18,0.475,0.0140625,0.04830812928195764,5
PIH,19,0.471875,0.0109375,0.04072585688636042,5
PIH,20,0.459375,-0.0015625,0.0002668435879545843,5
PIH,21,0.471875,0.0109375,0.037731357509277134,5
PIH,22,0.46875,0.0078125,0.02800056486917226,5
PIH,23,0.4625,0.0015625,0.0037774750424127658,5
PIH,24,0.4703125,0.009375,0.037136113296616834,5
PIH,25,0.4609375,0.0,0.006079202727511146,5
PIH,26,0.4671875,0.00625,0.023087413504407996,5
PIH,27,0.4734375,0.0125,0.04572143195096448,5
PIH,28,0.475,0.0140625,0.053159982444901464,5
PIH,29,0.4609375,0.0,0.005999199895552492,5
PIH,30,0.4609375,0.0,0.007138766354656381,5
PIH,31,0.4578125,-0.003125,-0.0063647204944356165,5
PIP,0,3.4451171875,0.0099609375,0.1890107661375317,5
PIP,1,3.423046875,-0.012109375,0.021248783201223746,5
PIP,2,3.4490234375,0.0138671875,0.041855117288694975,5
PIP,3,3.4322265625,-0.0029296875,0.0877756131466126,5
PIP,4,3.44453125,0.009375,0.015707033296877743,5
PIP,5,3.436328125,0.001171875,0.13156395504688012,5
PIP,6,3.42578125,-0.009375,0.018004726068377063,5
PIP,7,3.451953125,0.016796875,0.05098409705597261,5
PIP,8,3.420703125,-0.014453125,0.06085584717445972,5
PIP,9,3.435546875,0.000390625,0.03597995742462039,5
PIP,10,3.446484375,0.011328125,0.09636048358737434,5
PIP,11,3.444140625,0.008984375,0.03427147261225573,5
PIP,12,3.459375,0.02421875,0.0585997854976936,5
PIP,13,3.436328125,0.001171875,0.0852059508522945,5
PIP,14,3.45703125,0.021875,0.070085514541084,5
PIP,15,3.4515625,0.01640625,-0.0018777388453769584,5
PIP,16,3.45078125,0.015625,0.03556049886105313,5
PIP,17,3.4453125,0.01015625,0.04709156389828658,5
PIP,18,3.4453125,0.01015625,0.0431730396865387,5
PIP,19,3.450390625,0.015234375,0.012894473069692098,5
PIP,20,3.44296875,0.0078125,0.038304291413535106,5
PIP,21,3.44921875,0.0140625,-0.006746698679471796,5
PIP,22,3.45078125,0.015625,-0.028859373536648702,5
PIP,23,3.4421875,0.00703125,0.023712757830404885,5
PIP,24,3.444921875,0.009765625,-0.018348848243359236,5
PIP,25,3.4546875,0.01953125,0.04959618405711737,5
PIP,26,3.452734375,0.017578125,-0.02225849720932861,5
PIP,27,3.446875,0.01171875,0.015057483986502399,5
PIP,28,3.454296875,0.019140625,-0.03563718201658484,5
PIP,29,3.4453125,0.01015625,0.05299387066238488,5
PIP,30,3.451171875,0.016015625,-0.0210917274711303,5
PIP,31,3.45234375,0.0171875,-0.02721417645072214,5
PMD,0,2.1076171875,-0.56025390625,161.78132500990887,5
PMD,1,2.77587890625,0.1080078125,-10.438966820366968,5
PMD,2,2.65341796875,-0.014453125,53.55780210937254,5
PMD,3,2.6978515625,0.02998046875,24.24028757303245,5
PMD,4,2.65869140625,-0.0091796875,40.33770095600111,5
PMD,5,2.5953125,-0.07255859375,42.570584465771766,5
PMD,6,2.64619140625,-0.0216796875,6.881884119546884,5
PMD,7,2.6390625,-0.02880859375,7.0458525505267335,5
PMD,8,2.706640625,0.03876953125,-5.242427612879899,5
PMD,9,2.6369140625,-0.03095703125,9.453535136339326,5
PMD,10,2.62275390625,-0.0451171875,13.647409127293452,5
PMD,11,2.6384765625,-0.02939453125,5.2503815005875465,5
PMD,12,2.648046875,-0.01982421875,-9.18232029316129,5
PMD,13,2.641796875,-0.02607421875,7.258450725731507,5
PMD,14,2.62861328125,-0.0392578125,19.60756831635391,5
PMD,15,2.64111328125,-0.0267578125,10.379797273776397,5
PMD,16,2.63828125,-0.02958984375,6.9633392421799645,5
PMD,17,2.62177734375,-0.04609375,11.321448422154987,5
PMD,18,2.63994140625,-0.0279296875,13.04849815409585,5
PMD,19,2.62236328125,-0.0455078125,20.580640228684416,5
PMD,20,2.6734375,0.00556640625,-9.389352551025029,5
PMD,21,2.6560546875,-0.01181640625,6.129050909182699,5
PMD,22,2.655859375,-0.01201171875,2.9233233816430366,5
PMD,23,2.66435546875,-0.003515625,2.129869547596763,5
PMD,24,2.649609375,-0.01826171875,7.749471496332023,5
PMD,25,2.6482421875,-0.01962890625,6.5034484278503175,5
PMD,26,2.65458984375,-0.01328125,-0.13243014125373037,5
PMD,27,2.6556640625,-0.01220703125,-0.2178882777305889,5
PMD,28,2.65556640625,-0.0123046875,-0.895280722461607,5
PMD,29,2.64228515625,-0.0255859375,0.22398193313530804,5
PMD,30,2.66142578125,-0.0064453125,-3.4873741151795223,5
PMD,31,2.65673828125,-0.0111328125,2.1251477660201514,5
PMI,0,1.965625,-0.208984375,-1.2872858903022757,5
PMI,1,2.166796875,-0.0078125,-0.10101012489294514,5
PMI,2,2.155078125,-0.01953125,-0.07509854957099246,5
PMI,3,2.158984375,-0.015625,-0.3686991982051565,5
PMI,4,2.250390625,0.07578125,0.3657565034178738,5
PMI,5,2.172265625,-0.00234375,0.01721639003168298,5
PMI,6,2.151953125,-0.02265625,-0.11946312978462928,5
PMI,7,2.1796875,0.005078125,0.0759189640768588,5
PMI,8,2.16328125,-0.011328125,-0.05619013466580497,5
PMI,9,2.169921875,-0.0046875,-0.0509833283418189,5
PMI,10,2.166015625,-0.00859375,0.015815153712373176,5
PMI,11,2.18203125,0.007421875,0.03719216805115514,5
PMI,12,2.16328125,-0.011328125,-0.06311809397708107,5
PMI,13,2.21484375,0.040234375,0.27393785827251566,5
PMI,14,2.17109375,-0.003515625,0.021954650777888114,5
PMI,15,2.15625,-0.018359375,-0.14670074032040267,5
PMI,16,2.16171875,-0.012890625,-0.027970739217015296,5
PMI,17,2.141796875,-0.0328125,-0.2438185348066182,5
PMI,18,2.17265625,-0.001953125,-0.0424303683737646,5
PMI,19,2.15859375,-0.016015625,-0.12945584611423738,5
PMI,20,2.17109375,-0.003515625,-0.05978402505214819,5
PMI,21,2.165625,-0.008984375,-0.0420487145536798,5
PMI,22,2.151953125,-0.02265625,-0.13797951377395273,5
PMI,23,2.159375,-0.015234375,-0.13942731566862648,5
PMI,24,2.1671875,-0.007421875,-0.03905400293185794,5
PMI,25,2.166015625,-0.00859375,-0.05286979240554216,5
PMI,26,2.162890625,-0.01171875,-0.07519644236377106,5
PMI,27,2.17109375,-0.003515625,-0.08490211377500353,5
PMI,28,2.1703125,-0.004296875,-0.0661912905954614,5
PMI,29,2.166796875,-0.0078125,-0.08584892524813081,5
PMI,30,2.171484375,-0.003125,-0.06584976592424457,5
PMI,31,2.171875,-0.002734375,-0.05904606905103429,5
PND,0,6.84296875,-0.06875,-1.3103952164210582,5
PND,1,6.85625,-0.05546875,-0.3927153999030053,5
PND,2,6.86640625,-0.0453125,-0.1484976731699948,5
PND,3,6.98515625,0.0734375,-0.8677792332719931,5
PND,4,7.00078125,0.0890625,-0.4129849757328327,5
PND,5,7.02890625,0.1171875,-0.7006257782311035,5
PND,6,6.93984375,0.028125,-0.07081997106223029,5
PND,7,6.9171875,0.00546875,-0.039163430750415555,5
PND,8,6.8890625,-0.02265625,0.4488202828783202,5
PND,9,6.88125,-0.03046875,0.21175647373236792,5
PND,10,6.959375,0.04765625,-0.1228712357873952,5
PND,11,6.9390625,0.02734375,-0.0957157047572932,5
PND,12,6.95703125,0.0453125,-0.16335330631984607,5
PND,13,6.91875,0.00703125,-0.0788400938263663,5
PND,14,6.92109375,0.009375,0.2634702510753956,5
PND,15,6.9515625,0.03984375,-0.30445239370588356,5
PND,16,6.91640625,0.0046875,-0.07046313330066008,5
PND,17,6.9703125,0.05859375,-0.4016267915425897,5
PND,18,6.92734375,0.015625,-0.08329719249973296,5
PND,19,6.9421875,0.03046875,-0.12201706847423946,5
PND,20,6.93515625,0.0234375,-0.2078108170915398,5
PND,21,6.93359375,0.021875,-0.1050879101865052,5
PND,22,6.9390625,0.02734375,-0.13832660357110743,5
PND,23,6.9171875,0.00546875,-0.04278942545118865,5
PND,24,6.91796875,0.00625,0.17636129232211176,5
PND,25,6.89921875,-0.0125,0.22422706430559308,5
PND,26,6.91796875,0.00625,-0.06881413865410026,5
PND,27,6.925,0.01328125,-0.07613121182483197,5
PND,28,6.925,0.01328125,-0.08205236537599012,5
PND,29,6.95234375,0.040625,-0.17400674445667313,5
PND,30,6.93203125,0.0203125,-0.08936943854672183,5
PND,31,6.92578125,0.0140625,-0.08286537350607141,5
PPI,0,4.68828125,-0.066796875,-0.2384052704156156,5
PPI,1,4.68359375,-0.071484375,-0.554614608881014,5
PPI,2,4.701171875,-0.05390625,-0.23003635104725637,5
PPI,3,4.740625,-0.014453125,-0.3268166674122294,5
PPI,4,4.721875,-0.033203125,-0.17301993764502005,5
PPI,5,4.710546875,-0.04453125,-0.2100552850999605,5
PPI,6,4.74296875,-0.012109375,-0.07208081057584029,5
PPI,7,4.753515625,-0.0015625,0.0,5
PPI,8,4.74765625,-0.007421875,-0.0015972580146376592,5
PPI,9,4.74453125,-0.010546875,-0.3001134195463218,5
PPI,10,4.732421875,-0.02265625,-0.0719823476669396,5
PPI,11,4.7546875,-0.000390625,0.026323020579477312,5
PPI,12,4.736328125,-0.01875,-0.11198024712488305,5
PPI,13,4.74140625,-0.013671875,-0.08688695777326982,5
PPI,14,4.76640625,0.011328125,0.07687403360478301,5
PPI,15,4.748046875,-0.00703125,-0.07,5
PPI,16,4.750390625,-0.0046875,-0.011380270075249976,5
PPI,17,4.75,-0.005078125,-0.006422533759406246,5
PPI,18,4.739453125,-0.015625,-0.08173207197079468,5
PPI,19,4.75546875,0.000390625,0.13802082259560872,5
PPI,20,4.75703125,0.001953125,-0.024361921451396762,5
PPI,21,4.747265625,-0.0078125,0.1151365838573343,5
PPI,22,4.742578125,-0.0125,-0.10935779816513762,5
PPI,23,4.757421875,0.00234375,0.07260952479125862,5
PPI,24,4.7421875,-0.012890625,0.011279249561900828,5
PPI,25,4.760546875,0.00546875,-0.012115761261725594,5
PPI,26,4.73984375,-0.015234375,0.0788073394495413,5
PPI,27,4.757421875,0.00234375,-0.16321616328213587,5
PPI,28,4.759765625,0.0046875,-0.2645876713740851,5
PPI,29,4.751953125,-0.003125,-9.328935161323493e-05,5
PPI,30,4.746875,-0.008203125,-0.0728992245498908,5
PPI,31,4.750390625,-0.0046875,-0.00904601354071648,5
PRN,0,1.865625,-0.70859375,-4.471708521027905,5
PRN,1,2.59296875,0.01875,0.009782645568143723,5
PRN,2,2.57890625,0.0046875,-0.23322773008591513,5
PRN,3,2.5515625,-0.02265625,-0.4921003662398487,5
PRN,4,2.54765625,-0.0265625,-0.14777113196311223,5
PRN,5,2.5453125,-0.02890625,-0.1724099903905324,5
PRN,6,2.56328125,-0.0109375,0.047684883906900115,5
PRN,7,2.58671875,0.0125,0.020845631041639445,5
PRN,8,2.58828125,0.0140625,-0.11250258983985284,5
PRN,9,2.55703125,-0.0171875,-0.09153246753246753,5
PRN,10,2.5734375,-0.00078125,-0.11996798383125577,5
PRN,11,2.58671875,0.0125,0.19297515664758436,5
PRN,12,2.59765625,0.0234375,0.13760333715970893,5
PRN,13,2.60625,0.03203125,-0.09370407418977848,5
PRN,14,2.575,0.00078125,0.07748595688209606,5
PRN,15,2.5796875,0.00546875,-0.10358589627972718,5
PRN,16,2.58125,0.00703125,0.008054901449345762,5
PRN,17,2.559375,-0.01484375,-0.06109861583282794,5
PRN,18,2.59765625,0.0234375,0.12369168892549645,5
PRN,19,2.584375,0.01015625,0.042253035832506405,5
PRN,20,2.590625,0.01640625,0.07801821224612449,5
PRN,21,2.58125,0.00703125,-0.12131076331455877,5
PRN,22,2.58984375,0.015625,0.0031510129966764388,5
PRN,23,2.58125,0.00703125,-0.054329561024682595,5
PRN,24,2.58125,0.00703125,-0.014889821310350732,5
PRN,25,2.58828125,0.0140625,-0.002947130947535148,5
PRN,26,2.5703125,-0.00390625,-0.022970356755449166,5
PRN,27,2.57578125,0.0015625,-0.05153276101507481,5
PRN,28,2.58515625,0.0109375,-0.03258391442707309,5
PRN,29,2.5828125,0.00859375,0.02683998346993017,5
PRN,30,2.58125,0.00703125,-0.0330038788916184,5
PRN,31,2.58203125,0.0078125,-0.03403845988161854,5
PSA,0,3.44140625,-0.00234375,-1.2296999759642686,5
PSA,1,3.471875,0.028125,0.23491097534884825,5
PSA,2,3.50078125,0.05703125,-0.03650288032582945,5
PSA,3,3.44609375,0.00234375,-0.4349196916030776,5
PSA,4,3.453125,0.009375,0.07626933753826567,5
PSA,5,3.4375,-0.00625,-0.2083776409589993,5
PSA,6,3.41328125,-0.03046875,-0.6693512729693109,5
PSA,7,3.4453125,0.0015625,-0.2419389175468763,5
PSA,8,3.43203125,-0.01171875,-0.5475667123609692,5
PSA,9,3.4359375,-0.0078125,0.06055128987356149,5
PSA,10,3.4234375,-0.0203125,-0.4899422350060617,5
PSA,11,3.44921875,0.00546875,-0.239406977757704,5
PSA,12,3.46796875,0.02421875,0.23144428332580563,5
PSA,13,3.40859375,-0.03515625,-0.6578635140239248,5
PSA,14,3.44921875,0.00546875,0.3481842457666738,5
PSA,15,3.4109375,-0.0328125,-0.3313016537111433,5
PSA,16,3.41484375,-0.02890625,-0.4524290615763742,5
PSA,17,3.425,-0.01875,-0.4294144526060279,5
PSA,18,3.4421875,-0.0015625,0.027140038509995967,5
PSA,19,3.440625,-0.003125,-0.1260000581083615,5
PSA,20,3.4484375,0.0046875,0.05903968008705689,5
PSA,21,3.43671875,-0.00703125,-0.2524422680221763,5
PSA,22,3.415625,-0.028125,-0.5210994102001305,5
PSA,23,3.4390625,-0.0046875,-0.3890375934686202,5
PSA,24,3.4421875,-0.0015625,-0.3774433905700694,5
PSA,25,3.40859375,-0.03515625,-0.6060358739893767,5
PSA,26,3.4265625,-0.0171875,-0.25837539586321295,5
PSA,27,3.440625,-0.003125,-0.06698679091290877,5
PSA,28,3.434375,-0.009375,-0.03711618766887742,5
PSA,29,3.43828125,-0.00546875,0.1263558397582692,5
PSA,30,3.45,0.00625,0.15225579300745107,5
PSA,31,3.44140625,-0.00234375,-0.09267174322443299,5
PTH,0,4.485546875,0.071875,0.186318094962867,5
PTH,1,4.392578125,-0.02109375,-0.024688155560197534,5
PTH,2,4.443359375,0.0296875,0.2031219984322461,5
PTH,3,4.42734375,0.013671875,0.12534250247237977,5
PTH,4,4.436328125,0.02265625,0.17725568277133297,5
PTH,5,4.398046875,-0.015625,-0.02051154085108799,5
PTH,6,4.4171875,0.003515625,-0.01344315501011501,5
PTH,7,4.420703125,0.00703125,0.09293797133303432,5
PTH,8,4.42734375,0.013671875,0.03014793480471247,5
PTH,9,4.405078125,-0.00859375,-0.0777910073061879,5
PTH,10,4.41875,0.005078125,-0.05865677811989346,5
PTH,11,4.426953125,0.01328125,-0.00876764087740669,5
PTH,12,4.431640625,0.01796875,0.06730637824242987,5
PTH,13,4.41015625,-0.003515625,-0.023065375083363118,5
PTH,14,4.436328125,0.02265625,0.03797145456853075,5
PTH,15,4.43828125,0.024609375,0.04462118422783633,5
PTH,16,4.419921875,0.00625,0.031186795386725964,5
PTH,17,4.4140625,0.000390625,-0.030034110725966085,5
PTH,18,4.434765625,0.02109375,-0.004823365546255875,5
PTH,19,4.429296875,0.015625,-0.006789072182420075,5
PTH,20,4.42109375,0.007421875,-0.049126201571328874,5
PTH,21,4.4234375,0.009765625,-0.030040799968827414,5
PTH,22,4.423828125,0.01015625,-0.029023351844676137,5
PTH,23,4.42109375,0.007421875,-0.04997573279705708,5
PTH,24,4.415625,0.001953125,-0.07980466124452076,5
PTH,25,4.428125,0.014453125,-0.014463989638255108,5
PTH,26,4.42109375,0.007421875,-0.04910673403476148,5
PTH,27,4.429296875,0.015625,-0.008591059524763101,5
PTH,28,4.4140625,0.000390625,-0.08423408730164963,5
PTH,29,4.41796875,0.004296875,-0.06968284507619296,5
PTH,30,4.411328125,-0.00234375,-0.10919036901600146,5
PTH,31,4.411328125,-0.00234375,-0.10919036901600146,5
PTSD,0,-0.02578125,0.049609375,0.09625909545853159,5
PTSD,1,-0.090625,-0.015234375,-0.02927110864379302,5
PTSD,2,-0.090625,-0.015234375,-0.02927110864379302,5
PTSD,3,-0.08046875,-0.005078125,-0.010115333711476649,5
PTSD,4,-0.076171875,-0.00078125,0.0019890338438268095,5
PTSD,5,-0.07578125,-0.000390625,0.0033217878937819552,5
PTSD,6,-0.084375,-0.008984375,-0.015549708283866388,5
PTSD,7,-0.09140625,-0.016015625,-0.030963098844249203,5
PTSD,8,-0.070703125,0.0046875,0.01392870791647055,5
PTSD,9,-0.080078125,-0.0046875,-0.00805686631829208,5
PTSD,10,-0.074609375,0.00078125,0.0016260162601626018,5
PTSD,11,-0.075390625,0.0,0.003965033811644402,5
PTSD,12,-0.08046875,-0.005078125,-0.010077519379844961,5
PTSD,13,-0.090625,-0.015234375,-0.02927110864379302,5
PTSD,14,-0.075,0.000390625,0.005478036175710595,5
PTSD,15,-0.080078125,-0.0046875,-0.009302325581395349,5
PTSD,16,-0.076171875,-0.00078125,0.00248062015503876,5
PTSD,17,-0.075,0.000390625,0.005544010116004178,5
PTSD,18,-0.080859375,-0.00546875,-0.010786739238000989,5
PTSD,19,-0.075390625,0.0,0.00045377197958026136,5
PTSD,20,-0.080859375,-0.00546875,-0.010786739238000989,5
PTSD,21,-0.079296875,-0.00390625,-0.007676309321232746,5
PTSD,22,-0.08125,-0.005859375,-0.011561933036450601,5
PTSD,23,-0.075,0.000390625,0.0012667801096615625,5
PTSD,24,-0.08046875,-0.005078125,-0.010077519379844961,5
PTSD,25,-0.08046875,-0.005078125,-0.010077519379844961,5
PTSD,26,-0.08046875,-0.005078125,-0.010077519379844961,5
PTSD,27,-0.08046875,-0.005078125,-0.009973731107919688,5
PTSD,28,-0.080859375,-0.00546875,-0.010786739238000989,5
PTSD,29,-0.07109375,0.004296875,0.00908469203445127,5
PTSD,30,-0.08046875,-0.005078125,-0.010077519379844961,5
PTSD,31,-0.080859375,-0.00546875,-0.010786739238000989,5
PVC,0,2.802734375,-0.058984375,-5.679109794353433,5
PVC,1,2.91484375,0.053125,1.6021094457999303,5
PVC,2,2.882421875,0.020703125,0.3871648658069013,5
PVC,3,2.88359375,0.021875,0.059242244684559256,5
PVC,4,2.846875,-0.01484375,1.1490630881840365,5
PVC,5,2.861328125,-0.000390625,-0.16515859184384798,5
PVC,6,2.8453125,-0.01640625,0.3873970024398744,5
PVC,7,2.837890625,-0.023828125,-0.7236465667479959,5
PVC,8,2.841796875,-0.019921875,-0.6889104217497385,5
PVC,9,2.863671875,0.001953125,-0.049360752875566447,5
PVC,10,2.858984375,-0.002734375,-0.6174569536423841,5
PVC,11,2.8640625,0.00234375,0.3772973161380273,5
PVC,12,2.864453125,0.002734375,-0.4422105263157895,5
PVC,13,2.8640625,0.00234375,-0.619458347856396,5
PVC,14,2.8578125,-0.00390625,-0.38277239456256534,5
PVC,15,2.851171875,-0.010546875,-0.3331655629139073,5
PVC,16,2.875,0.01328125,1.636823980481004,5
PVC,17,2.846484375,-0.015234375,-0.1409550365981178,5
PVC,18,2.853125,-0.00859375,-0.47544719414430114,5
PVC,19,2.85546875,-0.00625,-0.49166678285116766,5
PVC,20,2.870703125,0.008984375,-0.39003555245730215,5
PVC,21,2.8609375,-0.00078125,-0.4434039735099338,5
PVC,22,2.855859375,-0.005859375,-0.8013509933774834,5
PVC,23,2.852734375,-0.008984375,0.053535029627047745,5
PVC,24,2.86328125,0.0015625,-0.28675496688741725,5
PVC,25,2.861328125,-0.000390625,-0.05,5
PVC,26,2.849609375,-0.012109375,-0.7144649703729523,5
PVC,27,2.86171875,0.0,-0.48675496688741726,5
PVC,28,2.86171875,0.0,0.39745555942837224,5
PVC,29,2.86015625,-0.0015625,-0.10800000000000001,5
PVC,30,2.8609375,-0.00078125,-0.1,5
PVC,31,2.864453125,0.002734375,-0.03940397350993381,5
RAP,0,4.530078125,0.084375,1.4115501218188116,5
RAP,1,4.473046875,0.02734375,-0.17026502109143235,5
RAP,2,4.426953125,-0.01875,-1.2334357941600693,5
RAP,3,4.45234375,0.006640625,-0.9295376883951219,5
RAP,4,4.504296875,0.05859375,0.9273470619715745,5
RAP,5,4.426953125,-0.01875,-0.17188232648480145,5
RAP,6,4.498046875,0.05234375,1.0265502593693812,5
RAP,7,4.48046875,0.034765625,2.103669066895885,5
RAP,8,4.48125,0.035546875,1.2552356145295627,5
RAP,9,4.491015625,0.0453125,0.6044563830247844,5
RAP,10,4.48359375,0.037890625,0.36863300145636135,5
RAP,11,4.475390625,0.0296875,1.2793470383188978,5
RAP,12,4.444921875,-0.00078125,0.5695052306003314,5
RAP,13,4.470703125,0.025,0.6564571285074761,5
RAP,14,4.47734375,0.031640625,0.37029773874578076,5
RAP,15,4.50234375,0.056640625,1.037445312593643,5
RAP,16,4.481640625,0.0359375,1.00185031295389,5
RAP,17,4.48515625,0.039453125,0.7122890807371227,5
RAP,18,4.476171875,0.03046875,0.5841133349143182,5
RAP,19,4.4765625,0.030859375,0.6565809000289421,5
RAP,20,4.474609375,0.02890625,0.6164404848885269,5
RAP,21,4.466796875,0.02109375,0.3150307990026586,5
RAP,22,4.482421875,0.03671875,0.669401412849455,5
RAP,23,4.470703125,0.025,0.6483605256320971,5
RAP,24,4.46953125,0.023828125,0.6507794728298203,5
RAP,25,4.474609375,0.02890625,0.6585852682097809,5
RAP,26,4.481640625,0.0359375,0.6313061747542168,5
RAP,27,4.466015625,0.0203125,0.34753634980792125,5
RAP,28,4.468359375,0.02265625,0.5709795732511448,5
RAP,29,4.47890625,0.033203125,0.6299234071949786,5
RAP,30,4.469140625,0.0234375,0.6090748113463829,5
RAP,31,4.462890625,0.0171875,0.30431290658447796,5
RBC,0,1.55703125,0.0359375,-0.2758223684210527,5
RBC,1,1.4875,-0.03359375,-0.9455592105263158,5
RBC,2,1.5234375,0.00234375,0.1337171052631579,5
RBC,3,1.53203125,0.0109375,0.3392543859649123,5
RBC,4,1.528125,0.00703125,0.5230811403508773,5
RBC,5,1.525,0.00390625,-0.04270833333333335,5
RBC,6,1.52109375,0.0,-0.1542763157894737,5
RBC,7,1.50546875,-0.015625,-0.1287280701754386,5
RBC,8,1.50234375,-0.01875,-0.3497807017543859,5
RBC,9,1.5234375,0.00234375,-0.0013157894736842146,5
RBC,10,1.51796875,-0.003125,0.20844298245614035,5
RBC,11,1.51640625,-0.0046875,-0.19572368421052633,5
RBC,12,1.521875,0.00078125,-0.14780701754385964,5
RBC,13,1.5125,-0.00859375,-0.22149122807017543,5
RBC,14,1.51875,-0.00234375,0.08552631578947369,5
RBC,15,1.51171875,-0.009375,-0.04364035087719298,5
RBC,16,1.50703125,-0.0140625,-0.3894736842105263,5
RBC,17,1.5203125,-0.00078125,-0.12099780701754383,5
RBC,18,1.5140625,-0.00703125,-0.02582236842105263,5
RBC,19,1.5171875,-0.00390625,-0.25301535087719296,5
RBC,20,1.5109375,-0.01015625,-0.19051535087719298,5
RBC,21,1.50078125,-0.0203125,-0.8745065789473684,5
RBC,22,1.5109375,-0.01015625,-0.14232456140350877,5
RBC,23,1.503125,-0.01796875,-0.25811403508771935,5
RBC,24,1.5109375,-0.01015625,-0.209265350877193,5
RBC,25,1.50859375,-0.0125,-0.31551535087719296,5
RBC,26,1.50546875,-0.015625,-0.5334978070175438,5
RBC,27,1.5125,-0.00859375,-0.240734649122807,5
RBC,28,1.50703125,-0.0140625,-0.29912280701754385,5
RBC,29,1.50390625,-0.0171875,-0.4366228070175438,5
RBC,30,1.50859375,-0.0125,-0.4824561403508772,5
RBC,31,1.51015625,-0.0109375,-0.21030701754385964,5
RCA,0,1.49453125,0.17109375,0.4471798401526145,5
RCA,1,1.2859375,-0.0375,-0.0576335774073667,5
RCA,2,1.315625,-0.0078125,-0.4451162584898564,5
RCA,3,1.39921875,0.07578125,-0.21559866479778664,5
RCA,4,1.32734375,0.00390625,-0.7552064115190402,5
RCA,5,1.3890625,0.065625,-0.2644098666378031,5
RCA,6,1.29140625,-0.03203125,-0.10073479429786932,5
RCA,7,1.3203125,-0.003125,-0.05579084489719297,5
RCA,8,1.3171875,-0.00625,-0.04593611680807026,5
RCA,9,1.309375,-0.0140625,0.15417831157244616,5
RCA,10,1.3234375,0.0,-0.0022423494091627257,5
RCA,11,1.33046875,0.00703125,0.21764182846713878,5
RCA,12,1.30859375,-0.01484375,0.06927882426904287,5
RCA,13,1.34140625,0.01796875,0.09621783974375403,5
RCA,14,1.29296875,-0.03046875,0.046612748769780686,5
RCA,15,1.30078125,-0.02265625,-0.18038095250612013,5
RCA,16,1.284375,-0.0390625,0.10414624828211139,5
RCA,17,1.2984375,-0.025,0.07437701416464262,5
RCA,18,1.30078125,-0.02265625,-0.007697693035855846,5
RCA,19,1.31015625,-0.01328125,0.04904664868443816,5
RCA,20,1.3203125,-0.003125,0.10059006279886348,5
RCA,21,1.31171875,-0.01171875,0.17278979602252478,5
RCA,22,1.31875,-0.0046875,0.01591684128353671,5
RCA,23,1.30234375,-0.02109375,0.02050399618463587,5
RCA,24,1.3171875,-0.00625,0.06843494312548379,5
RCA,25,1.3015625,-0.021875,0.10826376117212363,5
RCA,26,1.32578125,0.00234375,0.11096940032775807,5
RCA,27,1.31015625,-0.01328125,0.06657662096885052,5
RCA,28,1.31640625,-0.00703125,0.09180076281623366,5
RCA,29,1.31328125,-0.01015625,0.07842306877152552,5
RCA,30,1.32421875,0.00078125,0.10071299007134782,5
RCA,31,1.3171875,-0.00625,0.08007724228604297,5
ROS,0,5.373828125,0.127734375,0.18192269015106768,5
ROS,1,5.309375,0.06328125,0.4453206288100523,5
ROS,2,5.137890625,-0.108203125,-0.04233624996680614,5
ROS,3,5.205078125,-0.041015625,0.34786871606985564,5
ROS,4,5.176953125,-0.069140625,-0.34465919573363346,5
ROS,5,5.25234375,0.00625,-0.04169186238396376,5
ROS,6,5.183203125,-0.062890625,-0.4049428278766052,5
ROS,7,5.288671875,0.042578125,0.1533894605124352,5
ROS,8,5.26875,0.02265625,0.27117755062870447,5
ROS,9,5.22421875,-0.021875,-0.08379303448849318,5
ROS,10,5.25546875,0.009375,-0.00012898312173168503,5
ROS,11,5.25546875,0.009375,0.13298011183074138,5
ROS,12,5.251953125,0.005859375,0.2901775356081643,5
ROS,13,5.28515625,0.0390625,0.2626569364495811,5
ROS,14,5.25625,0.01015625,-0.023159919744177127,5
ROS,15,5.276171875,0.030078125,0.09700472357540943,5
ROS,16,5.2359375,-0.01015625,0.006961573100662944,5
ROS,17,5.292578125,0.046484375,0.3746981704469385,5
ROS,18,5.24375,-0.00234375,-0.04737095177217254,5
ROS,19,5.231640625,-0.014453125,-0.06052510270614769,5
ROS,20,5.2828125,0.03671875,0.08823845051183131,5
ROS,21,5.253515625,0.007421875,-0.03964554703525807,5
ROS,22,5.2375,-0.00859375,-0.015684212263917353,5
ROS,23,5.22265625,-0.0234375,-0.06646936614653218,5
ROS,24,5.27421875,0.028125,0.046178564387006626,5
ROS,25,5.236328125,-0.009765625,-0.0641551943232406,5
ROS,26,5.246484375,0.000390625,-0.05237292622987209,5
ROS,27,5.2515625,0.00546875,0.10594666518887792,5
ROS,28,5.251953125,0.005859375,0.1189661990169287,5
ROS,29,5.271875,0.02578125,0.08697040164104272,5
ROS,30,5.265625,0.01953125,0.14396700515342944,5
ROS,31,5.2640625,0.01796875,-0.01581560354222274,5
RSV,0,1.5056640625,0.0783203125,-0.2608839759208295,5
RSV,1,1.4392578125,0.0119140625,0.06989859930685331,5
RSV,2,1.4501953125,0.0228515625,0.1086716724268573,5
RSV,3,1.4498046875,0.0224609375,0.07348686943148464,5
RSV,4,1.4234375,-0.00390625,-0.026862086815534935,5
RSV,5,1.45390625,0.0265625,-0.019661456849245938,5
RSV,6,1.4248046875,-0.0025390625,-0.03527531010297863,5
RSV,7,1.443359375,0.016015625,0.07839849731467408,5
RSV,8,1.4181640625,-0.0091796875,-0.07443400484939085,5
RSV,9,1.435546875,0.008203125,-0.009520275910416454,5
RSV,10,1.44296875,0.015625,-0.03165729442623597,5
RSV,11,1.4361328125,0.0087890625,-0.016650693197200316,5
RSV,12,1.4484375,0.02109375,-0.00912511571399698,5
RSV,13,1.436328125,0.008984375,0.04551168975984708,5
RSV,14,1.4361328125,0.0087890625,-0.06711668780094074,5
RSV,15,1.4275390625,0.0001953125,0.002382222169754622,5
RSV,16,1.429296875,0.001953125,0.025244086382220133,5
RSV,17,1.431640625,0.004296875,0.03086308947667904,5
RSV,18,1.4333984375,0.0060546875,0.03262329698126899,5
RSV,19,1.434375,0.00703125,-0.018144152804413616,5
RSV,20,1.428515625,0.001171875,0.014909790887827951,5
RSV,21,1.415234375,-0.012109375,-0.03884680732283012,5
RSV,22,1.4259765625,-0.0013671875,-0.040928820084918084,5
RSV,23,1.437890625,0.010546875,0.03163985772681425,5
RSV,24,1.4322265625,0.0048828125,0.0006964818907166187,5
RSV,25,1.4140625,-0.01328125,-0.0746669701042892,5
RSV,26,1.432421875,0.005078125,0.005104274072672508,5
RSV,27,1.4236328125,-0.0037109375,-0.10550992149571721,5
RSV,28,1.4359375,0.00859375,-0.01692040432155618,5
RSV,29,1.4287109375,0.0013671875,-0.05803607796087877,5
RSV,30,1.422265625,-0.005078125,-0.02526529203739672,5
RSV,31,1.432421875,0.005078125,-0.09428980745414155,5
SAB,0,-0.23125,0.615625,0.4657726738935913,5
SAB,1,-0.8890625,-0.0421875,-0.08052450700288172,5
SAB,2,-0.8296875,0.0171875,-0.04115892519708236,5
SAB,3,-0.9078125,-0.0609375,-0.21269914808892104,5
SAB,4,-0.8390625,0.0078125,-0.010484837024217186,5
SAB,5,-0.84375,0.003125,-0.023072429570372078,5
SAB,6,-0.853125,-0.00625,-0.10260922947061475,5
SAB,7,-0.8640625,-0.0171875,-0.032365879159352726,5
SAB,8,-0.8625,-0.015625,-0.07946664090516065,5
SAB,9,-0.8890625,-0.0421875,-0.15938579362567162,5
SAB,10,-0.85625,-0.009375,-0.01663375223186452,5
SAB,11,-0.846875,0.0,-0.02916717710076175,5
SAB,12,-0.8625,-0.015625,-0.09981518860025954,5
SAB,13,-0.865625,-0.01875,-0.05747737303893961,5
SAB,14,-0.8734375,-0.0265625,-0.07023707436990509,5
SAB,15,-0.834375,0.0125,-0.012788285640289896,5
SAB,16,-0.8359375,0.0109375,-0.011886646632984867,5
SAB,17,-0.821875,0.025,0.023082131243910765,5
SAB,18,-0.86875,-0.021875,-0.07685423235508124,5
SAB,19,-0.85625,-0.009375,-0.012718277377423875,5
SAB,20,-0.8515625,-0.0046875,-0.0050497210768857635,5
SAB,21,-0.8265625,0.0203125,0.01717219511326156,5
SAB,22,-0.8265625,0.0203125,0.12826240012277823,5
SAB,23,-0.840625,0.00625,0.010914999362813814,5
SAB,24,-0.8453125,0.0015625,-0.009063980344519034,5
SAB,25,-0.840625,0.00625,-0.016796214154851313,5
SAB,26,-0.8390625,0.0078125,0.006512056521840413,5
SAB,27,-0.8515625,-0.0046875,-0.015945604854125474,5
SAB,28,-0.846875,0.0,-0.006862508924032335,5
SAB,29,-0.8453125,0.0015625,-0.027322529944325,5
SAB,30,-0.8453125,0.0015625,-0.009392124378743465,5
SAB,31,-0.8421875,0.0046875,-0.006330437904493324,5
SBP,0,2.36875,0.037890625,1.8912778478352255,5
SBP,1,2.301953125,-0.02890625,-0.27537480734202047,5
SBP,2,2.2984375,-0.032421875,-0.8213995476290558,5
SBP,3,2.26328125,-0.067578125,-0.42192898176504723,5
SBP,4,2.3140625,-0.016796875,0.005515522728637345,5
SBP,5,2.301953125,-0.02890625,-0.7015852999459555,5
SBP,6,2.31640625,-0.014453125,0.5804489681538862,5
SBP,7,2.328515625,-0.00234375,-0.5546558177705718,5
SBP,8,2.308984375,-0.021875,-0.541400948777998,5
SBP,9,2.288671875,-0.0421875,-0.20570868111851723,5
SBP,10,2.296875,-0.033984375,-0.5371464600972798,5
SBP,11,2.312890625,-0.01796875,-0.22639564442843133,5
SBP,12,2.310546875,-0.0203125,-0.05415440661342301,5
SBP,13,2.30703125,-0.023828125,-0.2804669829259993,5
SBP,14,2.319921875,-0.0109375,-0.43832542685001696,5
SBP,15,2.333984375,0.003125,-0.56884445245101,5
SBP,16,2.333984375,0.003125,-1.2457995556356214,5
SBP,17,2.3234375,-0.007421875,-0.9825146620228589,5
SBP,18,2.328515625,-0.00234375,-0.5709741988430512,5
SBP,19,2.31953125,-0.011328125,-1.1427030164735084,5
SBP,20,2.302734375,-0.028125,-0.24876498728957747,5
SBP,21,2.31171875,-0.019140625,-0.5263225845193058,5
SBP,22,2.3140625,-0.016796875,-0.6643267479333054,5
SBP,23,2.3140625,-0.016796875,-0.5860535639224164,5
SBP,24,2.315625,-0.015234375,-0.6222632558698133,5
SBP,25,2.323828125,-0.00703125,-1.2516283352348925,5
SBP,26,2.308203125,-0.02265625,0.07149762805500508,5
SBP,27,2.31875,-0.012109375,-0.6751386136632038,5
SBP,28,2.31640625,-0.014453125,-0.8717558397886267,5
SBP,29,2.3140625,-0.016796875,-0.838136271742829,5
SBP,30,2.311328125,-0.01953125,-0.6741618126864029,5
SBP,31,2.31796875,-0.012890625,-0.7238505574571149,5
SLE,0,2.9296875,0.0203125,0.07434572346068696,5
SLE,1,2.921875,0.0125,0.03304304304304304,5
SLE,2,2.88125,-0.028125,-0.19226065481539933,5
SLE,3,2.902734375,-0.006640625,-0.0302563512417527,5
SLE,4,2.9390625,0.0296875,0.2045423982376537,5
SLE,5,2.862890625,-0.046484375,-0.3007807807807808,5
SLE,6,2.898828125,-0.010546875,-0.056368512673257196,5
SLE,7,2.92421875,0.01484375,0.0728272798345791,5
SLE,8,2.91015625,0.00078125,-0.0068163921220490585,5
SLE,9,2.909375,0.0,-0.01898140384910458,5
SLE,10,2.91953125,0.01015625,0.032990837552881354,5
SLE,11,2.90078125,-0.00859375,-0.06540310383376077,5
SLE,12,2.906640625,-0.002734375,-0.04848563892359513,5
SLE,13,2.905078125,-0.004296875,-0.05608824152619772,5
SLE,14,2.8921875,-0.0171875,-0.10424534023074168,5
SLE,15,2.90625,-0.003125,-0.037761790074746275,5
SLE,16,2.93125,0.021875,0.08185400729196349,5
SLE,17,2.908984375,-0.000390625,-0.03399114442910063,5
SLE,18,2.89921875,-0.01015625,-0.08833833833833835,5
SLE,19,2.90703125,-0.00234375,-0.05198519687570783,5
SLE,20,2.907421875,-0.001953125,-0.033250403688359895,5
SLE,21,2.900390625,-0.008984375,-0.059912613343270284,5
SLE,22,2.89765625,-0.01171875,-0.07515785858851552,5
SLE,23,2.91171875,0.00234375,-0.02399183855388235,5
SLE,24,2.91171875,0.00234375,-0.015523918078662602,5
SLE,25,2.90078125,-0.00859375,-0.07400642887412962,5
SLE,26,2.90234375,-0.00703125,-0.05599815143610763,5
SLE,27,2.9015625,-0.0078125,-0.0733839313766321,5
SLE,28,2.902734375,-0.006640625,-0.051713867151823356,5
SLE,29,2.90234375,-0.00703125,-0.058775929213885414,5
SLE,30,2.90703125,-0.00234375,-0.038867261422005944,5
SLE,31,2.901953125,-0.007421875,-0.057284985715642646,5
SMA,0,2.1158203125,-0.1326171875,0.5491988336501926,5
SMA,1,2.246875,-0.0015625,0.02697593152762063,5
SMA,2,2.2134765625,-0.0349609375,0.1674690388774717,5
SMA,3,2.24140625,-0.00703125,0.027384230930078024,5
SMA,4,2.2501953125,0.0017578125,0.0372764346538794,5
SMA,5,2.2396484375,-0.0087890625,0.03569126623101731,5
SMA,6,2.2439453125,-0.0044921875,0.0027264132306042384,5
SMA,7,2.2564453125,0.0080078125,-0.02857966251286038,5
SMA,8,2.2107421875,-0.0376953125,0.17026984346897986,5
SMA,9,2.2306640625,-0.0177734375,0.061987477005257044,5
SMA,10,2.2287109375,-0.0197265625,0.11086659072308043,5
SMA,11,2.2462890625,-0.0021484375,0.008775730379743588,5
SMA,12,2.2263671875,-0.0220703125,0.10455082960670972,5
SMA,13,2.2271484375,-0.0212890625,0.07824284244528086,5
SMA,14,2.2265625,-0.021875,0.08921221357594229,5
SMA,15,2.217578125,-0.030859375,0.14615255937582583,5
SMA,16,2.2265625,-0.021875,0.08959870485397536,5
SMA,17,2.2376953125,-0.0107421875,0.015779242770606754,5
SMA,18,2.232421875,-0.016015625,0.06134994855848298,5
SMA,19,2.23671875,-0.01171875,0.0551996469649505,5
SMA,20,2.248046875,-0.000390625,-0.0072667236243563384,5
SMA,21,2.2380859375,-0.0103515625,0.03312840110528706,5
SMA,22,2.24765625,-0.00078125,-0.011099309067305,5
SMA,23,2.24453125,-0.00390625,0.004900619094167481,5
SMA,24,2.244140625,-0.004296875,0.022698203780245944,5
SMA,25,2.2484375,0.0,-0.004504326988451956,5
SMA,26,2.2513671875,0.0029296875,-0.01767636999920464,5
SMA,27,2.2474609375,-0.0009765625,-0.006590838535212425,5
SMA,28,2.241796875,-0.006640625,0.025220197915143305,5
SMA,29,2.2517578125,0.0033203125,-0.026168735872825276,5
SMA,30,2.2484375,0.0,-0.0007947906804904523,5
SMA,31,2.246875,-0.0015625,0.01781790472671855,5
STD,0,4.068359375,-0.551953125,4.683361920982393,5
STD,1,4.62265625,0.00234375,0.30909088585388955,5
STD,2,4.5703125,-0.05,0.8207922747427784,5
STD,3,4.584375,-0.0359375,0.568400531124887,5
STD,4,4.536328125,-0.083984375,1.2122074508157905,5
STD,5,4.5546875,-0.065625,1.2913217852684145,5
STD,6,4.5671875,-0.053125,0.7900060807611176,5
STD,7,4.609765625,-0.010546875,0.44929254649360717,5
STD,8,4.58671875,-0.03359375,0.5129893263808171,5
STD,9,4.5796875,-0.040625,-0.17796785537474707,5
STD,10,4.6203125,0.0,-0.22962184930474838,5
STD,11,4.593359375,-0.026953125,0.4030329544965345,5
STD,12,4.603515625,-0.016796875,-0.22366464064316155,5
STD,13,4.580859375,-0.039453125,0.3815959710921693,5
STD,14,4.605859375,-0.014453125,-0.12103179215635632,5
STD,15,4.60078125,-0.01953125,0.28083383109475224,5
STD,16,4.590625,-0.0296875,0.38042399855783715,5
STD,17,4.591796875,-0.028515625,0.18236417839769256,5
STD,18,4.615234375,-0.005078125,0.21056171703474105,5
STD,19,4.594140625,-0.026171875,0.5170915262172284,5
STD,20,4.609765625,-0.010546875,-0.048975082332429296,5
STD,21,4.6125,-0.0078125,0.29437569955658877,5
STD,22,4.60234375,-0.01796875,0.386580755736364,5
STD,23,4.6109375,-0.009375,0.22583403288992207,5
STD,24,4.60703125,-0.01328125,0.24882794674759995,5
STD,25,4.61953125,-0.00078125,0.28176842524430673,5
STD,26,4.57734375,-0.04296875,0.2704944116190968,5
STD,27,4.591796875,-0.028515625,0.19779603351414182,5
STD,28,4.594921875,-0.025390625,0.1509947829222093,5
STD,29,4.6015625,-0.01875,0.19529096172887342,5
STD,30,4.609375,-0.0109375,0.05380748471737915,5
STD,31,4.6109375,-0.009375,0.19518679506220674,5
TBI,0,2.844921875,0.115625,0.7345767322118708,5
TBI,1,2.75703125,0.027734375,0.09345281673916933,5
TBI,2,2.7724609375,0.0431640625,0.01788704610454212,5
TBI,3,2.7634765625,0.0341796875,0.08300426198345665,5
TBI,4,2.75234375,0.023046875,-0.44037452464860705,5
TBI,5,2.7451171875,0.0158203125,0.011768796426782573,5
TBI,6,2.73046875,0.001171875,0.2205353516967501,5
TBI,7,2.7361328125,0.0068359375,-0.17784061544957291,5
TBI,8,2.7447265625,0.0154296875,-0.1542506722677075,5
TBI,9,2.7484375,0.019140625,-0.13540751674974008,5
TBI,10,2.7408203125,0.0115234375,0.011855925827615224,5
TBI,11,2.7326171875,0.0033203125,-0.019208876404519844,5
TBI,12,2.7416015625,0.0123046875,0.1415020163308785,5
TBI,13,2.7375,0.008203125,-0.13047033351686627,5
TBI,14,2.7341796875,0.0048828125,-0.025005167483044356,5
TBI,15,2.7447265625,0.0154296875,-0.1415917759420456,5
TBI,16,2.729296875,0.0,-0.04942058680211683,5
TBI,17,2.7482421875,0.0189453125,0.0398742950624507,5
TBI,18,2.7248046875,-0.0044921875,0.10297315092473314,5
TBI,19,2.7412109375,0.0119140625,-0.00991179199380899,5
TBI,20,2.73671875,0.007421875,-0.19014535897837523,5
TBI,21,2.7283203125,-0.0009765625,0.06185205569336266,5
TBI,22,2.727734375,-0.0015625,0.11893552984986491,5
TBI,23,2.7341796875,0.0048828125,-0.025296406419405736,5
TBI,24,2.744921875,0.015625,-0.1840179719453802,5
TBI,25,2.7396484375,0.0103515625,0.1299103775284984,5
TBI,26,2.7373046875,0.0080078125,-0.02722846327335532,5
TBI,27,2.72890625,-0.000390625,-0.21248060720457002,5
TBI,28,2.7322265625,0.0029296875,-0.2054639684229687,5
TBI,29,2.7375,0.008203125,-0.20411251859980323,5
TBI,30,2.736328125,0.00703125,0.1090154747189638,5
TBI,31,2.727734375,-0.0015625,-0.048758344268616034,5
TEE,0,4.500390625,0.157421875,-0.507160347842557,5
TEE,1,4.4140625,0.07109375,-0.20045758879220882,5
TEE,2,4.3921875,0.04921875,-0.10378912402680611,5
TEE,3,4.38671875,0.04375,-0.1549858634810357,5
TEE,4,4.378515625,0.035546875,-0.14285151157590575,5
TEE,5,4.35703125,0.0140625,-0.08368893935990897,5
TEE,6,4.36484375,0.021875,-0.09508660189720027,5
TEE,7,4.354296875,0.011328125,-0.06728709651740153,5
TEE,8,4.344921875,0.001953125,-0.028825205744731054,5
TEE,9,4.32734375,-0.015625,0.061917057027716736,5
TEE,10,4.3529296875,0.0099609375,-0.020850774482890088,5
TEE,11,4.375,0.03203125,-0.1120517939555868,5
TEE,12,4.3611328125,0.0181640625,-0.07306137954238386,5
TEE,13,4.352734375,0.009765625,-0.041530741272612026,5
TEE,14,4.349609375,0.006640625,-0.037678623213955445,5
TEE,15,4.333203125,-0.009765625,0.028656473942135868,5
TEE,16,4.3345703125,-0.0083984375,0.04669456297949822,5
TEE,17,4.3814453125,0.0384765625,-0.1291053125687749,5
TEE,18,4.3583984375,0.0154296875,-0.05416480193078775,5
TEE,19,4.3634765625,0.0205078125,-0.06481252180815894,5
TEE,20,4.371484375,0.028515625,-0.10107311277332706,5
TEE,21,4.352734375,0.009765625,-0.019330028459221455,5
TEE,22,4.34375,0.00078125,0.0017926123943865536,5
TEE,23,4.358984375,0.016015625,-0.05044869584977568,5
TEE,24,4.3376953125,-0.0052734375,0.018313725159035302,5
TEE,25,4.351171875,0.008203125,-0.014642435559964011,5
TEE,26,4.342578125,-0.000390625,0.007867054382484678,5
TEE,27,4.354296875,0.011328125,-0.03865049380446643,5
TEE,28,4.357421875,0.014453125,-0.044797941756003865,5
TEE,29,4.35390625,0.0109375,-0.04205487283808775,5
TEE,30,4.349609375,0.006640625,-0.03338201174617598,5
TEE,31,4.361328125,0.018359375,-0.06130896820889177,5
TIPS,0,0.38798828125,0.0068359375,0.025554502575589944,5
TIPS,1,0.3869140625,0.00576171875,0.020827964836459704,5
TIPS,2,0.3806640625,-0.00048828125,0.002021391024254968,5
TIPS,3,0.38212890625,0.0009765625,0.00785088496455214,5
TIPS,4,0.37783203125,-0.0033203125,-0.01068098099887873,5
TIPS,5,0.3775390625,-0.00361328125,-0.008273566445388826,5
TIPS,6,0.38095703125,-0.0001953125,-0.002568911562508466,5
TIPS,7,0.37646484375,-0.0046875,-0.020275682063912545,5
TIPS,8,0.3794921875,-0.00166015625,-0.003489452286220292,5
TIPS,9,0.38544921875,0.004296875,0.020893495955471336,5
TIPS,10,0.38505859375,0.00390625,0.01650934974181164,5
TIPS,11,0.3814453125,0.00029296875,0.0021239552146812392,5
TIPS,12,0.3796875,-0.00146484375,-0.007063085692227923,5
TIPS,13,0.37919921875,-0.001953125,-0.00609614716685782,5
TIPS,14,0.38359375,0.00244140625,0.011409131464274271,5
TIPS,15,0.38447265625,0.0033203125,0.01719406038284558,5
TIPS,16,0.38134765625,0.0001953125,0.0037340955045830223,5
TIPS,17,0.37939453125,-0.0017578125,-0.0035392146903536204,5
TIPS,18,0.37724609375,-0.00390625,-0.017044481959499157,5
TIPS,19,0.37998046875,-0.001171875,-0.004968176109785724,5
TIPS,20,0.378515625,-0.00263671875,-0.007210198799233311,5
TIPS,21,0.37900390625,-0.0021484375,-0.005773585950599963,5
TIPS,22,0.37861328125,-0.0025390625,-0.010411150111580957,5
TIPS,23,0.37978515625,-0.0013671875,-0.0037792905030336553,5
TIPS,24,0.3783203125,-0.00283203125,-0.011274350384214548,5
TIPS,25,0.38173828125,0.0005859375,0.006131449216348174,5
TIPS,26,0.37880859375,-0.00234375,-0.008720523453650372,5
TIPS,27,0.382421875,0.00126953125,0.005045591982681891,5
TIPS,28,0.37880859375,-0.00234375,-0.008529896750224244,5
TIPS,29,0.3802734375,-0.00087890625,-0.004148865294747418,5
TIPS,30,0.38056640625,-0.0005859375,-0.0030598659823091678,5
TIPS,31,0.38046875,-0.00068359375,-0.0006303189692950448,5
TPA,0,0.155859375,0.009375,0.37785395976572445,5
TPA,1,0.15,0.003515625,0.13097900516032718,5
TPA,2,0.14453125,-0.001953125,0.04375959849731833,5
TPA,3,0.141796875,-0.0046875,-0.01603261892073293,5
TPA,4,0.1421875,-0.004296875,0.05718667004446265,5
TPA,5,0.14375,-0.002734375,-0.02783664856133019,5
TPA,6,0.14453125,-0.001953125,0.049913608054905814,5
TPA,7,0.151953125,0.00546875,-0.027832168168735783,5
TPA,8,0.14609375,-0.000390625,-0.023282069153809603,5
TPA,9,0.146875,0.000390625,-0.004475181512780057,5
TPA,10,0.1484375,0.001953125,0.0300046685340803,5
TPA,11,0.149609375,0.003125,0.02902848768373329,5
TPA,12,0.153515625,0.00703125,0.05305709787820158,5
TPA,13,0.145703125,-0.00078125,0.017003984661655973,5
TPA,14,0.14453125,-0.001953125,-0.03991057153883109,5
TPA,15,0.14296875,-0.003515625,-0.04277786747313733,5
TPA,16,0.150390625,0.00390625,0.003007988574998884,5
TPA,17,0.148046875,0.0015625,-0.01215219421101774,5
TPA,18,0.14609375,-0.000390625,-0.01604478029887369,5
TPA,19,0.149609375,0.003125,-0.020936073898475353,5
TPA,20,0.147265625,0.00078125,-0.008031788472964943,5
TPA,21,0.149609375,0.003125,0.01790340378575673,5
TPA,22,0.14921875,0.002734375,0.014752567693744164,5
TPA,23,0.14921875,0.002734375,-0.010653203174428158,5
TPA,24,0.14609375,-0.000390625,-0.026813178567271962,5
TPA,25,0.150390625,0.00390625,0.03142538833715304,5
TPA,26,0.147265625,0.00078125,0.011742758959253804,5
TPA,27,0.150390625,0.00390625,0.018891435362023597,5
TPA,28,0.148828125,0.00234375,0.0029621848739495803,5
TPA,29,0.147265625,0.00078125,-0.015788557847381375,5
TPA,30,0.1484375,0.001953125,0.030717591316439103,5
TPA,31,0.148828125,0.00234375,0.022027115125962914,5
TSH,0,0.659765625,0.0328125,0.06572842009088585,5
TSH,1,0.630078125,0.003125,0.005820861599550689,5
TSH,2,0.617578125,-0.009375,-0.04204248541404417,5
TSH,3,0.62578125,-0.001171875,-0.013456900885436718,5
TSH,4,0.620703125,-0.00625,-0.025778497466080963,5
TSH,5,0.61640625,-0.010546875,-0.04969825144883847,5
TSH,6,0.622265625,-0.0046875,-0.026293679547360012,5
TSH,7,0.624609375,-0.00234375,-0.024302418810233147,5
TSH,8,0.61328125,-0.013671875,-0.0461599522273687,5
TSH,9,0.61953125,-0.007421875,-0.036444062307663075,5
TSH,10,0.630078125,0.003125,-0.008300229626557826,5
TSH,11,0.62265625,-0.004296875,-0.03740859738124283,5
TSH,12,0.619921875,-0.00703125,-0.03700690612954072,5
TSH,13,0.60859375,-0.018359375,-0.06441038368860383,5
TSH,14,0.615625,-0.011328125,-0.0403764166760246,5
TSH,15,0.631640625,0.0046875,0.003789148550935412,5
TSH,16,0.627734375,0.00078125,-0.008480162571987545,5
TSH,17,0.6296875,0.002734375,-0.007790685920523147,5
TSH,18,0.620703125,-0.00625,-0.0254723990512229,5
TSH,19,0.623828125,-0.003125,-0.010532275809739347,5
TSH,20,0.627734375,0.00078125,-0.008906465263142408,5
TSH,21,0.630859375,0.00390625,0.013180603325123599,5
TSH,22,0.619921875,-0.00703125,-0.04221209288930757,5
TSH,23,0.6171875,-0.009765625,-0.03172630541088023,5
TSH,24,0.617578125,-0.009375,-0.03330673131987258,5
TSH,25,0.627734375,0.00078125,-0.010278961390549315,5
TSH,26,0.62265625,-0.004296875,-0.018947128581813445,5
TSH,27,0.61875,-0.008203125,-0.028528677704875383,5
TSH,28,0.631640625,0.0046875,0.007841191075418804,5
TSH,29,0.619921875,-0.00703125,-0.02645698226048652,5
TSH,30,0.630859375,0.00390625,0.0005952049350681221,5
TSH,31,0.630859375,0.00390625,0.006109529381834266,5
TTP,0,6.2890625,-0.045703125,-0.062459975915102314,5
TTP,1,6.3845703125,0.0498046875,-0.06232264635447536,5
TTP,2,6.36171875,0.026953125,-0.01374992481891545,5
TTP,3,6.3455078125,0.0107421875,0.09267702121668986,5
TTP,4,6.3330078125,-0.0017578125,-0.07862081016504474,5
TTP,5,6.3515625,0.016796875,-0.20225536635588845,5
TTP,6,6.315234375,-0.01953125,0.07546714144713425,5
TTP,7,6.3169921875,-0.0177734375,-0.036235342614264976,5
TTP,8,6.3126953125,-0.0220703125,-0.028995718948674077,5
TTP,9,6.3470703125,0.0123046875,-0.10462778054419708,5
TTP,10,6.3341796875,-0.0005859375,-0.08590437628887793,5
TTP,11,6.3189453125,-0.0158203125,-0.041248056902360705,5
TTP,12,6.3318359375,-0.0029296875,-0.07455715183924704,5
TTP,13,6.34921875,0.014453125,-0.23997679136913175,5
TTP,14,6.352734375,0.01796875,-0.13289248589420616,5
TTP,15,6.3234375,-0.011328125,0.04067473595304558,5
TTP,16,6.3224609375,-0.0123046875,-0.057996279053057244,5
TTP,17,6.3365234375,0.0017578125,-0.08518315363974324,5
TTP,18,6.3537109375,0.0189453125,-0.11969765937604382,5
TTP,19,6.3353515625,0.0005859375,0.011694501378792826,5
TTP,20,6.34765625,0.012890625,-0.1093297663994552,5
TTP,21,6.341015625,0.00625,-0.08609678930625837,5
TTP,22,6.3240234375,-0.0107421875,0.039924963889965345,5
TTP,23,6.3474609375,0.0126953125,-0.10904607845619278,5
TTP,24,6.33984375,0.005078125,-0.08376882360777518,5
TTP,25,6.3484375,0.013671875,-0.2026177737461567,5
TTP,26,6.3421875,0.007421875,-0.09033707199177074,5
TTP,27,6.3287109375,-0.0060546875,-0.06660012192799988,5
TTP,28,6.335546875,0.00078125,-0.08062295052164992,5
TTP,29,6.333984375,-0.00078125,-0.07213462175788607,5
TTP,30,6.33984375,0.005078125,-0.08381958382504788,5
TTP,31,6.3421875,0.007421875,-0.08976199417013472,5
VAC,0,3.29765625,0.00390625,0.2661149692792166,5
VAC,1,3.25703125,-0.03671875,-0.017708095470742237,5
VAC,2,3.24921875,-0.04453125,-0.049096000456696175,5
VAC,3,3.2109375,-0.0828125,-0.11162238660924331,5
VAC,4,3.26171875,-0.03203125,-0.003893202130540764,5
VAC,5,3.29296875,-0.00078125,0.07738261978981356,5
VAC,6,3.26796875,-0.02578125,0.014067138320526362,5
VAC,7,3.290625,-0.003125,0.0613537788953263,5
VAC,8,3.25234375,-0.04140625,-0.020512495419762203,5
VAC,9,3.25234375,-0.04140625,-0.035218377772703376,5
VAC,10,3.2859375,-0.0078125,0.06277912898480688,5
VAC,11,3.265625,-0.028125,0.0027755245367985584,5
VAC,12,3.2859375,-0.0078125,0.036173423734394,5
VAC,13,3.290625,-0.003125,0.062346827554710604,5
VAC,14,3.2765625,-0.0171875,-0.0177394601426379,5
VAC,15,3.278125,-0.015625,0.0148115929137747,5
VAC,16,3.26796875,-0.02578125,-0.022424246849592953,5
VAC,17,3.27109375,-0.02265625,0.006229455310155112,5
VAC,18,3.28515625,-0.00859375,0.059258320101535235,5
VAC,19,3.275,-0.01875,-0.017307158712541622,5
VAC,20,3.265625,-0.028125,-0.029323810864058542,5
VAC,21,3.27578125,-0.01796875,0.007682021305407599,5
VAC,22,3.2765625,-0.0171875,-0.003501392657812425,5
VAC,23,3.28671875,-0.00703125,0.044689512981323246,5
VAC,24,3.27421875,-0.01953125,0.005843786011289952,5
VAC,25,3.2765625,-0.0171875,-0.008008612174670355,5
VAC,26,3.27265625,-0.02109375,-0.002130142478585728,5
VAC,27,3.275,-0.01875,-0.00043396093654578943,5
VAC,28,3.27578125,-0.01796875,0.0017688679245283015,5
VAC,29,3.278125,-0.015625,0.037234180256918145,5
VAC,30,3.275,-0.01875,0.022252487932069097,5
VAC,31,3.284375,-0.009375,0.031686450196220045,5
VAD,0,3.7046875,0.160546875,5.966601047568978,5
VAD,1,3.5296875,-0.014453125,-3.1877588254765663,5
VAD,2,3.534765625,-0.009375,0.02521467375430808,5
VAD,3,3.575,0.030859375,-0.5210459138968397,5
VAD,4,3.5609375,0.016796875,-0.9931794107911287,5
VAD,5,3.576953125,0.0328125,0.1198612652608213,5
VAD,6,3.530859375,-0.01328125,-1.2164027299102362,5
VAD,7,3.545703125,0.0015625,0.06135882158225753,5
VAD,8,3.563671875,0.01953125,0.07186391339057965,5
VAD,9,3.55390625,0.009765625,-1.3103181650018498,5
VAD,10,3.54140625,-0.002734375,-1.1430790349903615,5
VAD,11,3.544921875,0.00078125,-1.1255789863115058,5
VAD,12,3.5328125,-0.011328125,-0.9805919348871625,5
VAD,13,3.520703125,-0.0234375,-0.893538271316471,5
VAD,14,3.535546875,-0.00859375,-0.9590417080436942,5
VAD,15,3.5546875,0.010546875,-0.17465491559086396,5
VAD,16,3.551953125,0.0078125,-0.13062231049321413,5
VAD,17,3.55390625,0.009765625,-0.11653445489417216,5
VAD,18,3.552734375,0.00859375,-1.0659840917499077,5
VAD,19,3.54140625,-0.002734375,-1.1781008431177835,5
VAD,20,3.55546875,0.011328125,-0.2488224097980801,5
VAD,21,3.55625,0.012109375,-0.169031874914812,5
VAD,22,3.5375,-0.006640625,-0.22140662421870436,5
VAD,23,3.535546875,-0.00859375,-1.0781567751231578,5
VAD,24,3.545703125,0.0015625,-1.1185532644040737,5
VAD,25,3.549609375,0.00546875,-1.1238215822575306,5
VAD,26,3.546875,0.002734375,-0.044900841170629126,5
VAD,27,3.5390625,-0.005078125,-1.1527276710088208,5
VAD,28,3.55390625,0.009765625,0.019519929123585876,5
VAD,29,3.534375,-0.009765625,-1.1712438908035905,5
VAD,30,3.534765625,-0.009375,-1.1609294253947855,5
VAD,31,3.54921875,0.005078125,-1.1377358977354597,5
VATS,0,-0.065234375,-0.084765625,-0.1753115225095178,5
VATS,1,0.032421875,0.012890625,0.022045166772154685,5
VATS,2,0.00078125,-0.01875,-0.04942365979742304,5
VATS,3,0.021484375,0.001953125,0.0005357621043559537,5
VATS,4,0.019140625,-0.000390625,-0.005223553632084779,5
VATS,5,0.02578125,0.00625,0.005115786416451898,5
VATS,6,0.014453125,-0.005078125,-0.012332272065183694,5
VATS,7,0.01328125,-0.00625,-0.015255003874900142,5
VATS,8,0.03046875,0.0109375,0.018628843020566298,5
VATS,9,0.027734375,0.008203125,0.010492781095945225,5
VATS,10,0.02109375,0.0015625,0.0051090851986345135,5
VATS,11,0.028125,0.00859375,0.01742881783242542,5
VATS,12,0.028125,0.00859375,0.016715304244979957,5
VATS,13,0.027734375,0.008203125,0.014331928220481256,5
VATS,14,0.030859375,0.011328125,0.019757063769792076,5
VATS,15,0.03359375,0.0140625,0.02776188156777936,5
VATS,16,0.032421875,0.012890625,0.025708534418446394,5
VATS,17,0.037109375,0.017578125,0.03229593496467117,5
VATS,18,0.028125,0.00859375,0.01254970359540022,5
VATS,19,0.025390625,0.005859375,0.011783219008820917,5
VATS,20,0.030859375,0.011328125,0.022661248197764362,5
VATS,21,0.026171875,0.006640625,0.013456017990912606,5
VATS,22,0.031640625,0.012109375,0.026036476311500613,5
VATS,23,0.024609375,0.005078125,0.00782806984492811,5
VATS,24,0.034765625,0.015234375,0.03063200477495121,5
VATS,25,0.030078125,0.010546875,0.01650964855548735,5
VATS,26,0.03359375,0.0140625,0.0248635006310688,5
VATS,27,0.03125,0.01171875,0.017941631651874606,5
VATS,28,0.026171875,0.006640625,0.008154786791676971,5
VATS,29,0.02890625,0.009375,0.011444941972109273,5
VATS,30,0.028125,0.00859375,0.012016297417525485,5
VATS,31,0.03203125,0.0125,0.022551668587671617,5
VBAC,0,0.56328125,-0.0416015625,-3.9938713670791453,5
VBAC,1,0.594140625,-0.0107421875,-2.389661917190701,5
VBAC,2,0.6013671875,-0.003515625,-1.619365429419566,5
VBAC,3,0.6025390625,-0.00234375,-1.0111197321338383,5
VBAC,4,0.6119140625,0.00703125,-1.4482095318160892,5
VBAC,5,0.6109375,0.0060546875,-0.7582761175792057,5
VBAC,6,0.6056640625,0.00078125,-0.2829383685319637,5
VBAC,7,0.5962890625,-0.00859375,-0.30380273871085917,5
VBAC,8,0.6107421875,0.005859375,-0.9078730158730158,5
VBAC,9,0.6078125,0.0029296875,-0.5539700861683325,5
VBAC,10,0.6107421875,0.005859375,-0.3125724359090733,5
VBAC,11,0.611328125,0.0064453125,0.18133499423015242,5
VBAC,12,0.6125,0.0076171875,-0.0770018578024678,5
VBAC,13,0.60546875,0.0005859375,-0.7992847623423299,5
VBAC,14,0.6025390625,-0.00234375,-0.5387524207059091,5
VBAC,15,0.6111328125,0.00625,-0.5338049721702028,5
VBAC,16,0.6037109375,-0.001171875,-0.650746168136942,5
VBAC,17,0.634765625,0.0298828125,2.2895050201630456,5
VBAC,18,0.614453125,0.0095703125,0.523232667531562,5
VBAC,19,0.61328125,0.0083984375,-0.681645676896916,5
VBAC,20,0.6119140625,0.00703125,0.5596955568682599,5
VBAC,21,0.6125,0.0076171875,0.3075696154567676,5
VBAC,22,0.615234375,0.0103515625,0.7762604423999774,5
VBAC,23,0.6091796875,0.004296875,0.1720571072930966,5
VBAC,24,0.6060546875,0.001171875,-0.07072121558282442,5
VBAC,25,0.612890625,0.0080078125,-0.4367611581031329,5
VBAC,26,0.6091796875,0.004296875,0.5585337260274356,5
VBAC,27,0.59609375,-0.0087890625,-1.5476404810083806,5
VBAC,28,0.603515625,-0.0013671875,-0.6042656373575169,5
VBAC,29,0.606640625,0.0017578125,-0.3421754415364785,5
VBAC,30,0.603515625,-0.0013671875,0.0023158860032668647,5
VBAC,31,0.613671875,0.0087890625,0.2008887511014846,5
